status,image,label,label_ids,label_names,suggested_id,suggested_name,suggested_score,label_score,score_margin,matched_keywords,line_count,average_confidence,text,ocr_json,ocr_method
supported,C:\Users\王鑫\OneDrive\桌面\ai-vision\软通动力实训-2026-07\软通动力实训-2026-07\ai-training\data\yolo\medicine\images\train\images\1.jpg,C:\Users\王鑫\OneDrive\桌面\ai-vision\软通动力实训-2026-07\软通动力实训-2026-07\ai-training\data\yolo\medicine\images\train\labels\1.txt,1,止咳化痰,1,止咳化痰,15,15,13,止咳|化痰|宣肺,13,0.83692,国养准学820129501 | 请得细构读域提略书苦检该增书使用或在政师指导下药实和使用 | 增牛 | 麻苏止咳颗粒 | 宣肺止咳 | 理气化痰 | 头锡无汗 | [功菌主油] | 疏风散热 | 鼻高声重 | 感寒发热 | 15克X6袋/盒 | 广西中亚美际制药有限公司,C:\Users\王鑫\OneDrive\桌面\ai-vision\软通动力实训-2026-07\软通动力实训-2026-07\ai-training\output\ocr_results\json\1.json,existing
review,C:\Users\王鑫\OneDrive\桌面\ai-vision\软通动力实训-2026-07\软通动力实训-2026-07\ai-training\data\yolo\medicine\images\train\images\10.jpg,C:\Users\王鑫\OneDrive\桌面\ai-vision\软通动力实训-2026-07\软通动力实训-2026-07\ai-training\data\yolo\medicine\images\train\labels\10.txt,13,中成药,3,止痛药,6,0,6,止痛,11,0.99815,请仔细阅读说明书并按说明使用或在药师指导下购买和使用 | OTC | 益馨康 | 国药准字Z22025954 | 天麻胶囊 | Tianma Jiaonang | 功能主治：祛风除湿，舒筋通络，活血止痛。 | 用于肢体拘挛，手足麻木，腰腿酸痛。 | 吉林省七星山药业有限公司 | JILINSHENGQIXINGSHANYAOYEYOUXIANGONGSI | 10粒×5板,C:\Users\王鑫\OneDrive\桌面\ai-vision\软通动力实训-2026-07\软通动力实训-2026-07\ai-training\output\ocr_results\json\10.json,existing
review,C:\Users\王鑫\OneDrive\桌面\ai-vision\软通动力实训-2026-07\软通动力实训-2026-07\ai-training\data\yolo\medicine\images\train\images\100.jpg,C:\Users\王鑫\OneDrive\桌面\ai-vision\软通动力实训-2026-07\软通动力实训-2026-07\ai-training\data\yolo\medicine\images\train\labels\100.txt,13,中成药,8,抗过敏药,8,0,2,过敏,12,0.91153,白云山 | 鼻舒适片 | SYS | 定通 | ET | 指纹图谱 | 清热消炎，通窍。用于治疗 | 慢性鼻炎引起的喷嚏、流涕、 | 鼻塞、头痛，过敏性鼻炎，慢 | 性鼻窦炎 | Bishushi Pinn·薄膜衣 48片装 | 广州白云山和记黄埔中药有限公司,C:\Users\王鑫\OneDrive\桌面\ai-vision\软通动力实训-2026-07\软通动力实训-2026-07\ai-training\output\ocr_results\json\100.json,existing
no_signal,C:\Users\王鑫\OneDrive\桌面\ai-vision\软通动力实训-2026-07\软通动力实训-2026-07\ai-training\data\yolo\medicine\images\train\images\101.jpg,C:\Users\王鑫\OneDrive\桌面\ai-vision\软通动力实训-2026-07\软通动力实训-2026-07\ai-training\data\yolo\medicine\images\train\labels\101.txt,13,中成药,,,0,0,0,,3,0.86486,慢严舒柠 | 清喉利咽颗粒 | 等用有现护声带作范。,C:\Users\王鑫\OneDrive\桌面\ai-vision\软通动力实训-2026-07\软通动力实训-2026-07\ai-training\output\ocr_results\json\101.json,existing
no_signal,C:\Users\王鑫\OneDrive\桌面\ai-vision\软通动力实训-2026-07\软通动力实训-2026-07\ai-training\data\yolo\medicine\images\train\images\102.jpg,C:\Users\王鑫\OneDrive\桌面\ai-vision\软通动力实训-2026-07\软通动力实训-2026-07\ai-training\data\yolo\medicine\images\train\labels\102.txt,13,中成药,,,0,0,0,,12,0.92583,奇正O | OTC | 消痛见 | 消痛贴膏 | 本产品实用新型中国专利号：200002962.1 | 外 | 请仔细阅读说明书并按说明使用或在药师指导下购买和使用 | 【药品名称】 | 消痛贴膏使用图示 | 通用名称：消建记膏 | 汉语拼音 | Xinotong Ticgao,C:\Users\王鑫\OneDrive\桌面\ai-vision\软通动力实训-2026-07\软通动力实训-2026-07\ai-training\output\ocr_results\json\102.json,existing
no_signal,C:\Users\王鑫\OneDrive\桌面\ai-vision\软通动力实训-2026-07\软通动力实训-2026-07\ai-training\data\yolo\medicine\images\train\images\103.jpg,C:\Users\王鑫\OneDrive\桌面\ai-vision\软通动力实训-2026-07\软通动力实训-2026-07\ai-training\data\yolo\medicine\images\train\labels\103.txt,5,肠胃药,,,0,0,0,,6,0.99305,妈咪爱 | 妈咪爱 | 枯草杆菌、肠球菌 | 二联活菌多维颗粒剂 | 1克/袋×15 | 医院专用,C:\Users\王鑫\OneDrive\桌面\ai-vision\软通动力实训-2026-07\软通动力实训-2026-07\ai-training\output\ocr_results\json\103.json,existing
supported,C:\Users\王鑫\OneDrive\桌面\ai-vision\软通动力实训-2026-07\软通动力实训-2026-07\ai-training\data\yolo\medicine\images\train\images\104.jpg,C:\Users\王鑫\OneDrive\桌面\ai-vision\软通动力实训-2026-07\软通动力实训-2026-07\ai-training\data\yolo\medicine\images\train\labels\104.txt,2,消炎药,2,消炎药,8,8,8,头孢,11,0.86143,【 | 联邦赛福欣 | 每小盒12片 | 头孢呋辛酯片 | Cefuroxime Axetil Tablets | 规格：按C6H6N4OS计算 0.25g | 聯邦制藥 | U | UNITED LABORATORIES | 珠海联邦制药股份有限公司中山分公司 | Zhuhai Uaited Labratries (ongsha) Co. d,C:\Users\王鑫\OneDrive\桌面\ai-vision\软通动力实训-2026-07\软通动力实训-2026-07\ai-training\output\ocr_results\json\104.json,existing
no_signal,C:\Users\王鑫\OneDrive\桌面\ai-vision\软通动力实训-2026-07\软通动力实训-2026-07\ai-training\data\yolo\medicine\images\train\images\105.jpg,C:\Users\王鑫\OneDrive\桌面\ai-vision\软通动力实训-2026-07\软通动力实训-2026-07\ai-training\data\yolo\medicine\images\train\labels\105.txt,17,其他,,,0,0,0,,8,0.83098,批准文号：国药准字H19999091 | 发期专科号设：93102915.5 | L-赖氨酸盐酸盐颗粒剂 | Lai'ansuan Yansuanyan Keliji | 广西南宁邕江药业有限 | 地址广西南平表自沪大通100号 | 两票：(07日4348) |  5300,C:\Users\王鑫\OneDrive\桌面\ai-vision\软通动力实训-2026-07\软通动力实训-2026-07\ai-training\output\ocr_results\json\105.json,existing
no_signal,C:\Users\王鑫\OneDrive\桌面\ai-vision\软通动力实训-2026-07\软通动力实训-2026-07\ai-training\data\yolo\medicine\images\train\images\106.jpg,C:\Users\王鑫\OneDrive\桌面\ai-vision\软通动力实训-2026-07\软通动力实训-2026-07\ai-training\data\yolo\medicine\images\train\labels\106.txt,2,消炎药,,,0,0,0,,10,0.88078,"特点费示：请仔细阅读说明书并在医师服导下使用 | 盐酸克林霉素胶囊 | CLINDAMYCIN HYDROCHLORIDE CAPSULES | 1020587 | 投准交号：国药准字H20053359 | 12粒/盒 | 0.15g(按C.M,CIN,O,S计) |      N   R | 四川科伦药业股份有限公司 | SICHUAN KELUN PHARMACEUTICAL CO., LTD.",C:\Users\王鑫\OneDrive\桌面\ai-vision\软通动力实训-2026-07\软通动力实训-2026-07\ai-training\output\ocr_results\json\106.json,existing
review,C:\Users\王鑫\OneDrive\桌面\ai-vision\软通动力实训-2026-07\软通动力实训-2026-07\ai-training\data\yolo\medicine\images\train\images\107.jpg,C:\Users\王鑫\OneDrive\桌面\ai-vision\软通动力实训-2026-07\软通动力实训-2026-07\ai-training\data\yolo\medicine\images\train\labels\107.txt,9,外用药,7,维生素,9,7,2,vitamin,12,0.98599,维胺酯维E乳膏 | 外 | OTC | 15克/支/盒 | Viaminate and Vitamin E Cream | 适应症：用于疫疮。 | 邦力 | 重庆华邦制药有限公司 | 批准文号：国药准字H50021843 | 购药更轻松！ | 全药通 | www.quanyaotong.com,C:\Users\王鑫\OneDrive\桌面\ai-vision\软通动力实训-2026-07\软通动力实训-2026-07\ai-training\output\ocr_results\json\107.json,existing
no_signal,C:\Users\王鑫\OneDrive\桌面\ai-vision\软通动力实训-2026-07\软通动力实训-2026-07\ai-training\data\yolo\medicine\images\train\images\108.jpg,C:\Users\王鑫\OneDrive\桌面\ai-vision\软通动力实训-2026-07\软通动力实训-2026-07\ai-training\data\yolo\medicine\images\train\labels\108.txt,17,其他,,,0,0,0,,6,0.83074,丹表Londbeoky | 20 Tablets | 黛力新 | 氟哌噻吨美利曲辛片 |  Landteck AS-Copirhagon | Wanstictued in Denmarkby,C:\Users\王鑫\OneDrive\桌面\ai-vision\软通动力实训-2026-07\软通动力实训-2026-07\ai-training\output\ocr_results\json\108.json,existing
no_signal,C:\Users\王鑫\OneDrive\桌面\ai-vision\软通动力实训-2026-07\软通动力实训-2026-07\ai-training\data\yolo\medicine\images\train\images\109.jpg,C:\Users\王鑫\OneDrive\桌面\ai-vision\软通动力实训-2026-07\软通动力实训-2026-07\ai-training\data\yolo\medicine\images\train\labels\109.txt,"13,14,17",中成药|妇科用药|其他,,,0,0,0,,9,0.89455,电基十方 | 安神倍健 | 电易十方 | 妇健修复 | 儿童药浴 | 宽圣十方 | 排毒养颜 | 活络祛风 | 温肾固元,C:\Users\王鑫\OneDrive\桌面\ai-vision\软通动力实训-2026-07\软通动力实训-2026-07\ai-training\output\ocr_results\json\109.json,existing
no_signal,C:\Users\王鑫\OneDrive\桌面\ai-vision\软通动力实训-2026-07\软通动力实训-2026-07\ai-training\data\yolo\medicine\images\train\images\11.jpg,C:\Users\王鑫\OneDrive\桌面\ai-vision\软通动力实训-2026-07\软通动力实训-2026-07\ai-training\data\yolo\medicine\images\train\labels\11.txt,16,保健品,,,0,0,0,,7,0.93847,金卡材质 | 多种材质支持定制 | you ways | 红参黄精枸杞饮品 | 福 | ENERGY POWER MASK | FOR ALL SKIN TYPES,C:\Users\王鑫\OneDrive\桌面\ai-vision\软通动力实训-2026-07\软通动力实训-2026-07\ai-training\output\ocr_results\json\11.json,existing
no_signal,C:\Users\王鑫\OneDrive\桌面\ai-vision\软通动力实训-2026-07\软通动力实训-2026-07\ai-training\data\yolo\medicine\images\train\images\110.jpg,C:\Users\王鑫\OneDrive\桌面\ai-vision\软通动力实训-2026-07\软通动力实训-2026-07\ai-training\data\yolo\medicine\images\train\labels\110.txt,17,其他,,,0,0,0,,6,0.98959,维朴芬 | 醋氯芬酸肠溶片 | 批准文号：国药准字H20031249 | 20片/盒 | 四川维奥制药有限公司 | Weiao Pharmaceuticals (Sichuan) Co.. Ltd.,C:\Users\王鑫\OneDrive\桌面\ai-vision\软通动力实训-2026-07\软通动力实训-2026-07\ai-training\output\ocr_results\json\110.json,existing
review,C:\Users\王鑫\OneDrive\桌面\ai-vision\软通动力实训-2026-07\软通动力实训-2026-07\ai-training\data\yolo\medicine\images\train\images\111.jpg,C:\Users\王鑫\OneDrive\桌面\ai-vision\软通动力实训-2026-07\软通动力实训-2026-07\ai-training\data\yolo\medicine\images\train\labels\111.txt,17,其他,16,保健品,6,0,6,营养补充,23,0.8417,ittastes | 2 | ittastes | Supplements | Supplements | Find i more suiable ror it tastes | 宠物营养补充剂 | 卵磷脂：软数粒 | 宠物营养补充剂 | Find i more sutoblo ror it tastes | Booutyhor brghttolor | Xngsstenoftalremoval | 卵磷脂（软赖粒 | 美毛夹也 | tangsstemdfhairmmoval | Boautyharbrghtcolor | 美毛宾色 | NET: | 260g | Rigttngtioo | 1260 | NET: | Cold pressing techology lly retana,C:\Users\王鑫\OneDrive\桌面\ai-vision\软通动力实训-2026-07\软通动力实训-2026-07\ai-training\output\ocr_results\json\111.json,existing
supported,C:\Users\王鑫\OneDrive\桌面\ai-vision\软通动力实训-2026-07\软通动力实训-2026-07\ai-training\data\yolo\medicine\images\train\images\112.jpg,C:\Users\王鑫\OneDrive\桌面\ai-vision\软通动力实训-2026-07\软通动力实训-2026-07\ai-training\data\yolo\medicine\images\train\labels\112.txt,2,消炎药,2,消炎药,8,8,8,头孢,6,0.94888,"CEFIMRANLES | 特力素 | 头孢克肟颗粒 | 6袋/小盒 | 广东恒健制药有限公司 | Guangdong Hengjian Pharmaceutical Co.,Ltd.",C:\Users\王鑫\OneDrive\桌面\ai-vision\软通动力实训-2026-07\软通动力实训-2026-07\ai-training\output\ocr_results\json\112.json,existing
no_signal,C:\Users\王鑫\OneDrive\桌面\ai-vision\软通动力实训-2026-07\软通动力实训-2026-07\ai-training\data\yolo\medicine\images\train\images\113.jpg,C:\Users\王鑫\OneDrive\桌面\ai-vision\软通动力实训-2026-07\软通动力实训-2026-07\ai-training\data\yolo\medicine\images\train\labels\113.txt,14,妇科用药,,,0,0,0,,6,0.83387,逍遥丸 | RA8920000 | OTC | Xiacyao Wan | 永德侧室宝开药文有限公司 | 140/瓶,C:\Users\王鑫\OneDrive\桌面\ai-vision\软通动力实训-2026-07\软通动力实训-2026-07\ai-training\output\ocr_results\json\113.json,existing
no_signal,C:\Users\王鑫\OneDrive\桌面\ai-vision\软通动力实训-2026-07\软通动力实训-2026-07\ai-training\data\yolo\medicine\images\train\images\114.jpg,C:\Users\王鑫\OneDrive\桌面\ai-vision\软通动力实训-2026-07\软通动力实训-2026-07\ai-training\data\yolo\medicine\images\train\labels\114.txt,12,心血管药,,,0,0,0,,9,0.98846,国药雅字H32023366 | 亚邦 | 盐酸多巴胺注射液 | Dopamine Hydrochloride | Injection | 2mlX10支 | Pharma | 亚邦药业 | 亚邦医药股份有限公司,C:\Users\王鑫\OneDrive\桌面\ai-vision\软通动力实训-2026-07\软通动力实训-2026-07\ai-training\output\ocr_results\json\114.json,existing
no_signal,C:\Users\王鑫\OneDrive\桌面\ai-vision\软通动力实训-2026-07\软通动力实训-2026-07\ai-training\data\yolo\medicine\images\train\images\115.jpg,C:\Users\王鑫\OneDrive\桌面\ai-vision\软通动力实训-2026-07\软通动力实训-2026-07\ai-training\data\yolo\medicine\images\train\labels\115.txt,14,妇科用药,,,0,0,0,,7,0.933,OC | CC | RX | Mifestad 10 | 10 | Mifepristone | STELLA,C:\Users\王鑫\OneDrive\桌面\ai-vision\软通动力实训-2026-07\软通动力实训-2026-07\ai-training\output\ocr_results\json\115.json,existing
no_signal,C:\Users\王鑫\OneDrive\桌面\ai-vision\软通动力实训-2026-07\软通动力实训-2026-07\ai-training\data\yolo\medicine\images\train\images\116.jpg,C:\Users\王鑫\OneDrive\桌面\ai-vision\软通动力实训-2026-07\软通动力实训-2026-07\ai-training\data\yolo\medicine\images\train\labels\116.txt,13,中成药,,,0,0,0,,19,0.93359,国华 | OTC | ES | 国药准字Z43020206 | TIAN MA SHOU WU PIAN 100/ | 天麻首乌片 | 请仔细阅读说明书并按说明使用或在药师指导下期 | 天麻首乌 | TIAN MA SHOU WU P | 1灌阴补膏，养血息风。用于肝肾阴虚所致的头晕目注 | 腰殊液软、脱发、白发；血管神经性头痛、脂溢性 | 口星。一次6片，一日3次。 | 20170808 | 2017年08月12日 | 湖南国华制药有限公司 | 至 | 2019年07月 | HUNAN GUOHUA PHARMACEUTICAL CO..LTD | 公创国南,C:\Users\王鑫\OneDrive\桌面\ai-vision\软通动力实训-2026-07\软通动力实训-2026-07\ai-training\output\ocr_results\json\116.json,existing
no_signal,C:\Users\王鑫\OneDrive\桌面\ai-vision\软通动力实训-2026-07\软通动力实训-2026-07\ai-training\data\yolo\medicine\images\train\images\117.jpg,C:\Users\王鑫\OneDrive\桌面\ai-vision\软通动力实训-2026-07\软通动力实训-2026-07\ai-training\data\yolo\medicine\images\train\labels\117.txt,11,慢性病药,,,0,0,0,,9,0.98801,"得高宁 | 硝苯地平 | 缓释片(I) | Nifedipine Sustained- | release Tablets | 10mg | 每瓶72片 | 德州德药制药有限公司 | Dezhou Deyao Pharmaceutical Co. ,Ltd",C:\Users\王鑫\OneDrive\桌面\ai-vision\软通动力实训-2026-07\软通动力实训-2026-07\ai-training\output\ocr_results\json\117.json,existing
no_signal,C:\Users\王鑫\OneDrive\桌面\ai-vision\软通动力实训-2026-07\软通动力实训-2026-07\ai-training\data\yolo\medicine\images\train\images\118.jpg,C:\Users\王鑫\OneDrive\桌面\ai-vision\软通动力实训-2026-07\软通动力实训-2026-07\ai-training\data\yolo\medicine\images\train\labels\118.txt,2,消炎药,,,0,0,0,,7,0.95985,[成 份]本品主要成份为伊曲康唑。 | [性 状]本品内容物为类白色至淡黄色丸状颗粒。 | [用法用量].[禁忌].|不良反应]、[注意事项]等内容详见说明书。 | [规格] 0.1g | [包 装]药品包装用PTP铝箔/药用PVC硬片包装，7粒/板×2板/盒。 |  藏密封，在阴凉(不超过20℃)干燥处保存。 | 6923528102121>,C:\Users\王鑫\OneDrive\桌面\ai-vision\软通动力实训-2026-07\软通动力实训-2026-07\ai-training\output\ocr_results\json\118.json,existing
review,C:\Users\王鑫\OneDrive\桌面\ai-vision\软通动力实训-2026-07\软通动力实训-2026-07\ai-training\data\yolo\medicine\images\train\images\119.jpg,C:\Users\王鑫\OneDrive\桌面\ai-vision\软通动力实训-2026-07\软通动力实训-2026-07\ai-training\data\yolo\medicine\images\train\labels\119.txt,13,中成药,1,止咳化痰,15,0,9,止咳|化痰|咳嗽,7,0.97904,国药准字Z20054782 | 消炎止咳片 | Xiaoyanzhike Pian | 【功能主治】 | 消炎，镇咳，化痰，定唱。用于咳嗽 | 痰多、胸满气逆。气管炎见上述证候者。 | 30片/金,C:\Users\王鑫\OneDrive\桌面\ai-vision\软通动力实训-2026-07\软通动力实训-2026-07\ai-training\output\ocr_results\json\119.json,existing
no_signal,C:\Users\王鑫\OneDrive\桌面\ai-vision\软通动力实训-2026-07\软通动力实训-2026-07\ai-training\data\yolo\medicine\images\train\images\12.jpg,C:\Users\王鑫\OneDrive\桌面\ai-vision\软通动力实训-2026-07\软通动力实训-2026-07\ai-training\data\yolo\medicine\images\train\labels\12.txt,6,泻药通便,,,0,0,0,,11,0.92826,华森 | 痛泻宁颗粒 | TONGXIENING KELI | PORNEE | 华 | 痛泻宁颗粒 | TONGXIENING KELI | 治疗肠易激综合征 | 5g×10袋/盒 | [治疗肠易激综合征 | 5g/%,C:\Users\王鑫\OneDrive\桌面\ai-vision\软通动力实训-2026-07\软通动力实训-2026-07\ai-training\output\ocr_results\json\12.json,existing
no_signal,C:\Users\王鑫\OneDrive\桌面\ai-vision\软通动力实训-2026-07\软通动力实训-2026-07\ai-training\data\yolo\medicine\images\train\images\120.jpg,C:\Users\王鑫\OneDrive\桌面\ai-vision\软通动力实训-2026-07\软通动力实训-2026-07\ai-training\data\yolo\medicine\images\train\labels\120.txt,13,中成药,,,0,0,0,,15,0.86727,N' | 纽兰 | OPEN | 十全大补膏 | 【协能州治】 | 聚自汗，四肢不温 | 美色花白气双心惨头 | 温补气血，用于气血两虚 | 钟能关法访特书并按说明使用或在药师指导下跨买和登用 | 十全大补膏 | 400克 | 湖北纽兰药业有限公司 | Hubel Newland Phamaceutical Co.Ule | 湖北纽兰药业有限公司 | Hubel Newland Pharmaceutical Co.Lad,C:\Users\王鑫\OneDrive\桌面\ai-vision\软通动力实训-2026-07\软通动力实训-2026-07\ai-training\output\ocr_results\json\120.json,existing
no_signal,C:\Users\王鑫\OneDrive\桌面\ai-vision\软通动力实训-2026-07\软通动力实训-2026-07\ai-training\data\yolo\medicine\images\train\images\121.jpg,C:\Users\王鑫\OneDrive\桌面\ai-vision\软通动力实训-2026-07\软通动力实训-2026-07\ai-training\data\yolo\medicine\images\train\labels\121.txt,11,慢性病药,,,0,0,0,,8,0.94227,BASEN | 伏格列波糖片 | Voglibose Tablets | 倍欣 | 降血接药0：葡萄精苷酶拟制剂 | 0.2m | Takeda | 生产企业，天津武川药品有限公司,C:\Users\王鑫\OneDrive\桌面\ai-vision\软通动力实训-2026-07\软通动力实训-2026-07\ai-training\output\ocr_results\json\121.json,existing
no_signal,C:\Users\王鑫\OneDrive\桌面\ai-vision\软通动力实训-2026-07\软通动力实训-2026-07\ai-training\data\yolo\medicine\images\train\images\122.jpg,C:\Users\王鑫\OneDrive\桌面\ai-vision\软通动力实训-2026-07\软通动力实训-2026-07\ai-training\data\yolo\medicine\images\train\labels\122.txt,11,慢性病药,,,0,0,0,,7,0.98723,鑫平® | 批准文号：国药准字H20074084 | 苯磺酸氨氯地平片 | 5mg | 乐普医疗 | 56片/盒 | LEPU MEDICAL,C:\Users\王鑫\OneDrive\桌面\ai-vision\软通动力实训-2026-07\软通动力实训-2026-07\ai-training\output\ocr_results\json\122.json,existing
no_signal,C:\Users\王鑫\OneDrive\桌面\ai-vision\软通动力实训-2026-07\软通动力实训-2026-07\ai-training\data\yolo\medicine\images\train\images\123.jpg,C:\Users\王鑫\OneDrive\桌面\ai-vision\软通动力实训-2026-07\软通动力实训-2026-07\ai-training\data\yolo\medicine\images\train\labels\123.txt,17,其他,,,0,0,0,,3,0.9071,愈圣千方 | 瑶浴礼盒 | 電圣十方,C:\Users\王鑫\OneDrive\桌面\ai-vision\软通动力实训-2026-07\软通动力实训-2026-07\ai-training\output\ocr_results\json\123.json,existing
no_signal,C:\Users\王鑫\OneDrive\桌面\ai-vision\软通动力实训-2026-07\软通动力实训-2026-07\ai-training\data\yolo\medicine\images\train\images\124.jpg,C:\Users\王鑫\OneDrive\桌面\ai-vision\软通动力实训-2026-07\软通动力实训-2026-07\ai-training\data\yolo\medicine\images\train\labels\124.txt,13,中成药,,,0,0,0,,4,0.99883,肾炎舒片 | 国药准字Z19991057 | 54片/盒 | 吉林市鹿王制药股份有限公司,C:\Users\王鑫\OneDrive\桌面\ai-vision\软通动力实训-2026-07\软通动力实训-2026-07\ai-training\output\ocr_results\json\124.json,existing
no_signal,C:\Users\王鑫\OneDrive\桌面\ai-vision\软通动力实训-2026-07\软通动力实训-2026-07\ai-training\data\yolo\medicine\images\train\images\125.jpg,C:\Users\王鑫\OneDrive\桌面\ai-vision\软通动力实训-2026-07\软通动力实训-2026-07\ai-training\data\yolo\medicine\images\train\labels\125.txt,17,其他,,,0,0,0,,15,0.98178,【适应症】 | 用于促进幼儿正常生长发育， | 以及儿童及孕妇补充钙质。 | 批准文号：国药准字H22024197 | 比智高 | 赖氨酸磷酸氢钙颗粒 | Laiansuan Linsuanqinggai Keli | 英特 | 5gX10袋 | 【适应症】 | dru | 用于促进幼儿正常生长发育， | 以及儿童及孕妇补充钙质。 | 吉林百姓堂药业有限公司 | JILIN BAIRINOTANG,C:\Users\王鑫\OneDrive\桌面\ai-vision\软通动力实训-2026-07\软通动力实训-2026-07\ai-training\output\ocr_results\json\125.json,existing
no_signal,C:\Users\王鑫\OneDrive\桌面\ai-vision\软通动力实训-2026-07\软通动力实训-2026-07\ai-training\data\yolo\medicine\images\train\images\126.jpg,C:\Users\王鑫\OneDrive\桌面\ai-vision\软通动力实训-2026-07\软通动力实训-2026-07\ai-training\data\yolo\medicine\images\train\labels\126.txt,14,妇科用药,,,0,0,0,,12,0.91838,益宝疗 | 国药准字H20043409 | 外 | 聚甲酚磺醛栓 | Policresulen Suppositories | 24 | RNM+TA | RGAMR | 药商城 | 90mg×4枚/板×2板 | 华北制药 | 制药河北华诺有限公司,C:\Users\王鑫\OneDrive\桌面\ai-vision\软通动力实训-2026-07\软通动力实训-2026-07\ai-training\output\ocr_results\json\126.json,existing
no_signal,C:\Users\王鑫\OneDrive\桌面\ai-vision\软通动力实训-2026-07\软通动力实训-2026-07\ai-training\data\yolo\medicine\images\train\images\127.jpg,C:\Users\王鑫\OneDrive\桌面\ai-vision\软通动力实训-2026-07\软通动力实训-2026-07\ai-training\data\yolo\medicine\images\train\labels\127.txt,13,中成药,,,0,0,0,,5,0.95869,国药准字Z45020242 | 蛇胆川贝液 | ShedanCpuonbeije | 广西梧州制药(集团)股份有限公司 | GUANGXIWUZHCUPHARMACEUTICAUGROUPCO LTO,C:\Users\王鑫\OneDrive\桌面\ai-vision\软通动力实训-2026-07\软通动力实训-2026-07\ai-training\output\ocr_results\json\127.json,existing
no_signal,C:\Users\王鑫\OneDrive\桌面\ai-vision\软通动力实训-2026-07\软通动力实训-2026-07\ai-training\data\yolo\medicine\images\train\images\128.jpg,C:\Users\王鑫\OneDrive\桌面\ai-vision\软通动力实训-2026-07\软通动力实训-2026-07\ai-training\data\yolo\medicine\images\train\labels\128.txt,13,中成药,,,0,0,0,,5,0.92721,太极剑门 | 批准文号：国药表字251021804 | 九味羌活丸 | TARSE | 太极集团四川绵阳制药有限公司,C:\Users\王鑫\OneDrive\桌面\ai-vision\软通动力实训-2026-07\软通动力实训-2026-07\ai-training\output\ocr_results\json\128.json,existing
review,C:\Users\王鑫\OneDrive\桌面\ai-vision\软通动力实训-2026-07\软通动力实训-2026-07\ai-training\data\yolo\medicine\images\train\images\129.jpg,C:\Users\王鑫\OneDrive\桌面\ai-vision\软通动力实训-2026-07\软通动力实训-2026-07\ai-training\data\yolo\medicine\images\train\labels\129.txt,13,中成药,1,止咳化痰,12,0,12,止咳|祛痰,9,0.94722,葵花 | 【批准文号】国药准字242021025 | 小儿麻甘颗粒 | 【功能主治】 | 平喘止咳，利咽祛痰。 | 用于小儿肺炎喘咳，咽喉炎症。 | 药花药业 | 12袋/盒 | SUNFOWER,C:\Users\王鑫\OneDrive\桌面\ai-vision\软通动力实训-2026-07\软通动力实训-2026-07\ai-training\output\ocr_results\json\129.json,existing
no_signal,C:\Users\王鑫\OneDrive\桌面\ai-vision\软通动力实训-2026-07\软通动力实训-2026-07\ai-training\data\yolo\medicine\images\train\images\13.jpg,C:\Users\王鑫\OneDrive\桌面\ai-vision\软通动力实训-2026-07\软通动力实训-2026-07\ai-training\data\yolo\medicine\images\train\labels\13.txt,11,慢性病药,,,0,0,0,,21,0.90541,得高宁 | 215 | 硝苯地平 | 硝苯地平 | 缓释片(I) | 缓释片(I) | Nifedipine Sustained- | relcase Tablets | 10mg | 每瓶72片 | 硝苯地平缓释片(I) | 0920005 | 3-20-20ng(1-2片)，—月2次，详见说错书。 | 美当压及心纹痛，贮藏，遮光，老封保夺 | 2101190310 | 规格：10mg | 2019.03.14 | 2021.03.13 | 德州德药制药有限公司 | 清州律码制跨寿限公司 | Dezhoo Deyeo Prarmateuiial,C:\Users\王鑫\OneDrive\桌面\ai-vision\软通动力实训-2026-07\软通动力实训-2026-07\ai-training\output\ocr_results\json\13.json,existing
supported,C:\Users\王鑫\OneDrive\桌面\ai-vision\软通动力实训-2026-07\软通动力实训-2026-07\ai-training\data\yolo\medicine\images\train\images\130.jpg,C:\Users\王鑫\OneDrive\桌面\ai-vision\软通动力实训-2026-07\软通动力实训-2026-07\ai-training\data\yolo\medicine\images\train\labels\130.txt,0,感冒药,0,感冒药,8,8,8,感冒|鼻塞,11,0.91615,篮猫 | 国药准字813024144 | 小儿氨酚黄那敏颗粒 | 请仔熵阅读说精书并按说培使用或在再师指导下购买和使用 | 适应症： | 适用于缓解儿童普通感雪 | 及流行性感冒引起的发热 | 10袋/盒 | 头鹰、四技酸璃、打喷璃、 | 流鼻涕、鼻塞、咽疡等症状。 | 河北金牛原大药业科技有限公司,C:\Users\王鑫\OneDrive\桌面\ai-vision\软通动力实训-2026-07\软通动力实训-2026-07\ai-training\output\ocr_results\json\130.json,existing
no_signal,C:\Users\王鑫\OneDrive\桌面\ai-vision\软通动力实训-2026-07\软通动力实训-2026-07\ai-training\data\yolo\medicine\images\train\images\131.jpg,C:\Users\王鑫\OneDrive\桌面\ai-vision\软通动力实训-2026-07\软通动力实训-2026-07\ai-training\data\yolo\medicine\images\train\labels\131.txt,17,其他,,,0,0,0,,13,0.90312,ore | 镇咳类非处方药 | 右美沙芬缓释混悬液 | 小眉 | 缓释混悬液 | Dextromethorphan Sustained | Release Sussession | 镇喷类享处方药 | 右美沙芬缓释混悬液 | 时服用一次 | 小 | 缓释混悬液 | 号瓶100ml.含氧保验态美沙护06,C:\Users\王鑫\OneDrive\桌面\ai-vision\软通动力实训-2026-07\软通动力实训-2026-07\ai-training\output\ocr_results\json\131.json,existing
no_signal,C:\Users\王鑫\OneDrive\桌面\ai-vision\软通动力实训-2026-07\软通动力实训-2026-07\ai-training\data\yolo\medicine\images\train\images\132.jpg,C:\Users\王鑫\OneDrive\桌面\ai-vision\软通动力实训-2026-07\软通动力实训-2026-07\ai-training\data\yolo\medicine\images\train\labels\132.txt,13,中成药,,,0,0,0,,9,0.97297,立效 | OTC | 脾肾两助丸 | Pishen Liangxhu Wan | LIXIAO | [批准文号]国药准字Z20054090 | 用于脾肾虚弱而致的肢体倦怠，气虚无力 | 不思饮食，胃脘痞闷，腰痛腰困，腿膝疲软，头晕耳鸣 | 心西华康药业股份有限公司,C:\Users\王鑫\OneDrive\桌面\ai-vision\软通动力实训-2026-07\软通动力实训-2026-07\ai-training\output\ocr_results\json\132.json,existing
no_signal,C:\Users\王鑫\OneDrive\桌面\ai-vision\软通动力实训-2026-07\软通动力实训-2026-07\ai-training\data\yolo\medicine\images\train\images\133.jpg,C:\Users\王鑫\OneDrive\桌面\ai-vision\软通动力实训-2026-07\软通动力实训-2026-07\ai-training\data\yolo\medicine\images\train\labels\133.txt,17,其他,,,0,0,0,,5,0.86211,纸 | 农 | 南 | HEAVY | DUTY,C:\Users\王鑫\OneDrive\桌面\ai-vision\软通动力实训-2026-07\软通动力实训-2026-07\ai-training\output\ocr_results\json\133.json,existing
supported,C:\Users\王鑫\OneDrive\桌面\ai-vision\软通动力实训-2026-07\软通动力实训-2026-07\ai-training\data\yolo\medicine\images\train\images\134.jpg,C:\Users\王鑫\OneDrive\桌面\ai-vision\软通动力实训-2026-07\软通动力实训-2026-07\ai-training\data\yolo\medicine\images\train\labels\134.txt,0,感冒药,0,感冒药,10,10,10,感冒|鼻塞|打喷嚏,12,0.94965,"红彤 | 【不良反应】【禁忌】【注意事项】等详见说明书。 | OTC | 红形 | 小儿氨酚黄那敏颗粒 | Xiao'er Anfen Huang Namin Keli | 【适应症】适用于缓解儿童普通感冒及流行性感 | 冒引起的发热、头痛、四肢酸痛、打 | 喷嚏、流鼻涕、鼻塞、咽痛等症状。 | 江西聚仁堂药业有限公司 | JIANGXI JURENTANG PHARMACEUTICAL CO.,LTD. | 6克/货×10袋/盒",C:\Users\王鑫\OneDrive\桌面\ai-vision\软通动力实训-2026-07\软通动力实训-2026-07\ai-training\output\ocr_results\json\134.json,existing
review,C:\Users\王鑫\OneDrive\桌面\ai-vision\软通动力实训-2026-07\软通动力实训-2026-07\ai-training\data\yolo\medicine\images\train\images\135.jpg,C:\Users\王鑫\OneDrive\桌面\ai-vision\软通动力实训-2026-07\软通动力实训-2026-07\ai-training\data\yolo\medicine\images\train\labels\135.txt,11,慢性病药,12,心血管药,8,0,8,高血压,14,0.98978,缬沙坦胶囊 | U NOVARTIS | 代文®80 | 抗高血压药 | 血管紧张素Ⅱ受体拮抗剂 | 性状：本品为胶囊剂，内容物为白色或 | 活性成份：缬沙坦 | 类白色粉末 | 适应症：治疗轻、中度原发性高血压。 | 用法用量、不良反应、禁忌、注意事项 | 详见说明书。 | 批准文号：国药准字 H20040217 | 星期包装 | 80毫克胶囊 内装7粒,C:\Users\王鑫\OneDrive\桌面\ai-vision\软通动力实训-2026-07\软通动力实训-2026-07\ai-training\output\ocr_results\json\135.json,existing
no_signal,C:\Users\王鑫\OneDrive\桌面\ai-vision\软通动力实训-2026-07\软通动力实训-2026-07\ai-training\data\yolo\medicine\images\train\images\136.jpg,C:\Users\王鑫\OneDrive\桌面\ai-vision\软通动力实训-2026-07\软通动力实训-2026-07\ai-training\data\yolo\medicine\images\train\labels\136.txt,5,肠胃药,,,0,0,0,,8,0.86355,索达宁 | 国药准字H20093467 | 泮托拉唑钠肠溶片 | Pantoprazole Sodium Enteric-Coated Tablets | 千二指断清疡胃清疡 | 反疏性食管炎 卓-艾氏综合征 | HE | 湖北广法药业股份青理公司,C:\Users\王鑫\OneDrive\桌面\ai-vision\软通动力实训-2026-07\软通动力实训-2026-07\ai-training\output\ocr_results\json\136.json,existing
supported,C:\Users\王鑫\OneDrive\桌面\ai-vision\软通动力实训-2026-07\软通动力实训-2026-07\ai-training\data\yolo\medicine\images\train\images\137.jpg,C:\Users\王鑫\OneDrive\桌面\ai-vision\软通动力实训-2026-07\软通动力实训-2026-07\ai-training\data\yolo\medicine\images\train\labels\137.txt,0,感冒药,0,感冒药,10,10,10,感冒|鼻塞|流涕,17,0.88608,请仔细阅读说明书并按说明使用或在药师指导下购买和使用 | OTC | 感冒灵颗粒 | F  228 | [功能主治] | UPFRTH | 感冒 | 头痛发热 | 鼻塞流涕 | 咽痛 | 村业限公司 | 详见说明书 | 葵花药业 | 头痛发热 | 鼻塞流涕 | 唱痛 | 10袋,C:\Users\王鑫\OneDrive\桌面\ai-vision\软通动力实训-2026-07\软通动力实训-2026-07\ai-training\output\ocr_results\json\137.json,existing
review,C:\Users\王鑫\OneDrive\桌面\ai-vision\软通动力实训-2026-07\软通动力实训-2026-07\ai-training\data\yolo\medicine\images\train\images\138.jpg,C:\Users\王鑫\OneDrive\桌面\ai-vision\软通动力实训-2026-07\软通动力实训-2026-07\ai-training\data\yolo\medicine\images\train\labels\138.txt,13,中成药,5,肠胃药,10,0,10,消化不良|腹胀,10,0.98145,美福临 | 请仔细阅读说明书并按说明使用或在药师指导下购买和使用 | 藿香清胃片 | 国药准字Z22022704 | OTC | Huoxiang Qingwei Pian | 【功能主治】清热化湿，酸牌消滞。用于消化 | 不良，脱腹胀满，不思饮食、口苦口臭。 | 36片 | 吉林省俊宏药业有限公司,C:\Users\王鑫\OneDrive\桌面\ai-vision\软通动力实训-2026-07\软通动力实训-2026-07\ai-training\output\ocr_results\json\138.json,existing
supported,C:\Users\王鑫\OneDrive\桌面\ai-vision\软通动力实训-2026-07\软通动力实训-2026-07\ai-training\data\yolo\medicine\images\train\images\139.jpg,C:\Users\王鑫\OneDrive\桌面\ai-vision\软通动力实训-2026-07\软通动力实训-2026-07\ai-training\data\yolo\medicine\images\train\labels\139.txt,5,肠胃药,5,肠胃药,12,12,12,胃痛|胃酸,8,0.99382,英特医药电子商务 | gle.com | OTC | 铝碳酸镁片 | 达喜 | 慢性胃炎和与胃酸有关的胃部不适症状， | 如胃痛、胃灼热感（烧心）、酸性暖气、饱胀等 | 30片,C:\Users\王鑫\OneDrive\桌面\ai-vision\软通动力实训-2026-07\软通动力实训-2026-07\ai-training\output\ocr_results\json\139.json,existing
review,C:\Users\王鑫\OneDrive\桌面\ai-vision\软通动力实训-2026-07\软通动力实训-2026-07\ai-training\data\yolo\medicine\images\train\images\14.jpg,C:\Users\王鑫\OneDrive\桌面\ai-vision\软通动力实训-2026-07\软通动力实训-2026-07\ai-training\data\yolo\medicine\images\train\labels\14.txt,0,感冒药,4,退烧药,8,0,2,退热,15,0.9388,国0码理字253021562 | 消炎退热颗粒 | 热题 | Xiaoyan Tuire Keli | 【功能主治】清热解毒，凉血消肿。用于外感热 | 病、热毒壅盛症，症见发热头痛、口 | 干口渴、咽喉肿痛；上呼吸道感染见 | 上述证候者，亦用于疮疗肿痛。 | 10克/袋X12袋/盒 | 云南白药 | 集团股份有限公司 | YUNAN BANIO CROUP CO.LTO | 古南 | 10克/袋 | 消炎退热颗粒,C:\Users\王鑫\OneDrive\桌面\ai-vision\软通动力实训-2026-07\软通动力实训-2026-07\ai-training\output\ocr_results\json\14.json,existing
review,C:\Users\王鑫\OneDrive\桌面\ai-vision\软通动力实训-2026-07\软通动力实训-2026-07\ai-training\data\yolo\medicine\images\train\images\140.jpg,C:\Users\王鑫\OneDrive\桌面\ai-vision\软通动力实训-2026-07\软通动力实训-2026-07\ai-training\data\yolo\medicine\images\train\labels\140.txt,13,中成药,3,止痛药,6,0,6,止痛,8,0.94773,立效 | OTC | 舒肝和胃丸 | SHUGANHEWEI WAN | LIXIAO | 批准文号国药浪字Z20053947 | 舒肝絮部，和胃止痛 | 山西华康花业股份有限公司,C:\Users\王鑫\OneDrive\桌面\ai-vision\软通动力实训-2026-07\软通动力实训-2026-07\ai-training\output\ocr_results\json\140.json,existing
no_signal,C:\Users\王鑫\OneDrive\桌面\ai-vision\软通动力实训-2026-07\软通动力实训-2026-07\ai-training\data\yolo\medicine\images\train\images\141.jpg,C:\Users\王鑫\OneDrive\桌面\ai-vision\软通动力实训-2026-07\软通动力实训-2026-07\ai-training\data\yolo\medicine\images\train\labels\141.txt,13,中成药,,,0,0,0,,10,0.97509,步長 | 稳心颗粒 | 国药准字210950026 | (无蔗糖） | 【功能主治】益气养阴，活血化瘀。用于气阴两虚，心脉瘀阻所致的 | 心悸不宁、气短乏力，胸闷胸痛：室性早搏、房性早搏 | 见上述证候者 | 5g/袋×9袋/盒 | ZBT | 山东步长制药股份有限公司,C:\Users\王鑫\OneDrive\桌面\ai-vision\软通动力实训-2026-07\软通动力实训-2026-07\ai-training\output\ocr_results\json\141.json,existing
no_signal,C:\Users\王鑫\OneDrive\桌面\ai-vision\软通动力实训-2026-07\软通动力实训-2026-07\ai-training\data\yolo\medicine\images\train\images\142.jpg,C:\Users\王鑫\OneDrive\桌面\ai-vision\软通动力实训-2026-07\软通动力实训-2026-07\ai-training\data\yolo\medicine\images\train\labels\142.txt,12,心血管药,,,0,0,0,,6,0.99839,速效救心丸 | 国家保密处方 | UXIAOJIUXINWAN | 60丸×2瓶 | 天津中新药业集团股份有限公司 | 第六中药厂,C:\Users\王鑫\OneDrive\桌面\ai-vision\软通动力实训-2026-07\软通动力实训-2026-07\ai-training\output\ocr_results\json\142.json,existing
no_signal,C:\Users\王鑫\OneDrive\桌面\ai-vision\软通动力实训-2026-07\软通动力实训-2026-07\ai-training\data\yolo\medicine\images\train\images\143.jpg,C:\Users\王鑫\OneDrive\桌面\ai-vision\软通动力实训-2026-07\软通动力实训-2026-07\ai-training\data\yolo\medicine\images\train\labels\143.txt,17,其他,,,0,0,0,,13,0.82499,veei | 天支 | 天支 | Ganzhi | Ganzhi | MD | SRSCEUTAPRANRCAUN | 60 | 特新阳光 | MING UNDN BO ONGNIING NAITUTE | 60 | 旺旺：jianwen1900 | 壹立设计:0756-8666114,C:\Users\王鑫\OneDrive\桌面\ai-vision\软通动力实训-2026-07\软通动力实训-2026-07\ai-training\output\ocr_results\json\143.json,existing
no_signal,C:\Users\王鑫\OneDrive\桌面\ai-vision\软通动力实训-2026-07\软通动力实训-2026-07\ai-training\data\yolo\medicine\images\train\images\144.jpg,C:\Users\王鑫\OneDrive\桌面\ai-vision\软通动力实训-2026-07\软通动力实训-2026-07\ai-training\data\yolo\medicine\images\train\labels\144.txt,0,感冒药,,,0,0,0,,9,0.83964,葵花康宝 | 请仔细阅读说明书并按说明使用读在路排指导下解买和使用 | 小儿氨酚烷胺颗粒 | 【造应症】适用于缓航儿童普通带首 | 及流行性感置引起的 | 发热、头痛、四胶酱燕、 | 打颂暖、流鼻汤、鼻蒸、喷高 | 等症状，也句用于儿童流行性感蓄的 | 6度×2货,C:\Users\王鑫\OneDrive\桌面\ai-vision\软通动力实训-2026-07\软通动力实训-2026-07\ai-training\output\ocr_results\json\144.json,existing
no_signal,C:\Users\王鑫\OneDrive\桌面\ai-vision\软通动力实训-2026-07\软通动力实训-2026-07\ai-training\data\yolo\medicine\images\train\images\145.jpg,C:\Users\王鑫\OneDrive\桌面\ai-vision\软通动力实训-2026-07\软通动力实训-2026-07\ai-training\data\yolo\medicine\images\train\labels\145.txt,0,感冒药,,,0,0,0,,14,0.94044,OTC | 以岭 | 连花清瘟胶囊 | LIANHUA QINGWEN JIAONANG | 【成份】连翘，金银花，炙麻黄、炒苦杏仁，石膏，板蓝根。 | 绵马贯众、鱼腥草，广藿香，大黄，红景天，薄荷脑，甘草。 | 辅料为玉米淀粉， | 【线 | 格】每粒装0.35克 | 24 | 【包 | 装】铝塑板装、每盒24粒。 | 石家庄以岭药业股份有限公司 | SHILJIAZHUANG YILING PHARMACEUTICAL COLTD.,C:\Users\王鑫\OneDrive\桌面\ai-vision\软通动力实训-2026-07\软通动力实训-2026-07\ai-training\output\ocr_results\json\145.json,existing
no_signal,C:\Users\王鑫\OneDrive\桌面\ai-vision\软通动力实训-2026-07\软通动力实训-2026-07\ai-training\data\yolo\medicine\images\train\images\146.jpg,C:\Users\王鑫\OneDrive\桌面\ai-vision\软通动力实训-2026-07\软通动力实训-2026-07\ai-training\data\yolo\medicine\images\train\labels\146.txt,5,肠胃药,,,0,0,0,,6,0.97033,江中 | 健胃消食片 | OTC | ★★★★★ | 江中制药 | 江中药业股份有限公司,C:\Users\王鑫\OneDrive\桌面\ai-vision\软通动力实训-2026-07\软通动力实训-2026-07\ai-training\output\ocr_results\json\146.json,existing
weak_signal,C:\Users\王鑫\OneDrive\桌面\ai-vision\软通动力实训-2026-07\软通动力实训-2026-07\ai-training\data\yolo\medicine\images\train\images\147.jpg,C:\Users\王鑫\OneDrive\桌面\ai-vision\软通动力实训-2026-07\软通动力实训-2026-07\ai-training\data\yolo\medicine\images\train\labels\147.txt,13,中成药,,,2,0,2,疼痛,11,0.90591,太极独圣 | OTC | 清喉咽颗粒 | 国药准字251020219 | 8×18克/袋/盒 | 养阴，清咽，解毒。用 | 于急性扁桃体炎、咽炎 | 所致的咽喉疼痛 | 太极集团四川绵阳制药有限公司 | TALSS | 同公周官英铺田龄川四图巢太,C:\Users\王鑫\OneDrive\桌面\ai-vision\软通动力实训-2026-07\软通动力实训-2026-07\ai-training\output\ocr_results\json\147.json,existing
no_signal,C:\Users\王鑫\OneDrive\桌面\ai-vision\软通动力实训-2026-07\软通动力实训-2026-07\ai-training\data\yolo\medicine\images\train\images\148.jpg,C:\Users\王鑫\OneDrive\桌面\ai-vision\软通动力实训-2026-07\软通动力实训-2026-07\ai-training\data\yolo\medicine\images\train\labels\148.txt,11,慢性病药,,,0,0,0,,9,0.89115,国药准字H20083618 | 苯磺酸氨氯地平片 | AMLODIPINE BESYLATE TABLETS | 性稳是性心较璃及资异提心较病，单验用高或与其 | 它抗心检商药价合用 | 5mg×7片/盒 | 江苏黄河药业股份有限公司 | JIY HHE  H TD | 2016-12-20 315jiage.cn,C:\Users\王鑫\OneDrive\桌面\ai-vision\软通动力实训-2026-07\软通动力实训-2026-07\ai-training\output\ocr_results\json\148.json,existing
no_signal,C:\Users\王鑫\OneDrive\桌面\ai-vision\软通动力实训-2026-07\软通动力实训-2026-07\ai-training\data\yolo\medicine\images\train\images\149.jpg,C:\Users\王鑫\OneDrive\桌面\ai-vision\软通动力实训-2026-07\软通动力实训-2026-07\ai-training\data\yolo\medicine\images\train\labels\149.txt,2,消炎药,,,0,0,0,,8,0.93479,流舒 | 氟康唑胶囊 | Fluconazole Capsules | 批准文号：国药准字H20066085 | 规格：0.15g | 3粒/盒 | 广东逸舒制药有限公司 | GUNNGDONG EASHU HCEUICAL COSTO,C:\Users\王鑫\OneDrive\桌面\ai-vision\软通动力实训-2026-07\软通动力实训-2026-07\ai-training\output\ocr_results\json\149.json,existing
no_signal,C:\Users\王鑫\OneDrive\桌面\ai-vision\软通动力实训-2026-07\软通动力实训-2026-07\ai-training\data\yolo\medicine\images\train\images\15.jpg,C:\Users\王鑫\OneDrive\桌面\ai-vision\软通动力实训-2026-07\软通动力实训-2026-07\ai-training\data\yolo\medicine\images\train\labels\15.txt,17,其他,,,0,0,0,,2,0.96819,HA | KUS,C:\Users\王鑫\OneDrive\桌面\ai-vision\软通动力实训-2026-07\软通动力实训-2026-07\ai-training\output\ocr_results\json\15.json,existing
no_signal,C:\Users\王鑫\OneDrive\桌面\ai-vision\软通动力实训-2026-07\软通动力实训-2026-07\ai-training\data\yolo\medicine\images\train\images\150.jpg,C:\Users\王鑫\OneDrive\桌面\ai-vision\软通动力实训-2026-07\软通动力实训-2026-07\ai-training\data\yolo\medicine\images\train\labels\150.txt,13,中成药,,,0,0,0,,9,0.98217,同仁堂 | 请仔细阅读说明书并按说明使用或在药师指导下购买和使用 | OTC | 同仁堂制药 | TRT PHARMA | 参苓白术颗粒 | Shenling Baizhu Keli | 6克×10袋 | 北京同仁堂制药有限公司,C:\Users\王鑫\OneDrive\桌面\ai-vision\软通动力实训-2026-07\软通动力实训-2026-07\ai-training\output\ocr_results\json\150.json,existing
no_signal,C:\Users\王鑫\OneDrive\桌面\ai-vision\软通动力实训-2026-07\软通动力实训-2026-07\ai-training\data\yolo\medicine\images\train\images\151.jpg,C:\Users\王鑫\OneDrive\桌面\ai-vision\软通动力实训-2026-07\软通动力实训-2026-07\ai-training\data\yolo\medicine\images\train\labels\151.txt,13,中成药,,,0,0,0,,20,0.76517,某属化深职校 | 2 | 某某化温颗粒 | 某某化滞政粒 | 某某化深颗粒 | 某某化滞颗粒 | OHOHHNMIADIREU | 12室 | R | PE.N ASO () | .+0 | 某某化滞颗粒 | QING GAN HUA ZHI KE LI | 位 | 10袋/盒 | 一8单 | 10818 | 编号：10212599 | 红动中国 (www.redocn.com) | m20160812102540,C:\Users\王鑫\OneDrive\桌面\ai-vision\软通动力实训-2026-07\软通动力实训-2026-07\ai-training\output\ocr_results\json\151.json,existing
no_signal,C:\Users\王鑫\OneDrive\桌面\ai-vision\软通动力实训-2026-07\软通动力实训-2026-07\ai-training\data\yolo\medicine\images\train\images\152.jpg,C:\Users\王鑫\OneDrive\桌面\ai-vision\软通动力实训-2026-07\软通动力实训-2026-07\ai-training\data\yolo\medicine\images\train\labels\152.txt,13,中成药,,,0,0,0,,8,0.99324,"速笑豆克 | 国药准字Z21021357 | OTC | 复方珍珠暗疮片 | Fufang Zhenzhu AnchuangPian | 3×12片/板/盒 | 沈阳东新药业有限公司 | Shenyang.Dongxin-Pharmaceutical-Co.,Ltd",C:\Users\王鑫\OneDrive\桌面\ai-vision\软通动力实训-2026-07\软通动力实训-2026-07\ai-training\output\ocr_results\json\152.json,existing
review,C:\Users\王鑫\OneDrive\桌面\ai-vision\软通动力实训-2026-07\软通动力实训-2026-07\ai-training\data\yolo\medicine\images\train\images\153.jpg,C:\Users\王鑫\OneDrive\桌面\ai-vision\软通动力实训-2026-07\软通动力实训-2026-07\ai-training\data\yolo\medicine\images\train\labels\153.txt,17,其他,3,止痛药,8,0,8,布洛芬,9,0.96546,布洛芬 | 批准文号：国药准字Z42024XXX | YOUR LOGO | 布洛芬 | Ibuprofen Tablets | 你公司名制药有限责任公司 | 泰材公社 | 素材编号：241343 | tooopen.com,C:\Users\王鑫\OneDrive\桌面\ai-vision\软通动力实训-2026-07\软通动力实训-2026-07\ai-training\output\ocr_results\json\153.json,existing
no_signal,C:\Users\王鑫\OneDrive\桌面\ai-vision\软通动力实训-2026-07\软通动力实训-2026-07\ai-training\data\yolo\medicine\images\train\images\154.jpg,C:\Users\王鑫\OneDrive\桌面\ai-vision\软通动力实训-2026-07\软通动力实训-2026-07\ai-training\data\yolo\medicine\images\train\labels\154.txt,13,中成药,,,0,0,0,,4,0.99683,鼻渊通窍颗粒 | BIYUAN TONGQIAO KELI | 15g×10袋 | 山东新时代药业有限公司,C:\Users\王鑫\OneDrive\桌面\ai-vision\软通动力实训-2026-07\软通动力实训-2026-07\ai-training\output\ocr_results\json\154.json,existing
review,C:\Users\王鑫\OneDrive\桌面\ai-vision\软通动力实训-2026-07\软通动力实训-2026-07\ai-training\data\yolo\medicine\images\train\images\155.jpg,C:\Users\王鑫\OneDrive\桌面\ai-vision\软通动力实训-2026-07\软通动力实训-2026-07\ai-training\data\yolo\medicine\images\train\labels\155.txt,13,中成药,3,止痛药,6,0,6,止痛,15,0.95664,三黄珍珠膏 | 外 | 1锐 | 功能主治：解毒消肿，去腐生肌，止痛。 | 用于中、小面积Ⅱ度烧伤、烫伤、残留疮面等。 | 批准文号：国药准字220053321 | 20克/支 | 海南羚锐生物药业有限公司 | 折扣优惠 | ¥28.1¥38 | 7.39折限1份 | 满39减6可领·满65减10可领·配送费立减3.5元 | 领券> | [羚锐]三黄珍珠膏20g/支/盒 | 月售2,C:\Users\王鑫\OneDrive\桌面\ai-vision\软通动力实训-2026-07\软通动力实训-2026-07\ai-training\output\ocr_results\json\155.json,existing
weak_signal,C:\Users\王鑫\OneDrive\桌面\ai-vision\软通动力实训-2026-07\软通动力实训-2026-07\ai-training\data\yolo\medicine\images\train\images\156.jpg,C:\Users\王鑫\OneDrive\桌面\ai-vision\软通动力实训-2026-07\软通动力实训-2026-07\ai-training\data\yolo\medicine\images\train\labels\156.txt,13,中成药,,,2,0,2,疼痛,12,0.95143,追风舒经 | 追风舒经活血片 | 羚康 | 国药准字Z22024978 | 追风舒经活血片 | ZHUI FENG SHU JING HUO XUE PIAN | 【功能主治】 | 舒筋活血，散风祛寒。用于风寒串 | 入经络引起的腰腿疼痛，四肢麻木。 | 10-3s | 吉林省辉南长龙生化药业股份有限公司 | 后公网育份郊业出,C:\Users\王鑫\OneDrive\桌面\ai-vision\软通动力实训-2026-07\软通动力实训-2026-07\ai-training\output\ocr_results\json\156.json,existing
no_signal,C:\Users\王鑫\OneDrive\桌面\ai-vision\软通动力实训-2026-07\软通动力实训-2026-07\ai-training\data\yolo\medicine\images\train\images\157.jpg,C:\Users\王鑫\OneDrive\桌面\ai-vision\软通动力实训-2026-07\软通动力实训-2026-07\ai-training\data\yolo\medicine\images\train\labels\157.txt,17,其他,,,0,0,0,,13,0.79121,树舌 | 用于治疗乙型肝炎，食道端和神植衰弱。 | 【动能与主治】共免疫源作边统 | 促进乙型析炎表面 | 6克/袋+9袋 | 树舌 | 树舌 | 山东济南三源药业有限公司 | SHNDONG JNAN SANYUANMEDCNE CO LUTO | 山东济南三源药企有理位 | (E | 公东济南三源汽全有限公司 | 零三,C:\Users\王鑫\OneDrive\桌面\ai-vision\软通动力实训-2026-07\软通动力实训-2026-07\ai-training\output\ocr_results\json\157.json,existing
review,C:\Users\王鑫\OneDrive\桌面\ai-vision\软通动力实训-2026-07\软通动力实训-2026-07\ai-training\data\yolo\medicine\images\train\images\158.jpg,C:\Users\王鑫\OneDrive\桌面\ai-vision\软通动力实训-2026-07\软通动力实训-2026-07\ai-training\data\yolo\medicine\images\train\labels\158.txt,13,中成药,6,泻药通便,8,0,2,便秘,17,0.87622,【用法用量】口服，一次1丸、一日2-3次。 | 份】理解、青旅、装速 | 水牛角浓编粉 | OS | [用流用] | 次1丸. | 日2-32次 | 请仔细阅读说期书并在医师指导下使用 | 国药准字Z21021312 | 木典石 | 清热化毒丸 | Qingre Huadu Wan | 【功能主治】清火化毒，消肿止痛。用于小儿身 | 热烦躁，咽喉肿痛，口舌生疮，皮 | 肤疮疗，口臭便秘，疹后余毒未尽。 | 3g/丸×10丸/盒 | 辽宁华鑫药业有限公司,C:\Users\王鑫\OneDrive\桌面\ai-vision\软通动力实训-2026-07\软通动力实训-2026-07\ai-training\output\ocr_results\json\158.json,existing
supported,C:\Users\王鑫\OneDrive\桌面\ai-vision\软通动力实训-2026-07\软通动力实训-2026-07\ai-training\data\yolo\medicine\images\train\images\159.jpg,C:\Users\王鑫\OneDrive\桌面\ai-vision\软通动力实训-2026-07\软通动力实训-2026-07\ai-training\data\yolo\medicine\images\train\labels\159.txt,0,感冒药,0,感冒药,8,8,8,感冒|鼻塞,11,0.94761,Kaagsen | SA | 请仔细阅读说明书并按说明使用或在药师指导下购买和使用TC | 小儿氨酚黄那敏颗粒 | XIAO ER AN FEN HUANG NA MIN KE LI | 国药准字H51023430 | 适用于缓解儿童普通感冒及流行性感冒 | 引起的发热、头痛、四肢酸痛、打喷魂、 | 12袋/盒 | 流鼻涕、鼻塞、咽痛等症状。 | 四川彩虹制药有限公司,C:\Users\王鑫\OneDrive\桌面\ai-vision\软通动力实训-2026-07\软通动力实训-2026-07\ai-training\output\ocr_results\json\159.json,existing
no_signal,C:\Users\王鑫\OneDrive\桌面\ai-vision\软通动力实训-2026-07\软通动力实训-2026-07\ai-training\data\yolo\medicine\images\train\images\16.jpg,C:\Users\王鑫\OneDrive\桌面\ai-vision\软通动力实训-2026-07\软通动力实训-2026-07\ai-training\data\yolo\medicine\images\train\labels\16.txt,17,其他,,,0,0,0,,6,0.97663,A | 索清 | 阿立哌唑片 | 15mg | Aripiprazole Tablets | 10片/盒,C:\Users\王鑫\OneDrive\桌面\ai-vision\软通动力实训-2026-07\软通动力实训-2026-07\ai-training\output\ocr_results\json\16.json,existing
no_signal,C:\Users\王鑫\OneDrive\桌面\ai-vision\软通动力实训-2026-07\软通动力实训-2026-07\ai-training\data\yolo\medicine\images\train\images\160.jpg,C:\Users\王鑫\OneDrive\桌面\ai-vision\软通动力实训-2026-07\软通动力实训-2026-07\ai-training\data\yolo\medicine\images\train\labels\160.txt,13,中成药,,,0,0,0,,12,0.94546,多案Duadat | 【批准文号】国药准字Z10970056 | 脉血康胶囊 | Maixuekang Jiaonang | 【成份】水蛭 | 【性状】本品为肠溶胶囊，内容物为灰揭色颗粒或粉末：气微腥，味咸 | 【用法用量】口服，一次2-4粒，一日3次 | 【贮 藏】密封，置阴凉(不超过20℃)干燥处. | 【不良反应】尚不明确 | 【禁总】尚不明确 | 【注意事项】孕妇禁用 | 【包装】铝壁泡罩包装：12粒/板·2板/盒,C:\Users\王鑫\OneDrive\桌面\ai-vision\软通动力实训-2026-07\软通动力实训-2026-07\ai-training\output\ocr_results\json\160.json,existing
no_signal,C:\Users\王鑫\OneDrive\桌面\ai-vision\软通动力实训-2026-07\软通动力实训-2026-07\ai-training\data\yolo\medicine\images\train\images\161.jpg,C:\Users\王鑫\OneDrive\桌面\ai-vision\软通动力实训-2026-07\软通动力实训-2026-07\ai-training\data\yolo\medicine\images\train\labels\161.txt,17,其他,,,0,0,0,,27,0.9301,0.12g | 希思美 | 交囊 | 奥利司他胶囊 | Orlistat Capsules | 用于能牌或体面超组患者 | (体面指数≥24)的治疗. | 伊诺药业 | 24)治疗. | 伊诺药业 | 希思美 | 0.12g | ×210 | 奥利司他胶囊 | 奥利司他胶囊 | Orlistat Capsules | 用于把胖或体重越 | (体重指数≥24) | Orlistat Capsules | 用于肥样或体提超重患者 | 0.12g | (体重报数≥24)的治疗。 | 伊诺药业 | 希思美 | 0.12g | ×21粒 | =2112,C:\Users\王鑫\OneDrive\桌面\ai-vision\软通动力实训-2026-07\软通动力实训-2026-07\ai-training\output\ocr_results\json\161.json,existing
no_signal,C:\Users\王鑫\OneDrive\桌面\ai-vision\软通动力实训-2026-07\软通动力实训-2026-07\ai-training\data\yolo\medicine\images\train\images\162.jpg,C:\Users\王鑫\OneDrive\桌面\ai-vision\软通动力实训-2026-07\软通动力实训-2026-07\ai-training\data\yolo\medicine\images\train\labels\162.txt,0,感冒药,,,0,0,0,,12,0.82531,DANG | 批本文号：派此准华003256 | BANG | aoshu | 8g×12袋 | 邦奥舒 | 共子油疗和减鞋痛管，支气贾头等疾收引超的 | 鼻客、洗涕、打喷啡、味吧、培接等症状 | 西安律天药安等公均部公司 | 美羧伪麻颗粒 | (M) | Composite Carbocisteine Granules,C:\Users\王鑫\OneDrive\桌面\ai-vision\软通动力实训-2026-07\软通动力实训-2026-07\ai-training\output\ocr_results\json\162.json,existing
review,C:\Users\王鑫\OneDrive\桌面\ai-vision\软通动力实训-2026-07\软通动力实训-2026-07\ai-training\data\yolo\medicine\images\train\images\163.jpg,C:\Users\王鑫\OneDrive\桌面\ai-vision\软通动力实训-2026-07\软通动力实训-2026-07\ai-training\data\yolo\medicine\images\train\labels\163.txt,17,其他,3,止痛药,8,0,8,布洛芬,10,0.88431,OTO | 迪尔诺 | 国药准字HT0980021 | Di er nuo | 布洛芬混悬液 | IBUPROFEN SUSPENSION | 用干儿卓感目引起的废热 | 投解轻至中度疗病 | 天 | 武汉人福药业有限类任公司,C:\Users\王鑫\OneDrive\桌面\ai-vision\软通动力实训-2026-07\软通动力实训-2026-07\ai-training\output\ocr_results\json\163.json,existing
no_signal,C:\Users\王鑫\OneDrive\桌面\ai-vision\软通动力实训-2026-07\软通动力实训-2026-07\ai-training\data\yolo\medicine\images\train\images\164.jpg,C:\Users\王鑫\OneDrive\桌面\ai-vision\软通动力实训-2026-07\软通动力实训-2026-07\ai-training\data\yolo\medicine\images\train\labels\164.txt,17,其他,,,0,0,0,,6,0.83365,choar gml bon ank | CURIOSIN_ | CURIOSIN | thow pl 3in al | CURIOSIN. | CUROSIN.,C:\Users\王鑫\OneDrive\桌面\ai-vision\软通动力实训-2026-07\软通动力实训-2026-07\ai-training\output\ocr_results\json\164.json,existing
no_signal,C:\Users\王鑫\OneDrive\桌面\ai-vision\软通动力实训-2026-07\软通动力实训-2026-07\ai-training\data\yolo\medicine\images\train\images\165.jpg,C:\Users\王鑫\OneDrive\桌面\ai-vision\软通动力实训-2026-07\软通动力实训-2026-07\ai-training\data\yolo\medicine\images\train\labels\165.txt,13,中成药,,,0,0,0,,11,0.9688,新峰 | 药业 | 【批准文号】国药准字Z44021264 | XINFENG | 了哥王片 | LIAOGEWANG PIAN  | 用于支气管炎，肺炎，扁桃体炎， | 腮腺炎，乳腺炎，蜂窝组织炎。 | 36片/盒 | 广东新峰药业股份有限公司 | 浙广市站博罗光排汽业集活有限公司,C:\Users\王鑫\OneDrive\桌面\ai-vision\软通动力实训-2026-07\软通动力实训-2026-07\ai-training\output\ocr_results\json\165.json,existing
review,C:\Users\王鑫\OneDrive\桌面\ai-vision\软通动力实训-2026-07\软通动力实训-2026-07\ai-training\data\yolo\medicine\images\train\images\166.jpg,C:\Users\王鑫\OneDrive\桌面\ai-vision\软通动力实训-2026-07\软通动力实训-2026-07\ai-training\data\yolo\medicine\images\train\labels\166.txt,13,中成药,3,止痛药,6,0,6,止痛,5,0.98188,活血止痛胶囊 | 8字Z10920002 | OTC | HUOXUE ZHITONG JIAONANG | 南京中山制药有限公司,C:\Users\王鑫\OneDrive\桌面\ai-vision\软通动力实训-2026-07\软通动力实训-2026-07\ai-training\output\ocr_results\json\166.json,existing
no_signal,C:\Users\王鑫\OneDrive\桌面\ai-vision\软通动力实训-2026-07\软通动力实训-2026-07\ai-training\data\yolo\medicine\images\train\images\167.jpg,C:\Users\王鑫\OneDrive\桌面\ai-vision\软通动力实训-2026-07\软通动力实训-2026-07\ai-training\data\yolo\medicine\images\train\labels\167.txt,17,其他,,,0,0,0,,13,0.98488,金辛金丐特® | OTC | 萄糖酸钙锌口服溶液 | 国药准字 H20013241 | [适应症]用于治疗因缺钙、锌引起的疾病，包括： | 骨质疏松、手足抽搞症 | 骨发育不全、佝偻病 | 妊娠妇女和哺乳期妇女、绝经期妇女钙的补充 | 小儿生长发育迟缓，食欲缺乏，厌食症 | 复发性口腔溃疡以及痤疮等 | AoNuo | 澳诺（中国）制药有限公司 | 全药通,C:\Users\王鑫\OneDrive\桌面\ai-vision\软通动力实训-2026-07\软通动力实训-2026-07\ai-training\output\ocr_results\json\167.json,existing
no_signal,C:\Users\王鑫\OneDrive\桌面\ai-vision\软通动力实训-2026-07\软通动力实训-2026-07\ai-training\data\yolo\medicine\images\train\images\168.jpg,C:\Users\王鑫\OneDrive\桌面\ai-vision\软通动力实训-2026-07\软通动力实训-2026-07\ai-training\data\yolo\medicine\images\train\labels\168.txt,4,退烧药,,,0,0,0,,2,0.995,收纳前 | 收纳后,C:\Users\王鑫\OneDrive\桌面\ai-vision\软通动力实训-2026-07\软通动力实训-2026-07\ai-training\output\ocr_results\json\168.json,existing
review,C:\Users\王鑫\OneDrive\桌面\ai-vision\软通动力实训-2026-07\软通动力实训-2026-07\ai-training\data\yolo\medicine\images\train\images\169.jpg,C:\Users\王鑫\OneDrive\桌面\ai-vision\软通动力实训-2026-07\软通动力实训-2026-07\ai-training\data\yolo\medicine\images\train\labels\169.txt,2,消炎药,3,止痛药,8,6,2,止痛|疼痛,11,0.93537,国药准字Z44023844 | 清热散结片 | Qingre Sanjie Pian | 【功能主治】 | >>>> | 消炎解毒，散结止痛，用于急性结膜炎，急性唱喉 | 炎，急性扁桃腺炎，急性肠炎，急性菌缩，上呼吸 | 遵炎、急性支气管炎，淋巴结炎，疮非疼痛，中耳 | 炎，皮炎湿疹。 | 广东省惠州市中药厂有限公司 | 60片/盒,C:\Users\王鑫\OneDrive\桌面\ai-vision\软通动力实训-2026-07\软通动力实训-2026-07\ai-training\output\ocr_results\json\169.json,existing
no_signal,C:\Users\王鑫\OneDrive\桌面\ai-vision\软通动力实训-2026-07\软通动力实训-2026-07\ai-training\data\yolo\medicine\images\train\images\17.jpg,C:\Users\王鑫\OneDrive\桌面\ai-vision\软通动力实训-2026-07\软通动力实训-2026-07\ai-training\data\yolo\medicine\images\train\labels\17.txt,13,中成药,,,0,0,0,,10,0.98653,"正元盛邦 | 国药准字220027564 | ZEYSUB | 桂枝茯苓丸 | T.0248075 | (包衣浓缩水丸) | 山西正元盛邦制药有限公司 | SHANXI ZHENGYUANSHENGBANG PHARMACEUTICAL CO.,LTD. | 全药通 | www.quanyaotong.com",C:\Users\王鑫\OneDrive\桌面\ai-vision\软通动力实训-2026-07\软通动力实训-2026-07\ai-training\output\ocr_results\json\17.json,existing
no_signal,C:\Users\王鑫\OneDrive\桌面\ai-vision\软通动力实训-2026-07\软通动力实训-2026-07\ai-training\data\yolo\medicine\images\train\images\170.jpg,C:\Users\王鑫\OneDrive\桌面\ai-vision\软通动力实训-2026-07\软通动力实训-2026-07\ai-training\data\yolo\medicine\images\train\labels\170.txt,4,退烧药,,,0,0,0,,1,0.99998,透明外盖防灰防,C:\Users\王鑫\OneDrive\桌面\ai-vision\软通动力实训-2026-07\软通动力实训-2026-07\ai-training\output\ocr_results\json\170.json,existing
no_signal,C:\Users\王鑫\OneDrive\桌面\ai-vision\软通动力实训-2026-07\软通动力实训-2026-07\ai-training\data\yolo\medicine\images\train\images\171.jpg,C:\Users\王鑫\OneDrive\桌面\ai-vision\软通动力实训-2026-07\软通动力实训-2026-07\ai-training\data\yolo\medicine\images\train\labels\171.txt,8,抗过敏药,,,0,0,0,,22,0.98808,设计·分享·进步 | 设计师 | 青雁设计/TINYMING | 企业 | 设计 | 案例 | AOCKRI | CUSTOMER | 跨国医药企业 | AOCKRI | 法国·里昂 | 盐酸奥络他定片 | 5mg | AOCKRI | Olopatadine Hydrochloride Tablets | AOCKRI | 12粒/盒 5mg/粒 | 欧源文号：国药室字(X256893 | BUSINESS | DESIGN CASE | SHARING | DESIGN,C:\Users\王鑫\OneDrive\桌面\ai-vision\软通动力实训-2026-07\软通动力实训-2026-07\ai-training\output\ocr_results\json\171.json,existing
no_signal,C:\Users\王鑫\OneDrive\桌面\ai-vision\软通动力实训-2026-07\软通动力实训-2026-07\ai-training\data\yolo\medicine\images\train\images\172.jpg,C:\Users\王鑫\OneDrive\桌面\ai-vision\软通动力实训-2026-07\软通动力实训-2026-07\ai-training\data\yolo\medicine\images\train\labels\172.txt,8,抗过敏药,,,0,0,0,,22,0.99434,设计·分享·进步 | 设计师 | TINYMING | 企业 | 设计 | 案例 | AOCKRI | 盐酸奥络他定片 | AOCKRI | 5mg | Olopatadine Hydrochloride Tablets | AOCKRI | 12粒/盒 5mg/粒 | 批准文号：国药度字LK256893 | CUSTOMER | 跨国医药企业 | 法国·里昂 | AOCKRI 药品包装设计 效果图 | BUSINESS | DESIGN CASE | SHARING | ESIGN,C:\Users\王鑫\OneDrive\桌面\ai-vision\软通动力实训-2026-07\软通动力实训-2026-07\ai-training\output\ocr_results\json\172.json,existing
no_signal,C:\Users\王鑫\OneDrive\桌面\ai-vision\软通动力实训-2026-07\软通动力实训-2026-07\ai-training\data\yolo\medicine\images\train\images\173.jpg,C:\Users\王鑫\OneDrive\桌面\ai-vision\软通动力实训-2026-07\软通动力实训-2026-07\ai-training\data\yolo\medicine\images\train\labels\173.txt,10,创可贴绷带,,,0,0,0,,5,0.80336,B 2 | 01018113 | 邦牌 | BANGPAI | 创口贴,C:\Users\王鑫\OneDrive\桌面\ai-vision\软通动力实训-2026-07\软通动力实训-2026-07\ai-training\output\ocr_results\json\173.json,existing
no_signal,C:\Users\王鑫\OneDrive\桌面\ai-vision\软通动力实训-2026-07\软通动力实训-2026-07\ai-training\data\yolo\medicine\images\train\images\174.jpg,C:\Users\王鑫\OneDrive\桌面\ai-vision\软通动力实训-2026-07\软通动力实训-2026-07\ai-training\data\yolo\medicine\images\train\labels\174.txt,2,消炎药,,,0,0,0,,2,0.80532,乙酰螺旋霉素片 | onadr,C:\Users\王鑫\OneDrive\桌面\ai-vision\软通动力实训-2026-07\软通动力实训-2026-07\ai-training\output\ocr_results\json\174.json,existing
no_signal,C:\Users\王鑫\OneDrive\桌面\ai-vision\软通动力实训-2026-07\软通动力实训-2026-07\ai-training\data\yolo\medicine\images\train\images\175.jpg,C:\Users\王鑫\OneDrive\桌面\ai-vision\软通动力实训-2026-07\软通动力实训-2026-07\ai-training\data\yolo\medicine\images\train\labels\175.txt,0,感冒药,,,0,0,0,,2,0.68023,维C银期片 | CNasol,C:\Users\王鑫\OneDrive\桌面\ai-vision\软通动力实训-2026-07\软通动力实训-2026-07\ai-training\output\ocr_results\json\175.json,existing
supported,C:\Users\王鑫\OneDrive\桌面\ai-vision\软通动力实训-2026-07\软通动力实训-2026-07\ai-training\data\yolo\medicine\images\train\images\176.jpg,C:\Users\王鑫\OneDrive\桌面\ai-vision\软通动力实训-2026-07\软通动力实训-2026-07\ai-training\data\yolo\medicine\images\train\labels\176.txt,1,止咳化痰,1,止咳化痰,12,12,12,止咳|化痰,6,0.99369,"OTC | 府 | 橘红颗粒 | 清肺化痰止咳 | 山东孔府制药有限公司 | SHANDONG CONFUCIUS PHARMACEUTICAL CO.,LTD.",C:\Users\王鑫\OneDrive\桌面\ai-vision\软通动力实训-2026-07\软通动力实训-2026-07\ai-training\output\ocr_results\json\176.json,existing
review,C:\Users\王鑫\OneDrive\桌面\ai-vision\软通动力实训-2026-07\软通动力实训-2026-07\ai-training\data\yolo\medicine\images\train\images\177.jpg,C:\Users\王鑫\OneDrive\桌面\ai-vision\软通动力实训-2026-07\软通动力实训-2026-07\ai-training\data\yolo\medicine\images\train\labels\177.txt,4,退烧药,3,止痛药,8,0,8,布洛芬,7,0.93963,25毫升/瓶 | 每盒4瓶 | 恬债 | OTC | 布洛芬混悬液 | Buluofen Hunxuanye | 扬州市三药制药有限公司,C:\Users\王鑫\OneDrive\桌面\ai-vision\软通动力实训-2026-07\软通动力实训-2026-07\ai-training\output\ocr_results\json\177.json,existing
weak_signal,C:\Users\王鑫\OneDrive\桌面\ai-vision\软通动力实训-2026-07\软通动力实训-2026-07\ai-training\data\yolo\medicine\images\train\images\178.jpg,C:\Users\王鑫\OneDrive\桌面\ai-vision\软通动力实训-2026-07\软通动力实训-2026-07\ai-training\data\yolo\medicine\images\train\labels\178.txt,5,肠胃药,,,4,4,4,腹泻,11,0.87502,思必敬 | OTE | 思必敬 | RSTAK生 | 蒙脱石混悬液 | 本品主要成力菜石 | 90毫升 | 适应症： | 成人及儿童的急、慢性腹泻。 | 摇匀后口服 | 南京白敬宇制药有限奥任公司,C:\Users\王鑫\OneDrive\桌面\ai-vision\软通动力实训-2026-07\软通动力实训-2026-07\ai-training\output\ocr_results\json\178.json,existing
no_signal,C:\Users\王鑫\OneDrive\桌面\ai-vision\软通动力实训-2026-07\软通动力实训-2026-07\ai-training\data\yolo\medicine\images\train\images\179.jpg,C:\Users\王鑫\OneDrive\桌面\ai-vision\软通动力实训-2026-07\软通动力实训-2026-07\ai-training\data\yolo\medicine\images\train\labels\179.txt,17,其他,,,0,0,0,,3,0.85858,SCLAREBOX | MOCKUP | SOEE HIT INGUIGES,C:\Users\王鑫\OneDrive\桌面\ai-vision\软通动力实训-2026-07\软通动力实训-2026-07\ai-training\output\ocr_results\json\179.json,existing
weak_signal,C:\Users\王鑫\OneDrive\桌面\ai-vision\软通动力实训-2026-07\软通动力实训-2026-07\ai-training\data\yolo\medicine\images\train\images\18.jpg,C:\Users\王鑫\OneDrive\桌面\ai-vision\软通动力实训-2026-07\软通动力实训-2026-07\ai-training\data\yolo\medicine\images\train\labels\18.txt,13,中成药,,,2,0,2,疼痛,12,0.92586,中国动电子 | 园同诗堂 | OTC | 100片/盒 | 仙灵骨葆片 | 批准文号：国药准字Z20025357 | 用于肝肾不足，瘀血阻络所致的骨质疏松症， | 症见腰脊疼痛，足膝酸软，乏力。 | 18 | 贵州同济堂制药有限公司 | GUIZHOU TONGJITANG PHARMACEUTICAL CO..LTD. | 请将本品放在儿童不能接触的地方,C:\Users\王鑫\OneDrive\桌面\ai-vision\软通动力实训-2026-07\软通动力实训-2026-07\ai-training\output\ocr_results\json\18.json,existing
no_signal,C:\Users\王鑫\OneDrive\桌面\ai-vision\软通动力实训-2026-07\软通动力实训-2026-07\ai-training\data\yolo\medicine\images\train\images\180.jpg,C:\Users\王鑫\OneDrive\桌面\ai-vision\软通动力实训-2026-07\软通动力实训-2026-07\ai-training\data\yolo\medicine\images\train\labels\180.txt,5,肠胃药,,,0,0,0,,4,0.85211,Ind3al通仙 | SOPIC | 让通仙遍布世界 | 社世界充满爱,C:\Users\王鑫\OneDrive\桌面\ai-vision\软通动力实训-2026-07\软通动力实训-2026-07\ai-training\output\ocr_results\json\180.json,existing
no_signal,C:\Users\王鑫\OneDrive\桌面\ai-vision\软通动力实训-2026-07\软通动力实训-2026-07\ai-training\data\yolo\medicine\images\train\images\181.jpg,C:\Users\王鑫\OneDrive\桌面\ai-vision\软通动力实训-2026-07\软通动力实训-2026-07\ai-training\data\yolo\medicine\images\train\labels\181.txt,17,其他,,,0,0,0,,11,0.96975,正品射 | 生产日期： | 产品批号： | 有效期至： | 假货镭射 | 2019/09/09 | 生产日期： | 20190909 | 产品批号： | 2022/090/09 | 有效期至：,C:\Users\王鑫\OneDrive\桌面\ai-vision\软通动力实训-2026-07\软通动力实训-2026-07\ai-training\output\ocr_results\json\181.json,existing
no_signal,C:\Users\王鑫\OneDrive\桌面\ai-vision\软通动力实训-2026-07\软通动力实训-2026-07\ai-training\data\yolo\medicine\images\train\images\182.jpg,C:\Users\王鑫\OneDrive\桌面\ai-vision\软通动力实训-2026-07\软通动力实训-2026-07\ai-training\data\yolo\medicine\images\train\labels\182.txt,9,外用药,,,0,0,0,,6,0.97318,中藥世家 | 宝宝婴爽 | 宝宝婴爽 | 美宝维肤膏 | The boby | skin creome,C:\Users\王鑫\OneDrive\桌面\ai-vision\软通动力实训-2026-07\软通动力实训-2026-07\ai-training\output\ocr_results\json\182.json,existing
no_signal,C:\Users\王鑫\OneDrive\桌面\ai-vision\软通动力实训-2026-07\软通动力实训-2026-07\ai-training\data\yolo\medicine\images\train\images\183.jpg,C:\Users\王鑫\OneDrive\桌面\ai-vision\软通动力实训-2026-07\软通动力实训-2026-07\ai-training\data\yolo\medicine\images\train\labels\183.txt,1,止咳化痰,,,0,0,0,,27,0.86977,药品包装 | 右美沙芬糖浆 | 复方氢溴酸 | 右美沙芬糖菜 | 复方氨溴酸 | Compound | apoun | 湖北风星自云药业有限公司 | 中国药品电子服信码 | Wuununar | 复方氢溴酸 | 复方氢溴酸 | 右美沙芬糖浆 | 右美沙芬糖浆 | Compound | tas1 | Compound | 【注意事项】 | 学妇及哺乳用妇女值用 | 沪见说电话 | 【E】 | (平超过20座)报存 | 生产日期： | 湖北风展自公西业有限公司 | 湖北民属自云药业有限公司 | 一 | 图天Fphotopmoto.ch 编号037424Es,C:\Users\王鑫\OneDrive\桌面\ai-vision\软通动力实训-2026-07\软通动力实训-2026-07\ai-training\output\ocr_results\json\183.json,existing
no_signal,C:\Users\王鑫\OneDrive\桌面\ai-vision\软通动力实训-2026-07\软通动力实训-2026-07\ai-training\data\yolo\medicine\images\train\images\184.jpg,C:\Users\王鑫\OneDrive\桌面\ai-vision\软通动力实训-2026-07\软通动力实训-2026-07\ai-training\data\yolo\medicine\images\train\labels\184.txt,17,其他,,,0,0,0,,11,0.89121,VERALGUX | 2509 | VERALGUX | VERALGUX | 50010G) | VERALGUX | 260m19 | VERALGUX | 125mg | VERALGUX | 125mg,C:\Users\王鑫\OneDrive\桌面\ai-vision\软通动力实训-2026-07\软通动力实训-2026-07\ai-training\output\ocr_results\json\184.json,existing
no_signal,C:\Users\王鑫\OneDrive\桌面\ai-vision\软通动力实训-2026-07\软通动力实训-2026-07\ai-training\data\yolo\medicine\images\train\images\185.jpg,C:\Users\王鑫\OneDrive\桌面\ai-vision\软通动力实训-2026-07\软通动力实训-2026-07\ai-training\data\yolo\medicine\images\train\labels\185.txt,17,其他,,,0,0,0,,12,0.88749,Square.Box | 0.1 | Square.Box | 小包影洁铺 | mocuprtsouce | Crutivn Soowe | Square.Box | 0.1 | Square.Box | 小电素材铺 | modkup resource | Critive.Scene,C:\Users\王鑫\OneDrive\桌面\ai-vision\软通动力实训-2026-07\软通动力实训-2026-07\ai-training\output\ocr_results\json\185.json,existing
weak_signal,C:\Users\王鑫\OneDrive\桌面\ai-vision\软通动力实训-2026-07\软通动力实训-2026-07\ai-training\data\yolo\medicine\images\train\images\186.jpg,C:\Users\王鑫\OneDrive\桌面\ai-vision\软通动力实训-2026-07\软通动力实训-2026-07\ai-training\data\yolo\medicine\images\train\labels\186.txt,1,止咳化痰,,,4,4,4,咳喘,4,0.99545,丽珠 | 小儿肺热咳喘颗粒 | 3g×6袋 | 四川光大制药有限公司,C:\Users\王鑫\OneDrive\桌面\ai-vision\软通动力实训-2026-07\软通动力实训-2026-07\ai-training\output\ocr_results\json\186.json,existing
no_signal,C:\Users\王鑫\OneDrive\桌面\ai-vision\软通动力实训-2026-07\软通动力实训-2026-07\ai-training\data\yolo\medicine\images\train\images\187.jpg,C:\Users\王鑫\OneDrive\桌面\ai-vision\软通动力实训-2026-07\软通动力实训-2026-07\ai-training\data\yolo\medicine\images\train\labels\187.txt,2,消炎药,,,0,0,0,,5,0.99915,彼锐 | 每盒24片 | 阿昔洛韦片 | 规格：0.2g | 彼迪广东彼迪药业有限公司,C:\Users\王鑫\OneDrive\桌面\ai-vision\软通动力实训-2026-07\软通动力实训-2026-07\ai-training\output\ocr_results\json\187.json,existing
no_signal,C:\Users\王鑫\OneDrive\桌面\ai-vision\软通动力实训-2026-07\软通动力实训-2026-07\ai-training\data\yolo\medicine\images\train\images\188.jpg,C:\Users\王鑫\OneDrive\桌面\ai-vision\软通动力实训-2026-07\软通动力实训-2026-07\ai-training\data\yolo\medicine\images\train\labels\188.txt,12,心血管药,,,0,0,0,,7,0.94198,得 | 国药准字H20083533 | 新亚闵行 | 马来酸依那普利片 | ENALAPRIL MALEATE TABLETS | 5mg×16片 | 上海新亚药业闵行有限公司,C:\Users\王鑫\OneDrive\桌面\ai-vision\软通动力实训-2026-07\软通动力实训-2026-07\ai-training\output\ocr_results\json\188.json,existing
supported,C:\Users\王鑫\OneDrive\桌面\ai-vision\软通动力实训-2026-07\软通动力实训-2026-07\ai-training\data\yolo\medicine\images\train\images\189.jpg,C:\Users\王鑫\OneDrive\桌面\ai-vision\软通动力实训-2026-07\软通动力实训-2026-07\ai-training\data\yolo\medicine\images\train\labels\189.txt,0,感冒药,0,感冒药,13,13,10,感冒|解表|疏风|恶寒,13,0.9458,感冒清热颗粒 | OTC | 每袋装12克 | Ganmao Qingre Keli | 每盒装10袋 | 请仔细闻读说期书并按说明使用或在药师指导下购买和使用 | 【成份】刺芥穗、薄荷，防风、柴胡、紫苏叶、葛根、枯梗、若杏仁、 | 自正、苦地丁、芦根。铺料为盖糖，糊精。 | 【性状】本品为棕黄色的颗粒：味路，效苦。 | 【功能主治】疏风散寒，解表清热，用于风寒感目，头痛发热，恶寒 | 身痛，鼻流清涕，咳嗽咽干。 | 【规格】每袋装12克 | 北京同仁堂科技发展股份有限公司制药厂,C:\Users\王鑫\OneDrive\桌面\ai-vision\软通动力实训-2026-07\软通动力实训-2026-07\ai-training\output\ocr_results\json\189.json,existing
no_signal,C:\Users\王鑫\OneDrive\桌面\ai-vision\软通动力实训-2026-07\软通动力实训-2026-07\ai-training\data\yolo\medicine\images\train\images\19.jpg,C:\Users\王鑫\OneDrive\桌面\ai-vision\软通动力实训-2026-07\软通动力实训-2026-07\ai-training\data\yolo\medicine\images\train\labels\19.txt,9,外用药,,,0,0,0,,4,0.74601,腔抑菌剂 | wang vi bon 3 | ·ASOE |  arnbacterial agent,C:\Users\王鑫\OneDrive\桌面\ai-vision\软通动力实训-2026-07\软通动力实训-2026-07\ai-training\output\ocr_results\json\19.json,existing
no_signal,C:\Users\王鑫\OneDrive\桌面\ai-vision\软通动力实训-2026-07\软通动力实训-2026-07\ai-training\data\yolo\medicine\images\train\images\190.jpg,C:\Users\王鑫\OneDrive\桌面\ai-vision\软通动力实训-2026-07\软通动力实训-2026-07\ai-training\data\yolo\medicine\images\train\labels\190.txt,7,维生素,,,0,0,0,,9,0.99374,骨化三醇注射液 | 1ml:1μg | 溉纯CALCIJEX | 1ml:1μg | 10支/盒 | 码上放心追溯码 请用手机淘宝查询扫码 | 83397 37001 01396 54090 | 艾伯维 | abbvie,C:\Users\王鑫\OneDrive\桌面\ai-vision\软通动力实训-2026-07\软通动力实训-2026-07\ai-training\output\ocr_results\json\190.json,existing
supported,C:\Users\王鑫\OneDrive\桌面\ai-vision\软通动力实训-2026-07\软通动力实训-2026-07\ai-training\data\yolo\medicine\images\train\images\191.jpg,C:\Users\王鑫\OneDrive\桌面\ai-vision\软通动力实训-2026-07\软通动力实训-2026-07\ai-training\data\yolo\medicine\images\train\labels\191.txt,12,心血管药,12,心血管药,16,16,16,冠心|心绞痛,11,0.98551,"速协安 | 制备方法专利（专利号：ZL02133464.1） | 血塞通分散片 | XUESAITONG FENSANPIAN | 国药准字Z20040128 | 活血祛瘀，通脉活络，抑制血小板聚集和增加脑血流量 | 用于脑路瘀阻，中风偏痛，心脉瘀阻，胸痹心痛，脑血 | 管病后遗症，冠心病心绞痛属上述证侯者。 | 云南植物药业有限公司 | 50mg×12片 | YUNNAN PHYTOPHARMACEUTICAL CO.,LTD",C:\Users\王鑫\OneDrive\桌面\ai-vision\软通动力实训-2026-07\软通动力实训-2026-07\ai-training\output\ocr_results\json\191.json,existing
no_signal,C:\Users\王鑫\OneDrive\桌面\ai-vision\软通动力实训-2026-07\软通动力实训-2026-07\ai-training\data\yolo\medicine\images\train\images\192.jpg,C:\Users\王鑫\OneDrive\桌面\ai-vision\软通动力实训-2026-07\软通动力实训-2026-07\ai-training\data\yolo\medicine\images\train\labels\192.txt,14,妇科用药,,,0,0,0,,10,0.99315,沙利舒 | 批准文号：国药准字Z20050223 | 新药证书：国药证字Z20050235 | 金刚藤颗粒 | 无糖型 | 功能主治： | 清热解毒 消肿散结 | 用于附件炎和附件炎性包块 | 陕西海天制药有限公司 | 9袋/盒,C:\Users\王鑫\OneDrive\桌面\ai-vision\软通动力实训-2026-07\软通动力实训-2026-07\ai-training\output\ocr_results\json\192.json,existing
supported,C:\Users\王鑫\OneDrive\桌面\ai-vision\软通动力实训-2026-07\软通动力实训-2026-07\ai-training\data\yolo\medicine\images\train\images\193.jpg,C:\Users\王鑫\OneDrive\桌面\ai-vision\软通动力实训-2026-07\软通动力实训-2026-07\ai-training\data\yolo\medicine\images\train\labels\193.txt,2,消炎药,2,消炎药,8,8,4,头孢,12,0.99228,海克洛® | 头孢克洛胶囊 | 国药准字H10950337 | CEFACLOR CAPSULES | 0.25g | 6 | 【适应症】 | 主要用于由敏感菌所致呼吸系统、泌尿 | 系统、耳鼻喉科及皮肤、软组织感染等 | 海口市制药厂有限公司 | 全药通 | www.quanyaotong.com,C:\Users\王鑫\OneDrive\桌面\ai-vision\软通动力实训-2026-07\软通动力实训-2026-07\ai-training\output\ocr_results\json\193.json,existing
no_signal,C:\Users\王鑫\OneDrive\桌面\ai-vision\软通动力实训-2026-07\软通动力实训-2026-07\ai-training\data\yolo\medicine\images\train\images\194.jpg,C:\Users\王鑫\OneDrive\桌面\ai-vision\软通动力实训-2026-07\软通动力实训-2026-07\ai-training\data\yolo\medicine\images\train\labels\194.txt,12,心血管药,,,0,0,0,,26,0.93988,珍龙醒脑胶囊 | 【成 | 份】珍珠、天竺黄、西红花、丁香、肉豆蔻、豆蔻、草果、槽香、紫槽香、沉香、词子、毛污子、余甘子、木香、肉桂、苹装、方海、 | 金碳石、香早芹、人工牛黄、人工磨香、广枣、烈香杜鹃、塞北紧革、短穗免耳草、铁粉（制）、冬葵果、甘草、黑种草子、 | 【性状】本品为硬胶囊，内容物为灰褐色的粉末；气清香，味微酸，甘。 | 【功能主治】开珍醒神，清热通络，用于痰密阻络所致的中风，语言蹇湿，半身不遂，口眼垂斜。 | 【规格】每粒装0.3g。 | 【不良反应】尚不明确。 | 【禁总】孕妇禁服， | 【注意事项】服药潮问禁生、冷，酸辣食物，运动员慎用。 | 【生产日期】 | 【产品批号】 | 【用法用量】口服。一次2粒，一日1-2次。 | 【包 | 装】包装材料为：药品包装用PTP铝箔和聚氧乙烯固体药用硬片； | 包装规格为：0.3g×10粒/盒。 | 【有效期至】 | 【生产企业】 | 企业名称：金词藏药股份有限公司 | 客服电话：400-606-6869 | 网址：www.arura.cn | 生产地址：青海省西宁市师二路22号（青海生物科技产业园内） | 邮政编码：810003 | 传真号码：0971-5319839 | 注册地址：青海省西宁市韩二路22号（青海生物科技产业园内） | 6914583390011,C:\Users\王鑫\OneDrive\桌面\ai-vision\软通动力实训-2026-07\软通动力实训-2026-07\ai-training\output\ocr_results\json\194.json,existing
no_signal,C:\Users\王鑫\OneDrive\桌面\ai-vision\软通动力实训-2026-07\软通动力实训-2026-07\ai-training\data\yolo\medicine\images\train\images\195.jpg,C:\Users\王鑫\OneDrive\桌面\ai-vision\软通动力实训-2026-07\软通动力实训-2026-07\ai-training\data\yolo\medicine\images\train\labels\195.txt,9,外用药,,,0,0,0,,6,0.98899,泰华堂 | 【批准文号】国药准字B20020371 | 祛风止痒口服液 | QUFENG ZHIYANG KOUFUYE | 10ml×6支 | 四川泰华堂制药有限公司,C:\Users\王鑫\OneDrive\桌面\ai-vision\软通动力实训-2026-07\软通动力实训-2026-07\ai-training\output\ocr_results\json\195.json,existing
no_signal,C:\Users\王鑫\OneDrive\桌面\ai-vision\软通动力实训-2026-07\软通动力实训-2026-07\ai-training\data\yolo\medicine\images\train\images\196.jpg,C:\Users\王鑫\OneDrive\桌面\ai-vision\软通动力实训-2026-07\软通动力实训-2026-07\ai-training\data\yolo\medicine\images\train\labels\196.txt,5,肠胃药,,,0,0,0,,9,0.94725,员 | 【批准文号】国药准字Z22020971 | OTC | 健儿消食口服液 | JIANERXIAOSHIKOUFUYE | 健牌益胃，理气消食。 | 用于小儿饮食不书损伤辨胃引起的纳聚食少，腕胀覆满。 | 手定心热，自汗乏力，大便不调，以坚厌食，恶食。 | 吉林市双士药业有限公司,C:\Users\王鑫\OneDrive\桌面\ai-vision\软通动力实训-2026-07\软通动力实训-2026-07\ai-training\output\ocr_results\json\196.json,existing
no_signal,C:\Users\王鑫\OneDrive\桌面\ai-vision\软通动力实训-2026-07\软通动力实训-2026-07\ai-training\data\yolo\medicine\images\train\images\197.jpg,C:\Users\王鑫\OneDrive\桌面\ai-vision\软通动力实训-2026-07\软通动力实训-2026-07\ai-training\data\yolo\medicine\images\train\labels\197.txt,17,其他,,,0,0,0,,57,0.85608,"默克达美 | 默克达美 | Only·dam | Only·dam° | 本产品符合饲料卫生标准 | 本产品符合饲料卫生标准 | Q0113MKV001-2020 | Q0113MM/001-2020 | 唯可解 | 唯可解 | BESTVIM | MERXOW MREA | MERKDU MREA | 1.7fl.oz/vial/box | 1.7fl.oz/vial/box | 济南凰克达美生物工程有限公司 | 苏路新克达美生排工程有限公司 | 2200区 4006819 | /：400626 109 | 此处接压开启 | 此财按建 | Crde eracd f pocir ttur | 'MERCKDAM"" | Cdredact o'pxor toerr | 'MERCKDAM"" | 默克达美 | 默克达美 | 本产品符合饲料卫生标准 | Only·dam | 本产品符合饲科卫生标准 | Only | Q/0113M0/001-22 | Q113M0M001-20 | 唯可解 | MERCKDON R | 1.7fl.oz/vial/box | MEROKON MR | 1.7 | 济南默克达美生机工程有限公司 | 济南默克达美生银工程有限公司 | 全国电营电话：4070636108 | 技术报务用站：wwuber | 此处按区开启 | 此处报压开启 | KDAM | Ctce ndatopaar ber | MERCKDAM | Ctoe etacro pair boer | 克达美 | 默克达美 | 动设计 | nly·dam | 本产品符合饲料卫生标准 | Only·dam | 本产品符合饲科卫生标准 | O0113M04001-2220 | Q10113M01001-2020",C:\Users\王鑫\OneDrive\桌面\ai-vision\软通动力实训-2026-07\软通动力实训-2026-07\ai-training\output\ocr_results\json\197.json,existing
no_signal,C:\Users\王鑫\OneDrive\桌面\ai-vision\软通动力实训-2026-07\软通动力实训-2026-07\ai-training\data\yolo\medicine\images\train\images\198.jpg,C:\Users\王鑫\OneDrive\桌面\ai-vision\软通动力实训-2026-07\软通动力实训-2026-07\ai-training\data\yolo\medicine\images\train\labels\198.txt,9,外用药,,,0,0,0,,10,0.93746,派 | 国药准字Z22020393 | 癜风丸 | BAIDIANFENG WAN | 功能主治 | 益气行涝，活立解毒，利浪消班，驱风止痒。 | 用于白裁风： | 浓缩丸 | 16A | 吉林省银诺克药业有限公司,C:\Users\王鑫\OneDrive\桌面\ai-vision\软通动力实训-2026-07\软通动力实训-2026-07\ai-training\output\ocr_results\json\198.json,existing
no_signal,C:\Users\王鑫\OneDrive\桌面\ai-vision\软通动力实训-2026-07\软通动力实训-2026-07\ai-training\data\yolo\medicine\images\train\images\199.jpg,C:\Users\王鑫\OneDrive\桌面\ai-vision\软通动力实训-2026-07\软通动力实训-2026-07\ai-training\data\yolo\medicine\images\train\labels\199.txt,11,慢性病药,,,0,0,0,,7,0.80187,齐复 | 那格列奈片 | 人，第元说期年 | 35mg/27月/盒 | 场行江 | 业集团 | 南京海境药业有限公司,C:\Users\王鑫\OneDrive\桌面\ai-vision\软通动力实训-2026-07\软通动力实训-2026-07\ai-training\output\ocr_results\json\199.json,existing
supported,C:\Users\王鑫\OneDrive\桌面\ai-vision\软通动力实训-2026-07\软通动力实训-2026-07\ai-training\data\yolo\medicine\images\train\images\2.jpg,C:\Users\王鑫\OneDrive\桌面\ai-vision\软通动力实训-2026-07\软通动力实训-2026-07\ai-training\data\yolo\medicine\images\train\labels\2.txt,12,心血管药,12,心血管药,7,7,7,舒血宁,6,0.95792,朗致 | 舒血宁注射液 | SHUXUENING ZHUSHEYE | 政准文号：国药准穿Z14021871 | 朗致集团万荣药业有限公司 | 2ml×10支,C:\Users\王鑫\OneDrive\桌面\ai-vision\软通动力实训-2026-07\软通动力实训-2026-07\ai-training\output\ocr_results\json\2.json,existing
supported,C:\Users\王鑫\OneDrive\桌面\ai-vision\软通动力实训-2026-07\软通动力实训-2026-07\ai-training\data\yolo\medicine\images\train\images\20.jpg,C:\Users\王鑫\OneDrive\桌面\ai-vision\软通动力实训-2026-07\软通动力实训-2026-07\ai-training\data\yolo\medicine\images\train\labels\20.txt,15,肛肠用药,15,肛肠用药,21,21,13,痔疮|痔|肛,10,0.97415,"朗欧 | 【社准文号】国药自字Z45020460 | OTC | 痔疮片 | 60片/盒 | 清热解毒 凉血止痛 祛风消肿 | 用于各种痔疮 肛裂 大便秘结 | 广西玉兰制药有限公司 | GUANGXI YULAN PHARMACEUTICAL CO, LTD. | 雷允上",C:\Users\王鑫\OneDrive\桌面\ai-vision\软通动力实训-2026-07\软通动力实训-2026-07\ai-training\output\ocr_results\json\20.json,existing
review,C:\Users\王鑫\OneDrive\桌面\ai-vision\软通动力实训-2026-07\软通动力实训-2026-07\ai-training\data\yolo\medicine\images\train\images\200.jpg,C:\Users\王鑫\OneDrive\桌面\ai-vision\软通动力实训-2026-07\软通动力实训-2026-07\ai-training\data\yolo\medicine\images\train\labels\200.txt,12,心血管药,3,止痛药,6,0,6,止痛,11,0.7591,【批准文号】国药准字Z20027144 | 60粒/瓶×2瓶/盒 | 注康 | 银丹心脑通软胶囊 | 后道起见上心状者 | 消发化泽 | 活血化市 | 【功能主治】 | 大球三七文中 | 气止痛 | 贵州百灵企业集团制药股份有限公司,C:\Users\王鑫\OneDrive\桌面\ai-vision\软通动力实训-2026-07\软通动力实训-2026-07\ai-training\output\ocr_results\json\200.json,existing
supported,C:\Users\王鑫\OneDrive\桌面\ai-vision\软通动力实训-2026-07\软通动力实训-2026-07\ai-training\data\yolo\medicine\images\train\images\201.jpg,C:\Users\王鑫\OneDrive\桌面\ai-vision\软通动力实训-2026-07\软通动力实训-2026-07\ai-training\data\yolo\medicine\images\train\labels\201.txt,2,消炎药,2,消炎药,8,8,8,头孢,12,0.86317,赛非宁实箱航笑注射液 | logo | 1090 | 赛非宁 | SAIFEINING | 头孢氨苄注射液 | Cefalexin Injection | 结应证：主典带于动疗来电较练菌引起的成染。 | SAAIF | 什么什么she公司名称 | 10ml/更×10览/ | VETphotspllolo.on 微:20020,C:\Users\王鑫\OneDrive\桌面\ai-vision\软通动力实训-2026-07\软通动力实训-2026-07\ai-training\output\ocr_results\json\201.json,existing
no_signal,C:\Users\王鑫\OneDrive\桌面\ai-vision\软通动力实训-2026-07\软通动力实训-2026-07\ai-training\data\yolo\medicine\images\train\images\202.jpg,C:\Users\王鑫\OneDrive\桌面\ai-vision\软通动力实训-2026-07\软通动力实训-2026-07\ai-training\data\yolo\medicine\images\train\labels\202.txt,7,维生素,,,0,0,0,,6,0.70535,乐智高 | 酸氨酸磷酸氢钙颗粒 | 乐智高 | LAIAN SUA U SU GINS BAIKE LI | 靓筑酸磷酸氢钙肠控 | 让原人要及导好补美活票。,C:\Users\王鑫\OneDrive\桌面\ai-vision\软通动力实训-2026-07\软通动力实训-2026-07\ai-training\output\ocr_results\json\202.json,existing
no_signal,C:\Users\王鑫\OneDrive\桌面\ai-vision\软通动力实训-2026-07\软通动力实训-2026-07\ai-training\data\yolo\medicine\images\train\images\203.jpg,C:\Users\王鑫\OneDrive\桌面\ai-vision\软通动力实训-2026-07\软通动力实训-2026-07\ai-training\data\yolo\medicine\images\train\labels\203.txt,17,其他,,,0,0,0,,8,0.81013,BLONEPRPLE | KERATOECEB | please contact us in time. We | product or refund it. Thank | SITCER | satisfied with the product or | pur   onot | Thank you for your,C:\Users\王鑫\OneDrive\桌面\ai-vision\软通动力实训-2026-07\软通动力实训-2026-07\ai-training\output\ocr_results\json\203.json,existing
supported,C:\Users\王鑫\OneDrive\桌面\ai-vision\软通动力实训-2026-07\软通动力实训-2026-07\ai-training\data\yolo\medicine\images\train\images\204.jpg,C:\Users\王鑫\OneDrive\桌面\ai-vision\软通动力实训-2026-07\软通动力实训-2026-07\ai-training\data\yolo\medicine\images\train\labels\204.txt,12,心血管药,12,心血管药,23,23,23,冠心|心绞痛|舒血宁,30,0.83755,凭医师处方销售、购买和使用！ | 概准文号，国药准字Z22026296 | G | 凯威安欣 | 舒血宁注射液 | KAIWEIANIN | 舒血宁注射液 | GINKGO BILOBA | EXTRGITION | EXTRACTINJECTION | 2ml×6 | 塑工艺品厂 | GINKGO BILOBA | 2ml×6 | 2 | Composition | Ginkgo biba etract ieto i a teie olton o Grago bloba eat | Halso containa sobo eano ma and ddu eyde | a e aits | Dupromse | 功能主治：扩张血管，改善微循环，用于缺血性心脑血 | 管疾病，冠心病，心绞痛，脑栓塞，脑血管痉挛等。 | Dupromise | Dnbomic | 多布端菲 | Mpaospe se cecbangr | CIMK | EXIS | cooamo | Dnbiomec,C:\Users\王鑫\OneDrive\桌面\ai-vision\软通动力实训-2026-07\软通动力实训-2026-07\ai-training\output\ocr_results\json\204.json,existing
no_signal,C:\Users\王鑫\OneDrive\桌面\ai-vision\软通动力实训-2026-07\软通动力实训-2026-07\ai-training\data\yolo\medicine\images\train\images\205.jpg,C:\Users\王鑫\OneDrive\桌面\ai-vision\软通动力实训-2026-07\软通动力实训-2026-07\ai-training\data\yolo\medicine\images\train\labels\205.txt,2,消炎药,,,0,0,0,,11,0.96052,日田 | 牛黄解毒片 | 36 | NIUHUANG JIEDU PIAN | 片装 | 清热解毒。用于火热内盛，咽喉肿痛，牙酿肿痛，口舌生疮，目赤肿痛。 | [成份]人工牛黄、雄黄、石膏、大黄、黄芩、枯梗、冰片、甘草 | [批准文号]国药准字Z45021411 | 日田药业 | GUANGXI RITIAN PHARMACEUTICAL INDUSTRYCO..LTD | 广西日田药业集团有限质任公司,C:\Users\王鑫\OneDrive\桌面\ai-vision\软通动力实训-2026-07\软通动力实训-2026-07\ai-training\output\ocr_results\json\205.json,existing
no_signal,C:\Users\王鑫\OneDrive\桌面\ai-vision\软通动力实训-2026-07\软通动力实训-2026-07\ai-training\data\yolo\medicine\images\train\images\206.jpg,C:\Users\王鑫\OneDrive\桌面\ai-vision\软通动力实训-2026-07\软通动力实训-2026-07\ai-training\data\yolo\medicine\images\train\labels\206.txt,2,消炎药,,,0,0,0,,5,0.99187,甲力 | 克拉霉素片 | 【0.25g】 每盒6片 | LIVZON丽珠医药 | 丽珠集团丽珠制药厂,C:\Users\王鑫\OneDrive\桌面\ai-vision\软通动力实训-2026-07\软通动力实训-2026-07\ai-training\output\ocr_results\json\206.json,existing
no_signal,C:\Users\王鑫\OneDrive\桌面\ai-vision\软通动力实训-2026-07\软通动力实训-2026-07\ai-training\data\yolo\medicine\images\train\images\207.jpg,C:\Users\王鑫\OneDrive\桌面\ai-vision\软通动力实训-2026-07\软通动力实训-2026-07\ai-training\data\yolo\medicine\images\train\labels\207.txt,1,止咳化痰,,,0,0,0,,11,0.94847,辅仁 | 请仔细阅读说明书并按说明使用或在药师指导下购买和使用 | 国药准字H20065840 | OTC | 盐酸氨溴索口服溶液 | Yansuan Anxiusuo Koufurongye | 【适应症】★★★★★ | 用于急、慢性支气管炎引起的痰液粘 | 稠、咳痰困难。 | T | 10ml/支×9支/盒,C:\Users\王鑫\OneDrive\桌面\ai-vision\软通动力实训-2026-07\软通动力实训-2026-07\ai-training\output\ocr_results\json\207.json,existing
supported,C:\Users\王鑫\OneDrive\桌面\ai-vision\软通动力实训-2026-07\软通动力实训-2026-07\ai-training\data\yolo\medicine\images\train\images\208.jpg,C:\Users\王鑫\OneDrive\桌面\ai-vision\软通动力实训-2026-07\软通动力实训-2026-07\ai-training\data\yolo\medicine\images\train\labels\208.txt,7,维生素,7,维生素,9,9,9,维生素,31,0.85101,维生素C软胶裂 | 维生素软胶囊 | 维生素软胶囊 | 维生素软胶囊 | 维生素软胶囊 | 天想心 | 天然vc | 天然心 | 40 6. 00 410000 | 维生素软胶囊 | -天然VC- | CAFSULES | 维生素C较胶展 | 集询药业有限公局 | 维生素软胶囊 | 维生素软胶囊 | 维生素软胶囊 | 关热 | 维生素软胶囊 | 维生素软胶囊 | 维生素软胶囊 | 维生素软放囊 | 维生素软胶囊 | 维生素3级量 | E EsuRRCE | 3 cs | mb | 和造·天然C | 编号：11569461 | 红动中国(www.redocn.com) | jblsky,C:\Users\王鑫\OneDrive\桌面\ai-vision\软通动力实训-2026-07\软通动力实训-2026-07\ai-training\output\ocr_results\json\208.json,existing
review,C:\Users\王鑫\OneDrive\桌面\ai-vision\软通动力实训-2026-07\软通动力实训-2026-07\ai-training\data\yolo\medicine\images\train\images\209.jpg,C:\Users\王鑫\OneDrive\桌面\ai-vision\软通动力实训-2026-07\软通动力实训-2026-07\ai-training\data\yolo\medicine\images\train\labels\209.txt,17,其他,3,止痛药,8,0,8,布洛芬,5,0.89863,真心好用占地小容量大赞 | 大容量|小占地|立体空间更加合理 | 布洛芬缓程胶 | 氨咖黄敏胶囊 | yPpel,C:\Users\王鑫\OneDrive\桌面\ai-vision\软通动力实训-2026-07\软通动力实训-2026-07\ai-training\output\ocr_results\json\209.json,existing
supported,C:\Users\王鑫\OneDrive\桌面\ai-vision\软通动力实训-2026-07\软通动力实训-2026-07\ai-training\data\yolo\medicine\images\train\images\21.jpg,C:\Users\王鑫\OneDrive\桌面\ai-vision\软通动力实训-2026-07\软通动力实训-2026-07\ai-training\data\yolo\medicine\images\train\labels\21.txt,5,肠胃药,,,6,6,0,止痛,13,0.91999,扬于江草铃 | 请仔能实读说明将并持说明使用成在药邦指导下购买和使用 | OTC | 荜铃胃痛颗粒 | Biling Weitong Keli | 5克X9袋/盒 | 功能主治： | 行气活血，和胃止痛、用于气滞血瘀所致的胃院痛 | 慢性胃炎见有上述证候者。 | 扬于江 | 业集团 | 10 | 江苏制药股份有限公司,C:\Users\王鑫\OneDrive\桌面\ai-vision\软通动力实训-2026-07\软通动力实训-2026-07\ai-training\output\ocr_results\json\21.json,existing
no_signal,C:\Users\王鑫\OneDrive\桌面\ai-vision\软通动力实训-2026-07\软通动力实训-2026-07\ai-training\data\yolo\medicine\images\train\images\210.jpg,C:\Users\王鑫\OneDrive\桌面\ai-vision\软通动力实训-2026-07\软通动力实训-2026-07\ai-training\data\yolo\medicine\images\train\labels\210.txt,17,其他,,,0,0,0,,3,0.99982,新品 | 家庭医药箱 | 大容量好分类,C:\Users\王鑫\OneDrive\桌面\ai-vision\软通动力实训-2026-07\软通动力实训-2026-07\ai-training\output\ocr_results\json\210.json,existing
no_signal,C:\Users\王鑫\OneDrive\桌面\ai-vision\软通动力实训-2026-07\软通动力实训-2026-07\ai-training\data\yolo\medicine\images\train\images\211.jpg,C:\Users\王鑫\OneDrive\桌面\ai-vision\软通动力实训-2026-07\软通动力实训-2026-07\ai-training\data\yolo\medicine\images\train\labels\211.txt,12,心血管药,,,0,0,0,,12,0.80358,科伦 | 批准文号：国药准字Z20044572 | 银杏叶片 | 含总商原酵廿9.6mg.码类内路2.4mg | 规极：母片重0.25g | [防能主动]活卖化密道娟、用于家血阳垢引起的 | 过心病觉定型心胶霜，新便死见上法 | 证餐看 | 陶弹心离，中风，半自不盖，活强话置： | 12k×2 | 四川科伦药业股份有限公司 | SCHUNNHELNPHASMACEUTICRLCOLTD,C:\Users\王鑫\OneDrive\桌面\ai-vision\软通动力实训-2026-07\软通动力实训-2026-07\ai-training\output\ocr_results\json\211.json,existing
no_signal,C:\Users\王鑫\OneDrive\桌面\ai-vision\软通动力实训-2026-07\软通动力实训-2026-07\ai-training\data\yolo\medicine\images\train\images\212.jpg,C:\Users\王鑫\OneDrive\桌面\ai-vision\软通动力实训-2026-07\软通动力实训-2026-07\ai-training\data\yolo\medicine\images\train\labels\212.txt,12,心血管药,,,0,0,0,,8,0.99481,盐酸艾司洛尔注射液 | 爱络 | 10ml:0.1g | Esmolol Hydrochloride Injection | 批准文号：国药准字H19991059 | 5 | 支装 | 齐鲁制药,C:\Users\王鑫\OneDrive\桌面\ai-vision\软通动力实训-2026-07\软通动力实训-2026-07\ai-training\output\ocr_results\json\212.json,existing
supported,C:\Users\王鑫\OneDrive\桌面\ai-vision\软通动力实训-2026-07\软通动力实训-2026-07\ai-training\data\yolo\medicine\images\train\images\213.jpg,C:\Users\王鑫\OneDrive\桌面\ai-vision\软通动力实训-2026-07\软通动力实训-2026-07\ai-training\data\yolo\medicine\images\train\labels\213.txt,2,消炎药,2,消炎药,8,8,8,阿莫西林,8,0.99889,中诺艾林 | 阿莫西林克拉维酸钾片 | Amoxicillin and Clavulanate Potassium Tablets | 国药准字H20043183 | 0.375g×6片 | 石药集团 | CSPC | 中诺药业(石家庄)有限公司,C:\Users\王鑫\OneDrive\桌面\ai-vision\软通动力实训-2026-07\软通动力实训-2026-07\ai-training\output\ocr_results\json\213.json,existing
no_signal,C:\Users\王鑫\OneDrive\桌面\ai-vision\软通动力实训-2026-07\软通动力实训-2026-07\ai-training\data\yolo\medicine\images\train\images\214.jpg,C:\Users\王鑫\OneDrive\桌面\ai-vision\软通动力实训-2026-07\软通动力实训-2026-07\ai-training\data\yolo\medicine\images\train\labels\214.txt,14,妇科用药,,,0,0,0,,9,0.81509,流塘军利号次001435324 | 外 | 822v862V882v002v862V | 百草妇炎清栓 | Bai Cao Fu Yan Qing Shuan | 【动能主告] | 自宫规要处。 | 3粒装 | 贵州长生药业有限责任公司,C:\Users\王鑫\OneDrive\桌面\ai-vision\软通动力实训-2026-07\软通动力实训-2026-07\ai-training\output\ocr_results\json\214.json,existing
weak_signal,C:\Users\王鑫\OneDrive\桌面\ai-vision\软通动力实训-2026-07\软通动力实训-2026-07\ai-training\data\yolo\medicine\images\train\images\215.jpg,C:\Users\王鑫\OneDrive\桌面\ai-vision\软通动力实训-2026-07\软通动力实训-2026-07\ai-training\data\yolo\medicine\images\train\labels\215.txt,9,外用药,,,2,0,2,疼痛,8,0.99747,瑞诺林 | 【批准文号】国药准字Z41020816 | 舒筋活血片 | SHU JIN HUO XUE PIAN | 【功能主治】舒筋活络，活血散瘀。 | 用于筋骨疼痛、肢体拘挛、腰背酸痛、跌打损伤。 | 河南中杰药业有限公司 | 120片,C:\Users\王鑫\OneDrive\桌面\ai-vision\软通动力实训-2026-07\软通动力实训-2026-07\ai-training\output\ocr_results\json\215.json,existing
ocr_failed,C:\Users\王鑫\OneDrive\桌面\ai-vision\软通动力实训-2026-07\软通动力实训-2026-07\ai-training\data\yolo\medicine\images\train\images\216.jpg,C:\Users\王鑫\OneDrive\桌面\ai-vision\软通动力实训-2026-07\软通动力实训-2026-07\ai-training\data\yolo\medicine\images\train\labels\216.txt,17,其他,,,0,0,0,,0,0.0,,C:\Users\王鑫\OneDrive\桌面\ai-vision\软通动力实训-2026-07\软通动力实训-2026-07\ai-training\output\ocr_results\json\216.json,existing
no_signal,C:\Users\王鑫\OneDrive\桌面\ai-vision\软通动力实训-2026-07\软通动力实训-2026-07\ai-training\data\yolo\medicine\images\train\images\217.jpg,C:\Users\王鑫\OneDrive\桌面\ai-vision\软通动力实训-2026-07\软通动力实训-2026-07\ai-training\data\yolo\medicine\images\train\labels\217.txt,17,其他,,,0,0,0,,6,0.90303,批准文号：国药准字H20000348 | 硫酸沙丁胺醇雾化吸入溶液 | 达芬科闯 | 深圳大佛药业有限公司 | OAPInE | SHENDHEN DAPHNE PHARMACEUTICAL CO UID,C:\Users\王鑫\OneDrive\桌面\ai-vision\软通动力实训-2026-07\软通动力实训-2026-07\ai-training\output\ocr_results\json\217.json,existing
supported,C:\Users\王鑫\OneDrive\桌面\ai-vision\软通动力实训-2026-07\软通动力实训-2026-07\ai-training\data\yolo\medicine\images\train\images\218.jpg,C:\Users\王鑫\OneDrive\桌面\ai-vision\软通动力实训-2026-07\软通动力实训-2026-07\ai-training\data\yolo\medicine\images\train\labels\218.txt,8,抗过敏药,8,抗过敏药,17,17,17,过敏|西替利嗪,10,0.99257,比特力 | OTC | 盐酸西替利嗪片 | 适应症： | 季节性鼻炎、常年性过敏性鼻炎、 | 过敏性结膜炎及过敏引起的瘙痒 | 和荨麻疹的对症治疗。 | 批准文号：国药准字H20030191 | 6930652000391 | Cetirizine Hydrochloride Tablets,C:\Users\王鑫\OneDrive\桌面\ai-vision\软通动力实训-2026-07\软通动力实训-2026-07\ai-training\output\ocr_results\json\218.json,existing
weak_signal,C:\Users\王鑫\OneDrive\桌面\ai-vision\软通动力实训-2026-07\软通动力实训-2026-07\ai-training\data\yolo\medicine\images\train\images\219.jpg,C:\Users\王鑫\OneDrive\桌面\ai-vision\软通动力实训-2026-07\软通动力实训-2026-07\ai-training\data\yolo\medicine\images\train\labels\219.txt,9,外用药,,,4,4,4,皮肤,8,0.99219,诺金 | 国药准字Z20050218 OTC | 湿毒清片 | Shiduqing Pian | 养血润燥，化湿解毒，祛风止痒。用 | 于皮肤瘙痒症属血虚湿蕴皮肤证者 | 每盒48片 | 广州诺金制药有限公司,C:\Users\王鑫\OneDrive\桌面\ai-vision\软通动力实训-2026-07\软通动力实训-2026-07\ai-training\output\ocr_results\json\219.json,existing
weak_signal,C:\Users\王鑫\OneDrive\桌面\ai-vision\软通动力实训-2026-07\软通动力实训-2026-07\ai-training\data\yolo\medicine\images\train\images\22.jpg,C:\Users\王鑫\OneDrive\桌面\ai-vision\软通动力实训-2026-07\软通动力实训-2026-07\ai-training\data\yolo\medicine\images\train\labels\22.txt,5,肠胃药,,,8,4,0,便秘,15,0.97112,HK | R | 14粒/瓶/盒 | 【不良反应】本品耐受性良好，常见不良反应 | 是腹泻、头痛、恶心、腹痛、胃肠胀气及便秘。 | 详见说明书。 | 【禁忌】对本品过敏者、严重肾功能不全者及 | 婴幼儿禁用。 | 【注意事项】治疗胃溃疡时，应首先排除溃疡 | 型胃癌的可能，因用本品治疗可减轻其症状， | 从而延误治疗。详见说明书。 | 【贮藏】遮光，密封，在干燥处保存(10-25℃)。 | 【包装】聚塑瓶包装(带干燥剂)，14粒/瓶/盒。 | 【批准文号】国药准字H10920092 | 61938917200753,C:\Users\王鑫\OneDrive\桌面\ai-vision\软通动力实训-2026-07\软通动力实训-2026-07\ai-training\output\ocr_results\json\22.json,existing
no_signal,C:\Users\王鑫\OneDrive\桌面\ai-vision\软通动力实训-2026-07\软通动力实训-2026-07\ai-training\data\yolo\medicine\images\train\images\220.jpg,C:\Users\王鑫\OneDrive\桌面\ai-vision\软通动力实训-2026-07\软通动力实训-2026-07\ai-training\data\yolo\medicine\images\train\labels\220.txt,3,止痛药,,,0,0,0,,10,0.85536,正清风痛宁缓释片 | 12片 | 国药车字220010114 | 【功能主治】祛风除湿，活血通络，利水消肿。用于风湿与美风湿性关节炎属风寒源销证 | 者、使见、肌肉破痛，关节肿胀，库痛、居体不利、取木保硬等、赤用干慢性肾炎（普酒 | 型为主）属湿料参防征者，皮见：反复洋肿、最日服痛：肤体画重 尿少、五热家结成布 | 张饭、苷腻等 | 湖南正清制药集团股份有限公司 | 销售电话：(0731)85221913 | 质量咨询：(0745)2138399,C:\Users\王鑫\OneDrive\桌面\ai-vision\软通动力实训-2026-07\软通动力实训-2026-07\ai-training\output\ocr_results\json\220.json,existing
supported,C:\Users\王鑫\OneDrive\桌面\ai-vision\软通动力实训-2026-07\软通动力实训-2026-07\ai-training\data\yolo\medicine\images\train\images\221.jpg,C:\Users\王鑫\OneDrive\桌面\ai-vision\软通动力实训-2026-07\软通动力实训-2026-07\ai-training\data\yolo\medicine\images\train\labels\221.txt,15,肛肠用药,15,肛肠用药,15,15,9,痔疮|痔,12,0.93522,"请仔起内读识进有开使流明使用或在药转指导下购买和使用 | 国药BYZ13020353 | OTC | 熊胆痔灵栓 | Xiongdan Zhiling Shuan | 【功能主治】清热解毒/消肿止痛 | 效座生肌，止血，用于痔疮肿腐，或住少量出金 | 外 | 6粒/盒 | ZHONGTAIYAOYE | 山东中泰药业有限公司 | Shandong. ZhongtaiPharmaceutical Co., Ltd.",C:\Users\王鑫\OneDrive\桌面\ai-vision\软通动力实训-2026-07\软通动力实训-2026-07\ai-training\output\ocr_results\json\221.json,existing
no_signal,C:\Users\王鑫\OneDrive\桌面\ai-vision\软通动力实训-2026-07\软通动力实训-2026-07\ai-training\data\yolo\medicine\images\train\images\222.jpg,C:\Users\王鑫\OneDrive\桌面\ai-vision\软通动力实训-2026-07\软通动力实训-2026-07\ai-training\data\yolo\medicine\images\train\labels\222.txt,2,消炎药,,,0,0,0,,11,0.83456,场子江业集团有限公司 | 锋锐 | 分散片 | 克拉霉素分散片 | 克拉霉素分散片 | 日有限会司 | 杨业集治有限公司 | 克拉需素分片 | 长证业集通有限公司 |   e e  | 0.25gx6片案,C:\Users\王鑫\OneDrive\桌面\ai-vision\软通动力实训-2026-07\软通动力实训-2026-07\ai-training\output\ocr_results\json\222.json,existing
supported,C:\Users\王鑫\OneDrive\桌面\ai-vision\软通动力实训-2026-07\软通动力实训-2026-07\ai-training\data\yolo\medicine\images\train\images\223.jpg,C:\Users\王鑫\OneDrive\桌面\ai-vision\软通动力实训-2026-07\软通动力实训-2026-07\ai-training\data\yolo\medicine\images\train\labels\223.txt,3,止痛药,3,止痛药,6,6,6,止痛,10,0.98553,请仔细阅读说明书并按说明使用或在药师指导下购买和使用 | 【批准文号】国药准字Z20050056 | 活血止痛片 | OTC | 【功能主治】 | 活血散瘀、消肿止痛。 | 用于跌打损伤，瘀血肿痛。 | 0.8克×36片 | 江西桔王药业有限公司 | JANOII JAUWANG PHARMACEUTICAL INDUSTRY CO LTO,C:\Users\王鑫\OneDrive\桌面\ai-vision\软通动力实训-2026-07\软通动力实训-2026-07\ai-training\output\ocr_results\json\223.json,existing
review,C:\Users\王鑫\OneDrive\桌面\ai-vision\软通动力实训-2026-07\软通动力实训-2026-07\ai-training\data\yolo\medicine\images\train\images\224.jpg,C:\Users\王鑫\OneDrive\桌面\ai-vision\软通动力实训-2026-07\软通动力实训-2026-07\ai-training\data\yolo\medicine\images\train\labels\224.txt,9,外用药,3,止痛药,8,0,8,止痛|疼痛,10,0.99808,万通 | 批准文号:国药准字Z41020327 | OTC | 伤湿止痛膏 | 功能主治： | 外 | 祛风湿，活血止痛。 | 用于风湿性关节炎，肌肉疼痛，关节肿痛。 | 10贴 | 吉林万通药业集团郑州万通复升药业股份有限公司,C:\Users\王鑫\OneDrive\桌面\ai-vision\软通动力实训-2026-07\软通动力实训-2026-07\ai-training\output\ocr_results\json\224.json,existing
supported,C:\Users\王鑫\OneDrive\桌面\ai-vision\软通动力实训-2026-07\软通动力实训-2026-07\ai-training\data\yolo\medicine\images\train\images\225.jpg,C:\Users\王鑫\OneDrive\桌面\ai-vision\软通动力实训-2026-07\软通动力实训-2026-07\ai-training\data\yolo\medicine\images\train\labels\225.txt,12,心血管药,12,心血管药,16,16,16,冠心|心绞痛,18,0.92109,大株红景天胶囊 | DAZHU HONGJINGTIAN | JIAONANG | 【成份】大株红条天 | 【性状】木品为硬胶囊，内容物为红棕色至棕褐色的颗粒和粉末：味苦， | [功能主治】活血化瘀，通脉止病，用于冠心病，心绞痛属于心血密阻证，症见胸痛，胸闷，心慌，气短等。 | [规格】每检装0.38g | [用法用量】口服，一次4粒.一日3次 | [不良反应】禁录]详见说明书 | [注意事项]尚不明碍， | [贮藏]密闭，防潮 | [包装】铝塑泡罩，10粒/板×3板/盒 | [生产日期] | [产品批号] | 有效期至 | 购药更轻松！ | 全药通 | ww..om,C:\Users\王鑫\OneDrive\桌面\ai-vision\软通动力实训-2026-07\软通动力实训-2026-07\ai-training\output\ocr_results\json\225.json,existing
weak_signal,C:\Users\王鑫\OneDrive\桌面\ai-vision\软通动力实训-2026-07\软通动力实训-2026-07\ai-training\data\yolo\medicine\images\train\images\226.jpg,C:\Users\王鑫\OneDrive\桌面\ai-vision\软通动力实训-2026-07\软通动力实训-2026-07\ai-training\data\yolo\medicine\images\train\labels\226.txt,0,感冒药,,,4,4,1,鼻塞|流涕,14,0.92816,发热咳嗽鼻塞流涕 | 功效 | tompei | tonp | 小儿豉翘清热颗粒 | 规格：每袋装2g | 2g | 是大使励造、洗责 | 6袋/盒 | 济川药业集团有限公司 | ?? | 药真不能假·健康最为先 | 药房直发·正品保证 | 到手价>,C:\Users\王鑫\OneDrive\桌面\ai-vision\软通动力实训-2026-07\软通动力实训-2026-07\ai-training\output\ocr_results\json\226.json,existing
no_signal,C:\Users\王鑫\OneDrive\桌面\ai-vision\软通动力实训-2026-07\软通动力实训-2026-07\ai-training\data\yolo\medicine\images\train\images\227.jpg,C:\Users\王鑫\OneDrive\桌面\ai-vision\软通动力实训-2026-07\软通动力实训-2026-07\ai-training\data\yolo\medicine\images\train\labels\227.txt,13,中成药,,,0,0,0,,19,0.84684,白云山 | OTC | 壮腰健肾丸 | 壮腰健肾·养血·祛风湿 | 美路并技说明使用 | 白云山 | 生生洗 | 壯腰健肾丸 | 图下买和使用 | ，，祛风显，用于 | ，剔无力小便频数 | -1356.一日2~3次。 | 1924021061 | 35/ | 35克/瓶 | 窗 | 海济动厂有限公司 | 广州白云山际季济码厂有限公司 | www.quanyaotong.com,C:\Users\王鑫\OneDrive\桌面\ai-vision\软通动力实训-2026-07\软通动力实训-2026-07\ai-training\output\ocr_results\json\227.json,existing
no_signal,C:\Users\王鑫\OneDrive\桌面\ai-vision\软通动力实训-2026-07\软通动力实训-2026-07\ai-training\data\yolo\medicine\images\train\images\228.jpg,C:\Users\王鑫\OneDrive\桌面\ai-vision\软通动力实训-2026-07\软通动力实训-2026-07\ai-training\data\yolo\medicine\images\train\labels\228.txt,17,其他,,,0,0,0,,9,0.70011,包装效果图 | 上天 | 42 | 健牌糕片 | μ | h | MN | 150006 | 东(),C:\Users\王鑫\OneDrive\桌面\ai-vision\软通动力实训-2026-07\软通动力实训-2026-07\ai-training\output\ocr_results\json\228.json,existing
supported,C:\Users\王鑫\OneDrive\桌面\ai-vision\软通动力实训-2026-07\软通动力实训-2026-07\ai-training\data\yolo\medicine\images\train\images\229.jpg,C:\Users\王鑫\OneDrive\桌面\ai-vision\软通动力实训-2026-07\软通动力实训-2026-07\ai-training\data\yolo\medicine\images\train\labels\229.txt,3,止痛药,3,止痛药,8,8,8,止痛|疼痛,8,0.99984,批准文号：国药准字Z20025183 | 万通筋骨片 | 功能主治：祛风散寒，通络止痛。用于痹症，腰腿 | 痛，肌肉关节疼痛，屈伸不利，以及肩 | 周炎、颈椎病、风湿性关节炎、类风湿 | 性关节炎见以上证候者。 | 薄膜衣24片 | 通化万通药业股份有限公司,C:\Users\王鑫\OneDrive\桌面\ai-vision\软通动力实训-2026-07\软通动力实训-2026-07\ai-training\output\ocr_results\json\229.json,existing
no_signal,C:\Users\王鑫\OneDrive\桌面\ai-vision\软通动力实训-2026-07\软通动力实训-2026-07\ai-training\data\yolo\medicine\images\train\images\23.jpg,C:\Users\王鑫\OneDrive\桌面\ai-vision\软通动力实训-2026-07\软通动力实训-2026-07\ai-training\data\yolo\medicine\images\train\labels\23.txt,0,感冒药,,,0,0,0,,8,0.94798,复方锌布颗粒 | 锌布 | 国药湘学H10020105 | OTC | COMPOUND ZINC GLUCONATE AND IBUPROFEN GRANULES | 12包/盒 | 山西新宝源制药有限公司 | Shanic Xintooyuan Pharmnaceuical Co. Lat,C:\Users\王鑫\OneDrive\桌面\ai-vision\软通动力实训-2026-07\软通动力实训-2026-07\ai-training\output\ocr_results\json\23.json,existing
supported,C:\Users\王鑫\OneDrive\桌面\ai-vision\软通动力实训-2026-07\软通动力实训-2026-07\ai-training\data\yolo\medicine\images\train\images\230.jpg,C:\Users\王鑫\OneDrive\桌面\ai-vision\软通动力实训-2026-07\软通动力实训-2026-07\ai-training\data\yolo\medicine\images\train\labels\230.txt,2,消炎药,2,消炎药,8,8,8,头孢,11,0.91082,特普宁 | 头孢克肟分散片 | Cefixime Dispersible Tablets | 国药准字H20040588 | [适应症] | 本品适用于对头再克利秘落装的链球装域（照球装味师）、韩关详署、 | 球范、卡的布兰汉球菌、大题杆据、充需也杆奖属、沙需误笔、莫形杆奖 | 风及流感杆果导引起的下列后装感染性模病：评关说情机。 | 100mg | 12片/盒 | Brilliant倍特业,C:\Users\王鑫\OneDrive\桌面\ai-vision\软通动力实训-2026-07\软通动力实训-2026-07\ai-training\output\ocr_results\json\230.json,existing
no_signal,C:\Users\王鑫\OneDrive\桌面\ai-vision\软通动力实训-2026-07\软通动力实训-2026-07\ai-training\data\yolo\medicine\images\train\images\231.jpg,C:\Users\王鑫\OneDrive\桌面\ai-vision\软通动力实训-2026-07\软通动力实训-2026-07\ai-training\data\yolo\medicine\images\train\labels\231.txt,9,外用药,,,0,0,0,,7,0.94703,Ladonconde | 外 | 国药准字H20183330 | 玻璃酸钠滴眼液 | 5ml:5mg | 广东宏盈科技有限公司 | laConcoroPharm,C:\Users\王鑫\OneDrive\桌面\ai-vision\软通动力实训-2026-07\软通动力实训-2026-07\ai-training\output\ocr_results\json\231.json,existing
review,C:\Users\王鑫\OneDrive\桌面\ai-vision\软通动力实训-2026-07\软通动力实训-2026-07\ai-training\data\yolo\medicine\images\train\images\232.jpg,C:\Users\王鑫\OneDrive\桌面\ai-vision\软通动力实训-2026-07\软通动力实训-2026-07\ai-training\data\yolo\medicine\images\train\labels\232.txt,5,肠胃药,3,止痛药,6,0,6,止痛,9,0.99837,请仔细阅读说明书并按说明使用或在药师指导下购买和使用。 | OTC | 温胃舒片 | 温胃止痛。用于慢性胃炎，胃脘凉痛， | 饮食生冷，受寒痛甚。 | 每板装12片， | 江西川奇药业有限公司 | 每袋装2板， | 每盒装1袋。,C:\Users\王鑫\OneDrive\桌面\ai-vision\软通动力实训-2026-07\软通动力实训-2026-07\ai-training\output\ocr_results\json\232.json,existing
no_signal,C:\Users\王鑫\OneDrive\桌面\ai-vision\软通动力实训-2026-07\软通动力实训-2026-07\ai-training\data\yolo\medicine\images\train\images\233.jpg,C:\Users\王鑫\OneDrive\桌面\ai-vision\软通动力实训-2026-07\软通动力实训-2026-07\ai-training\data\yolo\medicine\images\train\labels\233.txt,2,消炎药,,,0,0,0,,8,0.96361,天津同仁堂 | 清咽片 | OTC | TAIYANE | 同仁堂 | 国药准字Z12020018 | 0.25克×20片×2板 | 天津同仁堂集团股份有限公司,C:\Users\王鑫\OneDrive\桌面\ai-vision\软通动力实训-2026-07\软通动力实训-2026-07\ai-training\output\ocr_results\json\233.json,existing
supported,C:\Users\王鑫\OneDrive\桌面\ai-vision\软通动力实训-2026-07\软通动力实训-2026-07\ai-training\data\yolo\medicine\images\train\images\234.jpg,C:\Users\王鑫\OneDrive\桌面\ai-vision\软通动力实训-2026-07\软通动力实训-2026-07\ai-training\data\yolo\medicine\images\train\labels\234.txt,9,外用药,9,外用药,7,7,7,软膏,5,0.99088,硫软膏 | 国药准字H41023974 | LIURUANGAO | 新乡华青药业有限公司 | 外,C:\Users\王鑫\OneDrive\桌面\ai-vision\软通动力实训-2026-07\软通动力实训-2026-07\ai-training\output\ocr_results\json\234.json,existing
review,C:\Users\王鑫\OneDrive\桌面\ai-vision\软通动力实训-2026-07\软通动力实训-2026-07\ai-training\data\yolo\medicine\images\train\images\235.jpg,C:\Users\王鑫\OneDrive\桌面\ai-vision\软通动力实训-2026-07\软通动力实训-2026-07\ai-training\data\yolo\medicine\images\train\labels\235.txt,9,外用药,14,妇科用药,16,0,16,妇科|阴道,13,0.96817,硝酸咪康唑栓 | 请信核式读说境有并报说明使用或点药外结导下端实和使用 | 7 | OTC | 外 | 枚一疗程 | 达克宁 | (妇科用) | 适应症： | 局部治疗念珠菌性外阴阴道病和 | 西安杨森制药有限公司 | 革兰阳性细菌引起的双重感染。 | 内装7枚，每枚含硝酸味康唑0.2克,C:\Users\王鑫\OneDrive\桌面\ai-vision\软通动力实训-2026-07\软通动力实训-2026-07\ai-training\output\ocr_results\json\235.json,existing
no_signal,C:\Users\王鑫\OneDrive\桌面\ai-vision\软通动力实训-2026-07\软通动力实训-2026-07\ai-training\data\yolo\medicine\images\train\images\236.jpg,C:\Users\王鑫\OneDrive\桌面\ai-vision\软通动力实训-2026-07\软通动力实训-2026-07\ai-training\data\yolo\medicine\images\train\labels\236.txt,17,其他,,,0,0,0,,8,0.87673,T动中INWWW.REDOCN.COM | 国R车120/525456 | 美节炎 | 河南药品制药有限公司 | 6/盒外 | 编号：2103032 | 红动中国(www.redocn.com) | 风尘雨露,C:\Users\王鑫\OneDrive\桌面\ai-vision\软通动力实训-2026-07\软通动力实训-2026-07\ai-training\output\ocr_results\json\236.json,existing
no_signal,C:\Users\王鑫\OneDrive\桌面\ai-vision\软通动力实训-2026-07\软通动力实训-2026-07\ai-training\data\yolo\medicine\images\train\images\237.jpg,C:\Users\王鑫\OneDrive\桌面\ai-vision\软通动力实训-2026-07\软通动力实训-2026-07\ai-training\data\yolo\medicine\images\train\labels\237.txt,17,其他,,,0,0,0,,9,0.81243,INTRAOCULAR LENS | 被他此示性入工最法性 | CH | INTRAOCULAR LENS | POSTERIOR CHAMBER | - FOLD | 研值 培房 非球面 盖光调过 | ASPHERIC SURFACE | BEUE  LTONN,C:\Users\王鑫\OneDrive\桌面\ai-vision\软通动力实训-2026-07\软通动力实训-2026-07\ai-training\output\ocr_results\json\237.json,existing
no_signal,C:\Users\王鑫\OneDrive\桌面\ai-vision\软通动力实训-2026-07\软通动力实训-2026-07\ai-training\data\yolo\medicine\images\train\images\238.jpg,C:\Users\王鑫\OneDrive\桌面\ai-vision\软通动力实训-2026-07\软通动力实训-2026-07\ai-training\data\yolo\medicine\images\train\labels\238.txt,16,保健品,,,0,0,0,,12,0.88733,康娘他登芝那囊 | Convita Ganodemma Caprale | 康維他靈芝膠囊 | CONVITA量维 | Convita Ganoderma Capsule | 新西蘭原装 | Convita Ganoderma Capsule | 30001 | 10042 | 康維他靈芝膠囊 | 康维他盘芝那囊 | Convita Ganoderma Capsule,C:\Users\王鑫\OneDrive\桌面\ai-vision\软通动力实训-2026-07\软通动力实训-2026-07\ai-training\output\ocr_results\json\238.json,existing
no_signal,C:\Users\王鑫\OneDrive\桌面\ai-vision\软通动力实训-2026-07\软通动力实训-2026-07\ai-training\data\yolo\medicine\images\train\images\239.jpg,C:\Users\王鑫\OneDrive\桌面\ai-vision\软通动力实训-2026-07\软通动力实训-2026-07\ai-training\data\yolo\medicine\images\train\labels\239.txt,13,中成药,,,0,0,0,,13,0.96516,普南 | YANGCHUN KOUFUYE | 阳春口服液 | 爱补力 | Ably | OTC | 补 | 肾生 | 精 | 鲁南厚普制药有限公司 | 益 | 脑 | 支/盒,C:\Users\王鑫\OneDrive\桌面\ai-vision\软通动力实训-2026-07\软通动力实训-2026-07\ai-training\output\ocr_results\json\239.json,existing
supported,C:\Users\王鑫\OneDrive\桌面\ai-vision\软通动力实训-2026-07\软通动力实训-2026-07\ai-training\data\yolo\medicine\images\train\images\24.jpg,C:\Users\王鑫\OneDrive\桌面\ai-vision\软通动力实训-2026-07\软通动力实训-2026-07\ai-training\data\yolo\medicine\images\train\labels\24.txt,12,心血管药,12,心血管药,8,8,8,冠心,14,0.83646,步長 | 国西惠字220025001 | 脑心通胶囊 | BUCHANG NAOXINTONG CAPSULE | 功能主治：益气活血，化察通络，用于气增迎滞，参络密阻所效中风中经络 | 半自不遂、校体世术，口岩臣别，否强送赛及测牌心端，谢闷。 | 心悸、气短：脉梗塞、冠心病心校频尾上述证模名 | Z8步育制 | 酸体/板/盒 | ZBT | 陕西步长制药有限公司 | 1520250979 | 5州 | SHAANXI BUCHANG PHARMACEUTICAL CO LTD,C:\Users\王鑫\OneDrive\桌面\ai-vision\软通动力实训-2026-07\软通动力实训-2026-07\ai-training\output\ocr_results\json\24.json,existing
no_signal,C:\Users\王鑫\OneDrive\桌面\ai-vision\软通动力实训-2026-07\软通动力实训-2026-07\ai-training\data\yolo\medicine\images\train\images\240.jpg,C:\Users\王鑫\OneDrive\桌面\ai-vision\软通动力实训-2026-07\软通动力实训-2026-07\ai-training\data\yolo\medicine\images\train\labels\240.txt,0,感冒药,,,0,0,0,,10,0.86485,"白云山 | Q10 | 小儿氨酚黄那敏颗粒 | Xiao'er Anfen | 每盒10袋 | 适用于线照儿童营通感置及流行生乐 | 置引超的发卧头西盗痛打 | 广州白云山星群(药业)股份有限公司 | GUANGZHOU BAIYUNSHAN XINGQUN PHARMACEUTICAL CO.,LTD. | 广药白云山",C:\Users\王鑫\OneDrive\桌面\ai-vision\软通动力实训-2026-07\软通动力实训-2026-07\ai-training\output\ocr_results\json\240.json,existing
supported,C:\Users\王鑫\OneDrive\桌面\ai-vision\软通动力实训-2026-07\软通动力实训-2026-07\ai-training\data\yolo\medicine\images\train\images\241.jpg,C:\Users\王鑫\OneDrive\桌面\ai-vision\软通动力实训-2026-07\软通动力实训-2026-07\ai-training\data\yolo\medicine\images\train\labels\241.txt,14,妇科用药,14,妇科用药,16,16,8,白带|痛经,8,0.99131,银诺克 | 国药准字Z20063488 | 暖宫孕子丸 | 【功能主治】滋阴养血，温经散寒，行气止痛 | 用于血虚气滞，腰酸疼痛，经水不 | 调，赤白带下，子宫寒冷，久不受 | 孕等症 | 吉林省银诺克药业有限公司,C:\Users\王鑫\OneDrive\桌面\ai-vision\软通动力实训-2026-07\软通动力实训-2026-07\ai-training\output\ocr_results\json\241.json,existing
supported,C:\Users\王鑫\OneDrive\桌面\ai-vision\软通动力实训-2026-07\软通动力实训-2026-07\ai-training\data\yolo\medicine\images\train\images\25.jpg,C:\Users\王鑫\OneDrive\桌面\ai-vision\软通动力实训-2026-07\软通动力实训-2026-07\ai-training\data\yolo\medicine\images\train\labels\25.txt,1,止咳化痰,1,止咳化痰,15,15,9,止咳|化痰|咳嗽,10,0.99926,万通 | 咳克平胶囊 | 国药准字Z20059017 | OTC | KEKEPING JIAONANG | 功能主治： | 养阴润肺，化痰止咳。用于咳嗽、咳痰不爽、 | 平喘、消炎、咽干喉痛、唇舌干燥。 | 12粒X1板 | 通化万通药业股份有限公司,C:\Users\王鑫\OneDrive\桌面\ai-vision\软通动力实训-2026-07\软通动力实训-2026-07\ai-training\output\ocr_results\json\25.json,existing
no_signal,C:\Users\王鑫\OneDrive\桌面\ai-vision\软通动力实训-2026-07\软通动力实训-2026-07\ai-training\data\yolo\medicine\images\train\images\257.jpg,C:\Users\王鑫\OneDrive\桌面\ai-vision\软通动力实训-2026-07\软通动力实训-2026-07\ai-training\data\yolo\medicine\images\train\labels\257.txt,15,肛肠用药,,,0,0,0,,4,0.95576,北家月仁壹股份右品公司同仁堂制药厂 | DiyuHuaijiaoWan | 地榆槐角丸 | OTC,D:\ai-vision-training\output\ocr\json\train\257.json,rapidocr_obb_rectified
no_signal,C:\Users\王鑫\OneDrive\桌面\ai-vision\软通动力实训-2026-07\软通动力实训-2026-07\ai-training\data\yolo\medicine\images\train\images\26.jpg,C:\Users\王鑫\OneDrive\桌面\ai-vision\软通动力实训-2026-07\软通动力实训-2026-07\ai-training\data\yolo\medicine\images\train\labels\26.txt,5,肠胃药,,,0,0,0,,20,0.93058,御生烫 | 舒肝和胃丸 | Shugan Hewel Wan | 北京御生堂集团石家庄制药有限公司 | 药层网商城 | 【生产企业】 | 【性状】本品为棕褐色至棕黑色的大蜜丸：气特异，味甜。 | 企业名称：北京御生堂集团石家庄制药 | 【规格】大蜜丸每丸重6克。 | 生产地址：鹿泉市南降壁开发区 | 有限公司 | 61938583800196 | 【贮藏】密封。 | 【包装】铝型板、10丸/板×1板/盒、 | 如有问题可与生产企业联系 | 网址：www.bjystsjzzy.com | 传真号码：0311-82268929 | 电话号码：0311-82268680 | 邮政编码：050225 | (石家庄市红旗大街南段),C:\Users\王鑫\OneDrive\桌面\ai-vision\软通动力实训-2026-07\软通动力实训-2026-07\ai-training\output\ocr_results\json\26.json,existing
no_signal,C:\Users\王鑫\OneDrive\桌面\ai-vision\软通动力实训-2026-07\软通动力实训-2026-07\ai-training\data\yolo\medicine\images\train\images\27.jpg,C:\Users\王鑫\OneDrive\桌面\ai-vision\软通动力实训-2026-07\软通动力实训-2026-07\ai-training\data\yolo\medicine\images\train\labels\27.txt,14,妇科用药,,,0,0,0,,5,0.83287,A | 晶灵之家 | 眠之茶 | 人 | 晶灵之家S.E度乳腺调理灸,C:\Users\王鑫\OneDrive\桌面\ai-vision\软通动力实训-2026-07\软通动力实训-2026-07\ai-training\output\ocr_results\json\27.json,existing
no_signal,C:\Users\王鑫\OneDrive\桌面\ai-vision\软通动力实训-2026-07\软通动力实训-2026-07\ai-training\data\yolo\medicine\images\train\images\28.jpg,C:\Users\王鑫\OneDrive\桌面\ai-vision\软通动力实训-2026-07\软通动力实训-2026-07\ai-training\data\yolo\medicine\images\train\labels\28.txt,13,中成药,,,0,0,0,,8,0.97032,益血生胶囊 | 西准字Z19983056 | YIXUESHENG JIAONANG | 【功能主治】健牌补肾，生血填精。用于捷肾两虚，精血 | 不足所致的面色无华、眩晕气短、体倦乏力、腰膝疫软： | 缺铁性贫血、慢性再生障碍性贫血见上述证候者。 | 吉林全复康药业有限公司 | 36粒,C:\Users\王鑫\OneDrive\桌面\ai-vision\软通动力实训-2026-07\软通动力实训-2026-07\ai-training\output\ocr_results\json\28.json,existing
review,C:\Users\王鑫\OneDrive\桌面\ai-vision\软通动力实训-2026-07\软通动力实训-2026-07\ai-training\data\yolo\medicine\images\train\images\29.jpg,C:\Users\王鑫\OneDrive\桌面\ai-vision\软通动力实训-2026-07\软通动力实训-2026-07\ai-training\data\yolo\medicine\images\train\labels\29.txt,11,慢性病药,12,心血管药,16,0,16,高血压|心绞痛,19,0.93236,医药电子商务 | w.drugoogle.com | 英特药谷英特医药电子商务 | www.drugoogle.com | drugoogle | 滇虹 | R | 准文号：国药准字H53022058 | 硝苯地平缓释片(I) | XIAOBENDIPING HUANSHI PIAN | 【适应症】 | 电子商务 | 用于治疗高血压、心绞痛 | 包括冠状动脉痉示所致的心续需和变异型心较 | 英特药谷英特 | 冠状动脉阻毫所致的典型心经痛或劳力性心绞痛 | drugoogle | 24片//盒 | 清虹药业,C:\Users\王鑫\OneDrive\桌面\ai-vision\软通动力实训-2026-07\软通动力实训-2026-07\ai-training\output\ocr_results\json\29.json,existing
weak_signal,C:\Users\王鑫\OneDrive\桌面\ai-vision\软通动力实训-2026-07\软通动力实训-2026-07\ai-training\data\yolo\medicine\images\train\images\3.jpg,C:\Users\王鑫\OneDrive\桌面\ai-vision\软通动力实训-2026-07\软通动力实训-2026-07\ai-training\data\yolo\medicine\images\train\labels\3.txt,2,消炎药,,,2,0,2,疼痛,8,0.96141,美罗 | 蓝花药 | LANHUAYAO | 【功能主治】 | 清热解毒，消痘，用于急慢性扁桃腺炎，齿缩红肿。 | 项吸疼痛，小儿瘤症。 | 50粒/支×6支/盒 | 大连美罗中药厂有限公司,C:\Users\王鑫\OneDrive\桌面\ai-vision\软通动力实训-2026-07\软通动力实训-2026-07\ai-training\output\ocr_results\json\3.json,existing
no_signal,C:\Users\王鑫\OneDrive\桌面\ai-vision\软通动力实训-2026-07\软通动力实训-2026-07\ai-training\data\yolo\medicine\images\train\images\30.jpg,C:\Users\王鑫\OneDrive\桌面\ai-vision\软通动力实训-2026-07\软通动力实训-2026-07\ai-training\data\yolo\medicine\images\train\labels\30.txt,13,中成药,,,0,0,0,,8,0.98987,国药准字Z20000019 | 消银颗粒 | (无糖型) | Xiaoyin | Keli | 10袋/盒 | 陕西康惠制药股份有限公司 | SHAANXI KANGHUI PHARMACEUTICAL CO LTO,C:\Users\王鑫\OneDrive\桌面\ai-vision\软通动力实训-2026-07\软通动力实训-2026-07\ai-training\output\ocr_results\json\30.json,existing
no_signal,C:\Users\王鑫\OneDrive\桌面\ai-vision\软通动力实训-2026-07\软通动力实训-2026-07\ai-training\data\yolo\medicine\images\train\images\31.jpg,C:\Users\王鑫\OneDrive\桌面\ai-vision\软通动力实训-2026-07\软通动力实训-2026-07\ai-training\data\yolo\medicine\images\train\labels\31.txt,13,中成药,,,0,0,0,,15,0.87996,合 | 格 | OTC | 加味逍遥丸 | CWGC | 化 | 北京同仁堂 | 科技发展股份有限公司制药厂 | 少、月径不两，终改版 | 会快治、男二布炉委 | 壁牌养血，用十粒轮血 | 每袋装6克 | 每盒装10袋 | Jiawei Xiaoyao | Wan,C:\Users\王鑫\OneDrive\桌面\ai-vision\软通动力实训-2026-07\软通动力实训-2026-07\ai-training\output\ocr_results\json\31.json,existing
no_signal,C:\Users\王鑫\OneDrive\桌面\ai-vision\软通动力实训-2026-07\软通动力实训-2026-07\ai-training\data\yolo\medicine\images\train\images\32.jpg,C:\Users\王鑫\OneDrive\桌面\ai-vision\软通动力实训-2026-07\软通动力实训-2026-07\ai-training\data\yolo\medicine\images\train\labels\32.txt,13,中成药,,,0,0,0,,5,0.89336,国药在字Z3020210 | 伸筋丹胶囊 | 3031 | 60粒 | 浙江新光药业股份有限公司,C:\Users\王鑫\OneDrive\桌面\ai-vision\软通动力实训-2026-07\软通动力实训-2026-07\ai-training\output\ocr_results\json\32.json,existing
no_signal,C:\Users\王鑫\OneDrive\桌面\ai-vision\软通动力实训-2026-07\软通动力实训-2026-07\ai-training\data\yolo\medicine\images\train\images\33.jpg,C:\Users\王鑫\OneDrive\桌面\ai-vision\软通动力实训-2026-07\软通动力实训-2026-07\ai-training\data\yolo\medicine\images\train\labels\33.txt,0,感冒药,,,0,0,0,,8,0.86306,"国药准字251020112 | 小柴胡颗粒 | 【] | 住产 | 【有用 | 10克×6袋 | 四川逢春制药有限公司 | SICHLAS PENGCHES PHARRACETICAL CO., LTD.",C:\Users\王鑫\OneDrive\桌面\ai-vision\软通动力实训-2026-07\软通动力实训-2026-07\ai-training\output\ocr_results\json\33.json,existing
no_signal,C:\Users\王鑫\OneDrive\桌面\ai-vision\软通动力实训-2026-07\软通动力实训-2026-07\ai-training\data\yolo\medicine\images\train\images\34.jpg,C:\Users\王鑫\OneDrive\桌面\ai-vision\软通动力实训-2026-07\软通动力实训-2026-07\ai-training\data\yolo\medicine\images\train\labels\34.txt,17,其他,,,0,0,0,,2,0.98433,RAZINE | CARIP,C:\Users\王鑫\OneDrive\桌面\ai-vision\软通动力实训-2026-07\软通动力实训-2026-07\ai-training\output\ocr_results\json\34.json,existing
no_signal,C:\Users\王鑫\OneDrive\桌面\ai-vision\软通动力实训-2026-07\软通动力实训-2026-07\ai-training\data\yolo\medicine\images\train\images\343.jpg,C:\Users\王鑫\OneDrive\桌面\ai-vision\软通动力实训-2026-07\软通动力实训-2026-07\ai-training\data\yolo\medicine\images\train\labels\343.txt,"4,9",退烧药|外用药,,,0,0,0,,7,0.8484,HC | 吲哚美辛 | 好 | 吲哚美辛 | ELE | 好 | 吲哚美辛巴布膏,D:\ai-vision-training\output\ocr\json\train\343.json,rapidocr_obb_rectified
no_signal,C:\Users\王鑫\OneDrive\桌面\ai-vision\软通动力实训-2026-07\软通动力实训-2026-07\ai-training\data\yolo\medicine\images\train\images\35.jpg,C:\Users\王鑫\OneDrive\桌面\ai-vision\软通动力实训-2026-07\软通动力实训-2026-07\ai-training\data\yolo\medicine\images\train\labels\35.txt,17,其他,,,0,0,0,,4,0.80414,注射用胸腺肽 | THYMOPETIDUMFORINJECTION | 50ek | 中南科伦药金寿妻公表,C:\Users\王鑫\OneDrive\桌面\ai-vision\软通动力实训-2026-07\软通动力实训-2026-07\ai-training\output\ocr_results\json\35.json,existing
review,C:\Users\王鑫\OneDrive\桌面\ai-vision\软通动力实训-2026-07\软通动力实训-2026-07\ai-training\data\yolo\medicine\images\train\images\36.jpg,C:\Users\王鑫\OneDrive\桌面\ai-vision\软通动力实训-2026-07\软通动力实训-2026-07\ai-training\data\yolo\medicine\images\train\labels\36.txt,9,外用药,6,泻药通便,8,0,2,通便,8,0.88429,HEMORRHOID SUPPOSITORIES | [成 | 份]柿蒂、大黄、冰片、芒硝、田螺壳（炒)、橄榄核(炒炭)、辅料为：半合成脂防酸甘油酯(38)型。 | I性 | 状本品为黑褐色鱼雷形栓剂。 | [功能主治]清热通便，止血，消肿止痛，收敛圆脱。用于内痔，混合痔之内痔部分，轻度脱循等。 | [规格]每粒重2克（含芒硝46毫克） | [用法用量]直肠给药，一次1粒、一日2~3次，使用前可以花椒水或温开水坐浴，七天为一疗程或道医嘱。,C:\Users\王鑫\OneDrive\桌面\ai-vision\软通动力实训-2026-07\软通动力实训-2026-07\ai-training\output\ocr_results\json\36.json,existing
no_signal,C:\Users\王鑫\OneDrive\桌面\ai-vision\软通动力实训-2026-07\软通动力实训-2026-07\ai-training\data\yolo\medicine\images\train\images\37.jpg,C:\Users\王鑫\OneDrive\桌面\ai-vision\软通动力实训-2026-07\软通动力实训-2026-07\ai-training\data\yolo\medicine\images\train\labels\37.txt,17,其他,,,0,0,0,,13,0.83037,当级 | 鲜级 | TREE TONGUE | MICROPOWDER | [树舌] | 超微粉 | 阶于推疗乙型折炎。 | 抗癌性，免疫调节 | 克/袋×9袋 | 山东济南三源药业有限公司 | SHAOONG JNN SAUN MEDIONE CO.LTO | 贵道格和神糖衰鸦。 | 树舌,C:\Users\王鑫\OneDrive\桌面\ai-vision\软通动力实训-2026-07\软通动力实训-2026-07\ai-training\output\ocr_results\json\37.json,existing
no_signal,C:\Users\王鑫\OneDrive\桌面\ai-vision\软通动力实训-2026-07\软通动力实训-2026-07\ai-training\data\yolo\medicine\images\train\images\38.jpg,C:\Users\王鑫\OneDrive\桌面\ai-vision\软通动力实训-2026-07\软通动力实训-2026-07\ai-training\data\yolo\medicine\images\train\labels\38.txt,0,感冒药,,,0,0,0,,18,0.83343,正品 | 白云山 | 穿心莲片 | 清热解毒，凉血消肿 | 白云山 | OTC | BYS | 指纹图谱 | 穿心莲片 | 穿心莲片 | (小片) | (小片) | [22》，对于心[商效颗]案 | 日t5，世收护成、[生产自期] | [产品照号] | 注，一83-4次。 | 每月区80月 | 广州白云山南记黄浦中药有武公司,C:\Users\王鑫\OneDrive\桌面\ai-vision\软通动力实训-2026-07\软通动力实训-2026-07\ai-training\output\ocr_results\json\38.json,existing
no_signal,C:\Users\王鑫\OneDrive\桌面\ai-vision\软通动力实训-2026-07\软通动力实训-2026-07\ai-training\data\yolo\medicine\images\train\images\39.jpg,C:\Users\王鑫\OneDrive\桌面\ai-vision\软通动力实训-2026-07\软通动力实训-2026-07\ai-training\data\yolo\medicine\images\train\labels\39.txt,0,感冒药,,,0,0,0,,9,0.90796,UIMN | 瑞尔蔓 | 瑞尔 | 热毒平颗粒 | 瑞尔蔓 | 瑞尔蔓 | 海平颗校 | 昵图网www.nipic.com | BY:1525324009,C:\Users\王鑫\OneDrive\桌面\ai-vision\软通动力实训-2026-07\软通动力实训-2026-07\ai-training\output\ocr_results\json\39.json,existing
no_signal,C:\Users\王鑫\OneDrive\桌面\ai-vision\软通动力实训-2026-07\软通动力实训-2026-07\ai-training\data\yolo\medicine\images\train\images\395.jpg,C:\Users\王鑫\OneDrive\桌面\ai-vision\软通动力实训-2026-07\软通动力实训-2026-07\ai-training\data\yolo\medicine\images\train\labels\395.txt,10,创可贴绷带,,,0,0,0,,5,0.97149,OLYMPUSTERUMO | BIOMATERIALS | SS | 可吸收创口材料 | 泰立普固/TERUPLUG,D:\ai-vision-training\output\ocr\json\train\395.json,rapidocr_obb_rectified
supported,C:\Users\王鑫\OneDrive\桌面\ai-vision\软通动力实训-2026-07\软通动力实训-2026-07\ai-training\data\yolo\medicine\images\train\images\4.jpg,C:\Users\王鑫\OneDrive\桌面\ai-vision\软通动力实训-2026-07\软通动力实训-2026-07\ai-training\data\yolo\medicine\images\train\labels\4.txt,14,妇科用药,14,妇科用药,17,17,17,月经|益母草,10,0.9456,国药准字Z45020067 | OTC | 益母草颗粒 | 金鸡 | 活血调经 | 用于血瘀所致的 | 月经不调 | 症见经水量少 | 10袋 | BANGOI,C:\Users\王鑫\OneDrive\桌面\ai-vision\软通动力实训-2026-07\软通动力实训-2026-07\ai-training\output\ocr_results\json\4.json,existing
no_signal,C:\Users\王鑫\OneDrive\桌面\ai-vision\软通动力实训-2026-07\软通动力实训-2026-07\ai-training\data\yolo\medicine\images\train\images\40.jpg,C:\Users\王鑫\OneDrive\桌面\ai-vision\软通动力实训-2026-07\软通动力实训-2026-07\ai-training\data\yolo\medicine\images\train\labels\40.txt,9,外用药,,,0,0,0,,5,0.94758,教尔佳 | FUERJIA | CENTELLA ASHATICA SOQTHING AND REPAIR MASK | 敷尔佳积雪草舒缓修护贴 | 净含量：2g×5%,C:\Users\王鑫\OneDrive\桌面\ai-vision\软通动力实训-2026-07\软通动力实训-2026-07\ai-training\output\ocr_results\json\40.json,existing
no_signal,C:\Users\王鑫\OneDrive\桌面\ai-vision\软通动力实训-2026-07\软通动力实训-2026-07\ai-training\data\yolo\medicine\images\train\images\41.jpg,C:\Users\王鑫\OneDrive\桌面\ai-vision\软通动力实训-2026-07\软通动力实训-2026-07\ai-training\data\yolo\medicine\images\train\labels\41.txt,5,肠胃药,,,0,0,0,,11,0.84793,国药准华Z20090828 | OTC | 灿河制药 | SHHHAVALS | 复方仙鹤草肠炎片 | FUFANG XIANHECAO CHANGYAN PIAN | 功能生池：请热缘谱，储弹止泻 | 用于调虚湿热内落所政的津浑急迫 | 再而不真，或大便此泻、食少信息 | 山东仙河药业有限公司 | 12片×2板合,C:\Users\王鑫\OneDrive\桌面\ai-vision\软通动力实训-2026-07\软通动力实训-2026-07\ai-training\output\ocr_results\json\41.json,existing
no_signal,C:\Users\王鑫\OneDrive\桌面\ai-vision\软通动力实训-2026-07\软通动力实训-2026-07\ai-training\data\yolo\medicine\images\train\images\417.jpg,C:\Users\王鑫\OneDrive\桌面\ai-vision\软通动力实训-2026-07\软通动力实训-2026-07\ai-training\data\yolo\medicine\images\train\labels\417.txt,10,创可贴绷带,,,0,0,0,,5,0.96975,santex'powdered | CE | M | 100 | MERCATORMEDICAL,D:\ai-vision-training\output\ocr\json\train\417.json,rapidocr_obb_rectified
no_signal,C:\Users\王鑫\OneDrive\桌面\ai-vision\软通动力实训-2026-07\软通动力实训-2026-07\ai-training\data\yolo\medicine\images\train\images\42.jpg,C:\Users\王鑫\OneDrive\桌面\ai-vision\软通动力实训-2026-07\软通动力实训-2026-07\ai-training\data\yolo\medicine\images\train\labels\42.txt,9,外用药,,,0,0,0,,19,0.91323,鱼网外 | 【生产单位务案号】派金食药品械生产备20150019号 | 【产品技术费求号】浙金被备20150067号 | 【产品备案号】会制条20150067号 | 创口贴 | 已消毒EO | ttt-tt. | Adhesive | bandage | 创口贴 | [产品名称]创口店 | 【产品视格]76mm25m | 创口贴 | 【包装数量】20片涂200盒 | 防水透气 | Breothoble | 创口贴 | 工邦好宁医药用品有限公司 | 20,C:\Users\王鑫\OneDrive\桌面\ai-vision\软通动力实训-2026-07\软通动力实训-2026-07\ai-training\output\ocr_results\json\42.json,existing
supported,C:\Users\王鑫\OneDrive\桌面\ai-vision\软通动力实训-2026-07\软通动力实训-2026-07\ai-training\data\yolo\medicine\images\train\images\43.jpg,C:\Users\王鑫\OneDrive\桌面\ai-vision\软通动力实训-2026-07\软通动力实训-2026-07\ai-training\data\yolo\medicine\images\train\labels\43.txt,3,止痛药,3,止痛药,8,8,8,双氯芬酸,8,0.8778,澳芬 | 批准文号：国药准字020033220 | 双氯芬酸钠缓释胶囊 | 温片性天节类，风湿性关作交等晶种得性关韦炎的急性发作期组特维性 | 南京长澳制药有限公司 | 生产地址：南京市六合区科新路63号 | 50mg× | 校,C:\Users\王鑫\OneDrive\桌面\ai-vision\软通动力实训-2026-07\软通动力实训-2026-07\ai-training\output\ocr_results\json\43.json,existing
no_signal,C:\Users\王鑫\OneDrive\桌面\ai-vision\软通动力实训-2026-07\软通动力实训-2026-07\ai-training\data\yolo\medicine\images\train\images\44.jpg,C:\Users\王鑫\OneDrive\桌面\ai-vision\软通动力实训-2026-07\软通动力实训-2026-07\ai-training\data\yolo\medicine\images\train\labels\44.txt,17,其他,,,0,0,0,,11,0.8837,韩都 | 国药准字H20000261 | 氟康唑片 | FUKANGZUOPIAN | 适应症： | 1. 念珠菌病 用于治疗口吸细和食管念铁质感染：增数性念硬菌病，包括 | 操要细胞毒类药物板放财治疗时，预防念球菌感染的减生，(详见流棉书) | 维耀炎、朋炎、尿路感染等：念碳菌外阳阴通类，与可用干骨链移植感者 | 遂成药业股份有限公司 | (原天津药业集进老称政份有作分司） | 50ng×3片,C:\Users\王鑫\OneDrive\桌面\ai-vision\软通动力实训-2026-07\软通动力实训-2026-07\ai-training\output\ocr_results\json\44.json,existing
no_signal,C:\Users\王鑫\OneDrive\桌面\ai-vision\软通动力实训-2026-07\软通动力实训-2026-07\ai-training\data\yolo\medicine\images\train\images\45.jpg,C:\Users\王鑫\OneDrive\桌面\ai-vision\软通动力实训-2026-07\软通动力实训-2026-07\ai-training\data\yolo\medicine\images\train\labels\45.txt,9,外用药,,,0,0,0,,5,0.95192,OTC | 葛洪 | 桂龙药膏 | 202 | 商,C:\Users\王鑫\OneDrive\桌面\ai-vision\软通动力实训-2026-07\软通动力实训-2026-07\ai-training\output\ocr_results\json\45.json,existing
no_signal,C:\Users\王鑫\OneDrive\桌面\ai-vision\软通动力实训-2026-07\软通动力实训-2026-07\ai-training\data\yolo\medicine\images\train\images\46.jpg,C:\Users\王鑫\OneDrive\桌面\ai-vision\软通动力实训-2026-07\软通动力实训-2026-07\ai-training\data\yolo\medicine\images\train\labels\46.txt,17,其他,,,0,0,0,,9,0.92755,"乌体林斯 | 极低浓度0.172ug | 草分枝杆菌F.U.36注射液 | 一生物免疫制料 | 6x1ml | Mycobacterium Phlel F.U.36 injection(Utisin ""s"") | 中德健康药业有限公司 | 熊木羊设计 | http://home.zhubajie.com/3812052/",C:\Users\王鑫\OneDrive\桌面\ai-vision\软通动力实训-2026-07\软通动力实训-2026-07\ai-training\output\ocr_results\json\46.json,existing
supported,C:\Users\王鑫\OneDrive\桌面\ai-vision\软通动力实训-2026-07\软通动力实训-2026-07\ai-training\data\yolo\medicine\images\train\images\47.jpg,C:\Users\王鑫\OneDrive\桌面\ai-vision\软通动力实训-2026-07\软通动力实训-2026-07\ai-training\data\yolo\medicine\images\train\labels\47.txt,1,止咳化痰,1,止咳化痰,15,15,15,止咳|化痰|咳嗽,16,0.953,佰铭康 | 批准文号：国药准字222024282 | 正茂 | OTC | 1500 | 痰咳净片 | Cankejing yian | 请仔细阅读说明书并按说明使用或在药师指导下购买和使用 | 24 | 功能主治 | 通窍顺气，止咳，化痰。用于支 | Tablets | 气管炎、咽炎等引起的咳嗽多痰， | 气促，气喘 | 吉林白山正茂药业股份有限公司 | JILINBAISHANZHENGMADYAOYEGUFENYOUXIANGONGSI,C:\Users\王鑫\OneDrive\桌面\ai-vision\软通动力实训-2026-07\软通动力实训-2026-07\ai-training\output\ocr_results\json\47.json,existing
supported,C:\Users\王鑫\OneDrive\桌面\ai-vision\软通动力实训-2026-07\软通动力实训-2026-07\ai-training\data\yolo\medicine\images\train\images\48.jpg,C:\Users\王鑫\OneDrive\桌面\ai-vision\软通动力实训-2026-07\软通动力实训-2026-07\ai-training\data\yolo\medicine\images\train\labels\48.txt,0,感冒药,0,感冒药,13,13,13,感冒|解表|疏风|流涕,8,0.94126,国药准字Z45022155 | 感冒清片 | Ganmaoging Pian | 疏风解表，清热解毒 | 用于风热感冒，发烧，头痛，鼻寒流 | 涕，喷腺，胭喉肿痛，全身酸痛等症 | 24片/盒 | 广西万寿堂药业有限公司,C:\Users\王鑫\OneDrive\桌面\ai-vision\软通动力实训-2026-07\软通动力实训-2026-07\ai-training\output\ocr_results\json\48.json,existing
no_signal,C:\Users\王鑫\OneDrive\桌面\ai-vision\软通动力实训-2026-07\软通动力实训-2026-07\ai-training\data\yolo\medicine\images\train\images\49.jpg,C:\Users\王鑫\OneDrive\桌面\ai-vision\软通动力实训-2026-07\软通动力实训-2026-07\ai-training\data\yolo\medicine\images\train\labels\49.txt,17,其他,,,0,0,0,,7,0.95583,二羟丙茶碱注射液 | 国药准字H20044921 | Diprophylline Injection | 2ml:0.25g | 上海现代哈森(商丘)药业有限公司 | 10支 | SHANDHAI RIANDAI MASEMDHNUULUPHARMACEUTICAL CO..LTO,C:\Users\王鑫\OneDrive\桌面\ai-vision\软通动力实训-2026-07\软通动力实训-2026-07\ai-training\output\ocr_results\json\49.json,existing
no_signal,C:\Users\王鑫\OneDrive\桌面\ai-vision\软通动力实训-2026-07\软通动力实训-2026-07\ai-training\data\yolo\medicine\images\train\images\491.jpg,C:\Users\王鑫\OneDrive\桌面\ai-vision\软通动力实训-2026-07\软通动力实训-2026-07\ai-training\data\yolo\medicine\images\train\labels\491.txt,"0,9,10,17",感冒药|外用药|创可贴绷带|其他,,,0,0,0,,1,0.87224,LINOL,D:\ai-vision-training\output\ocr\json\train\491.json,rapidocr_obb_rectified
supported,C:\Users\王鑫\OneDrive\桌面\ai-vision\软通动力实训-2026-07\软通动力实训-2026-07\ai-training\data\yolo\medicine\images\train\images\499.jpg,C:\Users\王鑫\OneDrive\桌面\ai-vision\软通动力实训-2026-07\软通动力实训-2026-07\ai-training\data\yolo\medicine\images\train\labels\499.txt,6,泻药通便,6,泻药通便,8,8,8,通便,10,0.94264,请将本品放在儿童不能接触的地方 | 请仔细阅读说明书并按说明使用或在药师指导下购买和使用 | OTC | R | 【批准文号】国药准字252020400 | 通便灵胶囊 | 贵州百灵 | Tong Bian LingJiaonang | 24粒/盒 | 贵州百灵金业果湘正春药业有限公司,D:\ai-vision-training\output\ocr\json\train\499.json,rapidocr_obb_rectified
no_signal,C:\Users\王鑫\OneDrive\桌面\ai-vision\软通动力实训-2026-07\软通动力实训-2026-07\ai-training\data\yolo\medicine\images\train\images\5.jpg,C:\Users\王鑫\OneDrive\桌面\ai-vision\软通动力实训-2026-07\软通动力实训-2026-07\ai-training\data\yolo\medicine\images\train\labels\5.txt,17,其他,,,0,0,0,,11,0.98907,白云山 | 金戈 | BYS | 枸橼酸西地那非片 | Sildenafil Citrate Tablets | BYS | 治疗勃起功能障碍 | 50mg 20片/盒 | 广州白云山医药集团股份有限公司 | 白云山制药总厂 | 广药白云山,C:\Users\王鑫\OneDrive\桌面\ai-vision\软通动力实训-2026-07\软通动力实训-2026-07\ai-training\output\ocr_results\json\5.json,existing
review,C:\Users\王鑫\OneDrive\桌面\ai-vision\软通动力实训-2026-07\软通动力实训-2026-07\ai-training\data\yolo\medicine\images\train\images\50.jpg,C:\Users\王鑫\OneDrive\桌面\ai-vision\软通动力实训-2026-07\软通动力实训-2026-07\ai-training\data\yolo\medicine\images\train\labels\50.txt,11,慢性病药,8,抗过敏药,8,0,8,过敏,9,0.97055,批准文号：国药准字H10960179 | 康宝得维 | 非洛地平缓释片 | 5mg×10片 | [不良反应]象其他血管扩张剂一样，非洛她平缓释片可能在某些患者中 | 引起面部潮红。心悸，头昏和疲乏。详见说明书。 | [禁恩]对非洛地平过敏者，严重低血压者、主动脉扶窄者禁用。 | [注意事项]本品应整片吞服勿咬碎或咀哪，详见说明书。 | 山西康宝生物制品股份有限公司,C:\Users\王鑫\OneDrive\桌面\ai-vision\软通动力实训-2026-07\软通动力实训-2026-07\ai-training\output\ocr_results\json\50.json,existing
no_signal,C:\Users\王鑫\OneDrive\桌面\ai-vision\软通动力实训-2026-07\软通动力实训-2026-07\ai-training\data\yolo\medicine\images\train\images\51.jpg,C:\Users\王鑫\OneDrive\桌面\ai-vision\软通动力实训-2026-07\软通动力实训-2026-07\ai-training\data\yolo\medicine\images\train\labels\51.txt,0,感冒药,,,0,0,0,,5,0.93762,西青果颗粒 | (藏青果颗粒) | XIQINGGUO KELI | 清热，刺唱，生津。用于胡虚内热伤津所致咽干，唱病。 | 唱部充血；慢性唱炎、慢性扁机体炎见上述证候者。,C:\Users\王鑫\OneDrive\桌面\ai-vision\软通动力实训-2026-07\软通动力实训-2026-07\ai-training\output\ocr_results\json\51.json,existing
no_signal,C:\Users\王鑫\OneDrive\桌面\ai-vision\软通动力实训-2026-07\软通动力实训-2026-07\ai-training\data\yolo\medicine\images\train\images\52.jpg,C:\Users\王鑫\OneDrive\桌面\ai-vision\软通动力实训-2026-07\软通动力实训-2026-07\ai-training\data\yolo\medicine\images\train\labels\52.txt,11,慢性病药,,,0,0,0,,7,0.99002,美尔福 | 国药准字Z20023071 | 血塞通片 | XUE SAI TONG PIAN | 24片/板X1板/盒 | 湖南湘雅制药有限公司 | HUNAN XIANGYA PHARMACEUTICAL CO..LTD.,C:\Users\王鑫\OneDrive\桌面\ai-vision\软通动力实训-2026-07\软通动力实训-2026-07\ai-training\output\ocr_results\json\52.json,existing
review,C:\Users\王鑫\OneDrive\桌面\ai-vision\软通动力实训-2026-07\软通动力实训-2026-07\ai-training\data\yolo\medicine\images\train\images\53.jpg,C:\Users\王鑫\OneDrive\桌面\ai-vision\软通动力实训-2026-07\软通动力实训-2026-07\ai-training\data\yolo\medicine\images\train\labels\53.txt,17,其他,7,维生素,18,0,18,维生素|vitamin,16,0.99092,小儿朗迪 | RENEED | 碳酸钙D3颗粒 | Calcium Carbonate | 小儿朗迪 | 【批准文号】国药准字H20163149 | 请仔细阅读说明书并按说明使用成在药师指号下购买和使用 | OTC | RENEED | 碳酸钙D₃颗粒 | Calcium Carbonate | and Vitamin D₃ Granules | 18 | 每袋含钙250毫克 | 袋 | 维生素D3100国际单位,C:\Users\王鑫\OneDrive\桌面\ai-vision\软通动力实训-2026-07\软通动力实训-2026-07\ai-training\output\ocr_results\json\53.json,existing
no_signal,C:\Users\王鑫\OneDrive\桌面\ai-vision\软通动力实训-2026-07\软通动力实训-2026-07\ai-training\data\yolo\medicine\images\train\images\535.jpg,C:\Users\王鑫\OneDrive\桌面\ai-vision\软通动力实训-2026-07\软通动力实训-2026-07\ai-training\data\yolo\medicine\images\train\labels\535.txt,"2,3,4,5,8,9,11,14,17",消炎药|止痛药|退烧药|肠胃药|抗过敏药|外用药|慢性病药|妇科用药|其他,,,0,0,0,,42,0.91103,"STELLA | Lorastad | LorastadSp. | Lorastad10 | STEILA | Azicine | Aluminium | Phosphat | Gel | 20 | STELLA | STELLA | Codein | Partamol | STELLA | Partamol-Codein | Azicine | STTLLA | Azicine | Lipistad10 | USTELLA | Cream | Acyclovir Stella | 110 | SIEILA | Mifestad 10 | stad10 | Stadsor | 烟 | STELLA | Stadxicam 7.5 | Albendazole | STELLA4b0mg | 400"" | USTELA | Stadsone4 | 04"" | STELLA | Stadsone4 | Arastad 20 | SIELLA | ArastadZo",D:\ai-vision-training\output\ocr\json\train\535.json,rapidocr_obb_rectified
no_signal,C:\Users\王鑫\OneDrive\桌面\ai-vision\软通动力实训-2026-07\软通动力实训-2026-07\ai-training\data\yolo\medicine\images\train\images\54.jpg,C:\Users\王鑫\OneDrive\桌面\ai-vision\软通动力实训-2026-07\软通动力实训-2026-07\ai-training\data\yolo\medicine\images\train\labels\54.txt,9,外用药,,,0,0,0,,11,0.99693,生产日期 | 产品批号 | 请仔细阅读说明书并按说明使用或 | 在药师指导下购买和使用 | 国药准字H12021004 | OTC | 水杨酸苯酚贴膏 | Salicylic Acid and Phenol Plasters | 外 | 天津金虹胜利药业有限公司 | 每盒6贴,C:\Users\王鑫\OneDrive\桌面\ai-vision\软通动力实训-2026-07\软通动力实训-2026-07\ai-training\output\ocr_results\json\54.json,existing
review,C:\Users\王鑫\OneDrive\桌面\ai-vision\软通动力实训-2026-07\软通动力实训-2026-07\ai-training\data\yolo\medicine\images\train\images\55.jpg,C:\Users\王鑫\OneDrive\桌面\ai-vision\软通动力实训-2026-07\软通动力实训-2026-07\ai-training\data\yolo\medicine\images\train\labels\55.txt,11,慢性病药,12,心血管药,8,0,8,降压,15,0.71446,珍菊降压片 | Zhen ju jiang ya pian | 国药准作：129800571 | 解细下大商业自限止司 | 概量：10.25g×20行31 | 银杏叶片 | 非贝诺特片 | YVin  n an | Fei bel nuo te pian | CI- | A8：12M01 | 关，[125g+20) | 指海十人行表生关众司 | ：1625g<21| | 20,C:\Users\王鑫\OneDrive\桌面\ai-vision\软通动力实训-2026-07\软通动力实训-2026-07\ai-training\output\ocr_results\json\55.json,existing
no_signal,C:\Users\王鑫\OneDrive\桌面\ai-vision\软通动力实训-2026-07\软通动力实训-2026-07\ai-training\data\yolo\medicine\images\train\images\552.jpg,C:\Users\王鑫\OneDrive\桌面\ai-vision\软通动力实训-2026-07\软通动力实训-2026-07\ai-training\data\yolo\medicine\images\train\labels\552.txt,4,退烧药,,,0,0,0,,4,0.7538,八宝惊风散 | 王小民绕 | 通建省皇州机达制药有限公司 | 0.25克X5/,D:\ai-vision-training\output\ocr\json\train\552.json,rapidocr_obb_rectified
supported,C:\Users\王鑫\OneDrive\桌面\ai-vision\软通动力实训-2026-07\软通动力实训-2026-07\ai-training\data\yolo\medicine\images\train\images\56.jpg,C:\Users\王鑫\OneDrive\桌面\ai-vision\软通动力实训-2026-07\软通动力实训-2026-07\ai-training\data\yolo\medicine\images\train\labels\56.txt,5,肠胃药,5,肠胃药,6,6,6,胃痛,16,0.86734,扬子江草铃 | 请仔细间法没明非并按误明使用成在药降指导下购买和使用 | OTC | 荜铃胃痛颗粒 | Biling Weitong Keli | 5克X9袋/盒 | 【线份】草滑茄、川棟子、醍延胡索，酒大黄：黄语、吴莱炎，醋香对 | 【性状】本品为相色里检概色的颗粒，味营 | 香操，佛手，海蝶娟、短瓦模子，辅料为相精，时要糖督，但取代羟丙纤维索 | 【组】每袋5克。 | 【用法用量】开水冲服，一次5克，一日3次。 | [c 1. | 【不良反应其禁导】注意事项】评见说明书 | 扬子江 | 业集团 | 江苏制药股份有限公司,C:\Users\王鑫\OneDrive\桌面\ai-vision\软通动力实训-2026-07\软通动力实训-2026-07\ai-training\output\ocr_results\json\56.json,existing
supported,C:\Users\王鑫\OneDrive\桌面\ai-vision\软通动力实训-2026-07\软通动力实训-2026-07\ai-training\data\yolo\medicine\images\train\images\57.jpg,C:\Users\王鑫\OneDrive\桌面\ai-vision\软通动力实训-2026-07\软通动力实训-2026-07\ai-training\data\yolo\medicine\images\train\labels\57.txt,2,消炎药,2,消炎药,8,8,8,阿莫西林,11,0.96893,白云山 | 金力舒 | 阿莫西林克拉维酸钾片 | 抗之霸 | BYS | Amoxicillin and Clavulanate Potassium Tablets | 每板6片每袋1板每小盒1袋 | 广州白云山医药集团股纷有限公司 | 白云山制药总厂 | 0.4579 | 广药白云W,C:\Users\王鑫\OneDrive\桌面\ai-vision\软通动力实训-2026-07\软通动力实训-2026-07\ai-training\output\ocr_results\json\57.json,existing
no_signal,C:\Users\王鑫\OneDrive\桌面\ai-vision\软通动力实训-2026-07\软通动力实训-2026-07\ai-training\data\yolo\medicine\images\train\images\58.jpg,C:\Users\王鑫\OneDrive\桌面\ai-vision\软通动力实训-2026-07\软通动力实训-2026-07\ai-training\data\yolo\medicine\images\train\labels\58.txt,11,慢性病药,,,0,0,0,,9,0.8557,坎地沙坦酯片 | 产品效 | 口世菜 | 悉君宁 | Candesartan Cilexetil Tablets | 股格：4mg | 包装：铝塑包装外加铝简袋，14片/盒 | MOR | 广州白云山天心制药股份有限公司,C:\Users\王鑫\OneDrive\桌面\ai-vision\软通动力实训-2026-07\软通动力实训-2026-07\ai-training\output\ocr_results\json\58.json,existing
no_signal,C:\Users\王鑫\OneDrive\桌面\ai-vision\软通动力实训-2026-07\软通动力实训-2026-07\ai-training\data\yolo\medicine\images\train\images\59.jpg,C:\Users\王鑫\OneDrive\桌面\ai-vision\软通动力实训-2026-07\软通动力实训-2026-07\ai-training\data\yolo\medicine\images\train\labels\59.txt,17,其他,,,0,0,0,,11,0.94724,育林 | 脑心舒口服液 | OTC | 失眠多梦头痛眩晕 | 身体虚弱 | 心神不安 | 镇静安神 | 神经衰装 | 滋祎强壮 | 10ml×10支 | 四川省通园制药有限公司,C:\Users\王鑫\OneDrive\桌面\ai-vision\软通动力实训-2026-07\软通动力实训-2026-07\ai-training\output\ocr_results\json\59.json,existing
supported,C:\Users\王鑫\OneDrive\桌面\ai-vision\软通动力实训-2026-07\软通动力实训-2026-07\ai-training\data\yolo\medicine\images\train\images\6.jpg,C:\Users\王鑫\OneDrive\桌面\ai-vision\软通动力实训-2026-07\软通动力实训-2026-07\ai-training\data\yolo\medicine\images\train\labels\6.txt,1,止咳化痰,1,止咳化痰,22,22,22,止咳|祛痰|咳嗽|咳喘|宣肺,11,0.99051,坤康 | 请仔细闻读说明书并按说明使用或在药师指导下购买和使用 | OTC | 小儿咳喘灵颗粒 | 国药准字Z41021530 | Xiao'er kechuanling keli | 功能主治： | 宣肺、清热，止咳、祛痰。 | 用于上呼吸道感染引起的咳嗽。 | 2gx10袋 | 商丘市金马药业有限公司,C:\Users\王鑫\OneDrive\桌面\ai-vision\软通动力实训-2026-07\软通动力实训-2026-07\ai-training\output\ocr_results\json\6.json,existing
no_signal,C:\Users\王鑫\OneDrive\桌面\ai-vision\软通动力实训-2026-07\软通动力实训-2026-07\ai-training\data\yolo\medicine\images\train\images\60.jpg,C:\Users\王鑫\OneDrive\桌面\ai-vision\软通动力实训-2026-07\软通动力实训-2026-07\ai-training\data\yolo\medicine\images\train\labels\60.txt,13,中成药,,,0,0,0,,6,0.83024,HEUY ENSSVE | 健身全鹿丸 | TESESISTOSRERVEN | 国南京同仁堂 | 南京同仁堂 | 30粒×6袋×2盒,C:\Users\王鑫\OneDrive\桌面\ai-vision\软通动力实训-2026-07\软通动力实训-2026-07\ai-training\output\ocr_results\json\60.json,existing
supported,C:\Users\王鑫\OneDrive\桌面\ai-vision\软通动力实训-2026-07\软通动力实训-2026-07\ai-training\data\yolo\medicine\images\train\images\61.jpg,C:\Users\王鑫\OneDrive\桌面\ai-vision\软通动力实训-2026-07\软通动力实训-2026-07\ai-training\data\yolo\medicine\images\train\labels\61.txt,2,消炎药,2,消炎药,8,8,8,头孢,8,0.86486,E'OPENT | 伊收芬 | 国药准字137021813 | 头孢氨苄颗粒 | 12袋/盒 | YIKANG | 山东益康药业股份有限公司 | SONG YNG HNAEUTI CO.LTO,C:\Users\王鑫\OneDrive\桌面\ai-vision\软通动力实训-2026-07\软通动力实训-2026-07\ai-training\output\ocr_results\json\61.json,existing
supported,C:\Users\王鑫\OneDrive\桌面\ai-vision\软通动力实训-2026-07\软通动力实训-2026-07\ai-training\data\yolo\medicine\images\train\images\613.jpg,C:\Users\王鑫\OneDrive\桌面\ai-vision\软通动力实训-2026-07\软通动力实训-2026-07\ai-training\data\yolo\medicine\images\train\labels\613.txt,15,肛肠用药,15,肛肠用药,21,21,21,痔疮|痔|肛,6,0.98856,海藻 | 或受损的黏膜起保护作用。详见说明书。 | 一层膜状结构，并长时间地覆盖于黏膜表面，对有炎症 | 角菜酸酯系海藻提取物，可以在肛门直肠黏膜表面形成 | 痔疮用药 | 太宁,D:\ai-vision-training\output\ocr\json\train\613.json,rapidocr_obb_rectified
no_signal,C:\Users\王鑫\OneDrive\桌面\ai-vision\软通动力实训-2026-07\软通动力实训-2026-07\ai-training\data\yolo\medicine\images\train\images\62.jpg,C:\Users\王鑫\OneDrive\桌面\ai-vision\软通动力实训-2026-07\软通动力实训-2026-07\ai-training\data\yolo\medicine\images\train\labels\62.txt,0,感冒药,,,0,0,0,,9,0.87966,红动中国WWW.REDOCN.COM | 红動中国红动正版商业素材 | 原创印剧用高精素材独家发布红动版权所有盗版转载必究 | OT0 | Coldmedicine | OTC | Coldmedicine | www.redocn.com | 编号：17767 (图片114素材网 www.tupian114.com),C:\Users\王鑫\OneDrive\桌面\ai-vision\软通动力实训-2026-07\软通动力实训-2026-07\ai-training\output\ocr_results\json\62.json,existing
no_signal,C:\Users\王鑫\OneDrive\桌面\ai-vision\软通动力实训-2026-07\软通动力实训-2026-07\ai-training\data\yolo\medicine\images\train\images\63.jpg,C:\Users\王鑫\OneDrive\桌面\ai-vision\软通动力实训-2026-07\软通动力实训-2026-07\ai-training\data\yolo\medicine\images\train\labels\63.txt,14,妇科用药,,,0,0,0,,5,0.99923,国药准字H32022729 | 达那唑胶囊 | Danazol Capsules | 0.1g×30粒 | 江苏联环药业股份有限公司,C:\Users\王鑫\OneDrive\桌面\ai-vision\软通动力实训-2026-07\软通动力实训-2026-07\ai-training\output\ocr_results\json\63.json,existing
supported,C:\Users\王鑫\OneDrive\桌面\ai-vision\软通动力实训-2026-07\软通动力实训-2026-07\ai-training\data\yolo\medicine\images\train\images\64.jpg,C:\Users\王鑫\OneDrive\桌面\ai-vision\软通动力实训-2026-07\软通动力实训-2026-07\ai-training\data\yolo\medicine\images\train\labels\64.txt,"3,17",止痛药|其他,3,止痛药,6,6,6,止痛,13,0.98234,密之康 | 【批准文号】国药准字Z22024052 | 三七伤药片 | 候者。 | 经痛见上述证 | 急慢性扭挫伤、神 | 瘀阻，关节痹痛 | 跌打损伤，风湿 | 散瘀止痛。用于 | 舒筋活血 | 【功能主治】 | 36片 | 吉林省跨海生化药业制造有限公司,C:\Users\王鑫\OneDrive\桌面\ai-vision\软通动力实训-2026-07\软通动力实训-2026-07\ai-training\output\ocr_results\json\64.json,existing
no_signal,C:\Users\王鑫\OneDrive\桌面\ai-vision\软通动力实训-2026-07\软通动力实训-2026-07\ai-training\data\yolo\medicine\images\train\images\65.jpg,C:\Users\王鑫\OneDrive\桌面\ai-vision\软通动力实训-2026-07\软通动力实训-2026-07\ai-training\data\yolo\medicine\images\train\labels\65.txt,"0,17",感冒药|其他,,,0,0,0,,10,0.98829,批准文号：国药准字Z14021859 | OTC | 星宝 | 清咽片 | Qingyan Pian | 功能主治 | 清凉解热，生津止渴。用于 | 咽喉肿痛，声嘶音哑，口干 | 舌燥，咽下不利。 | 山西华元医药生物技术有限公司,C:\Users\王鑫\OneDrive\桌面\ai-vision\软通动力实训-2026-07\软通动力实训-2026-07\ai-training\output\ocr_results\json\65.json,existing
supported,C:\Users\王鑫\OneDrive\桌面\ai-vision\软通动力实训-2026-07\软通动力实训-2026-07\ai-training\data\yolo\medicine\images\train\images\66.jpg,C:\Users\王鑫\OneDrive\桌面\ai-vision\软通动力实训-2026-07\软通动力实训-2026-07\ai-training\data\yolo\medicine\images\train\labels\66.txt,"3,17",止痛药|其他,3,止痛药,6,6,6,止痛,11,0.99459,真元 | 【批准文号】国药准字Z22025420 | 利咽灵片 | 【功能主治】 | 活血通络、益阴散结，利咽止痛 | 主治咽喉干痛，异物感，发痒灼 | 热等症。用于慢性咽喉炎，尤以 | 干燥型疗效最佳。 | 吉林真元制药有限公司 | 20片 | JILINZHENYUANZHIYAOYOUXIANGONGSI,C:\Users\王鑫\OneDrive\桌面\ai-vision\软通动力实训-2026-07\软通动力实训-2026-07\ai-training\output\ocr_results\json\66.json,existing
no_signal,C:\Users\王鑫\OneDrive\桌面\ai-vision\软通动力实训-2026-07\软通动力实训-2026-07\ai-training\data\yolo\medicine\images\train\images\67.jpg,C:\Users\王鑫\OneDrive\桌面\ai-vision\软通动力实训-2026-07\软通动力实训-2026-07\ai-training\data\yolo\medicine\images\train\labels\67.txt,17,其他,,,0,0,0,,6,0.98624,三金 | 8 | OTC | 西瓜霜润喉片 | 每盒24片 | 桂林三金药业股份有限公司,C:\Users\王鑫\OneDrive\桌面\ai-vision\软通动力实训-2026-07\软通动力实训-2026-07\ai-training\output\ocr_results\json\67.json,existing
no_signal,C:\Users\王鑫\OneDrive\桌面\ai-vision\软通动力实训-2026-07\软通动力实训-2026-07\ai-training\data\yolo\medicine\images\train\images\68.jpg,C:\Users\王鑫\OneDrive\桌面\ai-vision\软通动力实训-2026-07\软通动力实训-2026-07\ai-training\data\yolo\medicine\images\train\labels\68.txt,1,止咳化痰,,,0,0,0,,3,0.99887,海珠喘息定片 | Haizhu Chuanxiding Pian | 厦门中药厂有限公司,C:\Users\王鑫\OneDrive\桌面\ai-vision\软通动力实训-2026-07\软通动力实训-2026-07\ai-training\output\ocr_results\json\68.json,existing
supported,C:\Users\王鑫\OneDrive\桌面\ai-vision\软通动力实训-2026-07\软通动力实训-2026-07\ai-training\data\yolo\medicine\images\train\images\69.jpg,C:\Users\王鑫\OneDrive\桌面\ai-vision\软通动力实训-2026-07\软通动力实训-2026-07\ai-training\data\yolo\medicine\images\train\labels\69.txt,12,心血管药,12,心血管药,16,16,10,冠心|心绞痛,10,0.94947,"【批准文号】国药准字Z20026341 | 8最三 | 天参胶囊 | TIAN SHENJIAO NANG | 【功能主治】益气行滞，化瘀止痛。 | 用于气滞血瘀所致冠 | 心病心绞痛。 | 三普药业股份有限公司 | 0.4g×9粒/板×2板 | SáP Pharmaceutical Co.,Lid.",C:\Users\王鑫\OneDrive\桌面\ai-vision\软通动力实训-2026-07\软通动力实训-2026-07\ai-training\output\ocr_results\json\69.json,existing
no_signal,C:\Users\王鑫\OneDrive\桌面\ai-vision\软通动力实训-2026-07\软通动力实训-2026-07\ai-training\data\yolo\medicine\images\train\images\7.jpg,C:\Users\王鑫\OneDrive\桌面\ai-vision\软通动力实训-2026-07\软通动力实训-2026-07\ai-training\data\yolo\medicine\images\train\labels\7.txt,1,止咳化痰,,,0,0,0,,7,0.9816,"清咽片 | OTC | 国药准字Z12020018 | QingYanPian | 0.25克x20x2 | 天津同仁堂集团股份有限公司 | TIANJIN TONGRENTANG GROUP CO.,LTD.",C:\Users\王鑫\OneDrive\桌面\ai-vision\软通动力实训-2026-07\软通动力实训-2026-07\ai-training\output\ocr_results\json\7.json,existing
no_signal,C:\Users\王鑫\OneDrive\桌面\ai-vision\软通动力实训-2026-07\软通动力实训-2026-07\ai-training\data\yolo\medicine\images\train\images\70.jpg,C:\Users\王鑫\OneDrive\桌面\ai-vision\软通动力实训-2026-07\软通动力实训-2026-07\ai-training\data\yolo\medicine\images\train\labels\70.txt,2,消炎药,,,0,0,0,,6,0.99277,奈玛特韦片/ | 利托那韦片组合包装 | 150 mg/100 mg | 每板含奈玛特韦片(粉色)4片和利托那韦片(白色)2片 | 5板/盒 | 国药控股湖南有限公司,C:\Users\王鑫\OneDrive\桌面\ai-vision\软通动力实训-2026-07\软通动力实训-2026-07\ai-training\output\ocr_results\json\70.json,existing
no_signal,C:\Users\王鑫\OneDrive\桌面\ai-vision\软通动力实训-2026-07\软通动力实训-2026-07\ai-training\data\yolo\medicine\images\train\images\71.jpg,C:\Users\王鑫\OneDrive\桌面\ai-vision\软通动力实训-2026-07\软通动力实训-2026-07\ai-training\data\yolo\medicine\images\train\labels\71.txt,5,肠胃药,,,0,0,0,,7,0.97846,100益佰 | 国药准字B20020062 | 小儿健脾化积口服液 | 【功能主治】益气健脾，消食化积。适用于牌虚夹滞所致的不思饮食，精神不振， | 形体消瘦，大便干结等症的辅助治疗。 | 10支装 | 贵州益佰制药股份有限公司,C:\Users\王鑫\OneDrive\桌面\ai-vision\软通动力实训-2026-07\软通动力实训-2026-07\ai-training\output\ocr_results\json\71.json,existing
no_signal,C:\Users\王鑫\OneDrive\桌面\ai-vision\软通动力实训-2026-07\软通动力实训-2026-07\ai-training\data\yolo\medicine\images\train\images\72.jpg,C:\Users\王鑫\OneDrive\桌面\ai-vision\软通动力实训-2026-07\软通动力实训-2026-07\ai-training\data\yolo\medicine\images\train\labels\72.txt,17,其他,,,0,0,0,,5,0.9656,养血荣筋丸 | OTC | 北京同仁堂 | Yangxue Rongjin Wan | 每丸乘9克 每盒装10丸,C:\Users\王鑫\OneDrive\桌面\ai-vision\软通动力实训-2026-07\软通动力实训-2026-07\ai-training\output\ocr_results\json\72.json,existing
no_signal,C:\Users\王鑫\OneDrive\桌面\ai-vision\软通动力实训-2026-07\软通动力实训-2026-07\ai-training\data\yolo\medicine\images\train\images\73.jpg,C:\Users\王鑫\OneDrive\桌面\ai-vision\软通动力实训-2026-07\软通动力实训-2026-07\ai-training\data\yolo\medicine\images\train\labels\73.txt,12,心血管药,,,0,0,0,,7,0.84372,100 | 康麦尔 | 盐酸倍他司汀片 | 主要路于美尼尔氏综合得，应赞性只提是 | 5mg | 供息不足容，请是进研利 | 上海皇象铁力蓝天制药有限公司,C:\Users\王鑫\OneDrive\桌面\ai-vision\软通动力实训-2026-07\软通动力实训-2026-07\ai-training\output\ocr_results\json\73.json,existing
no_signal,C:\Users\王鑫\OneDrive\桌面\ai-vision\软通动力实训-2026-07\软通动力实训-2026-07\ai-training\data\yolo\medicine\images\train\images\74.jpg,C:\Users\王鑫\OneDrive\桌面\ai-vision\软通动力实训-2026-07\软通动力实训-2026-07\ai-training\data\yolo\medicine\images\train\labels\74.txt,9,外用药,,,0,0,0,,16,0.87614,金口馨 | 外 | OTO | 请仔细间读说略书 | 并按说明使用成在药师指导下购买和使用 | 复方氯己定含漱液 | 国药准宁H3008018 | 130吨开 | 复方氯己定含漱液 | COMPOUND GARGLE | SOLUTION | CHLORHEXIDINE GIUCONATIE | ·用手开级炎、显用长，口前黏膜类等引 | 很等的辅助治疗 | 150毫升×1瓶 | /吸协指德药业有限公司,C:\Users\王鑫\OneDrive\桌面\ai-vision\软通动力实训-2026-07\软通动力实训-2026-07\ai-training\output\ocr_results\json\74.json,existing
review,C:\Users\王鑫\OneDrive\桌面\ai-vision\软通动力实训-2026-07\软通动力实训-2026-07\ai-training\data\yolo\medicine\images\train\images\75.jpg,C:\Users\王鑫\OneDrive\桌面\ai-vision\软通动力实训-2026-07\软通动力实训-2026-07\ai-training\data\yolo\medicine\images\train\labels\75.txt,3,止痛药,15,肛肠用药,6,0,6,肛,8,0.92708,喆 | 吲哚美辛栓 | 外 | Indometacin Suppositories | (肛门栓) | 12 | 北京双吉制药有限公司 | 粒一盒,C:\Users\王鑫\OneDrive\桌面\ai-vision\软通动力实训-2026-07\软通动力实训-2026-07\ai-training\output\ocr_results\json\75.json,existing
supported,C:\Users\王鑫\OneDrive\桌面\ai-vision\软通动力实训-2026-07\软通动力实训-2026-07\ai-training\data\yolo\medicine\images\train\images\76.jpg,C:\Users\王鑫\OneDrive\桌面\ai-vision\软通动力实训-2026-07\软通动力实训-2026-07\ai-training\data\yolo\medicine\images\train\labels\76.txt,15,肛肠用药,15,肛肠用药,12,12,12,痔|肛,11,0.94617,请仔细阅读说明书并在医师指导下使用 | 国药准字Z20083322 | 宗药师 | 六味消痔片 | Liuwei Xiaozhi Pian | 【功能主治】 | 清熟消肿，收致止血。用于温熟疾阻引起 | 的Ⅰ、Ⅱ期内疼，在见：痛倾脱桑，水肿 | 摩煌，滴血射血，肛门坠照 | 贵州润生制药有限公司 | 18片/板×3板/盒,C:\Users\王鑫\OneDrive\桌面\ai-vision\软通动力实训-2026-07\软通动力实训-2026-07\ai-training\output\ocr_results\json\76.json,existing
no_signal,C:\Users\王鑫\OneDrive\桌面\ai-vision\软通动力实训-2026-07\软通动力实训-2026-07\ai-training\data\yolo\medicine\images\train\images\77.jpg,C:\Users\王鑫\OneDrive\桌面\ai-vision\软通动力实训-2026-07\软通动力实训-2026-07\ai-training\data\yolo\medicine\images\train\labels\77.txt,17,其他,,,0,0,0,,15,0.96075,福 | 万托林 | VENTOLIN | 硫酸沙丁胺醇 | 气雾剂 | 每撤含100微克 | 沙丁胺醇 | 气雾剂 | 100微克/撤 | 200撤 | 100 | gsk | GlaxoSmithKline | micrograms | 葛兰素史克,C:\Users\王鑫\OneDrive\桌面\ai-vision\软通动力实训-2026-07\软通动力实训-2026-07\ai-training\output\ocr_results\json\77.json,existing
no_signal,C:\Users\王鑫\OneDrive\桌面\ai-vision\软通动力实训-2026-07\软通动力实训-2026-07\ai-training\data\yolo\medicine\images\train\images\78.jpg,C:\Users\王鑫\OneDrive\桌面\ai-vision\软通动力实训-2026-07\软通动力实训-2026-07\ai-training\data\yolo\medicine\images\train\labels\78.txt,5,肠胃药,,,0,0,0,,21,0.94803,丽珠维三联 | 枸橼酸铋钾片/替硝唑片/克拉霉素片组合包装 | 【批准文号】枸橡酸编钾片：国药准字H10900084 | 替硝唑片：国药准字H10950320 | 克拉霉素片：国药准字H10960227 | 【规格】枸橡酸铋钾片(白色片)：0.3g（相当于倍110mg) | 替硝唑片(绿色片)：0.5g | 克拉霉素片(黄色片)：0.25g | 【成 | 份】本品为枸橼酸秘钾片（4片），替硝唑片（2片）和克拉霉素片（2片）的组合包装，1板为一日列量。 | 【性 | 状】本组合包装中： | 枸橼酸铋钾片（白色片）为薄膜衣片，除去包衣后显白色。 | 替硝唑片（绿色片）为薄膜衣片，除去包衣后显类白色至淡黄色。 | 克拉霉素片（黄色片）为薄膜衣片，除去包衣后显白色或类白色。 | 【贮藏】遮光，密封，在阴凉干燥处（不超过20℃）保存。 | 【适应症】适用于治疗十二指肠淡疡、胃溃疡（伴有幽门螺杆菌Hp感染者）。 | 特别是复发性及难治性溃病：慢性胃炎(伴有幽门螺杆菌Hp感染者)，用一般 | 药物治疗无效而症状又较重者。 | 【不良反应】、【禁思】、【注意事项】详见说明书。 | 6903286101284>,C:\Users\王鑫\OneDrive\桌面\ai-vision\软通动力实训-2026-07\软通动力实训-2026-07\ai-training\output\ocr_results\json\78.json,existing
no_signal,C:\Users\王鑫\OneDrive\桌面\ai-vision\软通动力实训-2026-07\软通动力实训-2026-07\ai-training\data\yolo\medicine\images\train\images\79.jpg,C:\Users\王鑫\OneDrive\桌面\ai-vision\软通动力实训-2026-07\软通动力实训-2026-07\ai-training\data\yolo\medicine\images\train\labels\79.txt,17,其他,,,0,0,0,,10,0.98628,OTC | 清咽片 | 德众 | DEZHONG | 每盒装24片 | 功能主治 | 清凉解热，生津止渴，用于 | 咽喉肿痛，声晰音哑，口干 | 舌燥，咽下不利。 | 国药集团德众(佛山)药业有限公司,C:\Users\王鑫\OneDrive\桌面\ai-vision\软通动力实训-2026-07\软通动力实训-2026-07\ai-training\output\ocr_results\json\79.json,existing
no_signal,C:\Users\王鑫\OneDrive\桌面\ai-vision\软通动力实训-2026-07\软通动力实训-2026-07\ai-training\data\yolo\medicine\images\train\images\8.jpg,C:\Users\王鑫\OneDrive\桌面\ai-vision\软通动力实训-2026-07\软通动力实训-2026-07\ai-training\data\yolo\medicine\images\train\labels\8.txt,13,中成药,,,0,0,0,,8,0.93012,仲景 | 请仔细阅读说明书并按说明使用或在药师指导下购买和使用 | OTC | 生脉饮(党参方) | Shengmaiyin | 10毫升×10支 | 党参 | 仲景宛西制药股份有限公司,C:\Users\王鑫\OneDrive\桌面\ai-vision\软通动力实训-2026-07\软通动力实训-2026-07\ai-training\output\ocr_results\json\8.json,existing
no_signal,C:\Users\王鑫\OneDrive\桌面\ai-vision\软通动力实训-2026-07\软通动力实训-2026-07\ai-training\data\yolo\medicine\images\train\images\80.jpg,C:\Users\王鑫\OneDrive\桌面\ai-vision\软通动力实训-2026-07\软通动力实训-2026-07\ai-training\data\yolo\medicine\images\train\labels\80.txt,5,肠胃药,,,0,0,0,,6,0.99227,速效止泻胶囊 | SUXIAO ZHIXIE JIAONANG | 【功能主治】 | 清热利湿，收敛止泻。 | 用于赤痢、热泻、肠炎等。 | 贵州三仁堂药业有限公司,C:\Users\王鑫\OneDrive\桌面\ai-vision\软通动力实训-2026-07\软通动力实训-2026-07\ai-training\output\ocr_results\json\80.json,existing
no_signal,C:\Users\王鑫\OneDrive\桌面\ai-vision\软通动力实训-2026-07\软通动力实训-2026-07\ai-training\data\yolo\medicine\images\train\images\81.jpg,C:\Users\王鑫\OneDrive\桌面\ai-vision\软通动力实训-2026-07\软通动力实训-2026-07\ai-training\data\yolo\medicine\images\train\labels\81.txt,17,其他,,,0,0,0,,5,0.96265,骨康源 | 工艺:烫金 | 烫银V | 陆尔草牌聚邦片 | 纸上印包装样品,C:\Users\王鑫\OneDrive\桌面\ai-vision\软通动力实训-2026-07\软通动力实训-2026-07\ai-training\output\ocr_results\json\81.json,existing
no_signal,C:\Users\王鑫\OneDrive\桌面\ai-vision\软通动力实训-2026-07\软通动力实训-2026-07\ai-training\data\yolo\medicine\images\train\images\82.jpg,C:\Users\王鑫\OneDrive\桌面\ai-vision\软通动力实训-2026-07\软通动力实训-2026-07\ai-training\data\yolo\medicine\images\train\labels\82.txt,0,感冒药,,,0,0,0,,9,0.99852,龙牡 | 请仔细阅读说明书并按说明使用或在药师指导下购买和使用 | OTC | 批准文号：国药准字Z42020598 | 小儿宝泰康颗粒 | Xiao'er Baotaikang Keli | 4克×8袋 | 健民集团 | JMJT,C:\Users\王鑫\OneDrive\桌面\ai-vision\软通动力实训-2026-07\软通动力实训-2026-07\ai-training\output\ocr_results\json\82.json,existing
weak_signal,C:\Users\王鑫\OneDrive\桌面\ai-vision\软通动力实训-2026-07\软通动力实训-2026-07\ai-training\data\yolo\medicine\images\train\images\821.jpg,C:\Users\王鑫\OneDrive\桌面\ai-vision\软通动力实训-2026-07\软通动力实训-2026-07\ai-training\data\yolo\medicine\images\train\labels\821.txt,15,肛肠用药,,,2,0,2,疏风,14,0.93133,立效 | 槐角丸 | HUAJIAOWAN | 立效 | 槐角丸 | OTO | 立效 | OTC | 槐角丸 | HUAIJIAOWAN | LIXIAO | 批准文号：国药准字Z20013055 | 清肠疏风，凉血止血。 | 西华康品业股份有限公司,D:\ai-vision-training\output\ocr\json\train\821.json,rapidocr_obb_rectified
supported,C:\Users\王鑫\OneDrive\桌面\ai-vision\软通动力实训-2026-07\软通动力实训-2026-07\ai-training\data\yolo\medicine\images\train\images\83.jpg,C:\Users\王鑫\OneDrive\桌面\ai-vision\软通动力实训-2026-07\软通动力实训-2026-07\ai-training\data\yolo\medicine\images\train\labels\83.txt,11,慢性病药,11,慢性病药,8,8,8,糖尿病,7,0.99948,白云山 | 达尔得 | 格列齐特片 | Gliclazide Tablets | 用于2型糖尿病 | 片 | 广州白云山光华制药股份有限公司,C:\Users\王鑫\OneDrive\桌面\ai-vision\软通动力实训-2026-07\软通动力实训-2026-07\ai-training\output\ocr_results\json\83.json,existing
supported,C:\Users\王鑫\OneDrive\桌面\ai-vision\软通动力实训-2026-07\软通动力实训-2026-07\ai-training\data\yolo\medicine\images\train\images\84.jpg,C:\Users\王鑫\OneDrive\桌面\ai-vision\软通动力实训-2026-07\软通动力实训-2026-07\ai-training\data\yolo\medicine\images\train\labels\84.txt,4,退烧药,,,8,8,0,对乙酰氨基酚,15,0.9668,"请仔细阅读说明书并按说明使用或药师指下购买使用 | OTC | 果香香 | 批准文号：国药准字H10940233 | 对乙酰氨基酚颗粒 | Paracetamol | Granules | 住公 | 【适应症】 | 用于普通感冒或流行性感冒引起的发热，也用 | 于缓解轻至中度疼痛如头痛、关节痛、偏头 | 痛、牙痛、肌肉痛、神经痛、痛经。 | 山西国润制药有限公司 | SHANXI GUORUN PHARMACEUTICAL CO.,LTD. | 12袋/盒",C:\Users\王鑫\OneDrive\桌面\ai-vision\软通动力实训-2026-07\软通动力实训-2026-07\ai-training\output\ocr_results\json\84.json,existing
no_signal,C:\Users\王鑫\OneDrive\桌面\ai-vision\软通动力实训-2026-07\软通动力实训-2026-07\ai-training\data\yolo\medicine\images\train\images\85.jpg,C:\Users\王鑫\OneDrive\桌面\ai-vision\软通动力实训-2026-07\软通动力实训-2026-07\ai-training\data\yolo\medicine\images\train\labels\85.txt,14,妇科用药,,,0,0,0,,17,0.95296,R | 请仔细阅读说明书并按说明使用或在药师指导下购买和使用 | OTC | 经带宁胶囊 | 贵州百灵 | 贵州百足 | JINGDAINING JIAONANG | 刮涂层 查真伪 | 拔4008155008疫量录 | www.13315.com直询 | 100714 9000 SX | 【批准文号】国药准字Z20025009 | 产品批号： | 生产日期： | 有效期至： | 贵州百灵企业集团世禧制药有限公司 | 24粒/盒,C:\Users\王鑫\OneDrive\桌面\ai-vision\软通动力实训-2026-07\软通动力实训-2026-07\ai-training\output\ocr_results\json\85.json,existing
no_signal,C:\Users\王鑫\OneDrive\桌面\ai-vision\软通动力实训-2026-07\软通动力实训-2026-07\ai-training\data\yolo\medicine\images\train\images\86.jpg,C:\Users\王鑫\OneDrive\桌面\ai-vision\软通动力实训-2026-07\软通动力实训-2026-07\ai-training\data\yolo\medicine\images\train\labels\86.txt,"1,17",止咳化痰|其他,,,0,0,0,,6,0.7992,HVMNIING | 小荣胡微粒 | 每方瓜子金颗粒 | 让咳靴艳颗粒 | 6 | 10袋,C:\Users\王鑫\OneDrive\桌面\ai-vision\软通动力实训-2026-07\软通动力实训-2026-07\ai-training\output\ocr_results\json\86.json,existing
supported,C:\Users\王鑫\OneDrive\桌面\ai-vision\软通动力实训-2026-07\软通动力实训-2026-07\ai-training\data\yolo\medicine\images\train\images\87.jpg,C:\Users\王鑫\OneDrive\桌面\ai-vision\软通动力实训-2026-07\软通动力实训-2026-07\ai-training\data\yolo\medicine\images\train\labels\87.txt,0,感冒药,0,感冒药,10,10,10,感冒|鼻塞|打喷嚏,9,0.99231,新秀 | 复方氨酚烷胺片 | 请仔细阅读说明书并按说明使用或在药师指导下购买和使用 | OTC | XINXIU | 适用于缓解普通感冒及流行性感冒引起的 | 发热、头痛、四肢酸痛、打喷嚏、流鼻涕、 | 鼻塞、咽痛等症状。 | 修正药业集团股份有限公司,C:\Users\王鑫\OneDrive\桌面\ai-vision\软通动力实训-2026-07\软通动力实训-2026-07\ai-training\output\ocr_results\json\87.json,existing
no_signal,C:\Users\王鑫\OneDrive\桌面\ai-vision\软通动力实训-2026-07\软通动力实训-2026-07\ai-training\data\yolo\medicine\images\train\images\88.jpg,C:\Users\王鑫\OneDrive\桌面\ai-vision\软通动力实训-2026-07\软通动力实训-2026-07\ai-training\data\yolo\medicine\images\train\labels\88.txt,2,消炎药,,,0,0,0,,5,0.99104,注射用磷霉素钠 | 83495 58001 61759 80089 | Fosfomycin Sodium for Injection | 东北制药 | 1.0g×10瓶,C:\Users\王鑫\OneDrive\桌面\ai-vision\软通动力实训-2026-07\软通动力实训-2026-07\ai-training\output\ocr_results\json\88.json,existing
review,C:\Users\王鑫\OneDrive\桌面\ai-vision\软通动力实训-2026-07\软通动力实训-2026-07\ai-training\data\yolo\medicine\images\train\images\89.jpg,C:\Users\王鑫\OneDrive\桌面\ai-vision\软通动力实训-2026-07\软通动力实训-2026-07\ai-training\data\yolo\medicine\images\train\labels\89.txt,11,慢性病药,12,心血管药,16,0,16,高血压|心绞痛,10,0.96852,欣盖达 | 国药准字H20073908 | 硝苯地平缓释片(I) | Nifedipine Sustained-release Tablets (II) | 20mg×45片 | 【适应症】 | 慢性稳定型心绞痛（劳累型心较痛） | 血管疫染型心较痛（Pnzmetafs心较痛、变异型心较痛） | 原发型高血压 | 燃台鲁银药业有限公司,C:\Users\王鑫\OneDrive\桌面\ai-vision\软通动力实训-2026-07\软通动力实训-2026-07\ai-training\output\ocr_results\json\89.json,existing
supported,C:\Users\王鑫\OneDrive\桌面\ai-vision\软通动力实训-2026-07\软通动力实训-2026-07\ai-training\data\yolo\medicine\images\train\images\9.jpg,C:\Users\王鑫\OneDrive\桌面\ai-vision\软通动力实训-2026-07\软通动力实训-2026-07\ai-training\data\yolo\medicine\images\train\labels\9.txt,2,消炎药,2,消炎药,8,8,8,阿莫西林,10,0.94518,石药 | 阿莫西林颗粒 | 0.25g×12袋 | 有效期36个月 | 用于敏感重（不产-内酰缠酶菌核）所致呼吸道感染 | 伤寒及尿路感染等 | 石药集团 | 中诺药业(石家庄)有限公司 | CSP | 0.25（大含量）,C:\Users\王鑫\OneDrive\桌面\ai-vision\软通动力实训-2026-07\软通动力实训-2026-07\ai-training\output\ocr_results\json\9.json,existing
no_signal,C:\Users\王鑫\OneDrive\桌面\ai-vision\软通动力实训-2026-07\软通动力实训-2026-07\ai-training\data\yolo\medicine\images\train\images\90.jpg,C:\Users\王鑫\OneDrive\桌面\ai-vision\软通动力实训-2026-07\软通动力实训-2026-07\ai-training\data\yolo\medicine\images\train\labels\90.txt,14,妇科用药,,,0,0,0,,8,0.96089,仙据 | 请仔细阅读说明书并按说明使用或在药师指导下购买和使用！ | 国药准字H20065479 | 炔雌醇环丙孕酮片 | Ethinylestradiol and Cyproterone Acetate Tablets | 铝塑包装/每板装21片 | 浙江假据制药股份有限公司 | CALCO,C:\Users\王鑫\OneDrive\桌面\ai-vision\软通动力实训-2026-07\软通动力实训-2026-07\ai-training\output\ocr_results\json\90.json,existing
supported,C:\Users\王鑫\OneDrive\桌面\ai-vision\软通动力实训-2026-07\软通动力实训-2026-07\ai-training\data\yolo\medicine\images\train\images\91.jpg,C:\Users\王鑫\OneDrive\桌面\ai-vision\软通动力实训-2026-07\软通动力实训-2026-07\ai-training\data\yolo\medicine\images\train\labels\91.txt,1,止咳化痰,1,止咳化痰,15,15,9,止咳|化痰|咳嗽,7,0.98052,强力止咳宁片 | 严新 | [功能主治]清热解毒，止咳，化痰，平喘。用 | 于急、慢性支气管炎，感冒咳嗽属肺热实证者 | QIANG LI ZHI KE NING PIAN | 36片 | 上海皇象铁力蓝天制药有限公司,C:\Users\王鑫\OneDrive\桌面\ai-vision\软通动力实训-2026-07\软通动力实训-2026-07\ai-training\output\ocr_results\json\91.json,existing
no_signal,C:\Users\王鑫\OneDrive\桌面\ai-vision\软通动力实训-2026-07\软通动力实训-2026-07\ai-training\data\yolo\medicine\images\train\images\92.jpg,C:\Users\王鑫\OneDrive\桌面\ai-vision\软通动力实训-2026-07\软通动力实训-2026-07\ai-training\data\yolo\medicine\images\train\labels\92.txt,17,其他,,,0,0,0,,9,0.83142,包装设计案例-药浴 | 安神信健 | 妇健修复 | 儿童药浴 | 排车养颜 | 活络扶风 | 温晋四元 | 笔圣十方 | 笔圣十方,C:\Users\王鑫\OneDrive\桌面\ai-vision\软通动力实训-2026-07\软通动力实训-2026-07\ai-training\output\ocr_results\json\92.json,existing
no_signal,C:\Users\王鑫\OneDrive\桌面\ai-vision\软通动力实训-2026-07\软通动力实训-2026-07\ai-training\data\yolo\medicine\images\train\images\93.jpg,C:\Users\王鑫\OneDrive\桌面\ai-vision\软通动力实训-2026-07\软通动力实训-2026-07\ai-training\data\yolo\medicine\images\train\labels\93.txt,15,肛肠用药,,,0,0,0,,5,0.70353,s0: 3a a0 mm: mil 520s 3-% | 惠迪 | 美沙拉味肠溶片 | [8Rm] | 12片×26,C:\Users\王鑫\OneDrive\桌面\ai-vision\软通动力实训-2026-07\软通动力实训-2026-07\ai-training\output\ocr_results\json\93.json,existing
no_signal,C:\Users\王鑫\OneDrive\桌面\ai-vision\软通动力实训-2026-07\软通动力实训-2026-07\ai-training\data\yolo\medicine\images\train\images\94.jpg,C:\Users\王鑫\OneDrive\桌面\ai-vision\软通动力实训-2026-07\软通动力实训-2026-07\ai-training\data\yolo\medicine\images\train\labels\94.txt,11,慢性病药,,,0,0,0,,7,0.81074,21248 | 久联 | 別嘌醇片 | 【规格】0.1g | Allopurinol Tablets | 合肥久联制药有限公司 | grt2/,C:\Users\王鑫\OneDrive\桌面\ai-vision\软通动力实训-2026-07\软通动力实训-2026-07\ai-training\output\ocr_results\json\94.json,existing
no_signal,C:\Users\王鑫\OneDrive\桌面\ai-vision\软通动力实训-2026-07\软通动力实训-2026-07\ai-training\data\yolo\medicine\images\train\images\95.jpg,C:\Users\王鑫\OneDrive\桌面\ai-vision\软通动力实训-2026-07\软通动力实训-2026-07\ai-training\data\yolo\medicine\images\train\labels\95.txt,13,中成药,,,0,0,0,,20,0.85331,草 | 名草系列药品 | 请仔期用读说明书其投流联使 | 用成在再师度导下购实积使用 | 国药难审Z13002374 | OTC | 五子衍宗丸 | 【小蜜丸】 | WUZI YANZONG WAN | 通防华滩、胶痛，尿后 | 肾虚精号所致的阳接不 | 骨益精、用 | 【功能主治】 | 北 | 京 | 生 | é | 集 | 团 | 9gX6袋,C:\Users\王鑫\OneDrive\桌面\ai-vision\软通动力实训-2026-07\软通动力实训-2026-07\ai-training\output\ocr_results\json\95.json,existing
supported,C:\Users\王鑫\OneDrive\桌面\ai-vision\软通动力实训-2026-07\软通动力实训-2026-07\ai-training\data\yolo\medicine\images\train\images\96.jpg,C:\Users\王鑫\OneDrive\桌面\ai-vision\软通动力实训-2026-07\软通动力实训-2026-07\ai-training\data\yolo\medicine\images\train\labels\96.txt,2,消炎药,2,消炎药,8,8,8,罗红霉素,12,0.95391,宜明 | 国药准字H20059984 | 罗红霉素分散片 | Roxithromycin Dispersible Tablets | 0.15g×6片×2板 | 【用法用量】 | 空腹口服，一般疗程为5~12日。 | 成人一次0.15g，一日2次；也可一次0.3g， | 一日1次 | 儿童一次按体重2.5~5mg/kg，-日2次。 | 7 | 成都恒瑞制药有限公司,C:\Users\王鑫\OneDrive\桌面\ai-vision\软通动力实训-2026-07\软通动力实训-2026-07\ai-training\output\ocr_results\json\96.json,existing
supported,C:\Users\王鑫\OneDrive\桌面\ai-vision\软通动力实训-2026-07\软通动力实训-2026-07\ai-training\data\yolo\medicine\images\train\images\97.jpg,C:\Users\王鑫\OneDrive\桌面\ai-vision\软通动力实训-2026-07\软通动力实训-2026-07\ai-training\data\yolo\medicine\images\train\labels\97.txt,14,妇科用药,14,妇科用药,8,8,4,月经,17,0.83,味退适凡 | 退适儿 | 遥丸 | 时有限公司 | 遥丸 | 均为限公司 | 遥丸 | 1 | 上股时有来公司 | 休退迪片 | 逍遥丸 | 千金 | OTC | 加味逍遥丸 | 舒肝清热、健脾养血。用于肝郁血虚、肝脾不和、两胁胀痛， | 头晕目眩，倦怠食少，月经不调，脐腹胀痛。 | 林洲千金药业股份有限公司,C:\Users\王鑫\OneDrive\桌面\ai-vision\软通动力实训-2026-07\软通动力实训-2026-07\ai-training\output\ocr_results\json\97.json,existing
no_signal,C:\Users\王鑫\OneDrive\桌面\ai-vision\软通动力实训-2026-07\软通动力实训-2026-07\ai-training\data\yolo\medicine\images\train\images\98.jpg,C:\Users\王鑫\OneDrive\桌面\ai-vision\软通动力实训-2026-07\软通动力实训-2026-07\ai-training\data\yolo\medicine\images\train\labels\98.txt,17,其他,,,0,0,0,,6,0.98576,万艾可® | Pfizer | 枸橼酸西地那非片 | 0.1g | 治疗勃起功能障碍 | 1片/盒,C:\Users\王鑫\OneDrive\桌面\ai-vision\软通动力实训-2026-07\软通动力实训-2026-07\ai-training\output\ocr_results\json\98.json,existing
supported,C:\Users\王鑫\OneDrive\桌面\ai-vision\软通动力实训-2026-07\软通动力实训-2026-07\ai-training\data\yolo\medicine\images\train\images\99.jpg,C:\Users\王鑫\OneDrive\桌面\ai-vision\软通动力实训-2026-07\软通动力实训-2026-07\ai-training\data\yolo\medicine\images\train\labels\99.txt,2,消炎药,2,消炎药,8,8,8,头孢,10,0.99401,大恒 | 【批准文号】国药准字H11021460 | 头孢拉定颗粒 | 3g/袋×12袋/盒 | 北京嘉事大恒制药有限公司 | achet | 生产地址：北京市顺义区中北工业区(北石槽镇) | 邮政编码：101301 | 电话号码：(010)60422396 | 传真号码：(010)60422396,C:\Users\王鑫\OneDrive\桌面\ai-vision\软通动力实训-2026-07\软通动力实训-2026-07\ai-training\output\ocr_results\json\99.json,existing
