status,medicine_id,name,kind,existing_category_id,category_id,confidence,efficacy,pharmacology,atc,aliases,aliases_added,alias_conflicts,detail_url,reason
review_missing_efficacy,,复方氯雷他定缓释片,western,,8,0.96,,,系统用抗组胺药 | 抗组胺药的复方,,,,https://www.yao86.com/%E8%A5%BF%E8%8D%AF/%E5%A4%8D%E6%96%B9%E6%B0%AF%E9%9B%B7%E4%BB%96%E5%AE%9A%E7%BC%93%E9%87%8A%E7%89%87,站点药理分类明确为抗过敏药
review_missing_efficacy,,氯雷伪麻片,western,,,0.0,,,鼻用制剂 | 系统用鼻腔减充血药 | 拟交感神经药类,,,,https://www.yao86.com/%E8%A5%BF%E8%8D%AF/%E6%B0%AF%E9%9B%B7%E4%BC%AA%E9%BA%BB%E7%89%87,站点分类无法可靠映射到项目现有类别
review_missing_efficacy,,乳果糖口服溶液,western,,6,0.94,慢性功能性便秘。,消化系统用药 | 泻药及止泻药,轻泻药 | 渗透作用的轻泻药,,,,https://www.yao86.com/%E8%A5%BF%E8%8D%AF/%E4%B9%B3%E6%9E%9C%E7%B3%96%E5%8F%A3%E6%9C%8D%E6%BA%B6%E6%B6%B2,站点分类或适应症明确为泻药通便
review_missing_efficacy,,乳果糖浓溶液,western,,,0.0,,,,,,,https://www.yao86.com/%E8%A5%BF%E8%8D%AF/%E4%B9%B3%E6%9E%9C%E7%B3%96%E6%B5%93%E6%BA%B6%E6%B6%B2,站点分类无法可靠映射到项目现有类别
review_missing_efficacy,,乳果糖溶液,western,,,0.0,,,,,,,https://www.yao86.com/%E8%A5%BF%E8%8D%AF/%E4%B9%B3%E6%9E%9C%E7%B3%96%E6%BA%B6%E6%B6%B2,站点分类无法可靠映射到项目现有类别
review_existing_alias,51,蒙脱石混悬液,western,,5,0.96,成人及儿童的急、慢性腹泻。用于食道、胃、十二指肠疾病引起的相关疼痛症状的辅助治疗，但本品不作解痉剂使用。,消化系统用药 | 泻药及止泻药,止泻药、肠道抗炎、抗感染药 | 肠道吸附药 | 其它肠道吸附药,,,,https://www.yao86.com/%E8%A5%BF%E8%8D%AF/%E8%92%99%E8%84%B1%E7%9F%B3%E6%B7%B7%E6%82%AC%E6%B6%B2,该名称已是另一个药品的别名，未自动改写归属
review_missing_efficacy,,聚乙二醇粉剂,western,,,0.0,,,,,,,https://www.yao86.com/%E8%A5%BF%E8%8D%AF/%E8%81%9A%E4%B9%99%E4%BA%8C%E9%86%87%E7%B2%89%E5%89%82,站点分类无法可靠映射到项目现有类别
review_missing_efficacy,,羧甲基纤维素钠颗粒,western,,6,0.94,,,轻泻药 | 膨胀性缓泻剂,,,,https://www.yao86.com/%E8%A5%BF%E8%8D%AF/%E7%BE%A7%E7%94%B2%E5%9F%BA%E7%BA%A4%E7%BB%B4%E7%B4%A0%E9%92%A0%E9%A2%97%E7%B2%92,站点分类或适应症明确为泻药通便
review_missing_efficacy,,药用炭颗粒,western,,5,0.96,,,止泻药、肠道抗炎、抗感染药 | 肠道吸附药 | 活性炭制剂,,,,https://www.yao86.com/%E8%A5%BF%E8%8D%AF/%E8%8D%AF%E7%94%A8%E7%82%AD%E9%A2%97%E7%B2%92,站点分类明确为止泻或肠道吸附药
review_missing_efficacy,,布拉氏酵母菌胶囊,western,,5,0.96,,,止泻药、肠道抗炎、抗感染药 | 止泻的微生物,,,,https://www.yao86.com/%E8%A5%BF%E8%8D%AF/%E5%B8%83%E6%8B%89%E6%B0%8F%E9%85%B5%E6%AF%8D%E8%8F%8C%E8%83%B6%E5%9B%8A,站点分类明确为止泻或肠道吸附药
review_missing_efficacy,,葡甘聚糖粗粉,western,,,0.0,,,,,,,https://www.yao86.com/%E8%A5%BF%E8%8D%AF/%E8%91%A1%E7%94%98%E8%81%9A%E7%B3%96%E7%B2%97%E7%B2%89,站点分类无法可靠映射到项目现有类别
review_missing_efficacy,,硫酸镁钠钾口服用浓溶液,western,,6,0.94,,,轻泻药 | 渗透作用的轻泻药,,,,https://www.yao86.com/%E8%A5%BF%E8%8D%AF/%E7%A1%AB%E9%85%B8%E9%95%81%E9%92%A0%E9%92%BE%E5%8F%A3%E6%9C%8D%E7%94%A8%E6%B5%93%E6%BA%B6%E6%B6%B2,站点分类或适应症明确为泻药通便
review_missing_efficacy,,甘油,western,,6,0.94,,消化系统用药 | 泻药及止泻药,轻泻药 | 渗透作用的轻泻药,,,,https://www.yao86.com/%E8%A5%BF%E8%8D%AF/%E7%94%98%E6%B2%B9,站点分类或适应症明确为泻药通便
review_missing_efficacy,,复方水杨酸樟碘溶液(Ⅰ),western,,2,0.96,,,皮肤病用抗真菌药 | 局部用抗真菌药 | 局部用其它抗真菌药,,,,https://www.yao86.com/%E8%A5%BF%E8%8D%AF/%E5%A4%8D%E6%96%B9%E6%B0%B4%E6%9D%A8%E9%85%B8%E6%A8%9F%E7%A2%98%E6%BA%B6%E6%B6%B2%28%E2%85%A0%29,站点药理或 ATC 分类明确为抗感染药
review_missing_efficacy,,甘油外用溶液,western,,,0.0,,,润肤药和护肤药 | 其它润肤药和护肤药,,,,https://www.yao86.com/%E8%A5%BF%E8%8D%AF/%E7%94%98%E6%B2%B9%E5%A4%96%E7%94%A8%E6%BA%B6%E6%B6%B2,站点分类无法可靠映射到项目现有类别
review_missing_efficacy,,鞣酸苦参碱片,western,,5,0.96,用于肠炎。,消化系统用药 | 泻药及止泻药,止泻药、肠道抗炎、抗感染药 | 其它止泻药,,,,https://www.yao86.com/%E8%A5%BF%E8%8D%AF/%E9%9E%A3%E9%85%B8%E8%8B%A6%E5%8F%82%E7%A2%B1%E7%89%87,站点分类明确为止泻或肠道吸附药
review_missing_efficacy,,聚卡波非钙颗粒,western,,6,0.94,,,轻泻药 | 膨胀性缓泻剂,,,,https://www.yao86.com/%E8%A5%BF%E8%8D%AF/%E8%81%9A%E5%8D%A1%E6%B3%A2%E9%9D%9E%E9%92%99%E9%A2%97%E7%B2%92,站点分类或适应症明确为泻药通便
review_missing_efficacy,,碱式水杨酸铋分散片,western,,5,0.96,,,止泻药、肠道抗炎、抗感染药 | 肠道吸附药 | 铋制剂,,,,https://www.yao86.com/%E8%A5%BF%E8%8D%AF/%E7%A2%B1%E5%BC%8F%E6%B0%B4%E6%9D%A8%E9%85%B8%E9%93%8B%E5%88%86%E6%95%A3%E7%89%87,站点分类明确为止泻或肠道吸附药
review_missing_efficacy,,碱式水杨酸铋口服混悬液,western,,5,0.96,,,止泻药、肠道抗炎、抗感染药 | 肠道吸附药 | 铋制剂,,,,https://www.yao86.com/%E8%A5%BF%E8%8D%AF/%E7%A2%B1%E5%BC%8F%E6%B0%B4%E6%9D%A8%E9%85%B8%E9%93%8B%E5%8F%A3%E6%9C%8D%E6%B7%B7%E6%82%AC%E6%B6%B2,站点分类明确为止泻或肠道吸附药
review_missing_efficacy,,碱式水杨酸铋咀嚼片,western,,5,0.96,,,止泻药、肠道抗炎、抗感染药 | 肠道吸附药 | 铋制剂,,,,https://www.yao86.com/%E8%A5%BF%E8%8D%AF/%E7%A2%B1%E5%BC%8F%E6%B0%B4%E6%9D%A8%E9%85%B8%E9%93%8B%E5%92%80%E5%9A%BC%E7%89%87,站点分类明确为止泻或肠道吸附药
review_missing_efficacy,,碱式水杨酸铋片,western,,5,0.96,,,止泻药、肠道抗炎、抗感染药 | 肠道吸附药 | 铋制剂,,,,https://www.yao86.com/%E8%A5%BF%E8%8D%AF/%E7%A2%B1%E5%BC%8F%E6%B0%B4%E6%9D%A8%E9%85%B8%E9%93%8B%E7%89%87,站点分类明确为止泻或肠道吸附药
review_missing_efficacy,,肠舒通栓,tcm,,6,0.94,,泻下剂 | 其它,消化系统与代谢药 | 肠道疾病相关药物,,,,https://www.yao86.com/%E4%B8%AD%E6%88%90%E8%8D%AF/%E8%82%A0%E8%88%92%E9%80%9A%E6%A0%93,站点分类或适应症明确为泻药通便
review_missing_efficacy,,大黄流浸膏,tcm,,6,0.94,,泻下剂 | 寒下,,,,,https://www.yao86.com/%E4%B8%AD%E6%88%90%E8%8D%AF/%E5%A4%A7%E9%BB%84%E6%B5%81%E6%B5%B8%E8%86%8F,站点分类或适应症明确为泻药通便
review_missing_efficacy,,远兴痔疮水,tcm,,15,0.95,,,心脑血管与血液系统药物 | 血管保护剂 | 治疗痔疮和肛裂的药物,,,,https://www.yao86.com/%E4%B8%AD%E6%88%90%E8%8D%AF/%E8%BF%9C%E5%85%B4%E7%97%94%E7%96%AE%E6%B0%B4,站点分类明确为痔疮或肛肠用药
review_missing_efficacy,,痔根断片,tcm,,15,0.95,,,心脑血管与血液系统药物 | 血管保护剂 | 治疗痔疮和肛裂的药物,,,,https://www.yao86.com/%E4%B8%AD%E6%88%90%E8%8D%AF/%E7%97%94%E6%A0%B9%E6%96%AD%E7%89%87,站点分类明确为痔疮或肛肠用药
review_missing_efficacy,,痔康舒口服液,tcm,,15,0.95,暂无数据,治疮疡剂 | 解毒消肿,心脑血管与血液系统药物 | 血管保护剂 | 治疗痔疮和肛裂的药物,,,,https://www.yao86.com/%E4%B8%AD%E6%88%90%E8%8D%AF/%E7%97%94%E5%BA%B7%E8%88%92%E5%8F%A3%E6%9C%8D%E6%B6%B2,站点分类明确为痔疮或肛肠用药
review_missing_efficacy,,丹栀口服液,tcm,,15,0.95,,,心脑血管与血液系统药物 | 血管保护剂 | 治疗痔疮和肛裂的药物,,,,https://www.yao86.com/%E4%B8%AD%E6%88%90%E8%8D%AF/%E4%B8%B9%E6%A0%80%E5%8F%A3%E6%9C%8D%E6%B6%B2,站点分类明确为痔疮或肛肠用药
review_unclassified,,阿伐那非片,western,,,0.0,本品适用于治疗阴茎勃起功能障碍。,激素及影响内分泌药 | 其他内分泌药,泌尿系统药物 | 勃起机能障碍用药,,,,https://www.yao86.com/%E8%A5%BF%E8%8D%AF/%E9%98%BF%E4%BC%90%E9%82%A3%E9%9D%9E%E7%89%87,站点分类无法可靠映射到项目现有类别
review_unclassified,,螺内酯胶囊,western,,,0.0,(1)水肿性疾病：与其他利尿药合用，治疗充血性水肿、肝硬化腹水、肾性水肿等水肿性疾病，其目的在于纠正上述疾病时伴发的继发性醛固酮分泌增多，并对抗其他利尿药的排钾作用。也用于特发性水肿的治疗。(2)高血压：作为治疗高血压的辅助药物。(3)原发性醛固酮增多症：螺内醋可用于此病的诊断和治疗。(4)低钾血症的预防：与噻嗪类利尿药合用，增强利尿效应和预防低钾血症。,泌尿系统用药 | 利尿药及脱水药,利尿剂 | 醛固酮拮抗剂和其他保钾剂 | 醛甾酮拮抗药,,,,https://www.yao86.com/%E8%A5%BF%E8%8D%AF/%E8%9E%BA%E5%86%85%E9%85%AF%E8%83%B6%E5%9B%8A,站点分类无法可靠映射到项目现有类别
review_unclassified,,螺内酯片,western,,,0.0,（1）水肿性疾病 与其他利尿药合用，治疗充血性水肿、肝硬化腹水、肾性水肿等水肿性疾病，其目的在于纠正上述疾病时伴发的继发性醛固酮分泌增多，并对抗其他利尿药的排钾作用。也用于特发性水肿的治疗。（2）高血压作为治疗高血压的辅助药物。（3）原发性醛固酮增多症螺内酯可用于此病的诊断和治疗。（4）低钾血症的预防 与噻嗪类利尿药合用，增强利尿效应和预防低钾血症。,泌尿系统用药 | 利尿药及脱水药,利尿剂 | 醛固酮拮抗剂和其他保钾剂 | 醛甾酮拮抗药,,,,https://www.yao86.com/%E8%A5%BF%E8%8D%AF/%E8%9E%BA%E5%86%85%E9%85%AF%E7%89%87,站点分类无法可靠映射到项目现有类别
review_missing_efficacy,,氯喹那多普罗雌烯阴道片,western,,14,0.96,,,妇科用抗感染药和灭菌药 | 抗感染药和灭菌药与皮质甾体激素类的复方 | 喹啉衍生物和皮质甾体激素类,,,,https://www.yao86.com/%E8%A5%BF%E8%8D%AF/%E6%B0%AF%E5%96%B9%E9%82%A3%E5%A4%9A%E6%99%AE%E7%BD%97%E9%9B%8C%E7%83%AF%E9%98%B4%E9%81%93%E7%89%87,站点药理或 ATC 分类明确为妇科用药
review_missing_efficacy,,磷霉素氨丁三醇干混悬剂,western,,,0.0,,,血液代用品和灌注液 | 静脉注射液添加药物 | 其它静脉注射液添加药,,,,https://www.yao86.com/%E8%A5%BF%E8%8D%AF/%E7%A3%B7%E9%9C%89%E7%B4%A0%E6%B0%A8%E4%B8%81%E4%B8%89%E9%86%87%E5%B9%B2%E6%B7%B7%E6%82%AC%E5%89%82,站点分类无法可靠映射到项目现有类别
review_unclassified,,复方喜树碱贴片,western,,,0.0,适用于静止期的斑块状、寻常型银屑病（牛皮癣）。,皮肤科用药 | 其他皮肤科药,抗银屑病药 | 局部用治疗牛皮癣药 | 其它局部用治疗牛皮癣药,,,,https://www.yao86.com/%E8%A5%BF%E8%8D%AF/%E5%A4%8D%E6%96%B9%E5%96%9C%E6%A0%91%E7%A2%B1%E8%B4%B4%E7%89%87,站点分类无法可靠映射到项目现有类别
review_unclassified,,脱氧核苷酸钠片,western,,,0.0,用于急、慢性肝炎，白细胞减少症，血小板减少症及再生障碍性贫血等的辅助治疗。,免疫系统用药 | 免疫增强药,其它消化道和代谢药物 | 各种消化道产物与代谢产物,,,,https://www.yao86.com/%E8%A5%BF%E8%8D%AF/%E8%84%B1%E6%B0%A7%E6%A0%B8%E8%8B%B7%E9%85%B8%E9%92%A0%E7%89%87,站点分类无法可靠映射到项目现有类别
review_unclassified,,盐酸托莫西汀口服溶液,western,,,0.0,本品用于治疗6岁及6岁以上儿童和青少年的注意缺陷/多动障碍(ADHD)。,治疗精神障碍药 | 其他精神药,精神兴奋药 | 精神兴奋药，用于治疗注意力缺陷多动症药和益智药 | 中心作用的拟交感神经药,择思达,,,https://www.yao86.com/%E8%A5%BF%E8%8D%AF/%E7%9B%90%E9%85%B8%E6%89%98%E8%8E%AB%E8%A5%BF%E6%B1%80%E5%8F%A3%E6%9C%8D%E6%BA%B6%E6%B6%B2,站点分类无法可靠映射到项目现有类别
review_unclassified,,盐酸托莫西汀胶囊,western,,,0.0,盐酸托莫西汀用于治疗儿童和青少年的注意缺陷/多动障碍(ADHD)。,治疗精神障碍药 | 其他精神药,精神兴奋药 | 精神兴奋药，用于治疗注意力缺陷多动症药和益智药 | 中心作用的拟交感神经药,,,,https://www.yao86.com/%E8%A5%BF%E8%8D%AF/%E7%9B%90%E9%85%B8%E6%89%98%E8%8E%AB%E8%A5%BF%E6%B1%80%E8%83%B6%E5%9B%8A,站点分类无法可靠映射到项目现有类别
review_missing_efficacy,,天麻蜜环菌粉,western,,,0.0,,,抗癫痫药 | 其它抗癫痫药,,,,https://www.yao86.com/%E8%A5%BF%E8%8D%AF/%E5%A4%A9%E9%BA%BB%E8%9C%9C%E7%8E%AF%E8%8F%8C%E7%B2%89,站点分类无法可靠映射到项目现有类别
review_missing_efficacy,,弹性酶片,western,,11,0.95,,,血脂调节剂 | 血脂调节剂，单方 | 其它血脂调节剂,,,,https://www.yao86.com/%E8%A5%BF%E8%8D%AF/%E5%BC%B9%E6%80%A7%E9%85%B6%E7%89%87,站点药理或 ATC 分类明确为慢性病长期用药
review_missing_efficacy,,雌酮硫酸酯哌嗪片,western,,,0.0,,,性激素和生殖系统调节药 | 雌激素类 | 雌激素类，与其它药物复方,,,,https://www.yao86.com/%E8%A5%BF%E8%8D%AF/%E9%9B%8C%E9%85%AE%E7%A1%AB%E9%85%B8%E9%85%AF%E5%93%8C%E5%97%AA%E7%89%87,站点分类无法可靠映射到项目现有类别
review_missing_efficacy,,鲑鱼降钙素喷雾剂,western,,9,0.94,,,钙稳态药 | 抗甲状旁腺药 | 降钙素类,,,,https://www.yao86.com/%E8%A5%BF%E8%8D%AF/%E9%B2%91%E9%B1%BC%E9%99%8D%E9%92%99%E7%B4%A0%E5%96%B7%E9%9B%BE%E5%89%82,剂型或站点分类明确为局部外用药
review_missing_efficacy,,鲑降钙素鼻用粉雾剂,western,,,0.0,,,钙稳态药 | 抗甲状旁腺药 | 降钙素类,,,,https://www.yao86.com/%E8%A5%BF%E8%8D%AF/%E9%B2%91%E9%99%8D%E9%92%99%E7%B4%A0%E9%BC%BB%E7%94%A8%E7%B2%89%E9%9B%BE%E5%89%82,站点分类无法可靠映射到项目现有类别
review_unclassified,,骨肽片,western,,,0.0,用于骨性关节炎；风湿、类风湿关节炎；骨折。,激素及影响内分泌药 | 钙代谢调节药及抗骨质疏松药,骨病治疗药 | 影响骨结构与其矿物质化的药物 | 其它影响骨结构与其矿物质化的药物,,,,https://www.yao86.com/%E8%A5%BF%E8%8D%AF/%E9%AA%A8%E8%82%BD%E7%89%87,站点分类无法可靠映射到项目现有类别
review_unclassified,,硼砂甘油钾溶液,western,,,0.0,用于手、足皲裂，也可用于角化型手、足癣引起的皲裂。,皮肤科用药 | 其他皮肤科药,润肤药和护肤药 | 液膏类,,,,https://www.yao86.com/%E8%A5%BF%E8%8D%AF/%E7%A1%BC%E7%A0%82%E7%94%98%E6%B2%B9%E9%92%BE%E6%BA%B6%E6%B6%B2,站点分类无法可靠映射到项目现有类别
review_unclassified,,葡萄糖粉剂,western,,,0.0,营养辅助药，用于人体营养补充。,泌尿系统用药 | 利尿药及脱水药,一般营养药 | 其它营养 | 碳水化合物,,,,https://www.yao86.com/%E8%A5%BF%E8%8D%AF/%E8%91%A1%E8%90%84%E7%B3%96%E7%B2%89%E5%89%82,站点分类无法可靠映射到项目现有类别
review_missing_efficacy,,硼酸冰片,western,,,0.0,,耳鼻喉科用药 | 耳部疾病用药,耳科用药 | 抗感染药,,,,https://www.yao86.com/%E8%A5%BF%E8%8D%AF/%E7%A1%BC%E9%85%B8%E5%86%B0%E7%89%87,站点分类无法可靠映射到项目现有类别
review_missing_efficacy,,盐酸米诺环素颗粒,western,,,0.0,,,系统用抗细菌药 | 四环素类,,,,https://www.yao86.com/%E8%A5%BF%E8%8D%AF/%E7%9B%90%E9%85%B8%E7%B1%B3%E8%AF%BA%E7%8E%AF%E7%B4%A0%E9%A2%97%E7%B2%92,站点分类无法可靠映射到项目现有类别
review_missing_efficacy,,盐酸米诺环素牙周缓释膜,western,,,0.0,,,口腔疾病药物 | 口腔局部治疗用抗感染药和灭菌药,,,,https://www.yao86.com/%E8%A5%BF%E8%8D%AF/%E7%9B%90%E9%85%B8%E7%B1%B3%E8%AF%BA%E7%8E%AF%E7%B4%A0%E7%89%99%E5%91%A8%E7%BC%93%E9%87%8A%E8%86%9C,站点分类无法可靠映射到项目现有类别
review_missing_efficacy,,氨茶碱栓,western,,,0.0,,,阻塞性气管疾病用药 | 其它阻塞性气管病系统用药 | 黄嘌呤类,,,,https://www.yao86.com/%E8%A5%BF%E8%8D%AF/%E6%B0%A8%E8%8C%B6%E7%A2%B1%E6%A0%93,站点分类无法可靠映射到项目现有类别
review_missing_efficacy,,阿达帕林盐酸克林霉素复方凝胶,western,,9,0.94,,,抗痤疮药 | 局部用抗痤疮药 | 治疗痤疮用视黄醇类药物,,,,https://www.yao86.com/%E8%A5%BF%E8%8D%AF/%E9%98%BF%E8%BE%BE%E5%B8%95%E6%9E%97%E7%9B%90%E9%85%B8%E5%85%8B%E6%9E%97%E9%9C%89%E7%B4%A0%E5%A4%8D%E6%96%B9%E5%87%9D%E8%83%B6,剂型或站点分类明确为局部外用药
review_missing_efficacy,,иҷ«иҚүе·қиҙқжӯўе’іиҢ¶,tcm,,13,0.9,,,,,,,https://www.yao86.com/%E4%B8%AD%E6%88%90%E8%8D%AF/%E8%99%AB%E8%8D%89%E5%B7%9D%E8%B4%9D%E6%AD%A2%E5%92%B3%E8%8C%B6,站点明确收录为中成药，未命中更具体项目类别
review_missing_efficacy,,参附强心丸,tcm,,12,0.95,,补益剂 | 补阳,心脑血管与血液系统药物 | 心血管疾病治疗药,,,,https://www.yao86.com/%E4%B8%AD%E6%88%90%E8%8D%AF/%E5%8F%82%E9%99%84%E5%BC%BA%E5%BF%83%E4%B8%B8,站点药理或 ATC 分类明确为心脑血管用药
review_missing_efficacy,,达塞布韦钠片,western,,2,0.96,,,系统用抗病毒药 | 直接作用的抗病毒药 | 治疗丙肝病毒感染的抗病毒药物,,,,https://www.yao86.com/%E8%A5%BF%E8%8D%AF/%E8%BE%BE%E5%A1%9E%E5%B8%83%E9%9F%A6%E9%92%A0%E7%89%87,站点药理或 ATC 分类明确为抗感染药
review_missing_efficacy,,多维片(6),western,,7,0.96,,,维生素类 | 多种维生素，复方 | 多种维生素和矿物质,,,,https://www.yao86.com/%E8%A5%BF%E8%8D%AF/%E5%A4%9A%E7%BB%B4%E7%89%87%286%29,站点药理或 ATC 分类明确为维生素/矿物质
review_missing_efficacy,,化瘀止痛栓,tcm,,15,0.95,暂无数据,局部用止痛剂,心脑血管与血液系统药物 | 血管保护剂 | 治疗痔疮和肛裂的药物,,,,https://www.yao86.com/%E4%B8%AD%E6%88%90%E8%8D%AF/%E5%8C%96%E7%98%80%E6%AD%A2%E7%97%9B%E6%A0%93,站点分类明确为痔疮或肛肠用药
review_unclassified,,聚维酮碘溶液,western,,,0.0,用于化脓性皮炎、皮肤真菌感染、小面积轻度烧烫伤，也用于小面积皮肤、黏膜创口的消毒。,皮肤科用药 | 其他皮肤科药,消毒灭菌药 | 碘制剂,,,,https://www.yao86.com/%E8%A5%BF%E8%8D%AF/%E8%81%9A%E7%BB%B4%E9%85%AE%E7%A2%98%E6%BA%B6%E6%B6%B2,站点分类无法可靠映射到项目现有类别
review_unclassified,,聚维酮碘含漱液,western,,,0.0,可用于口腔炎，咽喉炎，口腔溃疡，牙周炎、冠周炎等口腔疾病，也可用于口腔手术前的消毒，以及日常的口腔消毒保健。,耳鼻喉科用药 | 咽喉、口腔疾病用药,口腔疾病药物 | 口腔局部治疗用抗感染药和灭菌药,怡速欣,,,https://www.yao86.com/%E8%A5%BF%E8%8D%AF/%E8%81%9A%E7%BB%B4%E9%85%AE%E7%A2%98%E5%90%AB%E6%BC%B1%E6%B6%B2,站点分类无法可靠映射到项目现有类别
review_unclassified,,聚维酮碘散,western,,,0.0,用于皮肤、黏膜的消毒。,皮肤科用药 | 其他皮肤科药,消毒灭菌药 | 碘制剂,,,,https://www.yao86.com/%E8%A5%BF%E8%8D%AF/%E8%81%9A%E7%BB%B4%E9%85%AE%E7%A2%98%E6%95%A3,站点分类无法可靠映射到项目现有类别
review_missing_efficacy,,聚维酮碘软膏,western,,9,0.94,,,消毒灭菌药 | 碘制剂,,,,https://www.yao86.com/%E8%A5%BF%E8%8D%AF/%E8%81%9A%E7%BB%B4%E9%85%AE%E7%A2%98%E8%BD%AF%E8%86%8F,剂型或站点分类明确为局部外用药
review_missing_efficacy,,己酮可可碱缓释胶囊,western,,,0.0,,,外周血管扩张剂 | 嘌呤衍生物,,,,https://www.yao86.com/%E8%A5%BF%E8%8D%AF/%E5%B7%B1%E9%85%AE%E5%8F%AF%E5%8F%AF%E7%A2%B1%E7%BC%93%E9%87%8A%E8%83%B6%E5%9B%8A,站点分类无法可靠映射到项目现有类别
review_missing_efficacy,,己酮可可碱肠溶胶囊,western,,,0.0,,,外周血管扩张剂 | 嘌呤衍生物,,,,https://www.yao86.com/%E8%A5%BF%E8%8D%AF/%E5%B7%B1%E9%85%AE%E5%8F%AF%E5%8F%AF%E7%A2%B1%E8%82%A0%E6%BA%B6%E8%83%B6%E5%9B%8A,站点分类无法可靠映射到项目现有类别
review_missing_efficacy,,甲硝唑苯甲酸酯凝胶,western,,9,0.94,,,妇科用抗感染药和灭菌药 | 抗感染药和灭菌药，与皮质甾体激素类的复方除外 | 咪唑衍生物类,,,,https://www.yao86.com/%E8%A5%BF%E8%8D%AF/%E7%94%B2%E7%A1%9D%E5%94%91%E8%8B%AF%E7%94%B2%E9%85%B8%E9%85%AF%E5%87%9D%E8%83%B6,剂型或站点分类明确为局部外用药
review_missing_efficacy,,金龙胆草浸膏片,western,,1,0.95,,呼吸系统用药 | 祛痰药,咳嗽和感冒用药 | 止咳药和祛痰药的复方 | 其它止咳药和祛痰药,,,,https://www.yao86.com/%E8%A5%BF%E8%8D%AF/%E9%87%91%E9%BE%99%E8%83%86%E8%8D%89%E6%B5%B8%E8%86%8F%E7%89%87,站点药理分类明确为止咳或祛痰药
review_missing_efficacy,,金龙胆草浸膏,western,,,0.0,,,,,,,https://www.yao86.com/%E8%A5%BF%E8%8D%AF/%E9%87%91%E9%BE%99%E8%83%86%E8%8D%89%E6%B5%B8%E8%86%8F,站点分类无法可靠映射到项目现有类别
review_missing_efficacy,,麦白霉素颗粒,western,,2,0.96,,,系统用抗细菌药 | 大环内酯类、林可酰胺类和链霉杀阳菌素类 | 大环内酯类,,,,https://www.yao86.com/%E8%A5%BF%E8%8D%AF/%E9%BA%A6%E7%99%BD%E9%9C%89%E7%B4%A0%E9%A2%97%E7%B2%92,站点药理或 ATC 分类明确为抗感染药
review_missing_efficacy,,愈酚茶碱那敏片,western,,1,0.95,,,咳嗽和感冒用药 | 止咳药和祛痰药的复方 | 其它止咳药和祛痰药,,,,https://www.yao86.com/%E8%A5%BF%E8%8D%AF/%E6%84%88%E9%85%9A%E8%8C%B6%E7%A2%B1%E9%82%A3%E6%95%8F%E7%89%87,站点药理分类明确为止咳或祛痰药
review_missing_efficacy,,马来酸氯苯那敏缓释小丸,western,,8,0.96,,,系统用抗组胺药 | 取代烷基胺,,,,https://www.yao86.com/%E8%A5%BF%E8%8D%AF/%E9%A9%AC%E6%9D%A5%E9%85%B8%E6%B0%AF%E8%8B%AF%E9%82%A3%E6%95%8F%E7%BC%93%E9%87%8A%E5%B0%8F%E4%B8%B8,站点药理分类明确为抗过敏药
review_missing_efficacy,,马来酸氯苯那敏速释小丸,western,,8,0.96,,,系统用抗组胺药 | 取代烷基胺,,,,https://www.yao86.com/%E8%A5%BF%E8%8D%AF/%E9%A9%AC%E6%9D%A5%E9%85%B8%E6%B0%AF%E8%8B%AF%E9%82%A3%E6%95%8F%E9%80%9F%E9%87%8A%E5%B0%8F%E4%B8%B8,站点药理分类明确为抗过敏药
review_missing_efficacy,,七味解痛口服液,tcm,,13,0.9,暂无数据,理气剂 | 其它,,,,,https://www.yao86.com/%E4%B8%AD%E6%88%90%E8%8D%AF/%E4%B8%83%E5%91%B3%E8%A7%A3%E7%97%9B%E5%8F%A3%E6%9C%8D%E6%B6%B2,站点明确收录为中成药，未命中更具体项目类别
review_unclassified,,瑞戈非尼片,western,,,0.0,1.适用于治疗既往接受过以氟尿嘧啶、奥沙利铂和伊立替康为基础的化疗，以及既往接受过或不适合接受抗VEGF治疗、抗EGFR治疗(RAS野生型)的转移性结直肠癌(mCRC)患者。2.既往接受过甲磺酸伊马替尼及苹果酸舒尼替尼治疗的局部晚期的、无法手术切除的或转移性的胃肠道间质瘤(GIST)患者。3.既往接受过索拉非尼治疗的肝细胞癌(HCC)患者。,抗肿瘤药 | 其他抗肿瘤药,抗肿瘤药 | 蛋白激酶抑制剂 | 其他蛋白激酶抑制剂,Stivarga 拜万戈,,,https://www.yao86.com/%E8%A5%BF%E8%8D%AF/%E7%91%9E%E6%88%88%E9%9D%9E%E5%B0%BC%E7%89%87,站点分类无法可靠映射到项目现有类别
review_missing_efficacy,,鞣柳硼三酸散,western,,2,0.96,用于手癣、足癣。,皮肤科用药 | 皮肤抗感染药,皮肤病用抗真菌药 | 局部用抗真菌药 | 局部用其它抗真菌药,,,,https://www.yao86.com/%E8%A5%BF%E8%8D%AF/%E9%9E%A3%E6%9F%B3%E7%A1%BC%E4%B8%89%E9%85%B8%E6%95%A3,站点药理或 ATC 分类明确为抗感染药
review_unclassified,,细菌溶解产物胶囊,western,,,0.0,本品为免疫治疗用药。本品适用于反复性呼吸道感染和慢性支气管炎急性发作的预防。本品也可用于急性呼吸道感染的辅助治疗。,免疫系统用药 | 免疫增强药,免疫促进药 | 免疫增强剂 | 其它免疫增强剂,泛福舒,,,https://www.yao86.com/%E8%A5%BF%E8%8D%AF/%E7%BB%86%E8%8F%8C%E6%BA%B6%E8%A7%A3%E4%BA%A7%E7%89%A9%E8%83%B6%E5%9B%8A,站点分类无法可靠映射到项目现有类别
review_unclassified,,依普黄酮片,western,,,0.0,改善骨质疏松症的骨量减少。,激素及影响内分泌药 | 钙代谢调节药及抗骨质疏松药,骨病治疗药 | 影响骨结构与其矿物质化的药物 | 其它影响骨结构与其矿物质化的药物,固苏桉,,,https://www.yao86.com/%E8%A5%BF%E8%8D%AF/%E4%BE%9D%E6%99%AE%E9%BB%84%E9%85%AE%E7%89%87,站点分类无法可靠映射到项目现有类别
review_unclassified,,依普黄酮胶囊,western,,,0.0,改善骨质疏松症的骨量减少。,激素及影响内分泌药 | 钙代谢调节药及抗骨质疏松药,骨病治疗药 | 影响骨结构与其矿物质化的药物 | 其它影响骨结构与其矿物质化的药物,安体芬,,,https://www.yao86.com/%E8%A5%BF%E8%8D%AF/%E4%BE%9D%E6%99%AE%E9%BB%84%E9%85%AE%E8%83%B6%E5%9B%8A,站点分类无法可靠映射到项目现有类别
review_unclassified,,马来酸阿法替尼片,western,,,0.0,本品适用于以下患者治疗：1.具有表皮生长因子受体(EGFR)基因敏感突变的局部晚期或转移性非小细胞肺癌(NSCLC)，既往未接受过EGFR酪氨酸激酶抑制剂(TKI)治疗。2.含铂化疗期间或化疗后疾病进展的局部晚期或转移性鳞状组织学类型的非小细胞肺癌(NSCLC),抗肿瘤药 | 抗肿瘤靶向药,抗肿瘤药 | 蛋白激酶抑制剂 | 表皮生长因子受体(EGFR)酪氨酸激酶抑制剂,吉泰瑞,,,https://www.yao86.com/%E8%A5%BF%E8%8D%AF/%E9%A9%AC%E6%9D%A5%E9%85%B8%E9%98%BF%E6%B3%95%E6%9B%BF%E5%B0%BC%E7%89%87,站点分类无法可靠映射到项目现有类别
review_unclassified,,氨来呫诺口腔贴片,western,,,0.0,适用于治疗免疫系统正常的成人及12岁以上青少年的口腔溃疡。,耳鼻喉科用药 | 咽喉、口腔疾病用药,口腔疾病药物 | 口腔局部治疗用抗感染药和灭菌药,立克邦,,,https://www.yao86.com/%E8%A5%BF%E8%8D%AF/%E6%B0%A8%E6%9D%A5%E5%91%AB%E8%AF%BA%E5%8F%A3%E8%85%94%E8%B4%B4%E7%89%87,站点分类无法可靠映射到项目现有类别
review_unclassified,,奥布替尼片,western,,,0.0,本品适用于治疗：1) 既往至少接受过一种治疗的成人套细胞淋巴瘤（MCL）患者。2) 既往至少接受过一种治疗的成人慢性淋巴细胞白血病（CLL）/小淋巴细胞淋巴瘤（SLL）患者。上述适应症分别基于一项单臂临床试验的客观缓解率结果给予的附条件批准。本品的完全批准将取决于正在开展中的确证性随机对照临床试验结果。,抗肿瘤药 | 抗肿瘤靶向药,免疫抑制剂 | 选择性免疫抑制剂,宜诺凯,,,https://www.yao86.com/%E8%A5%BF%E8%8D%AF/%E5%A5%A5%E5%B8%83%E6%9B%BF%E5%B0%BC%E7%89%87,站点分类无法可靠映射到项目现有类别
review_missing_efficacy,,复方水杨酸甲酯搽剂,western,,9,0.94,,,关节和肌肉疼痛局部用药 | 带有水杨酸衍生物的制剂,,,,https://www.yao86.com/%E8%A5%BF%E8%8D%AF/%E5%A4%8D%E6%96%B9%E6%B0%B4%E6%9D%A8%E9%85%B8%E7%94%B2%E9%85%AF%E6%90%BD%E5%89%82,剂型或站点分类明确为局部外用药
review_missing_efficacy,,复方水杨酸甲酯贴剂,western,,9,0.94,,,关节和肌肉疼痛局部用药 | 带有水杨酸衍生物的制剂,,,,https://www.yao86.com/%E8%A5%BF%E8%8D%AF/%E5%A4%8D%E6%96%B9%E6%B0%B4%E6%9D%A8%E9%85%B8%E7%94%B2%E9%85%AF%E8%B4%B4%E5%89%82,剂型或站点分类明确为局部外用药
review_missing_efficacy,,复方间苯二酚苯酚搽剂,western,,9,0.96,,,皮肤病用抗真菌药 | 局部用抗真菌药 | 局部用其它抗真菌药,,,,https://www.yao86.com/%E8%A5%BF%E8%8D%AF/%E5%A4%8D%E6%96%B9%E9%97%B4%E8%8B%AF%E4%BA%8C%E9%85%9A%E8%8B%AF%E9%85%9A%E6%90%BD%E5%89%82,外用剂型且站点 ATC 分类明确为皮肤局部用药
review_missing_efficacy,,薄荷脑-苯甲酸钠-三氯叔丁醇-桉油-八角茴香油,western,,,0.0,,耳鼻喉科用药 | 咽喉、口腔疾病用药,口腔疾病药物 | 口腔局部治疗用其它药物,,,,https://www.yao86.com/%E8%A5%BF%E8%8D%AF/%E8%96%84%E8%8D%B7%E8%84%91-%E8%8B%AF%E7%94%B2%E9%85%B8%E9%92%A0-%E4%B8%89%E6%B0%AF%E5%8F%94%E4%B8%81%E9%86%87-%E6%A1%89%E6%B2%B9-%E5%85%AB%E8%A7%92%E8%8C%B4%E9%A6%99%E6%B2%B9,站点分类无法可靠映射到项目现有类别
review_unclassified,,薄荷喉片,western,,,0.0,有清凉、止痛、防腐作用，用于咽喉炎、扁桃体炎及口臭等。,耳鼻喉科用药 | 咽喉、口腔疾病用药,口腔疾病药物 | 口腔局部治疗用其它药物,,,,https://www.yao86.com/%E8%A5%BF%E8%8D%AF/%E8%96%84%E8%8D%B7%E5%96%89%E7%89%87,站点分类无法可靠映射到项目现有类别
review_unclassified,,醋酸地塞米松片,western,,,0.0,主要用于过敏性与自身免疫性炎症性疾病。如结缔组织病，严重的支气管哮喘，皮炎等过敏性疾病，溃疡性结肠炎，急性白血病，恶性淋巴瘤等。此外，本药还用于某些肾上腺皮质疾病的诊断——地塞米松抑制试验。,激素及影响内分泌药 | 肾上腺皮质激素类药,系统用皮质甾体激素类 | 系统用皮质甾体激素类，单方 | 糖肾上腺皮质激素类,,,,https://www.yao86.com/%E8%A5%BF%E8%8D%AF/%E9%86%8B%E9%85%B8%E5%9C%B0%E5%A1%9E%E7%B1%B3%E6%9D%BE%E7%89%87,站点分类无法可靠映射到项目现有类别
review_unclassified,,醋酸地塞米松口腔贴片,western,,,0.0,用于非感染性口腔黏膜溃疡。,激素及影响内分泌药 | 肾上腺皮质激素类药,口腔疾病药物 | 口腔局部治疗用皮质甾体激素类药,意可贴,,,https://www.yao86.com/%E8%A5%BF%E8%8D%AF/%E9%86%8B%E9%85%B8%E5%9C%B0%E5%A1%9E%E7%B1%B3%E6%9D%BE%E5%8F%A3%E8%85%94%E8%B4%B4%E7%89%87,站点分类无法可靠映射到项目现有类别
review_unclassified,,地塞米松片,western,,,0.0,主要适用于过敏性与自身免疫性炎症性疾病，如结缔组织病，严重的支气管哮喘，皮炎等过敏性疾病，溃疡性结肠炎，急性白血病，恶性淋巴瘤等。本药还用于某些肾上腺皮质疾病的诊断-地塞米松抑制试验。,激素及影响内分泌药 | 肾上腺皮质激素类药,系统用皮质甾体激素类 | 系统用皮质甾体激素类，单方 | 糖肾上腺皮质激素类,,,,https://www.yao86.com/%E8%A5%BF%E8%8D%AF/%E5%9C%B0%E5%A1%9E%E7%B1%B3%E6%9D%BE%E7%89%87,站点分类无法可靠映射到项目现有类别
review_missing_efficacy,,醋酸地塞米松软膏,western,,9,0.96,,,皮肤病用皮质激素制剂 | 皮质甾体激素类，单方 | 皮质类固醇类，中强（II 组）,,,,https://www.yao86.com/%E8%A5%BF%E8%8D%AF/%E9%86%8B%E9%85%B8%E5%9C%B0%E5%A1%9E%E7%B1%B3%E6%9D%BE%E8%BD%AF%E8%86%8F,外用剂型且站点 ATC 分类明确为皮肤局部用药
review_unclassified,,碘-聚醇醚溶液,western,,,0.0,用于皮肤消毒。粘膜冲洗，医务人员刷手，泡手，注射、手术部位皮肤消毒。也用于治疗皮肤粘膜细菌性感染以及器械、餐具、瓜果的消毒，环境的消毒等。,皮肤科用药 | 其他皮肤科药,消毒灭菌药 | 碘制剂,,,,https://www.yao86.com/%E8%A5%BF%E8%8D%AF/%E7%A2%98-%E8%81%9A%E9%86%87%E9%86%9A%E6%BA%B6%E6%B6%B2,站点分类无法可靠映射到项目现有类别
review_missing_efficacy,,碘糖片,western,,11,0.95,,,甲状腺治疗药 | 碘疗法用药,,,,https://www.yao86.com/%E8%A5%BF%E8%8D%AF/%E7%A2%98%E7%B3%96%E7%89%87,站点药理或 ATC 分类明确为慢性病长期用药
review_missing_efficacy,,碘散,western,,,0.0,,,消毒灭菌药 | 碘制剂,,,,https://www.yao86.com/%E8%A5%BF%E8%8D%AF/%E7%A2%98%E6%95%A3,站点分类无法可靠映射到项目现有类别
review_missing_efficacy,,高效碘溶液,western,,,0.0,,,消毒灭菌药 | 碘制剂,,,,https://www.yao86.com/%E8%A5%BF%E8%8D%AF/%E9%AB%98%E6%95%88%E7%A2%98%E6%BA%B6%E6%B6%B2,站点分类无法可靠映射到项目现有类别
review_missing_efficacy,,盐酸丁螺环酮片,western,,,0.0,各种焦虑症。,治疗精神障碍药 | 抗焦虑药,精神安定药 | 抗焦虑药 | 氮杂螺癸二酮衍生物类,奇比特,,,https://www.yao86.com/%E8%A5%BF%E8%8D%AF/%E7%9B%90%E9%85%B8%E4%B8%81%E8%9E%BA%E7%8E%AF%E9%85%AE%E7%89%87,站点分类无法可靠映射到项目现有类别
review_unclassified,,达罗他胺片,western,,,0.0,适用于治疗有高危转移风险的非转移性去势抵抗性前列腺癌( NM- CRPC )成年患者。,抗肿瘤药 | 抗肿瘤激素类,内分泌治疗用药 | 激素拮抗药与其相关药物 | 抗雄激素类,诺倍戈,,,https://www.yao86.com/%E8%A5%BF%E8%8D%AF/%E8%BE%BE%E7%BD%97%E4%BB%96%E8%83%BA%E7%89%87,站点分类无法可靠映射到项目现有类别
review_unclassified,,地拉罗司分散片,western,,,0.0,用于治疗年龄大于2岁的β-地中海贫血患者因频繁输血(每月浓缩红细胞的给予量≥7ml/kg)所致慢性铁过载；对于其它输血依赖性疾病所致的铁过载，本品中国患者的安全有效性数据有限，建议遵医嘱使用。也用于治疗10岁及10岁以上非输血依赖性地中海贫血综合征患者的慢性铁过载。,血液系统用药 | 其他血液系统用药,其它各种治疗用药品 | 铁螯合剂类,恩瑞格(Exjade),,,https://www.yao86.com/%E8%A5%BF%E8%8D%AF/%E5%9C%B0%E6%8B%89%E7%BD%97%E5%8F%B8%E5%88%86%E6%95%A3%E7%89%87,站点分类无法可靠映射到项目现有类别
review_missing_efficacy,,地拉罗司片,western,,,0.0,,,其它各种治疗用药品 | 铁螯合剂类,,,,https://www.yao86.com/%E8%A5%BF%E8%8D%AF/%E5%9C%B0%E6%8B%89%E7%BD%97%E5%8F%B8%E7%89%87,站点分类无法可靠映射到项目现有类别
review_missing_efficacy,,复方二氧化钛软膏,western,,9,0.94,,,润肤药和护肤药 | 紫外线防护药 | 局部用紫外线防护药,,,,https://www.yao86.com/%E8%A5%BF%E8%8D%AF/%E5%A4%8D%E6%96%B9%E4%BA%8C%E6%B0%A7%E5%8C%96%E9%92%9B%E8%BD%AF%E8%86%8F,剂型或站点分类明确为局部外用药
review_missing_efficacy,,二氯乙酸二异丙胺胶囊,western,,5,0.93,,,肝、胆疾病治疗药 | 肝病治疗药，抗脂肪肝药 | 肝病治疗药,,,,https://www.yao86.com/%E8%A5%BF%E8%8D%AF/%E4%BA%8C%E6%B0%AF%E4%B9%99%E9%85%B8%E4%BA%8C%E5%BC%82%E4%B8%99%E8%83%BA%E8%83%B6%E5%9B%8A,站点药理或 ATC 分类明确为胃肠消化用药
review_unclassified,,复方硼砂含漱液,western,,,0.0,用于口腔炎、咽炎等的口腔消毒防腐。,耳鼻喉科用药 | 咽喉、口腔疾病用药,口腔疾病药物 | 口腔局部治疗用其它药物,,,,https://www.yao86.com/%E8%A5%BF%E8%8D%AF/%E5%A4%8D%E6%96%B9%E7%A1%BC%E7%A0%82%E5%90%AB%E6%BC%B1%E6%B6%B2,站点分类无法可靠映射到项目现有类别
review_unclassified,,复方阿苯达唑片,western,,,0.0,主要成分为阿苯达唑和双羟萘酸噻嘧啶，为广谱驱虫药，适用于钩虫、蛲虫、蛔虫及鞭虫感染。,抗寄生虫病药 | 驱肠虫药,抗蠕虫药 | 抗线虫药 | 苯并咪唑衍生物类,,,,https://www.yao86.com/%E8%A5%BF%E8%8D%AF/%E5%A4%8D%E6%96%B9%E9%98%BF%E8%8B%AF%E8%BE%BE%E5%94%91%E7%89%87,站点分类无法可靠映射到项目现有类别
review_unclassified,,氟他胺片,western,,,0.0,本品适用于以前未经治疗，或对激素控制疗法无效或失效的晚期前列腺癌症病人，它可被单独使用（睾丸切除或不切除）或与促黄体生成激素释放激素（LHRH）激动剂合用。作为治疗局限性B2-C2（T2b-T4）型前列腺癌症的一部分，本品也可缩小肿瘤体积和加强对肿瘤的控制以及延长无病生存期。,激素及影响内分泌药 | 雄激素及同化激素,内分泌治疗用药 | 激素拮抗药与其相关药物 | 抗雄激素类,福至尔|FUGEREL,,,https://www.yao86.com/%E8%A5%BF%E8%8D%AF/%E6%B0%9F%E4%BB%96%E8%83%BA%E7%89%87,站点分类无法可靠映射到项目现有类别
review_unclassified,,氟他胺胶囊,western,,,0.0,适用于前列腺癌，对初治或复治患者都可有效。,激素及影响内分泌药 | 雄激素及同化激素,内分泌治疗用药 | 激素拮抗药与其相关药物 | 抗雄激素类,,,,https://www.yao86.com/%E8%A5%BF%E8%8D%AF/%E6%B0%9F%E4%BB%96%E8%83%BA%E8%83%B6%E5%9B%8A,站点分类无法可靠映射到项目现有类别
review_unclassified,,复方盐酸普鲁卡因胶囊,western,,,0.0,用于神经衰弱、神经衰弱综合征及植物神经紊乱，如失眠、疲劳、焦虑；脑动脉硬化引起的头痛、头晕、记忆力减退、注意力不集中、反应迟钝及更年期的心悸、失眠、多汗、急躁、潮热等症状的改善。,神经系统用药 | 其他神经系统用药,麻醉药 | 局部麻醉药 | 氨苯甲酸酯类,,,,https://www.yao86.com/%E8%A5%BF%E8%8D%AF/%E5%A4%8D%E6%96%B9%E7%9B%90%E9%85%B8%E6%99%AE%E9%B2%81%E5%8D%A1%E5%9B%A0%E8%83%B6%E5%9B%8A,站点分类无法可靠映射到项目现有类别
review_unclassified,,复方盐酸普鲁卡因片,western,,,0.0,本品用于治疗动脉硬化(包括脑动脉硬化、冠心病等);亦用于治疗神经官能症、更年期综合征、消化不良及体力衰退等症。,神经系统用药 | 其他神经系统用药,麻醉药 | 局部麻醉药 | 氨苯甲酸酯类,,,,https://www.yao86.com/%E8%A5%BF%E8%8D%AF/%E5%A4%8D%E6%96%B9%E7%9B%90%E9%85%B8%E6%99%AE%E9%B2%81%E5%8D%A1%E5%9B%A0%E7%89%87,站点分类无法可靠映射到项目现有类别
review_unclassified,,复方五味子片,western,,,0.0,用于改善神经衰弱所致头晕、头痛、乏力、心悸以及失眠等症状。,神经系统用药 | 其他神经系统用药,精神安定药 | 催眠镇静药 | 其它催眠镇静药,,,,https://www.yao86.com/%E8%A5%BF%E8%8D%AF/%E5%A4%8D%E6%96%B9%E4%BA%94%E5%91%B3%E5%AD%90%E7%89%87,站点分类无法可靠映射到项目现有类别
review_unclassified,,复方四环素泼尼松膜,western,,,0.0,用于复发性口疮，扁平苔癣，多形红斑，口腔血泡感染等口腔疾病。,耳鼻喉科用药 | 咽喉、口腔疾病用药,口腔疾病药物 | 口腔局部治疗用皮质甾体激素类药,,,,https://www.yao86.com/%E8%A5%BF%E8%8D%AF/%E5%A4%8D%E6%96%B9%E5%9B%9B%E7%8E%AF%E7%B4%A0%E6%B3%BC%E5%B0%BC%E6%9D%BE%E8%86%9C,站点分类无法可靠映射到项目现有类别
review_missing_efficacy,,复方酵母碳酸铋片,western,,5,0.93,助消化。,消化系统用药 | 助消化药,消化药，含酶 | 酶和酸制剂，复方,,,,https://www.yao86.com/%E8%A5%BF%E8%8D%AF/%E5%A4%8D%E6%96%B9%E9%85%B5%E6%AF%8D%E7%A2%B3%E9%85%B8%E9%93%8B%E7%89%87,站点药理或 ATC 分类明确为胃肠消化用药
review_missing_efficacy,,磺胺索嘧啶片,western,,2,0.96,,,系统用抗细菌药 | 磺胺类和甲氧苄啶 | 短效磺胺类,,,,https://www.yao86.com/%E8%A5%BF%E8%8D%AF/%E7%A3%BA%E8%83%BA%E7%B4%A2%E5%98%A7%E5%95%B6%E7%89%87,站点药理或 ATC 分类明确为抗感染药
review_unclassified,,哈西奈德溶液,western,,,0.0,接触性湿疹、异位性皮炎、神经性皮炎、面积不大的银屑病、硬化性萎缩性苔藓、扁平苔藓、盘状红斑性狼疮、脂溢性皮炎(非面部)、肥厚性瘢痕。,皮肤科用药 | 肾上腺皮质激素类药,皮肤病用皮质激素制剂 | 皮质甾体激素类，单方 | 皮质类固醇类，高强（IV 组）,,,,https://www.yao86.com/%E8%A5%BF%E8%8D%AF/%E5%93%88%E8%A5%BF%E5%A5%88%E5%BE%B7%E6%BA%B6%E6%B6%B2,站点分类无法可靠映射到项目现有类别
review_missing_efficacy,,哈西奈德涂膜,western,,9,0.96,,,皮肤病用皮质激素制剂 | 皮质甾体激素类，单方 | 皮质类固醇类，高强（IV 组）,,,,https://www.yao86.com/%E8%A5%BF%E8%8D%AF/%E5%93%88%E8%A5%BF%E5%A5%88%E5%BE%B7%E6%B6%82%E8%86%9C,外用剂型且站点 ATC 分类明确为皮肤局部用药
review_missing_efficacy,,克霉唑软膏,western,,9,0.96,,,皮肤病用抗真菌药 | 局部用抗真菌药 | 咪唑和三唑衍生物,,,,https://www.yao86.com/%E8%A5%BF%E8%8D%AF/%E5%85%8B%E9%9C%89%E5%94%91%E8%BD%AF%E8%86%8F,外用剂型且站点 ATC 分类明确为皮肤局部用药
review_missing_efficacy,,复方克霉唑软膏,western,,9,0.96,,,皮肤病用抗真菌药 | 局部用抗真菌药 | 咪唑和三唑衍生物,,,,https://www.yao86.com/%E8%A5%BF%E8%8D%AF/%E5%A4%8D%E6%96%B9%E5%85%8B%E9%9C%89%E5%94%91%E8%BD%AF%E8%86%8F,外用剂型且站点 ATC 分类明确为皮肤局部用药
review_missing_efficacy,,克霉唑阴道乳膏,western,,14,0.96,,,妇科用抗感染药和灭菌药 | 抗感染药和灭菌药，与皮质甾体激素类的复方除外 | 咪唑衍生物类,,,,https://www.yao86.com/%E8%A5%BF%E8%8D%AF/%E5%85%8B%E9%9C%89%E5%94%91%E9%98%B4%E9%81%93%E4%B9%B3%E8%86%8F,站点药理或 ATC 分类明确为妇科用药
review_missing_efficacy,,双唑泰阴道膨胀栓,western,,14,0.96,,,妇科用抗感染药和灭菌药 | 抗感染药和灭菌药，与皮质甾体激素类的复方除外 | 咪唑衍生物类,,,,https://www.yao86.com/%E8%A5%BF%E8%8D%AF/%E5%8F%8C%E5%94%91%E6%B3%B0%E9%98%B4%E9%81%93%E8%86%A8%E8%83%80%E6%A0%93,站点药理或 ATC 分类明确为妇科用药
review_missing_efficacy,,盐酸卡替洛尔滴眼液,western,,9,0.94,青光眼，高眼压症。,眼科用药 | 青光眼用药,眼科用药 | 抗青光眼药和缩瞳药 | β-受体阻滞药,美开朗,,,https://www.yao86.com/%E8%A5%BF%E8%8D%AF/%E7%9B%90%E9%85%B8%E5%8D%A1%E6%9B%BF%E6%B4%9B%E5%B0%94%E6%BB%B4%E7%9C%BC%E6%B6%B2,剂型或站点分类明确为局部外用药
review_missing_efficacy,,盐酸克林霉素乳膏,western,,9,0.94,寻常性痤疮。,抗微生物药 | 其他抗生素,抗痤疮药 | 局部用抗痤疮药 | 治疗痤疮用的抗感染药,,,,https://www.yao86.com/%E8%A5%BF%E8%8D%AF/%E7%9B%90%E9%85%B8%E5%85%8B%E6%9E%97%E9%9C%89%E7%B4%A0%E4%B9%B3%E8%86%8F,剂型或站点分类明确为局部外用药
review_missing_efficacy,,盐酸克林霉素凝胶,western,,9,0.94,寻常性痤疮。,抗微生物药 | 其他抗生素,抗痤疮药 | 局部用抗痤疮药 | 治疗痤疮用的抗感染药,,,,https://www.yao86.com/%E8%A5%BF%E8%8D%AF/%E7%9B%90%E9%85%B8%E5%85%8B%E6%9E%97%E9%9C%89%E7%B4%A0%E5%87%9D%E8%83%B6,剂型或站点分类明确为局部外用药
review_unclassified,,重酒石酸卡巴拉汀胶囊,western,,,0.0,用于治疗轻、中度阿尔茨海默型痴呆的症状。,神经系统用药 | 抗痴呆药,精神兴奋药 | 抗痴呆药 | 抗胆碱酯酶类,艾斯能,,,https://www.yao86.com/%E8%A5%BF%E8%8D%AF/%E9%87%8D%E9%85%92%E7%9F%B3%E9%85%B8%E5%8D%A1%E5%B7%B4%E6%8B%89%E6%B1%80%E8%83%B6%E5%9B%8A,站点分类无法可靠映射到项目现有类别
review_unclassified,,重酒石酸卡巴拉汀片,western,,,0.0,用于治疗轻、中度阿尔茨海默型痴呆的症状。,神经系统用药 | 抗痴呆药,精神兴奋药 | 抗痴呆药 | 抗胆碱酯酶类,,,,https://www.yao86.com/%E8%A5%BF%E8%8D%AF/%E9%87%8D%E9%85%92%E7%9F%B3%E9%85%B8%E5%8D%A1%E5%B7%B4%E6%8B%89%E6%B1%80%E7%89%87,站点分类无法可靠映射到项目现有类别
review_missing_efficacy,,卡巴拉汀透皮贴剂,western,,9,0.94,,,精神兴奋药 | 抗痴呆药 | 抗胆碱酯酶类,,,,https://www.yao86.com/%E8%A5%BF%E8%8D%AF/%E5%8D%A1%E5%B7%B4%E6%8B%89%E6%B1%80%E9%80%8F%E7%9A%AE%E8%B4%B4%E5%89%82,剂型或站点分类明确为局部外用药
review_unclassified,,糠甾醇片,western,,,0.0,用于牙周病引起的牙龈出血，牙周脓肿等病症。,耳鼻喉科用药 | 咽喉、口腔疾病用药,口腔疾病药物 | 口腔局部治疗用抗感染药和灭菌药,,,,https://www.yao86.com/%E8%A5%BF%E8%8D%AF/%E7%B3%A0%E7%94%BE%E9%86%87%E7%89%87,站点分类无法可靠映射到项目现有类别
review_missing_efficacy,,陆英颗粒,tcm,,5,0.93,,和解剂 | 调和肝脾,消化系统与代谢药 | 肝、胆疾病治疗药 | 肝病治疗药,,,,https://www.yao86.com/%E4%B8%AD%E6%88%90%E8%8D%AF/%E9%99%86%E8%8B%B1%E9%A2%97%E7%B2%92,站点药理或 ATC 分类明确为胃肠消化用药
review_unclassified,,盐酸马普替林片,western,,,0.0,用于各型抑郁症。对精神分裂症后抑郁也有效。,治疗精神障碍药 | 抗抑郁药,精神兴奋药 | 抗抑郁药 | 非选择性单胺再吸收抑制药,,,,https://www.yao86.com/%E8%A5%BF%E8%8D%AF/%E7%9B%90%E9%85%B8%E9%A9%AC%E6%99%AE%E6%9B%BF%E6%9E%97%E7%89%87,站点分类无法可靠映射到项目现有类别
review_unclassified,,盐酸米安色林片,western,,,0.0,适用于药物治疗的各型抑郁症患者，能解除其抑郁症状。,治疗精神障碍药 | 抗抑郁药,精神兴奋药 | 抗抑郁药 | 其它抗抑郁药,,,,https://www.yao86.com/%E8%A5%BF%E8%8D%AF/%E7%9B%90%E9%85%B8%E7%B1%B3%E5%AE%89%E8%89%B2%E6%9E%97%E7%89%87,站点分类无法可靠映射到项目现有类别
review_missing_efficacy,,米托坦片,western,,,0.0,,,抗肿瘤药 | 其它抗肿瘤药物 | 其它抗肿瘤药,,,,https://www.yao86.com/%E8%A5%BF%E8%8D%AF/%E7%B1%B3%E6%89%98%E5%9D%A6%E7%89%87,站点分类无法可靠映射到项目现有类别
review_unclassified,,曲美替尼片,western,,,0.0,BRAF V600突变阳性不可切除或转移性黑色素瘤本品联合甲磺酸达拉非尼适用于治疗BRAF V600突变阳性的不可切除或转移性黑色素瘤患者。BRAF V600突变阳性黑色素瘤的术后辅助治疗本品联合甲磺酸达拉非尼适用于BRAF V600突变阳性的Ⅲ期黑色素瘤患者完全切除后的辅助治疗。,抗肿瘤药 | 抗肿瘤靶向药,抗肿瘤药 | 蛋白激酶抑制剂 | 丝裂原活化蛋白激酶(MEK)抑制剂,迈吉宁(MEKINIST),,,https://www.yao86.com/%E8%A5%BF%E8%8D%AF/%E6%9B%B2%E7%BE%8E%E6%9B%BF%E5%B0%BC%E7%89%87,站点分类无法可靠映射到项目现有类别
review_unclassified,,巯嘌呤片,western,,,0.0,适用于绒毛膜上皮癌，恶性葡萄胎，急性淋巴细胞白血病及急性非淋巴细胞白血病，慢性粒细胞白血病的急变期。,抗肿瘤药 | 抗代谢药,抗肿瘤药 | 代谢拮抗药 | 嘌呤同系物类,,,,https://www.yao86.com/%E8%A5%BF%E8%8D%AF/%E5%B7%AF%E5%98%8C%E5%91%A4%E7%89%87,站点分类无法可靠映射到项目现有类别
review_missing_efficacy,,氢氯噻嗪可乐定片,western,,12,0.95,抗高血压药,心血管系统用药 | 抗高血压药,抗高血压药 | 抗高血压药和利尿剂的复方 | 咪唑啉受体激动药与利尿剂复方,,,,https://www.yao86.com/%E8%A5%BF%E8%8D%AF/%E6%B0%A2%E6%B0%AF%E5%99%BB%E5%97%AA%E5%8F%AF%E4%B9%90%E5%AE%9A%E7%89%87,站点药理或 ATC 分类明确为心脑血管用药
review_unclassified,,三维樟柳碱膜,western,,,0.0,扁平苔癣，白斑和盘状狼疮的口腔损害,耳鼻喉科用药 | 咽喉、口腔疾病用药,口腔疾病药物 | 口腔局部治疗用其它药物,,,,https://www.yao86.com/%E8%A5%BF%E8%8D%AF/%E4%B8%89%E7%BB%B4%E6%A8%9F%E6%9F%B3%E7%A2%B1%E8%86%9C,站点分类无法可靠映射到项目现有类别
review_unclassified,,司坦唑醇片,western,,,0.0,(1)遗传性血管神经性水肿的预防和治疗；(2)严重创伤，慢性感染、营养不良等消耗性疾病。,激素及影响内分泌药 | 雄激素及同化激素,系统用蛋白同化药物 | 同化甾体激素类 | 雄甾烷衍生物,,,,https://www.yao86.com/%E8%A5%BF%E8%8D%AF/%E5%8F%B8%E5%9D%A6%E5%94%91%E9%86%87%E7%89%87,站点分类无法可靠映射到项目现有类别
review_missing_efficacy,,中性蛋白酶片,western,,,0.0,,,阻塞性气管疾病用药 | 其它阻塞性气管病系统用药,,,,https://www.yao86.com/%E8%A5%BF%E8%8D%AF/%E4%B8%AD%E6%80%A7%E8%9B%8B%E7%99%BD%E9%85%B6%E7%89%87,站点分类无法可靠映射到项目现有类别
review_missing_efficacy,,舍雷肽酶片,western,,1,0.95,,,咳嗽和感冒用药 | 祛痰药，与止咳药的复方除外 | 祛痰药,,,,https://www.yao86.com/%E8%A5%BF%E8%8D%AF/%E8%88%8D%E9%9B%B7%E8%82%BD%E9%85%B6%E7%89%87,站点药理分类明确为止咳或祛痰药
review_unclassified,,十一酸睾酮软胶囊,western,,,0.0,男性：通过临床特征和生化试验确认为睾酮缺乏症时，原发性或继发性性腺功能低下的睾酮补充疗法，例如：·睾丸切除后；·无睾症；·垂体功能低下；·内分泌性阳萎；·由于精子生成障碍所引起的不育症；·男性更年期症状，例如：性欲减退，脑力和体力下降等。女性：男性性别转换：·使女性男性化。,激素及影响内分泌药 | 雄激素及同化激素,性激素和生殖系统调节药 | 雄激素类 | 3-氧代雄甾-4-烯衍生物类,安特尔 Andriol Testocaps,,,https://www.yao86.com/%E8%A5%BF%E8%8D%AF/%E5%8D%81%E4%B8%80%E9%85%B8%E7%9D%BE%E9%85%AE%E8%BD%AF%E8%83%B6%E5%9B%8A,站点分类无法可靠映射到项目现有类别
review_missing_efficacy,,十一酸睾酮胶丸,western,,,0.0,,,性激素和生殖系统调节药 | 雄激素类 | 3-氧代雄甾-4-烯衍生物类,,,,https://www.yao86.com/%E8%A5%BF%E8%8D%AF/%E5%8D%81%E4%B8%80%E9%85%B8%E7%9D%BE%E9%85%AE%E8%83%B6%E4%B8%B8,站点分类无法可靠映射到项目现有类别
review_missing_efficacy,,双氯芬酸钠小丸,western,,,0.0,,,,,,,https://www.yao86.com/%E8%A5%BF%E8%8D%AF/%E5%8F%8C%E6%B0%AF%E8%8A%AC%E9%85%B8%E9%92%A0%E5%B0%8F%E4%B8%B8,站点分类无法可靠映射到项目现有类别
review_missing_efficacy,,双氯芬酸钠米索前列醇片,western,,3,0.94,,,抗炎和抗风湿药 | 非甾体抗炎药和抗风湿药 | 乙酸衍生物与其相关药物,,,,https://www.yao86.com/%E8%A5%BF%E8%8D%AF/%E5%8F%8C%E6%B0%AF%E8%8A%AC%E9%85%B8%E9%92%A0%E7%B1%B3%E7%B4%A2%E5%89%8D%E5%88%97%E9%86%87%E7%89%87,站点药理或 ATC 分类明确为镇痛/抗炎药
review_missing_efficacy,,双氯芬酸钠缓释小丸(制剂中间体),western,,,0.0,,,,,,,https://www.yao86.com/%E8%A5%BF%E8%8D%AF/%E5%8F%8C%E6%B0%AF%E8%8A%AC%E9%85%B8%E9%92%A0%E7%BC%93%E9%87%8A%E5%B0%8F%E4%B8%B8%28%E5%88%B6%E5%89%82%E4%B8%AD%E9%97%B4%E4%BD%93%29,站点分类无法可靠映射到项目现有类别
review_missing_efficacy,,双氯芬酸钠含片,western,,,0.0,,,口腔疾病药物 | 口腔局部治疗用其它药物,,,,https://www.yao86.com/%E8%A5%BF%E8%8D%AF/%E5%8F%8C%E6%B0%AF%E8%8A%AC%E9%85%B8%E9%92%A0%E5%90%AB%E7%89%87,站点分类无法可靠映射到项目现有类别
review_missing_efficacy,,头孢布烯胶囊,western,,2,0.96,,,系统用抗细菌药 | 其它β-内酰胺类抗菌药 | 第三代头孢菌素,,,,https://www.yao86.com/%E8%A5%BF%E8%8D%AF/%E5%A4%B4%E5%AD%A2%E5%B8%83%E7%83%AF%E8%83%B6%E5%9B%8A,站点药理或 ATC 分类明确为抗感染药
review_missing_efficacy,,头孢布烯干混悬剂,western,,2,0.96,,,系统用抗细菌药 | 其它β-内酰胺类抗菌药 | 第三代头孢菌素,,,,https://www.yao86.com/%E8%A5%BF%E8%8D%AF/%E5%A4%B4%E5%AD%A2%E5%B8%83%E7%83%AF%E5%B9%B2%E6%B7%B7%E6%82%AC%E5%89%82,站点药理或 ATC 分类明确为抗感染药
review_missing_efficacy,,妥拉美替尼胶囊,western,,,0.0,,,抗肿瘤药 | 蛋白激酶抑制剂 | 丝裂原活化蛋白激酶(MEK)抑制剂,,,,https://www.yao86.com/%E8%A5%BF%E8%8D%AF/%E5%A6%A5%E6%8B%89%E7%BE%8E%E6%9B%BF%E5%B0%BC%E8%83%B6%E5%9B%8A,站点分类无法可靠映射到项目现有类别
review_existing_alias,66,维生素C片,western,,7,0.96,用于预防坏血病，也可用于各种急慢性传染疾病及紫癜等的辅助治疗。,维生素、矿物质类药 | 维生素,,,,,https://www.yao86.com/%E8%A5%BF%E8%8D%AF/%E7%BB%B4%E7%94%9F%E7%B4%A0C%E7%89%87,该名称已是另一个药品的别名，未自动改写归属
review_missing_efficacy,,维生素C含片,western,,7,0.96,,,维生素类 | 抗坏血酸（维生素C），含其复方 | 抗坏血酸（维生素C），单方,,,,https://www.yao86.com/%E8%A5%BF%E8%8D%AF/%E7%BB%B4%E7%94%9F%E7%B4%A0C%E5%90%AB%E7%89%87,站点药理或 ATC 分类明确为维生素/矿物质
review_missing_efficacy,,阿司匹林维生素C肠溶胶囊,western,,3,0.94,,,镇痛药 | 其它解热镇痛药 | 水杨酸与其衍生物,,,,https://www.yao86.com/%E8%A5%BF%E8%8D%AF/%E9%98%BF%E5%8F%B8%E5%8C%B9%E6%9E%97%E7%BB%B4%E7%94%9F%E7%B4%A0C%E8%82%A0%E6%BA%B6%E8%83%B6%E5%9B%8A,站点药理或 ATC 分类明确为镇痛/抗炎药
review_missing_efficacy,,稀戊二醛溶液,western,,,0.0,消毒防腐药。,体外药物,其它所有的非治疗用品 | 工业消毒剂,,,,https://www.yao86.com/%E8%A5%BF%E8%8D%AF/%E7%A8%80%E6%88%8A%E4%BA%8C%E9%86%9B%E6%BA%B6%E6%B6%B2,站点分类无法可靠映射到项目现有类别
review_unclassified,,浓戊二醛溶液,western,,,0.0,消毒防腐药。用于动物厩舍及器具消毒。,体外药物,其它所有的非治疗用品 | 工业消毒剂,,,,https://www.yao86.com/%E8%A5%BF%E8%8D%AF/%E6%B5%93%E6%88%8A%E4%BA%8C%E9%86%9B%E6%BA%B6%E6%B6%B2,站点分类无法可靠映射到项目现有类别
review_unclassified,,乌苯美司胶囊,western,,,0.0,本品可增强免疫功能，用于抗癌化疗、放疗的辅助治疗，老年性免疫功能缺陷等。可配合化疗、放疗及联合应用于白血病、多发性骨髓瘤、骨髓增生异常综合症及造血干细胞移植后，以及其它实体瘤患者。,免疫系统用药 | 免疫增强药,抗肿瘤药 | 蛋白激酶抑制剂 | 其他蛋白激酶抑制剂,,,,https://www.yao86.com/%E8%A5%BF%E8%8D%AF/%E4%B9%8C%E8%8B%AF%E7%BE%8E%E5%8F%B8%E8%83%B6%E5%9B%8A,站点分类无法可靠映射到项目现有类别
review_unclassified,,乌苯美司片,western,,,0.0,本品可增强免疫功能，用于抗癌化疗、放疗的辅助治疗，老年性免疫功能缺陷等。可配合化疗、放疗及联合应用于白血病、多发性骨髓瘤、骨髓增生异常综合症及造血干细胞移植后，以及其它实体瘤患者。,免疫系统用药 | 免疫增强药,抗肿瘤药 | 蛋白激酶抑制剂 | 其他蛋白激酶抑制剂,,,,https://www.yao86.com/%E8%A5%BF%E8%8D%AF/%E4%B9%8C%E8%8B%AF%E7%BE%8E%E5%8F%B8%E7%89%87,站点分类无法可靠映射到项目现有类别
review_missing_efficacy,,维U颠茄铝胶囊(Ⅱ),western,,,0.0,,,治疗与胃酸分泌相关疾病的药物 | 消化道溃疡和胃食管返流病治疗药物 | 消化道溃疡和胃食管返流病治疗用其它药物,,,,https://www.yao86.com/%E8%A5%BF%E8%8D%AF/%E7%BB%B4U%E9%A2%A0%E8%8C%84%E9%93%9D%E8%83%B6%E5%9B%8A%28%E2%85%A1%29,站点分类无法可靠映射到项目现有类别
review_missing_efficacy,,维U颠茄铝胶囊(Ⅰ),western,,,0.0,,,治疗与胃酸分泌相关疾病的药物 | 消化道溃疡和胃食管返流病治疗药物 | 消化道溃疡和胃食管返流病治疗用其它药物,,,,https://www.yao86.com/%E8%A5%BF%E8%8D%AF/%E7%BB%B4U%E9%A2%A0%E8%8C%84%E9%93%9D%E8%83%B6%E5%9B%8A%28%E2%85%A0%29,站点分类无法可靠映射到项目现有类别
review_missing_efficacy,,盐酸奈福泮缓释片,western,,3,0.94,,,镇痛药 | 其它解热镇痛药,,,,https://www.yao86.com/%E8%A5%BF%E8%8D%AF/%E7%9B%90%E9%85%B8%E5%A5%88%E7%A6%8F%E6%B3%AE%E7%BC%93%E9%87%8A%E7%89%87,站点药理或 ATC 分类明确为镇痛/抗炎药
review_unclassified,,银耳孢糖肠溶胶囊,western,,,0.0,用于化、放疗和其他原因所致的白细胞减少症。亦可用于慢性迁延性肝炎和慢性活动性肝炎的辅助治疗。,免疫系统用药 | 免疫增强药,免疫促进药 | 免疫增强剂 | 其它免疫增强剂,,,,https://www.yao86.com/%E8%A5%BF%E8%8D%AF/%E9%93%B6%E8%80%B3%E5%AD%A2%E7%B3%96%E8%82%A0%E6%BA%B6%E8%83%B6%E5%9B%8A,站点分类无法可靠映射到项目现有类别
review_missing_efficacy,,盐酸帕洛诺司琼软胶囊,western,,,0.0,,,镇吐药和止呕药 | 5-羟色胺拮抗药,,,,https://www.yao86.com/%E8%A5%BF%E8%8D%AF/%E7%9B%90%E9%85%B8%E5%B8%95%E6%B4%9B%E8%AF%BA%E5%8F%B8%E7%90%BC%E8%BD%AF%E8%83%B6%E5%9B%8A,站点分类无法可靠映射到项目现有类别
review_missing_efficacy,,盐酸哌甲酯口服缓释干混悬剂,western,,,0.0,,,精神兴奋药 | 精神兴奋药，用于治疗注意力缺陷多动症药和益智药 | 中心作用的拟交感神经药,,,,https://www.yao86.com/%E8%A5%BF%E8%8D%AF/%E7%9B%90%E9%85%B8%E5%93%8C%E7%94%B2%E9%85%AF%E5%8F%A3%E6%9C%8D%E7%BC%93%E9%87%8A%E5%B9%B2%E6%B7%B7%E6%82%AC%E5%89%82,站点分类无法可靠映射到项目现有类别
review_missing_efficacy,,盐酸哌甲酯缓释咀嚼片,western,,,0.0,,,精神兴奋药 | 精神兴奋药，用于治疗注意力缺陷多动症药和益智药 | 中心作用的拟交感神经药,,,,https://www.yao86.com/%E8%A5%BF%E8%8D%AF/%E7%9B%90%E9%85%B8%E5%93%8C%E7%94%B2%E9%85%AF%E7%BC%93%E9%87%8A%E5%92%80%E5%9A%BC%E7%89%87,站点分类无法可靠映射到项目现有类别
review_missing_efficacy,,伐昔洛韦片,western,,2,0.96,,,系统用抗病毒药 | 直接作用的抗病毒药 | 核苷类和核苷酸类药，逆转录酶抑制药除外,,,,https://www.yao86.com/%E8%A5%BF%E8%8D%AF/%E4%BC%90%E6%98%94%E6%B4%9B%E9%9F%A6%E7%89%87,站点药理或 ATC 分类明确为抗感染药
review_missing_efficacy,,盐酸地拉卓片,western,,,0.0,,,心脏病治疗用药 | 治疗心脏病用血管舒张药 | 治疗心脏病用其它血管舒张药,,,,https://www.yao86.com/%E8%A5%BF%E8%8D%AF/%E7%9B%90%E9%85%B8%E5%9C%B0%E6%8B%89%E5%8D%93%E7%89%87,站点分类无法可靠映射到项目现有类别
review_missing_efficacy,,盐酸丁咯地尔控释片,western,,,0.0,,,外周血管扩张剂 | 其它外周血管扩张剂,,,,https://www.yao86.com/%E8%A5%BF%E8%8D%AF/%E7%9B%90%E9%85%B8%E4%B8%81%E5%92%AF%E5%9C%B0%E5%B0%94%E6%8E%A7%E9%87%8A%E7%89%87,站点分类无法可靠映射到项目现有类别
review_missing_efficacy,,盐酸丁咯地尔糖衣片,western,,,0.0,,,外周血管扩张剂 | 其它外周血管扩张剂,,,,https://www.yao86.com/%E8%A5%BF%E8%8D%AF/%E7%9B%90%E9%85%B8%E4%B8%81%E5%92%AF%E5%9C%B0%E5%B0%94%E7%B3%96%E8%A1%A3%E7%89%87,站点分类无法可靠映射到项目现有类别
review_missing_efficacy,,紫草丸,tcm,,13,0.9,,,,,,,https://www.yao86.com/%E4%B8%AD%E6%88%90%E8%8D%AF/%E7%B4%AB%E8%8D%89%E4%B8%B8,站点明确收录为中成药，未命中更具体项目类别
review_missing_efficacy,,安络痛浸膏,western,,,0.0,,,,,,,https://www.yao86.com/%E8%A5%BF%E8%8D%AF/%E5%AE%89%E7%BB%9C%E7%97%9B%E6%B5%B8%E8%86%8F,站点分类无法可靠映射到项目现有类别
review_unclassified,,盐酸阿扎司琼片,western,,,0.0,适用于治疗由服用抗恶性肿瘤药（顺铂等）引起的恶心、呕吐等消化道症状。,抗肿瘤药 | 抗肿瘤辅助药,镇吐药和止呕药 | 5-羟色胺拮抗药,,,,https://www.yao86.com/%E8%A5%BF%E8%8D%AF/%E7%9B%90%E9%85%B8%E9%98%BF%E6%89%8E%E5%8F%B8%E7%90%BC%E7%89%87,站点分类无法可靠映射到项目现有类别
review_unclassified,,阿瑞匹坦胶囊,western,,,0.0,阿瑞匹坦胶囊与其它止吐药物联合给药，适用于预防高度致吐性抗肿瘤化疗的初次和重复治疗过程中出现的急性和迟发性恶心和呕吐(参见“用法用量”)。,抗肿瘤药 | 抗肿瘤辅助药,镇吐药和止呕药 | 其它镇吐药,,,,https://www.yao86.com/%E8%A5%BF%E8%8D%AF/%E9%98%BF%E7%91%9E%E5%8C%B9%E5%9D%A6%E8%83%B6%E5%9B%8A,站点分类无法可靠映射到项目现有类别
review_missing_efficacy,,艾司奥美拉唑镁肠溶口服干混悬剂,western,,,0.0,,,治疗与胃酸分泌相关疾病的药物 | 消化道溃疡和胃食管返流病治疗药物 | 质子泵抑制药,,,,https://www.yao86.com/%E8%A5%BF%E8%8D%AF/%E8%89%BE%E5%8F%B8%E5%A5%A5%E7%BE%8E%E6%8B%89%E5%94%91%E9%95%81%E8%82%A0%E6%BA%B6%E5%8F%A3%E6%9C%8D%E5%B9%B2%E6%B7%B7%E6%82%AC%E5%89%82,站点分类无法可靠映射到项目现有类别
review_missing_efficacy,,艾司奥美拉唑镁碳酸氢钠胶囊,western,,,0.0,,,治疗与胃酸分泌相关疾病的药物 | 消化道溃疡和胃食管返流病治疗药物 | 质子泵抑制药,,,,https://www.yao86.com/%E8%A5%BF%E8%8D%AF/%E8%89%BE%E5%8F%B8%E5%A5%A5%E7%BE%8E%E6%8B%89%E5%94%91%E9%95%81%E7%A2%B3%E9%85%B8%E6%B0%A2%E9%92%A0%E8%83%B6%E5%9B%8A,站点分类无法可靠映射到项目现有类别
review_missing_efficacy,,氨苄青霉素干糖浆,western,,2,0.96,,,系统用抗细菌药 | β-内酰胺抗菌药，青霉素类 | 广谱青霉素类,,,,https://www.yao86.com/%E8%A5%BF%E8%8D%AF/%E6%B0%A8%E8%8B%84%E9%9D%92%E9%9C%89%E7%B4%A0%E5%B9%B2%E7%B3%96%E6%B5%86,站点药理或 ATC 分类明确为抗感染药
review_missing_efficacy,,阿莫西林克拉维酸钾干混悬剂(4:1),western,,2,0.96,,,系统用抗细菌药 | β-内酰胺抗菌药，青霉素类 | 青霉素（含β-内酰胺酶抑制剂）类的复方,,,,https://www.yao86.com/%E8%A5%BF%E8%8D%AF/%E9%98%BF%E8%8E%AB%E8%A5%BF%E6%9E%97%E5%85%8B%E6%8B%89%E7%BB%B4%E9%85%B8%E9%92%BE%E5%B9%B2%E6%B7%B7%E6%82%AC%E5%89%82%284:1%29,站点药理或 ATC 分类明确为抗感染药
review_missing_efficacy,,阿莫西林克拉维酸钾咀嚼片(2:1),western,,2,0.96,,,系统用抗细菌药 | β-内酰胺抗菌药，青霉素类 | 青霉素（含β-内酰胺酶抑制剂）类的复方,,,,https://www.yao86.com/%E8%A5%BF%E8%8D%AF/%E9%98%BF%E8%8E%AB%E8%A5%BF%E6%9E%97%E5%85%8B%E6%8B%89%E7%BB%B4%E9%85%B8%E9%92%BE%E5%92%80%E5%9A%BC%E7%89%87%282:1%29,站点药理或 ATC 分类明确为抗感染药
review_missing_efficacy,,阿莫西林氟氯西林钠胶囊,western,,2,0.96,,,系统用抗细菌药 | β-内酰胺抗菌药，青霉素类 | 青霉素（含β-内酰胺酶抑制剂）类的复方,,,,https://www.yao86.com/%E8%A5%BF%E8%8D%AF/%E9%98%BF%E8%8E%AB%E8%A5%BF%E6%9E%97%E6%B0%9F%E6%B0%AF%E8%A5%BF%E6%9E%97%E9%92%A0%E8%83%B6%E5%9B%8A,站点药理或 ATC 分类明确为抗感染药
review_missing_efficacy,,阿莫西林克拉维酸钾(1:2)颗粒,western,,2,0.96,,,系统用抗细菌药 | β-内酰胺抗菌药，青霉素类 | 青霉素（含β-内酰胺酶抑制剂）类的复方,,,,https://www.yao86.com/%E8%A5%BF%E8%8D%AF/%E9%98%BF%E8%8E%AB%E8%A5%BF%E6%9E%97%E5%85%8B%E6%8B%89%E7%BB%B4%E9%85%B8%E9%92%BE%281:2%29%E9%A2%97%E7%B2%92,站点药理或 ATC 分类明确为抗感染药
review_missing_efficacy,,阿莫西林克拉维酸钾(4:1)咀嚼片,western,,2,0.96,,,系统用抗细菌药 | β-内酰胺抗菌药，青霉素类 | 青霉素（含β-内酰胺酶抑制剂）类的复方,,,,https://www.yao86.com/%E8%A5%BF%E8%8D%AF/%E9%98%BF%E8%8E%AB%E8%A5%BF%E6%9E%97%E5%85%8B%E6%8B%89%E7%BB%B4%E9%85%B8%E9%92%BE%284:1%29%E5%92%80%E5%9A%BC%E7%89%87,站点药理或 ATC 分类明确为抗感染药
review_missing_efficacy,,阿莫西林克拉维酸钾咀嚼片,western,,2,0.96,,,系统用抗细菌药 | β-内酰胺抗菌药，青霉素类 | 青霉素（含β-内酰胺酶抑制剂）类的复方,,,,https://www.yao86.com/%E8%A5%BF%E8%8D%AF/%E9%98%BF%E8%8E%AB%E8%A5%BF%E6%9E%97%E5%85%8B%E6%8B%89%E7%BB%B4%E9%85%B8%E9%92%BE%E5%92%80%E5%9A%BC%E7%89%87,站点药理或 ATC 分类明确为抗感染药
review_missing_efficacy,,阿莫西林克拉维酸钾干混悬剂(14:1),western,,2,0.96,,,系统用抗细菌药 | β-内酰胺抗菌药，青霉素类 | 青霉素（含β-内酰胺酶抑制剂）类的复方,,,,https://www.yao86.com/%E8%A5%BF%E8%8D%AF/%E9%98%BF%E8%8E%AB%E8%A5%BF%E6%9E%97%E5%85%8B%E6%8B%89%E7%BB%B4%E9%85%B8%E9%92%BE%E5%B9%B2%E6%B7%B7%E6%82%AC%E5%89%82%2814:1%29,站点药理或 ATC 分类明确为抗感染药
review_missing_efficacy,,阿莫西林肠溶片,western,,2,0.96,,,系统用抗细菌药 | β-内酰胺抗菌药，青霉素类 | 广谱青霉素类,,,,https://www.yao86.com/%E8%A5%BF%E8%8D%AF/%E9%98%BF%E8%8E%AB%E8%A5%BF%E6%9E%97%E8%82%A0%E6%BA%B6%E7%89%87,站点药理或 ATC 分类明确为抗感染药
review_missing_efficacy,,阿莫西林舒巴坦片,western,,2,0.96,,,系统用抗细菌药 | 抗菌药复方,,,,https://www.yao86.com/%E8%A5%BF%E8%8D%AF/%E9%98%BF%E8%8E%AB%E8%A5%BF%E6%9E%97%E8%88%92%E5%B7%B4%E5%9D%A6%E7%89%87,站点药理或 ATC 分类明确为抗感染药
review_missing_efficacy,,阿莫西林钠克拉维酸钾无菌粉(5:1),western,,,0.0,,,,,,,https://www.yao86.com/%E8%A5%BF%E8%8D%AF/%E9%98%BF%E8%8E%AB%E8%A5%BF%E6%9E%97%E9%92%A0%E5%85%8B%E6%8B%89%E7%BB%B4%E9%85%B8%E9%92%BE%E6%97%A0%E8%8F%8C%E7%B2%89%285:1%29,站点分类无法可靠映射到项目现有类别
review_unclassified,,阿仑膦酸钠维D3片(Ⅱ),western,,,0.0,本品适用于：·治疗绝经后妇女骨质疏松症以增加骨量，并降低骨折发生率，包括髋部和椎骨骨折(椎体压缩性骨折)。·治疗男性骨质疏松症以增加骨量。,激素及影响内分泌药 | 钙代谢调节药及抗骨质疏松药,骨病治疗药 | 影响骨结构与其矿物质化的药物 | 双膦酸盐类，复方,,,,https://www.yao86.com/%E8%A5%BF%E8%8D%AF/%E9%98%BF%E4%BB%91%E8%86%A6%E9%85%B8%E9%92%A0%E7%BB%B4D3%E7%89%87%28%E2%85%A1%29,站点分类无法可靠映射到项目现有类别
review_unclassified,,阿仑膦酸钠维D3片,western,,,0.0,本品适用于：•治疗绝经后妇女骨质疏松症以增加骨量，并降低骨折发生率，包括髋部和椎骨骨折(椎体压缩性骨折)。•治疗男性骨质疏松症以增加骨量。,激素及影响内分泌药 | 钙代谢调节药及抗骨质疏松药,骨病治疗药 | 影响骨结构与其矿物质化的药物 | 双膦酸盐类，复方,,,,https://www.yao86.com/%E8%A5%BF%E8%8D%AF/%E9%98%BF%E4%BB%91%E8%86%A6%E9%85%B8%E9%92%A0%E7%BB%B4D3%E7%89%87,站点分类无法可靠映射到项目现有类别
review_missing_efficacy,,苯甲酸苄酯凝胶,western,,9,0.94,,,抗体外寄生虫药（包括杀疥虫药、杀虫剂及驱虫剂） | 抗体外寄生虫药（含杀疥螨药） | 其它抗体外寄生虫药，含杀疥螨药,,,,https://www.yao86.com/%E8%A5%BF%E8%8D%AF/%E8%8B%AF%E7%94%B2%E9%85%B8%E8%8B%84%E9%85%AF%E5%87%9D%E8%83%B6,剂型或站点分类明确为局部外用药
review_missing_efficacy,,参牛胶囊,tcm,,13,0.9,暂无数据,理血剂 | 益气活血,补气补血药物 | 其他补气补血药物,,,,https://www.yao86.com/%E4%B8%AD%E6%88%90%E8%8D%AF/%E5%8F%82%E7%89%9B%E8%83%B6%E5%9B%8A,站点明确收录为中成药，未命中更具体项目类别
review_missing_efficacy,,虫草壮元酒,tcm,,13,0.9,,,,,,,https://www.yao86.com/%E4%B8%AD%E6%88%90%E8%8D%AF/%E8%99%AB%E8%8D%89%E5%A3%AE%E5%85%83%E9%85%92,站点明确收录为中成药，未命中更具体项目类别
review_missing_efficacy,,苯扎贝特缓释片,western,,11,0.95,,,血脂调节剂 | 血脂调节剂，单方 | 贝特类,,,,https://www.yao86.com/%E8%A5%BF%E8%8D%AF/%E8%8B%AF%E6%89%8E%E8%B4%9D%E7%89%B9%E7%BC%93%E9%87%8A%E7%89%87,站点药理或 ATC 分类明确为慢性病长期用药
review_unclassified,,盐酸苯海索片,western,,,0.0,用于帕金森病、帕金森综合征。也可用于药物引起的锥体外系疾患。,神经系统用药 | 抗震颤麻痹药,抗震颤麻痹药 | 抗胆碱能药 | 叔胺类,,,,https://www.yao86.com/%E8%A5%BF%E8%8D%AF/%E7%9B%90%E9%85%B8%E8%8B%AF%E6%B5%B7%E7%B4%A2%E7%89%87,站点分类无法可靠映射到项目现有类别
review_unclassified,,吡贝地尔缓释片,western,,,0.0,-用于帕金森病的治疗：·作为单药治疗·与左旋多巴联合用药,神经系统用药 | 抗震颤麻痹药,抗震颤麻痹药 | 多巴胺能类药 | 多巴胺促效药类,泰舒达 Trastal,,,https://www.yao86.com/%E8%A5%BF%E8%8D%AF/%E5%90%A1%E8%B4%9D%E5%9C%B0%E5%B0%94%E7%BC%93%E9%87%8A%E7%89%87,站点分类无法可靠映射到项目现有类别
review_missing_efficacy,,丙氧氨酚复方片,western,,3,0.94,,,镇痛药 | 阿片碱类 | 二苯丙胺衍生物,,,,https://www.yao86.com/%E8%A5%BF%E8%8D%AF/%E4%B8%99%E6%B0%A7%E6%B0%A8%E9%85%9A%E5%A4%8D%E6%96%B9%E7%89%87,站点药理或 ATC 分类明确为镇痛/抗炎药
review_missing_efficacy,,丙氧匹林片,western,,3,0.94,,,镇痛药 | 阿片碱类 | 二苯丙胺衍生物,,,,https://www.yao86.com/%E8%A5%BF%E8%8D%AF/%E4%B8%99%E6%B0%A7%E5%8C%B9%E6%9E%97%E7%89%87,站点药理或 ATC 分类明确为镇痛/抗炎药
review_missing_efficacy,,薄荷尿素贴膏,western,,9,0.94,用于手、足皲裂。,皮肤科用药 | 角质溶解药,润肤药和护肤药 | 脲类,,,,https://www.yao86.com/%E8%A5%BF%E8%8D%AF/%E8%96%84%E8%8D%B7%E5%B0%BF%E7%B4%A0%E8%B4%B4%E8%86%8F,剂型或站点分类明确为局部外用药
review_missing_efficacy,,雌二醇贴片,western,,,0.0,,,性激素和生殖系统调节药 | 雌激素类 | 天然和半合成的雌激素类，单方,,,,https://www.yao86.com/%E8%A5%BF%E8%8D%AF/%E9%9B%8C%E4%BA%8C%E9%86%87%E8%B4%B4%E7%89%87,站点分类无法可靠映射到项目现有类别
review_missing_efficacy,,半水合雌二醇贴片,western,,,0.0,,,性激素和生殖系统调节药 | 雌激素类 | 天然和半合成的雌激素类，单方,,,,https://www.yao86.com/%E8%A5%BF%E8%8D%AF/%E5%8D%8A%E6%B0%B4%E5%90%88%E9%9B%8C%E4%BA%8C%E9%86%87%E8%B4%B4%E7%89%87,站点分类无法可靠映射到项目现有类别
review_missing_efficacy,,雌二醇炔诺酮片,western,,14,0.96,,,性激素和生殖系统调节药 | 系统用激素类避孕药 | 孕激素和雌激素，固定复方,,,,https://www.yao86.com/%E8%A5%BF%E8%8D%AF/%E9%9B%8C%E4%BA%8C%E9%86%87%E7%82%94%E8%AF%BA%E9%85%AE%E7%89%87,站点药理或 ATC 分类明确为妇科用药
review_missing_efficacy,,雌二醇醋酸炔诺酮片,western,,,0.0,,,性激素和生殖系统调节药 | 雌激素类 | 天然和半合成的雌激素类，单方,,,,https://www.yao86.com/%E8%A5%BF%E8%8D%AF/%E9%9B%8C%E4%BA%8C%E9%86%87%E9%86%8B%E9%85%B8%E7%82%94%E8%AF%BA%E9%85%AE%E7%89%87,站点分类无法可靠映射到项目现有类别
review_missing_efficacy,,雌二醇阴道片,western,,14,0.96,,,性激素和生殖系统调节药 | 雌激素类 | 天然和半合成的雌激素类，单方,,,,https://www.yao86.com/%E8%A5%BF%E8%8D%AF/%E9%9B%8C%E4%BA%8C%E9%86%87%E9%98%B4%E9%81%93%E7%89%87,站点药理或 ATC 分类明确为妇科用药
review_missing_efficacy,,雌二醇缓释透皮贴片,western,,,0.0,,,性激素和生殖系统调节药 | 雌激素类 | 天然和半合成的雌激素类，单方,,,,https://www.yao86.com/%E8%A5%BF%E8%8D%AF/%E9%9B%8C%E4%BA%8C%E9%86%87%E7%BC%93%E9%87%8A%E9%80%8F%E7%9A%AE%E8%B4%B4%E7%89%87,站点分类无法可靠映射到项目现有类别
review_unclassified,,酒石酸长春瑞滨软胶囊,western,,,0.0,本品可用于ⅢB～Ⅳ期非小细胞肺癌，伴肺外转移，且不能耐受静脉给药的患者。,抗肿瘤药 | 抗肿瘤植物成分药,抗肿瘤药 | 植物生物碱和其它天然药物 | 长春花属生物碱与其同系物类,,,,https://www.yao86.com/%E8%A5%BF%E8%8D%AF/%E9%85%92%E7%9F%B3%E9%85%B8%E9%95%BF%E6%98%A5%E7%91%9E%E6%BB%A8%E8%BD%AF%E8%83%B6%E5%9B%8A,站点分类无法可靠映射到项目现有类别
review_missing_efficacy,,醋酸去氨加压素口服溶液,western,,,0.0,,,垂体和下丘脑激素与其类似药物 | 垂体后叶激素 | 加压素与其类似药物,,,,https://www.yao86.com/%E8%A5%BF%E8%8D%AF/%E9%86%8B%E9%85%B8%E5%8E%BB%E6%B0%A8%E5%8A%A0%E5%8E%8B%E7%B4%A0%E5%8F%A3%E6%9C%8D%E6%BA%B6%E6%B6%B2,站点分类无法可靠映射到项目现有类别
review_missing_efficacy,,的确神药酒,tcm,,13,0.9,,,,,,,https://www.yao86.com/%E4%B8%AD%E6%88%90%E8%8D%AF/%E7%9A%84%E7%A1%AE%E7%A5%9E%E8%8D%AF%E9%85%92,站点明确收录为中成药，未命中更具体项目类别
review_missing_efficacy,,帝王春药酒,tcm,,13,0.9,,,,,,,https://www.yao86.com/%E4%B8%AD%E6%88%90%E8%8D%AF/%E5%B8%9D%E7%8E%8B%E6%98%A5%E8%8D%AF%E9%85%92,站点明确收录为中成药，未命中更具体项目类别
review_missing_efficacy,,丁苯羟酸乳膏,western,,9,0.94,,,关节和肌肉疼痛局部用药 | 局部用非甾体消抗炎药,,,,https://www.yao86.com/%E8%A5%BF%E8%8D%AF/%E4%B8%81%E8%8B%AF%E7%BE%9F%E9%85%B8%E4%B9%B3%E8%86%8F,剂型或站点分类明确为局部外用药
review_unclassified,,碘番酸片,western,,,0.0,X线诊断用阳性造影剂，用于胆囊及胆管造影。,诊断用药 | 造影剂,造影剂 | X射线造影剂，碘化剂 | 水溶性、亲肝的X射线造影剂,,,,https://www.yao86.com/%E8%A5%BF%E8%8D%AF/%E7%A2%98%E7%95%AA%E9%85%B8%E7%89%87,站点分类无法可靠映射到项目现有类别
review_missing_efficacy,,胰酶胆汁肠溶片,western,,,0.0,,,消化药，含酶 | 酶制剂,,,,https://www.yao86.com/%E8%A5%BF%E8%8D%AF/%E8%83%B0%E9%85%B6%E8%83%86%E6%B1%81%E8%82%A0%E6%BA%B6%E7%89%87,站点分类无法可靠映射到项目现有类别
review_missing_efficacy,,复方淀粉酶口服溶液,western,,,0.0,,,消化药，含酶 | 酶制剂,,,,https://www.yao86.com/%E8%A5%BF%E8%8D%AF/%E5%A4%8D%E6%96%B9%E6%B7%80%E7%B2%89%E9%85%B6%E5%8F%A3%E6%9C%8D%E6%BA%B6%E6%B6%B2,站点分类无法可靠映射到项目现有类别
review_unclassified,,盐酸多塞平片,western,,,0.0,用于治疗抑郁症及焦虑性神经症。,治疗精神障碍药 | 抗抑郁药,精神兴奋药 | 抗抑郁药 | 非选择性单胺再吸收抑制药,,,,https://www.yao86.com/%E8%A5%BF%E8%8D%AF/%E7%9B%90%E9%85%B8%E5%A4%9A%E5%A1%9E%E5%B9%B3%E7%89%87,站点分类无法可靠映射到项目现有类别
review_missing_efficacy,,多替拉韦利匹韦林片,western,,2,0.96,,,系统用抗病毒药 | 直接作用的抗病毒药 | 治疗HIV感染的抗病毒药，复方,,,,https://www.yao86.com/%E8%A5%BF%E8%8D%AF/%E5%A4%9A%E6%9B%BF%E6%8B%89%E9%9F%A6%E5%88%A9%E5%8C%B9%E9%9F%A6%E6%9E%97%E7%89%87,站点药理或 ATC 分类明确为抗感染药
review_missing_efficacy,,多替拉韦钠分散片,western,,2,0.96,,,系统用抗病毒药 | 直接作用的抗病毒药 | 其它抗病毒药,,,,https://www.yao86.com/%E8%A5%BF%E8%8D%AF/%E5%A4%9A%E6%9B%BF%E6%8B%89%E9%9F%A6%E9%92%A0%E5%88%86%E6%95%A3%E7%89%87,站点药理或 ATC 分类明确为抗感染药
review_unclassified,,甲磺酸达拉非尼胶囊,western,,,0.0,BRAF V600突变阳性不可切除或转移性黑色素瘤本品联合曲美替尼适用于治疗BRAF V600突变阳性的不可切除或转移性黑色素瘤患者。BRAF V600突变阳性黑色素瘤的术后辅助治疗本品联合曲美替尼适用于BRAF V600突变阳性的Ⅲ期黑色素瘤患者完全切除后的辅助治疗。,抗肿瘤药 | 其他抗肿瘤药,抗肿瘤药 | 蛋白激酶抑制剂 | B-Raf丝氨酸-苏氨酸激酶(BRAF)抑制剂,泰菲乐Tafinlar,,,https://www.yao86.com/%E8%A5%BF%E8%8D%AF/%E7%94%B2%E7%A3%BA%E9%85%B8%E8%BE%BE%E6%8B%89%E9%9D%9E%E5%B0%BC%E8%83%B6%E5%9B%8A,站点分类无法可靠映射到项目现有类别
review_missing_efficacy,,复方硝酸益康唑软膏,western,,9,0.96,,,皮肤病用抗真菌药 | 局部用抗真菌药 | 咪唑和三唑衍生物,,,,https://www.yao86.com/%E8%A5%BF%E8%8D%AF/%E5%A4%8D%E6%96%B9%E7%A1%9D%E9%85%B8%E7%9B%8A%E5%BA%B7%E5%94%91%E8%BD%AF%E8%86%8F,外用剂型且站点 ATC 分类明确为皮肤局部用药
review_missing_efficacy,,复方羟乙桂胺乳膏,western,,9,0.94,,,麻醉药 | 局部麻醉药 | 酰胺类,,,,https://www.yao86.com/%E8%A5%BF%E8%8D%AF/%E5%A4%8D%E6%96%B9%E7%BE%9F%E4%B9%99%E6%A1%82%E8%83%BA%E4%B9%B3%E8%86%8F,剂型或站点分类明确为局部外用药
review_missing_efficacy,,复方过碳酸钠释氧剂,western,,,0.0,,,,,,,https://www.yao86.com/%E8%A5%BF%E8%8D%AF/%E5%A4%8D%E6%96%B9%E8%BF%87%E7%A2%B3%E9%85%B8%E9%92%A0%E9%87%8A%E6%B0%A7%E5%89%82,站点分类无法可靠映射到项目现有类别
review_missing_efficacy,,复方醋酸曲安奈德滴耳液,western,,9,0.94,,,耳科用药 | 抗感染药,,,,https://www.yao86.com/%E8%A5%BF%E8%8D%AF/%E5%A4%8D%E6%96%B9%E9%86%8B%E9%85%B8%E6%9B%B2%E5%AE%89%E5%A5%88%E5%BE%B7%E6%BB%B4%E8%80%B3%E6%B6%B2,剂型或站点分类明确为局部外用药
review_missing_efficacy,,薄荷油,western,,,0.0,,,,,,,https://www.yao86.com/%E8%A5%BF%E8%8D%AF/%E8%96%84%E8%8D%B7%E6%B2%B9,站点分类无法可靠映射到项目现有类别
review_missing_efficacy,,复方龙脑樟脑油,western,,,0.0,,,关节和肌肉疼痛局部用药 | 其它关节和肌肉疼痛的局部用药,,,,https://www.yao86.com/%E8%A5%BF%E8%8D%AF/%E5%A4%8D%E6%96%B9%E9%BE%99%E8%84%91%E6%A8%9F%E8%84%91%E6%B2%B9,站点分类无法可靠映射到项目现有类别
review_unclassified,,复方萘甲唑啉喷剂,western,,,0.0,用于急、慢性鼻炎、鼻窦炎以及过敏性鼻炎发作期。,耳鼻喉科用药 | 鼻部疾病用药,鼻用制剂 | 减充血药和其它鼻腔局部用药 | 拟交感神经药与非皮质甾体激素类药的复方,,,,https://www.yao86.com/%E8%A5%BF%E8%8D%AF/%E5%A4%8D%E6%96%B9%E8%90%98%E7%94%B2%E5%94%91%E5%95%89%E5%96%B7%E5%89%82,站点分类无法可靠映射到项目现有类别
review_unclassified,,复方碳酸氢钠片,western,,,0.0,抗酸药。用于碱化尿液及酸血症，也可用于胃酸。,泌尿系统用药 | 其他泌尿系统药,治疗与胃酸分泌相关疾病的药物 | 治酸药 | 配有碳酸氢钠的治酸药,,,,https://www.yao86.com/%E8%A5%BF%E8%8D%AF/%E5%A4%8D%E6%96%B9%E7%A2%B3%E9%85%B8%E6%B0%A2%E9%92%A0%E7%89%87,站点分类无法可靠映射到项目现有类别
review_missing_efficacy,,桂附地黄颗粒,tcm,,13,0.9,,补益剂 | 补阳,生殖泌尿系统药物 | 泌尿系统药物 | 补肾药物（勃起机能障碍用药）,,,,https://www.yao86.com/%E4%B8%AD%E6%88%90%E8%8D%AF/%E6%A1%82%E9%99%84%E5%9C%B0%E9%BB%84%E9%A2%97%E7%B2%92,站点明确收录为中成药，未命中更具体项目类别
review_missing_efficacy,,关节炎丸,tcm,,13,0.9,,,,,,,https://www.yao86.com/%E4%B8%AD%E6%88%90%E8%8D%AF/%E5%85%B3%E8%8A%82%E7%82%8E%E4%B8%B8,站点明确收录为中成药，未命中更具体项目类别
review_unclassified,,复方颠茄维B6片,western,,,0.0,本品用于减轻和避免口服复方长效避孕药时发生恶心、头晕、困倦等不良反应。,神经系统用药 | 其他神经系统用药,镇吐药和止呕药 | 其它镇吐药,,,,https://www.yao86.com/%E8%A5%BF%E8%8D%AF/%E5%A4%8D%E6%96%B9%E9%A2%A0%E8%8C%84%E7%BB%B4B6%E7%89%87,站点分类无法可靠映射到项目现有类别
review_unclassified,,复方吡拉西坦脑蛋白水解物片,western,,,0.0,1、急慢性脑血管病、脑外伤，各种中毒性脑病等各种原因引起的脑神经功能障碍及记忆力减退。2．先天性脑发育不全，儿童智能发育迟缓，老年性痴呆。3、中枢神经系统感染，病毒性脑膜炎，化脓性脑膜炎，精神病。,治疗精神障碍药 | 抗精神病药,精神兴奋药 | 精神兴奋药，用于治疗注意力缺陷多动症药和益智药 | 其它精神兴奋药和益智药,,,,https://www.yao86.com/%E8%A5%BF%E8%8D%AF/%E5%A4%8D%E6%96%B9%E5%90%A1%E6%8B%89%E8%A5%BF%E5%9D%A6%E8%84%91%E8%9B%8B%E7%99%BD%E6%B0%B4%E8%A7%A3%E7%89%A9%E7%89%87,站点分类无法可靠映射到项目现有类别
review_unclassified,,氟唑帕利胶囊,western,,,0.0,氟唑帕利胶囊用于治疗既往经过二线及以上化疗的伴有 BRCA1/2 致病性或疑似致病性突变的复发性卵巢癌患者。,抗肿瘤药 | 其他抗肿瘤药,抗肿瘤药 | 其它抗肿瘤药物 | 聚（ADP-核糖）聚合酶(PARP)抑制剂,艾瑞颐,,,https://www.yao86.com/%E8%A5%BF%E8%8D%AF/%E6%B0%9F%E5%94%91%E5%B8%95%E5%88%A9%E8%83%B6%E5%9B%8A,站点分类无法可靠映射到项目现有类别
review_unclassified,,甘油醇溶液,western,,,0.0,用于滋润皮肤，防止干燥皱裂。,皮肤科用药 | 其他皮肤科药,润肤药和护肤药 | 软石蜡和脂肪类,,,,https://www.yao86.com/%E8%A5%BF%E8%8D%AF/%E7%94%98%E6%B2%B9%E9%86%87%E6%BA%B6%E6%B6%B2,站点分类无法可靠映射到项目现有类别
review_missing_efficacy,,鬼臼根树脂溶液,western,,2,0.96,,皮肤科用药 | 其他皮肤科药,皮肤病用抗生素和化学治疗药物 | 局部用化疗药 | 抗病毒药,PODOFILM尤力青,,,https://www.yao86.com/%E8%A5%BF%E8%8D%AF/%E9%AC%BC%E8%87%BC%E6%A0%B9%E6%A0%91%E8%84%82%E6%BA%B6%E6%B6%B2,站点药理或 ATC 分类明确为抗感染药
review_missing_efficacy,,琥珀酸地文拉法辛缓释片,western,,,0.0,,,精神兴奋药 | 抗抑郁药 | 其它抗抑郁药,,,,https://www.yao86.com/%E8%A5%BF%E8%8D%AF/%E7%90%A5%E7%8F%80%E9%85%B8%E5%9C%B0%E6%96%87%E6%8B%89%E6%B3%95%E8%BE%9B%E7%BC%93%E9%87%8A%E7%89%87,站点分类无法可靠映射到项目现有类别
review_missing_efficacy,,琥珀酸美托洛尔包衣颗粒,western,,,0.0,,,,,,,https://www.yao86.com/%E8%A5%BF%E8%8D%AF/%E7%90%A5%E7%8F%80%E9%85%B8%E7%BE%8E%E6%89%98%E6%B4%9B%E5%B0%94%E5%8C%85%E8%A1%A3%E9%A2%97%E7%B2%92,站点分类无法可靠映射到项目现有类别
review_missing_efficacy,,磺胺二甲嘧啶片,western,,2,0.96,,,系统用抗细菌药 | 磺胺类和甲氧苄啶 | 短效磺胺类,,,,https://www.yao86.com/%E8%A5%BF%E8%8D%AF/%E7%A3%BA%E8%83%BA%E4%BA%8C%E7%94%B2%E5%98%A7%E5%95%B6%E7%89%87,站点药理或 ATC 分类明确为抗感染药
review_missing_efficacy,,磺胺二甲嘧啶混悬液,western,,2,0.96,,,系统用抗细菌药 | 磺胺类和甲氧苄啶 | 短效磺胺类,,,,https://www.yao86.com/%E8%A5%BF%E8%8D%AF/%E7%A3%BA%E8%83%BA%E4%BA%8C%E7%94%B2%E5%98%A7%E5%95%B6%E6%B7%B7%E6%82%AC%E6%B6%B2,站点药理或 ATC 分类明确为抗感染药
review_missing_efficacy,,磺胺二甲嘧啶干混悬剂,western,,2,0.96,,,系统用抗细菌药 | 磺胺类和甲氧苄啶 | 短效磺胺类,,,,https://www.yao86.com/%E8%A5%BF%E8%8D%AF/%E7%A3%BA%E8%83%BA%E4%BA%8C%E7%94%B2%E5%98%A7%E5%95%B6%E5%B9%B2%E6%B7%B7%E6%82%AC%E5%89%82,站点药理或 ATC 分类明确为抗感染药
review_unclassified,,环孢素口服溶液,western,,,0.0,1．适用于预防和治疗同种异体器官移植或骨髓移植所发生的排斥反应或移植物抗宿主反应。2．经其他免疫抑制剂治疗无效的狼疮肾炎、难治性肾病综合症等自身免疫性疾病。,免疫系统用药 | 免疫抑制药,免疫抑制剂 | 钙调磷酸酶抑制剂,赛斯平,,,https://www.yao86.com/%E8%A5%BF%E8%8D%AF/%E7%8E%AF%E5%AD%A2%E7%B4%A0%E5%8F%A3%E6%9C%8D%E6%BA%B6%E6%B6%B2,站点分类无法可靠映射到项目现有类别
review_unclassified,,环孢素滴眼液(Ⅱ),western,,,0.0,本品可促进干眼症患者的泪液分泌，适用于与角结膜干燥症相关的眼部炎症所导致的泪液生成减少的患者。,免疫系统用药 | 免疫抑制药,眼科用药 | 其它眼科用药,,,,https://www.yao86.com/%E8%A5%BF%E8%8D%AF/%E7%8E%AF%E5%AD%A2%E7%B4%A0%E6%BB%B4%E7%9C%BC%E6%B6%B2%28%E2%85%A1%29,站点分类无法可靠映射到项目现有类别
review_unclassified,,环孢素软胶囊,western,,,0.0,1.适用于预防同种异体肾、肝、心、骨髓等器官或组织移植所发生的排斥反应，也适用于预防及治疗骨髓移植时发生的移植物抗宿主反应(GVHD)。2.经其它免疫抑制剂治疗无效的狼疮肾炎、难治性肾病综合症等自身免疫性疾病。,免疫系统用药 | 免疫抑制药,免疫抑制剂 | 钙调磷酸酶抑制剂,,,,https://www.yao86.com/%E8%A5%BF%E8%8D%AF/%E7%8E%AF%E5%AD%A2%E7%B4%A0%E8%BD%AF%E8%83%B6%E5%9B%8A,站点分类无法可靠映射到项目现有类别
review_unclassified,,环孢素胶囊,western,,,0.0,1、已确认的适应症1.1移植a.器官移植─预防异体移植物的排斥反应，包括肾、肝、心、肺、心肺联合和胰移植。─治疗曾接受其它免疫抑制剂的患者所发生的移植物排斥反应。b.骨髓移植─预防骨髓移植排斥反应。─预防和治疗GVHD。1.2非移植性适应症诊断和决定处方本品者，应是具有应用免疫抑制剂，特别是环孢素经验的医师。a.内源性葡萄膜炎─活动性有致盲危险的中部或后部非感染性葡萄膜炎，而常规疗法无效或产生不可接受的不良反应者。─7-70岁肾功能正常的伴复发性视网膜炎的贝切特氏(Behcet's)葡萄膜炎患者。b.银屑病交替疗法无效或不适用的严重病例。c.异位性皮炎传统疗法无效或不适用的严重病例。d.类风湿性关节炎2、其它可能用途肾病综合征─特发性皮质激素依赖性和拮抗性肾病综合征(活检证实大多数病例为微小病变型肾病[MCD]或局灶性节段性肾小球硬化症[FSGS])，传统细胞抑制剂治疗无效、但至少尚存在50%以上的正常肾功能的患者。应用本品后，可缓解病情，或维持由其它药物包括皮质激素所产生的缓解作用，从而停用其它药物。,免疫系统用药 | 免疫抑制药,免疫抑制剂 | 钙调磷酸酶抑制剂,,,,https://www.yao86.com/%E8%A5%BF%E8%8D%AF/%E7%8E%AF%E5%AD%A2%E7%B4%A0%E8%83%B6%E5%9B%8A,站点分类无法可靠映射到项目现有类别
review_missing_efficacy,,环孢素滴眼液（III）,western,,,0.0,,,眼科用药 | 其它眼科用药,,,,https://www.yao86.com/%E8%A5%BF%E8%8D%AF/%E7%8E%AF%E5%AD%A2%E7%B4%A0%E6%BB%B4%E7%9C%BC%E6%B6%B2%EF%BC%88III%EF%BC%89,站点分类无法可靠映射到项目现有类别
review_missing_efficacy,,甲氯噻嗪片,western,,,0.0,,,利尿剂 | 低限量利尿剂，噻嗪类 | 噻嗪类，单方,,,,https://www.yao86.com/%E8%A5%BF%E8%8D%AF/%E7%94%B2%E6%B0%AF%E5%99%BB%E5%97%AA%E7%89%87,站点分类无法可靠映射到项目现有类别
review_missing_efficacy,,甲氯芬那酸片,western,,3,0.94,,,抗炎和抗风湿药 | 非甾体抗炎药和抗风湿药 | 芬那酸类,,,,https://www.yao86.com/%E8%A5%BF%E8%8D%AF/%E7%94%B2%E6%B0%AF%E8%8A%AC%E9%82%A3%E9%85%B8%E7%89%87,站点药理或 ATC 分类明确为镇痛/抗炎药
review_missing_efficacy,,甲磺奈非那韦片,western,,2,0.96,,,系统用抗病毒药 | 直接作用的抗病毒药 | 蛋白酶抑制药,,,,https://www.yao86.com/%E8%A5%BF%E8%8D%AF/%E7%94%B2%E7%A3%BA%E5%A5%88%E9%9D%9E%E9%82%A3%E9%9F%A6%E7%89%87,站点药理或 ATC 分类明确为抗感染药
review_missing_efficacy,,假单胞菌制剂,western,,,0.0,,,,,,,https://www.yao86.com/%E8%A5%BF%E8%8D%AF/%E5%81%87%E5%8D%95%E8%83%9E%E8%8F%8C%E5%88%B6%E5%89%82,站点分类无法可靠映射到项目现有类别
review_unclassified,,甲异靛片,western,,,0.0,主要用于治疗慢性粒细胞白血病。,抗肿瘤药 | 其他抗肿瘤药,抗肿瘤药 | 其它抗肿瘤药物 | 其它抗肿瘤药,,,,https://www.yao86.com/%E8%A5%BF%E8%8D%AF/%E7%94%B2%E5%BC%82%E9%9D%9B%E7%89%87,站点分类无法可靠映射到项目现有类别
review_unclassified,,劳拉西泮片,western,,,0.0,适用于焦虑障碍的治疗或用于缓解焦虑症状以及与抑郁症状相关的焦虑的短期治疗。与日常生活压力相关的焦虑或紧张，通常不需要抗焦虑药的治疗。劳拉西泮长期应用的效果即应用4个月以上的效果还未经系统的临床研究评估。医师应定期重新评估该药对个体患者的有效性。,治疗精神障碍药 | 抗焦虑药,精神安定药 | 抗焦虑药 | 苯并二氮卓衍生物类,佳普乐,,,https://www.yao86.com/%E8%A5%BF%E8%8D%AF/%E5%8A%B3%E6%8B%89%E8%A5%BF%E6%B3%AE%E7%89%87,站点分类无法可靠映射到项目现有类别
review_unclassified,,氯己定苯佐卡因含片,western,,,0.0,用于口腔溃疡、扁桃体炎、牙龈炎、咽炎。,耳鼻喉科用药 | 咽喉、口腔疾病用药,口腔疾病药物 | 口腔局部治疗用抗感染药和灭菌药,,,,https://www.yao86.com/%E8%A5%BF%E8%8D%AF/%E6%B0%AF%E5%B7%B1%E5%AE%9A%E8%8B%AF%E4%BD%90%E5%8D%A1%E5%9B%A0%E5%90%AB%E7%89%87,站点分类无法可靠映射到项目现有类别
review_missing_efficacy,,利福平异烟肼胶囊,western,,,0.0,,,抗分枝杆菌药 | 顿挫性结核治疗用药 | 顿挫性结核治疗用药的复方,,,,https://www.yao86.com/%E8%A5%BF%E8%8D%AF/%E5%88%A9%E7%A6%8F%E5%B9%B3%E5%BC%82%E7%83%9F%E8%82%BC%E8%83%B6%E5%9B%8A,站点分类无法可靠映射到项目现有类别
review_missing_efficacy,,利福平眼膏,western,,9,0.94,,,抗分枝杆菌药 | 顿挫性结核治疗用药 | 抗生素类,,,,https://www.yao86.com/%E8%A5%BF%E8%8D%AF/%E5%88%A9%E7%A6%8F%E5%B9%B3%E7%9C%BC%E8%86%8F,剂型或站点分类明确为局部外用药
review_unclassified,,氯苯唑酸葡胺软胶囊,western,,,0.0,本品用于治疗成人转甲状腺素蛋白淀粉样变性多发性神经病Ⅰ期症状患者，延缓周围神经功能损害。,神经系统用药 | 其他神经系统用药,其它神经系统用药,维达全,,,https://www.yao86.com/%E8%A5%BF%E8%8D%AF/%E6%B0%AF%E8%8B%AF%E5%94%91%E9%85%B8%E8%91%A1%E8%83%BA%E8%BD%AF%E8%83%B6%E5%9B%8A,站点分类无法可靠映射到项目现有类别
review_missing_efficacy,,盐酸氯哌丁片,western,,1,0.95,用于干咳。,呼吸系统用药 | 镇咳药,咳嗽和感冒用药 | 止咳药，与祛痰药的复方除外 | 其它止咳药,,,,https://www.yao86.com/%E8%A5%BF%E8%8D%AF/%E7%9B%90%E9%85%B8%E6%B0%AF%E5%93%8C%E4%B8%81%E7%89%87,站点药理分类明确为止咳或祛痰药
review_missing_efficacy,,氯贝丁酯胶囊,western,,11,0.95,,,血脂调节剂 | 血脂调节剂，单方 | 贝特类,,,,https://www.yao86.com/%E8%A5%BF%E8%8D%AF/%E6%B0%AF%E8%B4%9D%E4%B8%81%E9%85%AF%E8%83%B6%E5%9B%8A,站点药理或 ATC 分类明确为慢性病长期用药
review_unclassified,,氯普噻吨片,western,,,0.0,用于急性和慢性精神分裂症，适用于伴有精神运动性激越、焦虑、抑郁症状的精神障碍。,治疗精神障碍药 | 抗精神病药,精神安定药 | 抗精神病药 | 噻吨衍生物类,,,,https://www.yao86.com/%E8%A5%BF%E8%8D%AF/%E6%B0%AF%E6%99%AE%E5%99%BB%E5%90%A8%E7%89%87,站点分类无法可靠映射到项目现有类别
review_unclassified,,盐酸硫利达嗪片,western,,,0.0,治疗精神躯体障碍所致焦虑和紧张状态，儿童行为问题。,治疗精神障碍药 | 抗精神病药,精神安定药 | 抗精神病药 | 带有哌啶结构的吩噻嗪类,利达新,,,https://www.yao86.com/%E8%A5%BF%E8%8D%AF/%E7%9B%90%E9%85%B8%E7%A1%AB%E5%88%A9%E8%BE%BE%E5%97%AA%E7%89%87,站点分类无法可靠映射到项目现有类别
review_missing_efficacy,,二维钙赖氨酸片,western,,7,0.96,,,矿物质补充剂 | 钙,,,,https://www.yao86.com/%E8%A5%BF%E8%8D%AF/%E4%BA%8C%E7%BB%B4%E9%92%99%E8%B5%96%E6%B0%A8%E9%85%B8%E7%89%87,站点药理或 ATC 分类明确为维生素/矿物质
review_missing_efficacy,,洛索洛芬钠口服溶液,western,,3,0.94,,,抗炎和抗风湿药 | 非甾体抗炎药和抗风湿药 | 丙酸衍生物类,,,,https://www.yao86.com/%E8%A5%BF%E8%8D%AF/%E6%B4%9B%E7%B4%A2%E6%B4%9B%E8%8A%AC%E9%92%A0%E5%8F%A3%E6%9C%8D%E6%BA%B6%E6%B6%B2,站点药理或 ATC 分类明确为镇痛/抗炎药
review_missing_efficacy,,盐酸鲁拉西酮片,western,,,0.0,精神分裂症。,治疗精神障碍药 | 抗精神病药,精神安定药 | 抗精神病药 | 吲哚衍生物类,罗舒达 Latuda,,,https://www.yao86.com/%E8%A5%BF%E8%8D%AF/%E7%9B%90%E9%85%B8%E9%B2%81%E6%8B%89%E8%A5%BF%E9%85%AE%E7%89%87,站点分类无法可靠映射到项目现有类别
review_unclassified,,米拉贝隆缓释片,western,,,0.0,成年膀胱过度活动症(OAB)患者尿急、尿频和/或急迫性尿失禁的对症治疗。,泌尿系统用药 | 其他泌尿系统药,泌尿系统药物 | 尿道解痉药,贝坦利BETMIGA,,,https://www.yao86.com/%E8%A5%BF%E8%8D%AF/%E7%B1%B3%E6%8B%89%E8%B4%9D%E9%9A%86%E7%BC%93%E9%87%8A%E7%89%87,站点分类无法可靠映射到项目现有类别
review_missing_efficacy,,马来酸依那普利口服溶液,western,,,0.0,,,作用于肾素-血管紧张素系统的药物 | 血管紧张素转化酶抑制药，单方,,,,https://www.yao86.com/%E8%A5%BF%E8%8D%AF/%E9%A9%AC%E6%9D%A5%E9%85%B8%E4%BE%9D%E9%82%A3%E6%99%AE%E5%88%A9%E5%8F%A3%E6%9C%8D%E6%BA%B6%E6%B6%B2,站点分类无法可靠映射到项目现有类别
review_missing_efficacy,,马来酸氨氯地平胶囊,western,,,0.0,,,钙通道阻滞剂 | 主要对血管产生影响的选择性钙通道阻滞剂 | 二氢吡啶衍生物,,,,https://www.yao86.com/%E8%A5%BF%E8%8D%AF/%E9%A9%AC%E6%9D%A5%E9%85%B8%E6%B0%A8%E6%B0%AF%E5%9C%B0%E5%B9%B3%E8%83%B6%E5%9B%8A,站点分类无法可靠映射到项目现有类别
review_missing_efficacy,,е…Ёз”Ійұјиғ¶еӣҠ,tcm,,13,0.9,,,,,,,https://www.yao86.com/%E4%B8%AD%E6%88%90%E8%8D%AF/%E5%85%A8%E7%94%B2%E9%B1%BC%E8%83%B6%E5%9B%8A,站点明确收录为中成药，未命中更具体项目类别
review_missing_efficacy,,浓氨溶液,western,,,0.0,,,,,,,https://www.yao86.com/%E8%A5%BF%E8%8D%AF/%E6%B5%93%E6%B0%A8%E6%BA%B6%E6%B6%B2,站点分类无法可靠映射到项目现有类别
review_missing_efficacy,,萘夫西林钠胶囊,western,,2,0.96,,,系统用抗细菌药 | β-内酰胺抗菌药，青霉素类 | 耐β-内酰胺酶的青霉素类,,,,https://www.yao86.com/%E8%A5%BF%E8%8D%AF/%E8%90%98%E5%A4%AB%E8%A5%BF%E6%9E%97%E9%92%A0%E8%83%B6%E5%9B%8A,站点药理或 ATC 分类明确为抗感染药
review_missing_efficacy,,平衡盐水,western,,,0.0,,眼科用药 | 其他眼科用药,血液代用品和灌注液 | 灌注液 | 盐溶液,,,,https://www.yao86.com/%E8%A5%BF%E8%8D%AF/%E5%B9%B3%E8%A1%A1%E7%9B%90%E6%B0%B4,站点分类无法可靠映射到项目现有类别
review_unclassified,,平衡盐溶液(供灌注用),western,,,0.0,在眼科手术中，作为眼内或眼外的灌注液，最长灌注时间不得超过60分钟。,眼科用药 | 其他眼科用药,血液代用品和灌注液 | 灌注液 | 盐溶液,,,,https://www.yao86.com/%E8%A5%BF%E8%8D%AF/%E5%B9%B3%E8%A1%A1%E7%9B%90%E6%BA%B6%E6%B6%B2%28%E4%BE%9B%E7%81%8C%E6%B3%A8%E7%94%A8%29,站点分类无法可靠映射到项目现有类别
review_unclassified,,盐酸普拉克索缓释片,western,,,0.0,本品用于治疗成人特发性帕金森病的体征和症状，即在整个疾病过程中，包括疾病后期，当左旋多巴的疗效逐渐减弱或者出现变化和波动(剂末现象或“开关”波动)时，都可以单独应用本品(无左旋多巴)或与左旋多巴联用。,神经系统用药 | 抗震颤麻痹药,抗震颤麻痹药 | 多巴胺能类药 | 多巴胺促效药类,,,,https://www.yao86.com/%E8%A5%BF%E8%8D%AF/%E7%9B%90%E9%85%B8%E6%99%AE%E6%8B%89%E5%85%8B%E7%B4%A2%E7%BC%93%E9%87%8A%E7%89%87,站点分类无法可靠映射到项目现有类别
review_unclassified,,盐酸普拉克索片,western,,,0.0,本品用于治疗成人特发性帕金森病的体征和症状，即在整个疾病过程中，包括疾病后期，当左旋多巴的疗效逐渐减弱或者出现变化和波动(剂末现象或“开关”波动)时，都可以单独应用本品(无左旋多巴)或与左旋多巴联用。本品也用于中度到重度特发性不宁腿综合征的症状治疗，剂量可高达0.75mg(见【用法用量】)。,神经系统用药 | 抗震颤麻痹药,抗震颤麻痹药 | 多巴胺能类药 | 多巴胺促效药类,,,,https://www.yao86.com/%E8%A5%BF%E8%8D%AF/%E7%9B%90%E9%85%B8%E6%99%AE%E6%8B%89%E5%85%8B%E7%B4%A2%E7%89%87,站点分类无法可靠映射到项目现有类别
review_missing_efficacy,,脾粉,western,,5,0.93,,消化系统用药 | 抗酸药及抗溃疡病药,治疗功能性胃肠疾病的药物 | 胃肠动力药,,,,https://www.yao86.com/%E8%A5%BF%E8%8D%AF/%E8%84%BE%E7%B2%89,站点药理或 ATC 分类明确为胃肠消化用药
review_unclassified,,甲磺酸培高利特片,western,,,0.0,用于左旋多巴治疗帕金森氏病症的辅助治疗。,神经系统用药 | 抗震颤麻痹药,抗震颤麻痹药 | 多巴胺能类药 | 多巴胺促效药类,协良行,,,https://www.yao86.com/%E8%A5%BF%E8%8D%AF/%E7%94%B2%E7%A3%BA%E9%85%B8%E5%9F%B9%E9%AB%98%E5%88%A9%E7%89%B9%E7%89%87,站点分类无法可靠映射到项目现有类别
review_missing_efficacy,,乳酸心可定片,western,,12,0.95,治疗心绞痛。,心血管系统用药 | 抗心绞痛药,心脏病治疗用药 | 抗心律失常药，Ⅰ类和Ⅲ类 | 其它I类和III类抗心律失常药,,,,https://www.yao86.com/%E8%A5%BF%E8%8D%AF/%E4%B9%B3%E9%85%B8%E5%BF%83%E5%8F%AF%E5%AE%9A%E7%89%87,站点药理或 ATC 分类明确为心脑血管用药
review_unclassified,,盐酸帕罗西汀片,western,,,0.0,本品用于治疗抑郁症、强迫症、伴有或不伴有广场恐怖的惊恐障碍、社交恐怖症/社交焦虑症。疗效满意后，继续服用本品可预防抑郁症、惊恐障碍和强迫症的复发。,治疗精神障碍药 | 抗抑郁药,精神兴奋药 | 抗抑郁药 | 选择性5-羟色胺再吸收抑制药,赛乐特,,,https://www.yao86.com/%E8%A5%BF%E8%8D%AF/%E7%9B%90%E9%85%B8%E5%B8%95%E7%BD%97%E8%A5%BF%E6%B1%80%E7%89%87,站点分类无法可靠映射到项目现有类别
review_unclassified,,盐酸帕罗西汀肠溶缓释片,western,,,0.0,用于治疗成人抑郁症。在两项对符合美国精神障碍诊断统计手册(第四版)标准的抑郁症门诊患者进行的12周对照临床试验中，确立了盐酸帕罗西汀肠溶缓释片治疗抑郁症发作的有效性。尚未充分研究帕罗西汀对住院抑郁患者的抗抑郁作用。尚未在对照临床试验中对帕罗西汀肠溶缓释片超过12周的疗效安全性进行系统的评价；可是，在对照临床试验中证实了帕罗西汀速释片对抑郁症患者的长达1年维持治疗的有效性(参见【临床试验】)。医生如果选择帕罗西汀肠溶缓释片进行长期治疗，应该定期对药物用于个体患者的长期有效性进行再评估。,治疗精神障碍药 | 抗抑郁药,精神兴奋药 | 抗抑郁药 | 选择性5-羟色胺再吸收抑制药,,,,https://www.yao86.com/%E8%A5%BF%E8%8D%AF/%E7%9B%90%E9%85%B8%E5%B8%95%E7%BD%97%E8%A5%BF%E6%B1%80%E8%82%A0%E6%BA%B6%E7%BC%93%E9%87%8A%E7%89%87,站点分类无法可靠映射到项目现有类别
review_missing_efficacy,,三味补肾养肝口服液,tcm,,5,0.93,暂无数据,和解剂 | 其它,消化系统与代谢药 | 肝、胆疾病治疗药 | 肝病治疗药,,,,https://www.yao86.com/%E4%B8%AD%E6%88%90%E8%8D%AF/%E4%B8%89%E5%91%B3%E8%A1%A5%E8%82%BE%E5%85%BB%E8%82%9D%E5%8F%A3%E6%9C%8D%E6%B6%B2,站点药理或 ATC 分类明确为胃肠消化用药
review_missing_efficacy,,齐多夫定口服溶液,western,,2,0.96,,,系统用抗病毒药 | 直接作用的抗病毒药 | 核苷类和核苷酸类逆转录酶抑制药,,,,https://www.yao86.com/%E8%A5%BF%E8%8D%AF/%E9%BD%90%E5%A4%9A%E5%A4%AB%E5%AE%9A%E5%8F%A3%E6%9C%8D%E6%BA%B6%E6%B6%B2,站点药理或 ATC 分类明确为抗感染药
review_missing_efficacy,,齐多夫定拉米夫定片,western,,2,0.96,,,系统用抗病毒药 | 直接作用的抗病毒药 | 治疗HIV感染的抗病毒药，复方,,,,https://www.yao86.com/%E8%A5%BF%E8%8D%AF/%E9%BD%90%E5%A4%9A%E5%A4%AB%E5%AE%9A%E6%8B%89%E7%B1%B3%E5%A4%AB%E5%AE%9A%E7%89%87,站点药理或 ATC 分类明确为抗感染药
review_missing_efficacy,,曲匹地尔胶囊,western,,12,0.95,心绞痛,心血管系统用药 | 抗心绞痛药,心脏病治疗用药 | 治疗心脏病用血管舒张药 | 治疗心脏病用其它血管舒张药,,,,https://www.yao86.com/%E8%A5%BF%E8%8D%AF/%E6%9B%B2%E5%8C%B9%E5%9C%B0%E5%B0%94%E8%83%B6%E5%9B%8A,站点药理或 ATC 分类明确为心脑血管用药
review_unclassified,,盐酸曲唑酮片,western,,,0.0,本品适用于抑郁症的治疗，对伴有或不伴有焦虑的患者均有效。,治疗精神障碍药 | 抗抑郁药,精神兴奋药 | 抗抑郁药 | 其它抗抑郁药,,,,https://www.yao86.com/%E8%A5%BF%E8%8D%AF/%E7%9B%90%E9%85%B8%E6%9B%B2%E5%94%91%E9%85%AE%E7%89%87,站点分类无法可靠映射到项目现有类别
review_unclassified,,盐酸曲唑酮缓释片,western,,,0.0,盐酸曲唑酮缓释片主要用于治疗各种类型的抑郁症和伴有抑郁症状的焦虑症以及药物依赖者戒断后的情绪障碍。,治疗精神障碍药 | 抗抑郁药,精神兴奋药 | 抗抑郁药 | 其它抗抑郁药,,,,https://www.yao86.com/%E8%A5%BF%E8%8D%AF/%E7%9B%90%E9%85%B8%E6%9B%B2%E5%94%91%E9%85%AE%E7%BC%93%E9%87%8A%E7%89%87,站点分类无法可靠映射到项目现有类别
review_missing_efficacy,,去甜酸甘草粉,western,,,0.0,,,,,,,https://www.yao86.com/%E8%A5%BF%E8%8D%AF/%E5%8E%BB%E7%94%9C%E9%85%B8%E7%94%98%E8%8D%89%E7%B2%89,站点分类无法可靠映射到项目现有类别
review_missing_efficacy,,去羟肌苷散剂,western,,2,0.96,,,系统用抗病毒药 | 直接作用的抗病毒药 | 核苷类和核苷酸类逆转录酶抑制药,,,,https://www.yao86.com/%E8%A5%BF%E8%8D%AF/%E5%8E%BB%E7%BE%9F%E8%82%8C%E8%8B%B7%E6%95%A3%E5%89%82,站点药理或 ATC 分类明确为抗感染药
review_missing_efficacy,,复方曲安奈德乳膏,western,,9,0.96,,,皮肤病用抗真菌药 | 局部用抗真菌药 | 抗生素类,,,,https://www.yao86.com/%E8%A5%BF%E8%8D%AF/%E5%A4%8D%E6%96%B9%E6%9B%B2%E5%AE%89%E5%A5%88%E5%BE%B7%E4%B9%B3%E8%86%8F,外用剂型且站点 ATC 分类明确为皮肤局部用药
review_missing_efficacy,,曲安奈德凝胶,western,,9,0.96,,,皮肤病用皮质激素制剂 | 皮质甾体激素类，单方 | 皮质类固醇类，中强（II 组）,,,,https://www.yao86.com/%E8%A5%BF%E8%8D%AF/%E6%9B%B2%E5%AE%89%E5%A5%88%E5%BE%B7%E5%87%9D%E8%83%B6,外用剂型且站点 ATC 分类明确为皮肤局部用药
review_missing_efficacy,,曲安奈德气雾剂,western,,9,0.94,,,鼻用制剂 | 减充血药和其它鼻腔局部用药 | 皮质甾体激素类,,,,https://www.yao86.com/%E8%A5%BF%E8%8D%AF/%E6%9B%B2%E5%AE%89%E5%A5%88%E5%BE%B7%E6%B0%94%E9%9B%BE%E5%89%82,剂型或站点分类明确为局部外用药
review_missing_efficacy,,醋酸曲安奈德鼻用喷雾剂,western,,9,0.94,,,鼻用制剂 | 减充血药和其它鼻腔局部用药 | 皮质甾体激素类,,,,https://www.yao86.com/%E8%A5%BF%E8%8D%AF/%E9%86%8B%E9%85%B8%E6%9B%B2%E5%AE%89%E5%A5%88%E5%BE%B7%E9%BC%BB%E7%94%A8%E5%96%B7%E9%9B%BE%E5%89%82,剂型或站点分类明确为局部外用药
review_missing_efficacy,,三溴片,western,,,0.0,,,精神安定药 | 催眠镇静药 | 催眠镇静药与非巴比妥类药物的复方,,,,https://www.yao86.com/%E8%A5%BF%E8%8D%AF/%E4%B8%89%E6%BA%B4%E7%89%87,站点分类无法可靠映射到项目现有类别
review_unclassified,,水合氯醛灌肠剂,western,,,0.0,儿童检查、操作前的镇静、催眠。监护条件下抗惊厥。,治疗精神障碍药 | 镇静催眠药,精神安定药 | 催眠镇静药 | 醛类与其衍生物,,,,https://www.yao86.com/%E8%A5%BF%E8%8D%AF/%E6%B0%B4%E5%90%88%E6%B0%AF%E9%86%9B%E7%81%8C%E8%82%A0%E5%89%82,站点分类无法可靠映射到项目现有类别
review_unclassified,,盐酸沙丙蝶呤片,western,,,0.0,适用于对本品治疗有反应的四氢生物喋呤(BH4)缺乏症所导致的高苯丙氨酸血症(HPA)，可用于成人及4岁以上儿童。本品在0-4岁儿童中无充分的临床用药经验，若必须使用，须在专科医生的严格指导下慎重使用。,激素及影响内分泌药 | 其他内分泌药,其它消化道和代谢药物 | 各种消化道产物与代谢产物,,,,https://www.yao86.com/%E8%A5%BF%E8%8D%AF/%E7%9B%90%E9%85%B8%E6%B2%99%E4%B8%99%E8%9D%B6%E5%91%A4%E7%89%87,站点分类无法可靠映射到项目现有类别
review_missing_efficacy,,水杨酸凝胶,western,,9,0.96,轻、中度痤疮。,皮肤科用药 | 角质溶解药,皮肤病用抗真菌药 | 局部用抗真菌药 | 局部用其它抗真菌药,,,,https://www.yao86.com/%E8%A5%BF%E8%8D%AF/%E6%B0%B4%E6%9D%A8%E9%85%B8%E5%87%9D%E8%83%B6,外用剂型且站点 ATC 分类明确为皮肤局部用药
review_missing_efficacy,,复方氧化锌水杨酸散,western,,2,0.96,,,皮肤病用抗真菌药 | 局部用抗真菌药 | 局部用其它抗真菌药,,,,https://www.yao86.com/%E8%A5%BF%E8%8D%AF/%E5%A4%8D%E6%96%B9%E6%B0%A7%E5%8C%96%E9%94%8C%E6%B0%B4%E6%9D%A8%E9%85%B8%E6%95%A3,站点药理或 ATC 分类明确为抗感染药
review_unclassified,,盐酸司来吉兰片,western,,,0.0,适用于原发性帕金森病。可单用于治疗早期帕金森病，也可与左旋多巴或与左旋多巴及外周多巴脱羧酶抑制剂合用。在与左旋多巴合用时，特别适用于治疗运动波动。,神经系统用药 | 抗震颤麻痹药,抗震颤麻痹药 | 多巴胺能类药 | 单胺氧化酶B抑制药,,,,https://www.yao86.com/%E8%A5%BF%E8%8D%AF/%E7%9B%90%E9%85%B8%E5%8F%B8%E6%9D%A5%E5%90%89%E5%85%B0%E7%89%87,站点分类无法可靠映射到项目现有类别
review_unclassified,,盐酸司来吉兰胶囊,western,,,0.0,单用治疗早期帕金森病或与左旋多巴或与左旋多巴及外周多巴脱羧酶抑制剂合用；思吉宁与左旋多巴合用特别适用于治疗运动波动例如由于大剂量左旋多巴治疗引起的剂末波动。,神经系统用药 | 抗震颤麻痹药,抗震颤麻痹药 | 多巴胺能类药 | 单胺氧化酶B抑制药,,,,https://www.yao86.com/%E8%A5%BF%E8%8D%AF/%E7%9B%90%E9%85%B8%E5%8F%B8%E6%9D%A5%E5%90%89%E5%85%B0%E8%83%B6%E5%9B%8A,站点分类无法可靠映射到项目现有类别
review_missing_efficacy,,碳酸钙D3咀嚼片(Ⅲ),western,,7,0.96,,,矿物质补充剂 | 钙 | 钙与其它药品的复方,,,,https://www.yao86.com/%E8%A5%BF%E8%8D%AF/%E7%A2%B3%E9%85%B8%E9%92%99D3%E5%92%80%E5%9A%BC%E7%89%87%28%E2%85%A2%29,站点药理或 ATC 分类明确为维生素/矿物质
review_missing_efficacy,,碳酸钙D3片(Ⅰ),western,,7,0.96,,,矿物质补充剂 | 钙 | 钙与其它药品的复方,,,,https://www.yao86.com/%E8%A5%BF%E8%8D%AF/%E7%A2%B3%E9%85%B8%E9%92%99D3%E7%89%87%28%E2%85%A0%29,站点药理或 ATC 分类明确为维生素/矿物质
review_missing_efficacy,,碳酸钙D3颗粒(Ⅱ),western,,7,0.96,,,矿物质补充剂 | 钙 | 钙与其它药品的复方,,,,https://www.yao86.com/%E8%A5%BF%E8%8D%AF/%E7%A2%B3%E9%85%B8%E9%92%99D3%E9%A2%97%E7%B2%92%28%E2%85%A1%29,站点药理或 ATC 分类明确为维生素/矿物质
review_missing_efficacy,,碳酸钙口服混悬液,western,,,0.0,,,治疗与胃酸分泌相关疾病的药物 | 治酸药 | 钙化合物类,,,,https://www.yao86.com/%E8%A5%BF%E8%8D%AF/%E7%A2%B3%E9%85%B8%E9%92%99%E5%8F%A3%E6%9C%8D%E6%B7%B7%E6%82%AC%E6%B6%B2,站点分类无法可靠映射到项目现有类别
review_missing_efficacy,,复方碳酸钙泡腾片,western,,7,0.96,,,矿物质补充剂 | 钙,,,,https://www.yao86.com/%E8%A5%BF%E8%8D%AF/%E5%A4%8D%E6%96%B9%E7%A2%B3%E9%85%B8%E9%92%99%E6%B3%A1%E8%85%BE%E7%89%87,站点药理或 ATC 分类明确为维生素/矿物质
review_missing_efficacy,,碳酸钙原料粉,western,,,0.0,,,,,,,https://www.yao86.com/%E8%A5%BF%E8%8D%AF/%E7%A2%B3%E9%85%B8%E9%92%99%E5%8E%9F%E6%96%99%E7%B2%89,站点分类无法可靠映射到项目现有类别
review_missing_efficacy,,乌美溴铵吸入粉雾剂,western,,,0.0,,,阻塞性气管疾病用药 | 其它阻塞性气管病系统用药,,,,https://www.yao86.com/%E8%A5%BF%E8%8D%AF/%E4%B9%8C%E7%BE%8E%E6%BA%B4%E9%93%B5%E5%90%B8%E5%85%A5%E7%B2%89%E9%9B%BE%E5%89%82,站点分类无法可靠映射到项目现有类别
review_missing_efficacy,,乌诺前列酮异丙酯滴眼液,western,,9,0.94,,,,,,,https://www.yao86.com/%E8%A5%BF%E8%8D%AF/%E4%B9%8C%E8%AF%BA%E5%89%8D%E5%88%97%E9%85%AE%E5%BC%82%E4%B8%99%E9%85%AF%E6%BB%B4%E7%9C%BC%E6%B6%B2,剂型或站点分类明确为局部外用药
review_missing_efficacy,,盐酸维拉帕米缓释片,western,,12,0.95,原发性高血压。,心血管系统用药 | 抗心绞痛药,钙通道阻滞剂 | 直接对心脏产生影响的选择性钙通道阻滞剂 | 苯基烷基胺衍生物,,,,https://www.yao86.com/%E8%A5%BF%E8%8D%AF/%E7%9B%90%E9%85%B8%E7%BB%B4%E6%8B%89%E5%B8%95%E7%B1%B3%E7%BC%93%E9%87%8A%E7%89%87,站点药理或 ATC 分类明确为心脑血管用药
review_missing_efficacy,,维拉帕米片,western,,,0.0,,,钙通道阻滞剂 | 直接对心脏产生影响的选择性钙通道阻滞剂 | 苯基烷基胺衍生物,,,,https://www.yao86.com/%E8%A5%BF%E8%8D%AF/%E7%BB%B4%E6%8B%89%E5%B8%95%E7%B1%B3%E7%89%87,站点分类无法可靠映射到项目现有类别
review_missing_efficacy,,心痛宁滴丸,tcm,,12,0.95,,和解剂 | 其它,心脑血管与血液系统药物 | 心血管疾病治疗药,,,,https://www.yao86.com/%E4%B8%AD%E6%88%90%E8%8D%AF/%E5%BF%83%E7%97%9B%E5%AE%81%E6%BB%B4%E4%B8%B8,站点药理或 ATC 分类明确为心脑血管用药
review_missing_efficacy,,西格列汀二甲双胍缓释片,western,,11,0.95,,,糖尿病用药 | 非胰岛素类降血糖药 | 口服降糖药复方,,,,https://www.yao86.com/%E8%A5%BF%E8%8D%AF/%E8%A5%BF%E6%A0%BC%E5%88%97%E6%B1%80%E4%BA%8C%E7%94%B2%E5%8F%8C%E8%83%8D%E7%BC%93%E9%87%8A%E7%89%87,站点药理或 ATC 分类明确为慢性病长期用药
review_missing_efficacy,,西格列汀二甲双胍缓释片(Ⅱ),western,,11,0.95,,,糖尿病用药 | 非胰岛素类降血糖药 | 口服降糖药复方,,,,https://www.yao86.com/%E8%A5%BF%E8%8D%AF/%E8%A5%BF%E6%A0%BC%E5%88%97%E6%B1%80%E4%BA%8C%E7%94%B2%E5%8F%8C%E8%83%8D%E7%BC%93%E9%87%8A%E7%89%87%28%E2%85%A1%29,站点药理或 ATC 分类明确为慢性病长期用药
review_missing_efficacy,,异卡波肼片,western,,,0.0,,,精神兴奋药 | 抗抑郁药 | 非选择性单胺氧化酶抑制药,,,,https://www.yao86.com/%E8%A5%BF%E8%8D%AF/%E5%BC%82%E5%8D%A1%E6%B3%A2%E8%82%BC%E7%89%87,站点分类无法可靠映射到项目现有类别
review_missing_efficacy,,茚达格莫吸入粉雾剂(Ⅰ),western,,17,0.96,,呼吸系统用药 | 平喘药,阻塞性气管疾病用药 | 肾上腺素能药，吸入剂 | 肾上腺素能药物与抗胆碱能药物的联合应用，包括与糖皮质激素的三种联合应用,,,,https://www.yao86.com/%E8%A5%BF%E8%8D%AF/%E8%8C%9A%E8%BE%BE%E6%A0%BC%E8%8E%AB%E5%90%B8%E5%85%A5%E7%B2%89%E9%9B%BE%E5%89%82%28%E2%85%A0%29,人工分类边界：西药支气管扩张剂归其它
review_missing_efficacy,,茚达格莫吸入粉雾剂(Ⅱ),western,,17,0.96,,呼吸系统用药 | 平喘药,阻塞性气管疾病用药 | 肾上腺素能药，吸入剂 | 肾上腺素能药物与抗胆碱能药物的联合应用，包括与糖皮质激素的三种联合应用,,,,https://www.yao86.com/%E8%A5%BF%E8%8D%AF/%E8%8C%9A%E8%BE%BE%E6%A0%BC%E8%8E%AB%E5%90%B8%E5%85%A5%E7%B2%89%E9%9B%BE%E5%89%82%28%E2%85%A1%29,人工分类边界：西药支气管扩张剂归其它
review_missing_efficacy,,盐酸尼卡地平缓释微丸,western,,,0.0,,,,,,,https://www.yao86.com/%E8%A5%BF%E8%8D%AF/%E7%9B%90%E9%85%B8%E5%B0%BC%E5%8D%A1%E5%9C%B0%E5%B9%B3%E7%BC%93%E9%87%8A%E5%BE%AE%E4%B8%B8,站点分类无法可靠映射到项目现有类别
review_missing_efficacy,,盐酸尼卡地平速释微丸,western,,,0.0,,,,,,,https://www.yao86.com/%E8%A5%BF%E8%8D%AF/%E7%9B%90%E9%85%B8%E5%B0%BC%E5%8D%A1%E5%9C%B0%E5%B9%B3%E9%80%9F%E9%87%8A%E5%BE%AE%E4%B8%B8,站点分类无法可靠映射到项目现有类别
review_missing_efficacy,,盐酸普鲁卡因胶囊,western,,,0.0,,,麻醉药 | 局部麻醉药 | 氨苯甲酸酯类,,,,https://www.yao86.com/%E8%A5%BF%E8%8D%AF/%E7%9B%90%E9%85%B8%E6%99%AE%E9%B2%81%E5%8D%A1%E5%9B%A0%E8%83%B6%E5%9B%8A,站点分类无法可靠映射到项目现有类别
review_missing_efficacy,,叶绿油,tcm,,13,0.9,,开窍剂 | 凉开,,,,,https://www.yao86.com/%E4%B8%AD%E6%88%90%E8%8D%AF/%E5%8F%B6%E7%BB%BF%E6%B2%B9,站点明确收录为中成药，未命中更具体项目类别
review_missing_efficacy,,复方妥洛特罗糖浆,western,,,0.0,,,阻塞性气管疾病用药 | 其它阻塞性气管病系统用药,,,,https://www.yao86.com/%E8%A5%BF%E8%8D%AF/%E5%A4%8D%E6%96%B9%E5%A6%A5%E6%B4%9B%E7%89%B9%E7%BD%97%E7%B3%96%E6%B5%86,站点分类无法可靠映射到项目现有类别
review_missing_efficacy,,乙琥胺糖浆,western,,,0.0,,,抗癫痫药 | 琥珀酰胺衍生物类,,,,https://www.yao86.com/%E8%A5%BF%E8%8D%AF/%E4%B9%99%E7%90%A5%E8%83%BA%E7%B3%96%E6%B5%86,站点分类无法可靠映射到项目现有类别
review_unclassified,,中性蛋白酶肠溶片,western,,,0.0,用于慢性气管炎引起的痰液粘稠。,呼吸系统用药 | 其他呼吸系统药,阻塞性气管疾病用药 | 其它阻塞性气管病系统用药,,,,https://www.yao86.com/%E8%A5%BF%E8%8D%AF/%E4%B8%AD%E6%80%A7%E8%9B%8B%E7%99%BD%E9%85%B6%E8%82%A0%E6%BA%B6%E7%89%87,站点分类无法可靠映射到项目现有类别
review_unclassified,,泽布替尼胶囊,western,,,0.0,本品适用于治疗：1)既往至少接受过一种治疗的成人套细胞淋巴瘤(MCL)患者。2)既往至少接受过一种治疗的成人慢性淋巴细胞白血病(CLL)/小淋巴细胞淋巴瘤(SLL)患者。上述适应症分别基于一项单臂临床试验的客观缓解率结果给予的附条件批准。本品的完全批准将取决于正在开展中的确证性随机对照临床试验结果。,抗肿瘤药 | 抗肿瘤靶向药,抗肿瘤药 | 蛋白激酶抑制剂 | Bruton酪氨酸激酶(BTK)抑制剂,百悦泽Brukinsa,,,https://www.yao86.com/%E8%A5%BF%E8%8D%AF/%E6%B3%BD%E5%B8%83%E6%9B%BF%E5%B0%BC%E8%83%B6%E5%9B%8A,站点分类无法可靠映射到项目现有类别
review_missing_efficacy,,猪源纤维蛋白粘合剂,western,,,0.0,,生物制品 | 治疗用生物制品,抗出血药 | 维生素K和其它止血药 | 局部止血药,,,,https://www.yao86.com/%E8%A5%BF%E8%8D%AF/%E7%8C%AA%E6%BA%90%E7%BA%A4%E7%BB%B4%E8%9B%8B%E7%99%BD%E7%B2%98%E5%90%88%E5%89%82,站点分类无法可靠映射到项目现有类别
review_unclassified,,猪纤维蛋白粘合剂,western,,,0.0,辅助用于常规手术操作控制出血不满意的外科止血。,生物制品 | 治疗用生物制品,抗出血药 | 维生素K和其它止血药 | 局部止血药,安可晶,,,https://www.yao86.com/%E8%A5%BF%E8%8D%AF/%E7%8C%AA%E7%BA%A4%E7%BB%B4%E8%9B%8B%E7%99%BD%E7%B2%98%E5%90%88%E5%89%82,站点分类无法可靠映射到项目现有类别
review_unclassified,,盐酸昂丹司琼片,western,,,0.0,止吐药。用于：1.细胞毒性药物化疗和放射治疗引起的恶心呕吐；2.预防和治疗手术后的恶心呕吐。,抗肿瘤药 | 抗肿瘤辅助药,镇吐药和止呕药 | 5-羟色胺拮抗药,,,,https://www.yao86.com/%E8%A5%BF%E8%8D%AF/%E7%9B%90%E9%85%B8%E6%98%82%E4%B8%B9%E5%8F%B8%E7%90%BC%E7%89%87,站点分类无法可靠映射到项目现有类别
review_unclassified,,盐酸昂丹司琼胶囊,western,,,0.0,止吐药。用于：①细胞毒性药物化疗和放射治疗引起的恶心呕吐；②预防和治疗手术后的恶性呕吐。,抗肿瘤药 | 抗肿瘤辅助药,镇吐药和止呕药 | 5-羟色胺拮抗药,恩诺平,,,https://www.yao86.com/%E8%A5%BF%E8%8D%AF/%E7%9B%90%E9%85%B8%E6%98%82%E4%B8%B9%E5%8F%B8%E7%90%BC%E8%83%B6%E5%9B%8A,站点分类无法可靠映射到项目现有类别
review_unclassified,,盐酸昂丹司琼口腔崩解片,western,,,0.0,止吐药。用于：1.由细胞毒性药物化疗和放射治疗引起的恶心呕吐。2.预防和治疗手术后的恶心呕吐。,抗肿瘤药 | 抗肿瘤辅助药,镇吐药和止呕药 | 5-羟色胺拮抗药,,,,https://www.yao86.com/%E8%A5%BF%E8%8D%AF/%E7%9B%90%E9%85%B8%E6%98%82%E4%B8%B9%E5%8F%B8%E7%90%BC%E5%8F%A3%E8%85%94%E5%B4%A9%E8%A7%A3%E7%89%87,站点分类无法可靠映射到项目现有类别
review_missing_efficacy,,昂丹司琼口腔溶解薄膜,western,,,0.0,,,镇吐药和止呕药 | 5-羟色胺拮抗药,,,,https://www.yao86.com/%E8%A5%BF%E8%8D%AF/%E6%98%82%E4%B8%B9%E5%8F%B8%E7%90%BC%E5%8F%A3%E8%85%94%E6%BA%B6%E8%A7%A3%E8%96%84%E8%86%9C,站点分类无法可靠映射到项目现有类别
review_missing_efficacy,,桉柠蒎肠溶胶囊,western,,1,0.95,,,咳嗽和感冒用药 | 祛痰药，与止咳药的复方除外 | 粘液溶解药,,,,https://www.yao86.com/%E8%A5%BF%E8%8D%AF/%E6%A1%89%E6%9F%A0%E8%92%8E%E8%82%A0%E6%BA%B6%E8%83%B6%E5%9B%8A,站点药理分类明确为止咳或祛痰药
review_unclassified,,奥沙西泮片,western,,,0.0,主要用于短期缓解焦虑、紧张、激动，也可用于催眠，焦虑伴有精神抑郁的辅助用药，并能缓解急性酒精戒断症状。肌松作用较其他苯二氮药物为强。,治疗精神障碍药 | 抗焦虑药,精神安定药 | 抗焦虑药 | 苯并二氮卓衍生物类,,,,https://www.yao86.com/%E8%A5%BF%E8%8D%AF/%E5%A5%A5%E6%B2%99%E8%A5%BF%E6%B3%AE%E7%89%87,站点分类无法可靠映射到项目现有类别
review_unclassified,,盐酸阿夫唑嗪缓释片,western,,,0.0,用于缓解良性前列腺增生症(BPH)引起的症状。,泌尿系统用药 | 良性前列腺增生用药,泌尿系统药物 | 前列腺肥大治疗药 | α-肾上腺受体拮抗药,,,,https://www.yao86.com/%E8%A5%BF%E8%8D%AF/%E7%9B%90%E9%85%B8%E9%98%BF%E5%A4%AB%E5%94%91%E5%97%AA%E7%BC%93%E9%87%8A%E7%89%87,站点分类无法可靠映射到项目现有类别
review_unclassified,,盐酸阿夫唑嗪片,western,,,0.0,用于缓解良性前列腺增生症状。,泌尿系统用药 | 良性前列腺增生用药,泌尿系统药物 | 前列腺肥大治疗药 | α-肾上腺受体拮抗药,,,,https://www.yao86.com/%E8%A5%BF%E8%8D%AF/%E7%9B%90%E9%85%B8%E9%98%BF%E5%A4%AB%E5%94%91%E5%97%AA%E7%89%87,站点分类无法可靠映射到项目现有类别
review_missing_efficacy,,阿夫唑嗪片,western,,,0.0,,,泌尿系统药物 | 前列腺肥大治疗药 | α-肾上腺受体拮抗药,,,,https://www.yao86.com/%E8%A5%BF%E8%8D%AF/%E9%98%BF%E5%A4%AB%E5%94%91%E5%97%AA%E7%89%87,站点分类无法可靠映射到项目现有类别
review_missing_efficacy,,阿夫唑嗪缓释片,western,,,0.0,,,泌尿系统药物 | 前列腺肥大治疗药 | α-肾上腺受体拮抗药,,,,https://www.yao86.com/%E8%A5%BF%E8%8D%AF/%E9%98%BF%E5%A4%AB%E5%94%91%E5%97%AA%E7%BC%93%E9%87%8A%E7%89%87,站点分类无法可靠映射到项目现有类别
review_unclassified,,安钠咖片,western,,,0.0,中枢神经兴奋药。用于中枢性呼吸及循环功能不全，也可用于麻醉药或催眠药中毒等的昏迷状态。,神经系统用药 | 中枢兴奋药,精神兴奋药 | 精神兴奋药，用于治疗注意力缺陷多动症药和益智药 | 黄嘌呤衍生物,,,,https://www.yao86.com/%E8%A5%BF%E8%8D%AF/%E5%AE%89%E9%92%A0%E5%92%96%E7%89%87,站点分类无法可靠映射到项目现有类别
review_missing_efficacy,,氨咖黃敏片,western,,0,0.94,,,咳嗽和感冒用药 | 其它感冒用药,,,,https://www.yao86.com/%E8%A5%BF%E8%8D%AF/%E6%B0%A8%E5%92%96%E9%BB%83%E6%95%8F%E7%89%87,站点药理分类明确为感冒或解表用药
review_unclassified,,盐酸奥昔布宁缓释片,western,,,0.0,解痉药物。用于治疗合并有急(紧)迫性尿失禁、尿急、尿频等症状的膀胱过度活动症(OAB)。,泌尿系统用药 | 其他泌尿系统药,泌尿系统药物 | 尿道解痉药,,,,https://www.yao86.com/%E8%A5%BF%E8%8D%AF/%E7%9B%90%E9%85%B8%E5%A5%A5%E6%98%94%E5%B8%83%E5%AE%81%E7%BC%93%E9%87%8A%E7%89%87,站点分类无法可靠映射到项目现有类别
review_unclassified,,盐酸奥昔布宁缓释胶囊,western,,,0.0,解痉药物。用于治疗合并有急（紧）迫性尿失禁、尿急、尿频等症状的膀胱过度活动症（OAB）。,泌尿系统用药 | 其他泌尿系统药,泌尿系统药物 | 尿道解痉药,,,,https://www.yao86.com/%E8%A5%BF%E8%8D%AF/%E7%9B%90%E9%85%B8%E5%A5%A5%E6%98%94%E5%B8%83%E5%AE%81%E7%BC%93%E9%87%8A%E8%83%B6%E5%9B%8A,站点分类无法可靠映射到项目现有类别
review_unclassified,,盐酸奥昔布宁口服溶液,western,,,0.0,用于无抑制性和返流性神经源性膀胱功能障碍患者与排尿有关的症状缓解，如尿急、尿频、尿失禁、夜尿和遗尿等。,泌尿系统用药 | 其他泌尿系统药,泌尿系统药物 | 尿道解痉药,,,,https://www.yao86.com/%E8%A5%BF%E8%8D%AF/%E7%9B%90%E9%85%B8%E5%A5%A5%E6%98%94%E5%B8%83%E5%AE%81%E5%8F%A3%E6%9C%8D%E6%BA%B6%E6%B6%B2,站点分类无法可靠映射到项目现有类别
review_unclassified,,盐酸奥昔布宁片,western,,,0.0,本品为解痉药，用于无抑制性和返流性神经源性膀胱功能障碍患者与排尿有关的症状缓解，如尿急、尿频、尿失禁、夜尿和遗尿等。,泌尿系统用药 | 其他泌尿系统药,泌尿系统药物 | 尿道解痉药,,,,https://www.yao86.com/%E8%A5%BF%E8%8D%AF/%E7%9B%90%E9%85%B8%E5%A5%A5%E6%98%94%E5%B8%83%E5%AE%81%E7%89%87,站点分类无法可靠映射到项目现有类别
review_missing_efficacy,,阿布昔替尼片,western,,,0.0,,,,,,,https://www.yao86.com/%E8%A5%BF%E8%8D%AF/%E9%98%BF%E5%B8%83%E6%98%94%E6%9B%BF%E5%B0%BC%E7%89%87,站点分类无法可靠映射到项目现有类别
review_missing_efficacy,,甲磺酸氨氯地平片,western,,12,0.95,高血压。,心血管系统用药 | 抗心绞痛药,钙通道阻滞剂 | 主要对血管产生影响的选择性钙通道阻滞剂 | 二氢吡啶衍生物,欣络平,,,https://www.yao86.com/%E8%A5%BF%E8%8D%AF/%E7%94%B2%E7%A3%BA%E9%85%B8%E6%B0%A8%E6%B0%AF%E5%9C%B0%E5%B9%B3%E7%89%87,站点药理或 ATC 分类明确为心脑血管用药
review_missing_efficacy,,氨氯地平氯沙坦钾片(Ⅰ),western,,,0.0,,,作用于肾素-血管紧张素系统的药物 | 血管紧张素II拮抗药，复方 | 血管紧张素II拮抗药和钙通道阻滞药,,,,https://www.yao86.com/%E8%A5%BF%E8%8D%AF/%E6%B0%A8%E6%B0%AF%E5%9C%B0%E5%B9%B3%E6%B0%AF%E6%B2%99%E5%9D%A6%E9%92%BE%E7%89%87%28%E2%85%A0%29,站点分类无法可靠映射到项目现有类别
review_missing_efficacy,,氨氯地平氯沙坦钾片(Ⅱ),western,,,0.0,,,作用于肾素-血管紧张素系统的药物 | 血管紧张素II拮抗药，复方 | 血管紧张素II拮抗药和钙通道阻滞药,,,,https://www.yao86.com/%E8%A5%BF%E8%8D%AF/%E6%B0%A8%E6%B0%AF%E5%9C%B0%E5%B9%B3%E6%B0%AF%E6%B2%99%E5%9D%A6%E9%92%BE%E7%89%87%28%E2%85%A1%29,站点分类无法可靠映射到项目现有类别
review_missing_efficacy,,布氏菌玻片凝集反应用菌液,western,,,0.0,,,诊断用药 | 其它诊断用药 | 其它诊断试剂,,,,https://www.yao86.com/%E8%A5%BF%E8%8D%AF/%E5%B8%83%E6%B0%8F%E8%8F%8C%E7%8E%BB%E7%89%87%E5%87%9D%E9%9B%86%E5%8F%8D%E5%BA%94%E7%94%A8%E8%8F%8C%E6%B6%B2,站点分类无法可靠映射到项目现有类别
review_missing_efficacy,,布氏菌试管凝集反应用菌液,western,,,0.0,,,诊断用药 | 其它诊断用药 | 其它诊断试剂,,,,https://www.yao86.com/%E8%A5%BF%E8%8D%AF/%E5%B8%83%E6%B0%8F%E8%8F%8C%E8%AF%95%E7%AE%A1%E5%87%9D%E9%9B%86%E5%8F%8D%E5%BA%94%E7%94%A8%E8%8F%8C%E6%B6%B2,站点分类无法可靠映射到项目现有类别
review_missing_efficacy,,倍他司汀片,western,,,0.0,,,其它神经系统用药 | 抗眩晕药,,,,https://www.yao86.com/%E8%A5%BF%E8%8D%AF/%E5%80%8D%E4%BB%96%E5%8F%B8%E6%B1%80%E7%89%87,站点分类无法可靠映射到项目现有类别
review_unclassified,,苯扎溴铵溶液,western,,,0.0,用于皮肤、黏膜和小面积伤口的消毒。,皮肤科用药 | 其他皮肤科药,消毒灭菌药 | 季铵盐类化合物,,,,https://www.yao86.com/%E8%A5%BF%E8%8D%AF/%E8%8B%AF%E6%89%8E%E6%BA%B4%E9%93%B5%E6%BA%B6%E6%B6%B2,站点分类无法可靠映射到项目现有类别
review_missing_efficacy,,贝诺酯散,western,,3,0.94,,,镇痛药 | 其它解热镇痛药 | 水杨酸与其衍生物,,,,https://www.yao86.com/%E8%A5%BF%E8%8D%AF/%E8%B4%9D%E8%AF%BA%E9%85%AF%E6%95%A3,站点药理或 ATC 分类明确为镇痛/抗炎药
review_missing_efficacy,,盐酸贝凡洛尔胶囊,western,,12,0.95,原发性高血压。,心血管系统用药 | 抗高血压药,β-受体阻断药 | 选择性β-受体阻断药,,,,https://www.yao86.com/%E8%A5%BF%E8%8D%AF/%E7%9B%90%E9%85%B8%E8%B4%9D%E5%87%A1%E6%B4%9B%E5%B0%94%E8%83%B6%E5%9B%8A,站点药理或 ATC 分类明确为心脑血管用药
review_missing_efficacy,,桉油,western,,,0.0,,,,,,,https://www.yao86.com/%E8%A5%BF%E8%8D%AF/%E6%A1%89%E6%B2%B9,站点分类无法可靠映射到项目现有类别
review_missing_efficacy,,薄荷桉油含片,western,,,0.0,,,咽喉用药 | 其他咽喉用药,,,,https://www.yao86.com/%E8%A5%BF%E8%8D%AF/%E8%96%84%E8%8D%B7%E6%A1%89%E6%B2%B9%E5%90%AB%E7%89%87,站点分类无法可靠映射到项目现有类别
review_missing_efficacy,,桉油尿素软膏,western,,9,0.94,,,润肤药和护肤药 | 脲类,,,,https://www.yao86.com/%E8%A5%BF%E8%8D%AF/%E6%A1%89%E6%B2%B9%E5%B0%BF%E7%B4%A0%E8%BD%AF%E8%86%8F,剂型或站点分类明确为局部外用药
review_unclassified,,苯扎氯铵贴,western,,,0.0,用于小创伤、擦伤等患处。,皮肤科用药 | 皮肤抗感染药,消毒灭菌药 | 季铵盐类化合物,,,,https://www.yao86.com/%E8%A5%BF%E8%8D%AF/%E8%8B%AF%E6%89%8E%E6%B0%AF%E9%93%B5%E8%B4%B4,站点分类无法可靠映射到项目现有类别
review_missing_efficacy,,布地奈德格隆溴铵福莫特罗吸入气雾剂,western,,9,0.94,,,阻塞性气管疾病用药 | 肾上腺素能药，吸入剂 | 肾上腺素能药和其它阻塞性气管病药的复方,,,,https://www.yao86.com/%E8%A5%BF%E8%8D%AF/%E5%B8%83%E5%9C%B0%E5%A5%88%E5%BE%B7%E6%A0%BC%E9%9A%86%E6%BA%B4%E9%93%B5%E7%A6%8F%E8%8E%AB%E7%89%B9%E7%BD%97%E5%90%B8%E5%85%A5%E6%B0%94%E9%9B%BE%E5%89%82,剂型或站点分类明确为局部外用药
review_missing_efficacy,,布地奈德微粉,western,,,0.0,,,阻塞性气管疾病用药 | 其它阻塞性气管病药，吸入剂 | 糖皮质激素类,,,,https://www.yao86.com/%E8%A5%BF%E8%8D%AF/%E5%B8%83%E5%9C%B0%E5%A5%88%E5%BE%B7%E5%BE%AE%E7%B2%89,站点分类无法可靠映射到项目现有类别
review_missing_efficacy,,布地奈德肠溶胶囊,western,,,0.0,,,系统用皮质甾体激素类 | 系统用皮质甾体激素类，单方 | 糖肾上腺皮质激素类,,,,https://www.yao86.com/%E8%A5%BF%E8%8D%AF/%E5%B8%83%E5%9C%B0%E5%A5%88%E5%BE%B7%E8%82%A0%E6%BA%B6%E8%83%B6%E5%9B%8A,站点分类无法可靠映射到项目现有类别
review_unclassified,,吡仑帕奈片,western,,,0.0,成人和12岁及以上儿童癫痫部分性发作患者(伴有或不伴有继发全面性发作)的加用治疗。,神经系统用药 | 抗癫痫药,抗癫痫药 | 其它抗癫痫药,卫克泰(Fycompa),,,https://www.yao86.com/%E8%A5%BF%E8%8D%AF/%E5%90%A1%E4%BB%91%E5%B8%95%E5%A5%88%E7%89%87,站点分类无法可靠映射到项目现有类别
review_missing_efficacy,,吡仑帕奈口服混悬液,western,,,0.0,,,抗癫痫药 | 其它抗癫痫药,,,,https://www.yao86.com/%E8%A5%BF%E8%8D%AF/%E5%90%A1%E4%BB%91%E5%B8%95%E5%A5%88%E5%8F%A3%E6%9C%8D%E6%B7%B7%E6%82%AC%E6%B6%B2,站点分类无法可靠映射到项目现有类别
review_missing_efficacy,,苯佐卡因糊剂,western,,9,0.94,,,止痒药，含抗组胺药、麻醉药等 | 局部麻醉药,,,,https://www.yao86.com/%E8%A5%BF%E8%8D%AF/%E8%8B%AF%E4%BD%90%E5%8D%A1%E5%9B%A0%E7%B3%8A%E5%89%82,剂型或站点分类明确为局部外用药
review_unclassified,,倍他米松片,western,,,0.0,主要用于过敏性与自身免疫性炎症性疾病。现多用于活动性风湿病、类风湿性关节炎、红斑狼疮、严重支气管哮喘、严重皮炎、急性白血病等，也用于某些感染的综合治疗。,激素及影响内分泌药 | 肾上腺皮质激素类药,系统用皮质甾体激素类 | 系统用皮质甾体激素类，单方 | 糖肾上腺皮质激素类,,,,https://www.yao86.com/%E8%A5%BF%E8%8D%AF/%E5%80%8D%E4%BB%96%E7%B1%B3%E6%9D%BE%E7%89%87,站点分类无法可靠映射到项目现有类别
review_missing_efficacy,,丙酸倍氯米松吸入粉雾剂,western,,,0.0,,,阻塞性气管疾病用药 | 其它阻塞性气管病药，吸入剂 | 糖皮质激素类,,,,https://www.yao86.com/%E8%A5%BF%E8%8D%AF/%E4%B8%99%E9%85%B8%E5%80%8D%E6%B0%AF%E7%B1%B3%E6%9D%BE%E5%90%B8%E5%85%A5%E7%B2%89%E9%9B%BE%E5%89%82,站点分类无法可靠映射到项目现有类别
review_missing_efficacy,,丙酸倍氯米松粉末吸入剂,western,,,0.0,,,阻塞性气管疾病用药 | 其它阻塞性气管病药，吸入剂 | 糖皮质激素类,,,,https://www.yao86.com/%E8%A5%BF%E8%8D%AF/%E4%B8%99%E9%85%B8%E5%80%8D%E6%B0%AF%E7%B1%B3%E6%9D%BE%E7%B2%89%E6%9C%AB%E5%90%B8%E5%85%A5%E5%89%82,站点分类无法可靠映射到项目现有类别
review_missing_efficacy,,丙酸倍氯米松粉末吸入剂(胶囊型),western,,,0.0,,,阻塞性气管疾病用药 | 其它阻塞性气管病药，吸入剂 | 糖皮质激素类,,,,https://www.yao86.com/%E8%A5%BF%E8%8D%AF/%E4%B8%99%E9%85%B8%E5%80%8D%E6%B0%AF%E7%B1%B3%E6%9D%BE%E7%B2%89%E6%9C%AB%E5%90%B8%E5%85%A5%E5%89%82%28%E8%83%B6%E5%9B%8A%E5%9E%8B%29,站点分类无法可靠映射到项目现有类别
review_missing_efficacy,,倍氯福格吸入气雾剂,western,,9,0.94,,,阻塞性气管疾病用药 | 肾上腺素能药，吸入剂 | 选择性β2-肾上腺素受体促效药,,,,https://www.yao86.com/%E8%A5%BF%E8%8D%AF/%E5%80%8D%E6%B0%AF%E7%A6%8F%E6%A0%BC%E5%90%B8%E5%85%A5%E6%B0%94%E9%9B%BE%E5%89%82,剂型或站点分类明确为局部外用药
review_missing_efficacy,,杜仲叶干浸膏,tcm,,13,0.9,,治风剂 | 平熄内风,,,,,https://www.yao86.com/%E4%B8%AD%E6%88%90%E8%8D%AF/%E6%9D%9C%E4%BB%B2%E5%8F%B6%E5%B9%B2%E6%B5%B8%E8%86%8F,站点明确收录为中成药，未命中更具体项目类别
review_missing_efficacy,,橙维C咀嚼片,western,,7,0.96,,,维生素类 | 抗坏血酸（维生素C），含其复方 | 抗坏血酸（维生素C），复方,,,,https://www.yao86.com/%E8%A5%BF%E8%8D%AF/%E6%A9%99%E7%BB%B4C%E5%92%80%E5%9A%BC%E7%89%87,站点药理或 ATC 分类明确为维生素/矿物质
review_unclassified,,磷酸雌莫司汀胶囊,western,,,0.0,晚期前列腺癌，尤其是激素难治性前列腺癌；对于预后因素显示对单纯激素疗法疗效差的患者，可作为一线治疗。,抗肿瘤药 | 烷化剂,抗肿瘤药 | 其它抗肿瘤药物 | 其它抗肿瘤药,艾去适,,,https://www.yao86.com/%E8%A5%BF%E8%8D%AF/%E7%A3%B7%E9%85%B8%E9%9B%8C%E8%8E%AB%E5%8F%B8%E6%B1%80%E8%83%B6%E5%9B%8A,站点分类无法可靠映射到项目现有类别
review_unclassified,,长春胺缓释胶囊,western,,,0.0,本品用于治疗衰老期心理行为障碍(如警觉性和记忆力丧失、头晕、耳鸣、时间与空间定向力障碍、失眠)。也可用于急性脑血管病及脑外伤后综合征。眼科方面：可用于治疗缺血性视网膜疾病。耳、鼻、喉科治疗方面，可用于治疗耳蜗前庭疾病。,眼科用药 | 其他眼科用药,外周血管扩张剂 | 其它外周血管扩张剂,奥勃兰,,,https://www.yao86.com/%E8%A5%BF%E8%8D%AF/%E9%95%BF%E6%98%A5%E8%83%BA%E7%BC%93%E9%87%8A%E8%83%B6%E5%9B%8A,站点分类无法可靠映射到项目现有类别
review_missing_efficacy,,长春胺缓释微丸,western,,,0.0,,,,,,,https://www.yao86.com/%E8%A5%BF%E8%8D%AF/%E9%95%BF%E6%98%A5%E8%83%BA%E7%BC%93%E9%87%8A%E5%BE%AE%E4%B8%B8,站点分类无法可靠映射到项目现有类别
review_missing_efficacy,,长春胺缓释片,western,,,0.0,,,外周血管扩张剂 | 其它外周血管扩张剂,,,,https://www.yao86.com/%E8%A5%BF%E8%8D%AF/%E9%95%BF%E6%98%A5%E8%83%BA%E7%BC%93%E9%87%8A%E7%89%87,站点分类无法可靠映射到项目现有类别
review_missing_efficacy,,丁溴东莨菪碱片,western,,5,0.93,,,治疗功能性胃肠疾病的药物 | 颠茄与其衍生物 | 半合成的颠茄生物碱，季铵盐类化合物,,,,https://www.yao86.com/%E8%A5%BF%E8%8D%AF/%E4%B8%81%E6%BA%B4%E4%B8%9C%E8%8E%A8%E8%8F%AA%E7%A2%B1%E7%89%87,站点药理或 ATC 分类明确为胃肠消化用药
review_missing_efficacy,,地高辛酏剂,western,,,0.0,,,心脏病治疗用药 | 强心苷类 | 洋地黄苷类,,,,https://www.yao86.com/%E8%A5%BF%E8%8D%AF/%E5%9C%B0%E9%AB%98%E8%BE%9B%E9%85%8F%E5%89%82,站点分类无法可靠映射到项目现有类别
review_missing_efficacy,,低分子肝素钠凝胶,western,,9,0.94,,,抗血栓形成药 | 肝素类,,,,https://www.yao86.com/%E8%A5%BF%E8%8D%AF/%E4%BD%8E%E5%88%86%E5%AD%90%E8%82%9D%E7%B4%A0%E9%92%A0%E5%87%9D%E8%83%B6,剂型或站点分类明确为局部外用药
review_missing_efficacy,,风湿跌打酊,tcm,,9,0.94,,治风剂 | 祛风止痛,肌肉-骨骼系统药物 | 抗炎和抗风湿药,,,,https://www.yao86.com/%E4%B8%AD%E6%88%90%E8%8D%AF/%E9%A3%8E%E6%B9%BF%E8%B7%8C%E6%89%93%E9%85%8A,剂型或站点分类明确为局部外用药
review_missing_efficacy,,多维元素片,western,,7,0.96,,,维生素类 | 多种维生素，复方 | 多种维生素和矿物质,,,,https://www.yao86.com/%E8%A5%BF%E8%8D%AF/%E5%A4%9A%E7%BB%B4%E5%85%83%E7%B4%A0%E7%89%87,站点药理或 ATC 分类明确为维生素/矿物质
review_missing_efficacy,,多维元素片(14),western,,7,0.96,,,维生素类 | 多种维生素，复方 | 多种维生素和矿物质,,,,https://www.yao86.com/%E8%A5%BF%E8%8D%AF/%E5%A4%9A%E7%BB%B4%E5%85%83%E7%B4%A0%E7%89%87%2814%29,站点药理或 ATC 分类明确为维生素/矿物质
review_missing_efficacy,,多维元素片(16),western,,7,0.96,,,维生素类 | 多种维生素，复方 | 多种维生素和矿物质,,,,https://www.yao86.com/%E8%A5%BF%E8%8D%AF/%E5%A4%9A%E7%BB%B4%E5%85%83%E7%B4%A0%E7%89%87%2816%29,站点药理或 ATC 分类明确为维生素/矿物质
review_missing_efficacy,,小儿善存液,western,,7,0.96,,,维生素类 | 多种维生素，复方 | 多种维生素和矿物质,,,,https://www.yao86.com/%E8%A5%BF%E8%8D%AF/%E5%B0%8F%E5%84%BF%E5%96%84%E5%AD%98%E6%B6%B2,站点药理或 ATC 分类明确为维生素/矿物质
review_missing_efficacy,,多巴丝肼颗粒,western,,,0.0,,,,,,,https://www.yao86.com/%E8%A5%BF%E8%8D%AF/%E5%A4%9A%E5%B7%B4%E4%B8%9D%E8%82%BC%E9%A2%97%E7%B2%92,站点分类无法可靠映射到项目现有类别
review_missing_efficacy,,多巴丝肼缓释胶囊,western,,,0.0,,,抗震颤麻痹药 | 多巴胺能类药 | 其它多巴胺能药,,,,https://www.yao86.com/%E8%A5%BF%E8%8D%AF/%E5%A4%9A%E5%B7%B4%E4%B8%9D%E8%82%BC%E7%BC%93%E9%87%8A%E8%83%B6%E5%9B%8A,站点分类无法可靠映射到项目现有类别
review_missing_efficacy,,多巴丝肼分散片,western,,,0.0,,,抗震颤麻痹药 | 多巴胺能类药 | 其它多巴胺能药,,,,https://www.yao86.com/%E8%A5%BF%E8%8D%AF/%E5%A4%9A%E5%B7%B4%E4%B8%9D%E8%82%BC%E5%88%86%E6%95%A3%E7%89%87,站点分类无法可靠映射到项目现有类别
review_unclassified,,恩扎卢胺软胶囊,western,,,0.0,本品适用于雄激素剥夺治疗(ADT)失败后无症状或有轻微症状且未接受化疗的转移性去势抵抗性前列腺癌(CRPC)成年患者的治疗。,抗肿瘤药 | 抗肿瘤激素类,内分泌治疗用药 | 激素拮抗药与其相关药物 | 抗雄激素类,安可坦(XTANDI),,,https://www.yao86.com/%E8%A5%BF%E8%8D%AF/%E6%81%A9%E6%89%8E%E5%8D%A2%E8%83%BA%E8%BD%AF%E8%83%B6%E5%9B%8A,站点分类无法可靠映射到项目现有类别
review_missing_efficacy,,恩曲替尼胶囊,western,,,0.0,,,抗肿瘤药 | 蛋白激酶抑制剂 | 间变性淋巴瘤激酶(ALK)抑制剂,,,,https://www.yao86.com/%E8%A5%BF%E8%8D%AF/%E6%81%A9%E6%9B%B2%E6%9B%BF%E5%B0%BC%E8%83%B6%E5%9B%8A,站点分类无法可靠映射到项目现有类别
review_missing_efficacy,,恩替司他片,western,,,0.0,,,抗肿瘤药 | 蛋白激酶抑制剂 | 其他蛋白激酶抑制剂,,,,https://www.yao86.com/%E8%A5%BF%E8%8D%AF/%E6%81%A9%E6%9B%BF%E5%8F%B8%E4%BB%96%E7%89%87,站点分类无法可靠映射到项目现有类别
review_missing_efficacy,,恩氟烷溶液,western,,,0.0,,,麻醉药 | 全身麻醉药 | 卤代烃,,,,https://www.yao86.com/%E8%A5%BF%E8%8D%AF/%E6%81%A9%E6%B0%9F%E7%83%B7%E6%BA%B6%E6%B6%B2,站点分类无法可靠映射到项目现有类别
review_missing_efficacy,,福禄补酒,tcm,,13,0.9,,,,,,,https://www.yao86.com/%E4%B8%AD%E6%88%90%E8%8D%AF/%E7%A6%8F%E7%A6%84%E8%A1%A5%E9%85%92,站点明确收录为中成药，未命中更具体项目类别
review_missing_efficacy,,复方银杏叶萃取物胶囊,western,,15,0.95,,,血管保护剂 | 治疗痔疮和肛裂的外用药 | 治疗痔疮和肛裂的其它外用药,,,,https://www.yao86.com/%E8%A5%BF%E8%8D%AF/%E5%A4%8D%E6%96%B9%E9%93%B6%E6%9D%8F%E5%8F%B6%E8%90%83%E5%8F%96%E7%89%A9%E8%83%B6%E5%9B%8A,站点分类明确为痔疮或肛肠用药
review_missing_efficacy,,复方雌孕片,western,,,0.0,,,性激素和生殖系统调节药 | 孕激素和雌激素的复方 | 孕激素和雌激素，固定的配方,,,,https://www.yao86.com/%E8%A5%BF%E8%8D%AF/%E5%A4%8D%E6%96%B9%E9%9B%8C%E5%AD%95%E7%89%87,站点分类无法可靠映射到项目现有类别
review_missing_efficacy,,复方甘油,western,,,0.0,,体外药物,其它血液系统用药,,,,https://www.yao86.com/%E8%A5%BF%E8%8D%AF/%E5%A4%8D%E6%96%B9%E7%94%98%E6%B2%B9,站点分类无法可靠映射到项目现有类别
review_unclassified,,复方甘油溶液,western,,,0.0,Rh阴性血红细胞低温贮存保护剂。,体外药物,其它血液系统用药,,,,https://www.yao86.com/%E8%A5%BF%E8%8D%AF/%E5%A4%8D%E6%96%B9%E7%94%98%E6%B2%B9%E6%BA%B6%E6%B6%B2,站点分类无法可靠映射到项目现有类别
review_missing_efficacy,,复方茶碱麻黄碱片,western,,17,0.96,用于支气管哮喘。,呼吸系统用药 | 平喘药,阻塞性气管疾病用药 | 其它阻塞性气管病系统用药 | 黄嘌呤类,,,,https://www.yao86.com/%E8%A5%BF%E8%8D%AF/%E5%A4%8D%E6%96%B9%E8%8C%B6%E7%A2%B1%E9%BA%BB%E9%BB%84%E7%A2%B1%E7%89%87,人工分类边界：西药支气管扩张剂归其它
review_existing_alias,1,复方感冒灵颗粒,tcm,,0,0.94,辛凉解表，清热解毒。用于风热感冒之发热，微恶风寒，头身痛，口干而渴，鼻塞涕浊，咽喉红肿疼痛，咳嗽，痰黄粘稠。,解表剂 | 辛凉解表,呼吸系统药物 | 咳嗽和感冒用药,,,,https://www.yao86.com/%E4%B8%AD%E6%88%90%E8%8D%AF/%E5%A4%8D%E6%96%B9%E6%84%9F%E5%86%92%E7%81%B5%E9%A2%97%E7%B2%92,该名称已是另一个药品的别名，未自动改写归属
review_unclassified,,复方氨肽素片,western,,,0.0,用于银屑病(牛皮癣)。,皮肤科用药 | 其他皮肤科药,抗银屑病药 | 系统用治疗牛皮癣药 | 其它系统用抗牛皮癣药,,,,https://www.yao86.com/%E8%A5%BF%E8%8D%AF/%E5%A4%8D%E6%96%B9%E6%B0%A8%E8%82%BD%E7%B4%A0%E7%89%87,站点分类无法可靠映射到项目现有类别
review_missing_efficacy,,妇科宁坤丸,tcm,,14,0.96,,理血剂 | 理血调经,生殖泌尿系统药物 | 妇科用药 | 调经药物,,,,https://www.yao86.com/%E4%B8%AD%E6%88%90%E8%8D%AF/%E5%A6%87%E7%A7%91%E5%AE%81%E5%9D%A4%E4%B8%B8,站点药理或 ATC 分类明确为妇科用药
review_unclassified,,氟替美维吸入粉雾剂,western,,,0.0,本品适用于慢性阻塞性肺疾病(COPD)患者的维持治疗，每日一次使用。,呼吸系统用药 | 其他呼吸系统药,阻塞性气管疾病用药 | 肾上腺素能药，吸入剂 | 肾上腺素能药和其它阻塞性气管病药的复方,,,,https://www.yao86.com/%E8%A5%BF%E8%8D%AF/%E6%B0%9F%E6%9B%BF%E7%BE%8E%E7%BB%B4%E5%90%B8%E5%85%A5%E7%B2%89%E9%9B%BE%E5%89%82,站点分类无法可靠映射到项目现有类别
review_unclassified,,复方盐酸阿米洛利片,western,,,0.0,用于高血压病，心力衰竭，肝硬化等疾病引起的水肿和腹水。,泌尿系统用药 | 利尿药及脱水药,利尿剂 | 利尿剂和保钾药的复方 | 低限量利尿剂和保钾药的复方,蒙达清,,,https://www.yao86.com/%E8%A5%BF%E8%8D%AF/%E5%A4%8D%E6%96%B9%E7%9B%90%E9%85%B8%E9%98%BF%E7%B1%B3%E6%B4%9B%E5%88%A9%E7%89%87,站点分类无法可靠映射到项目现有类别
review_missing_efficacy,,呋塞米口服溶液,western,,2,0.96,,,利尿剂 | 高限量利尿剂 | 磺胺类，单方,,,,https://www.yao86.com/%E8%A5%BF%E8%8D%AF/%E5%91%8B%E5%A1%9E%E7%B1%B3%E5%8F%A3%E6%9C%8D%E6%BA%B6%E6%B6%B2,站点药理或 ATC 分类明确为抗感染药
review_missing_efficacy,,骨刺消痛膏,tcm,,13,0.9,,,,,,,https://www.yao86.com/%E4%B8%AD%E6%88%90%E8%8D%AF/%E9%AA%A8%E5%88%BA%E6%B6%88%E7%97%9B%E8%86%8F,站点明确收录为中成药，未命中更具体项目类别
review_unclassified,,复方熊胆薄荷含片,western,,,0.0,用于缓解咽喉肿痛、声音嘶哑等咽喉部不适。,耳鼻喉科用药 | 咽喉、口腔疾病用药,咽喉用药 | 其他咽喉用药,,,,https://www.yao86.com/%E8%A5%BF%E8%8D%AF/%E5%A4%8D%E6%96%B9%E7%86%8A%E8%83%86%E8%96%84%E8%8D%B7%E5%90%AB%E7%89%87,站点分类无法可靠映射到项目现有类别
review_unclassified,,呋喹替尼胶囊,western,,,0.0,本品单药适用于既往接受过氟尿嘧啶类、奥沙利铂和伊立替康为基础的化疗，以及既往接受过或不适合接受抗血管内皮生长因子（VEGF）治疗、抗表皮生长因子受体（EGFR）治疗（RAS野生型）的转移性结直肠癌（mCRC）患者。,抗肿瘤药 | 抗肿瘤靶向药,抗肿瘤药 | 蛋白激酶抑制剂 | 表皮生长因子受体(EGFR)酪氨酸激酶抑制剂,爱优特,,,https://www.yao86.com/%E8%A5%BF%E8%8D%AF/%E5%91%8B%E5%96%B9%E6%9B%BF%E5%B0%BC%E8%83%B6%E5%9B%8A,站点分类无法可靠映射到项目现有类别
review_unclassified,,地喹氯铵短杆菌素含片,western,,,0.0,用于急、慢性咽炎，口腔溃疡及牙龈炎。,耳鼻喉科用药 | 咽喉、口腔疾病用药,口腔疾病药物 | 口腔局部治疗用抗感染药和灭菌药,,,,https://www.yao86.com/%E8%A5%BF%E8%8D%AF/%E5%9C%B0%E5%96%B9%E6%B0%AF%E9%93%B5%E7%9F%AD%E6%9D%86%E8%8F%8C%E7%B4%A0%E5%90%AB%E7%89%87,站点分类无法可靠映射到项目现有类别
review_unclassified,,复方西吡氯铵含片,western,,,0.0,急性咽炎、慢性咽炎急性发作的辅助治疗。建议在咽喉疼痛不太严重、无发热、无口疮、口腔中无小伤口的情况下使用。,耳鼻喉科用药 | 咽喉、口腔疾病用药,口腔疾病药物 | 口腔局部治疗用抗感染药和灭菌药,,,,https://www.yao86.com/%E8%A5%BF%E8%8D%AF/%E5%A4%8D%E6%96%B9%E8%A5%BF%E5%90%A1%E6%B0%AF%E9%93%B5%E5%90%AB%E7%89%87,站点分类无法可靠映射到项目现有类别
review_unclassified,,复方刺五加硫胺片,western,,,0.0,用于神经衰弱、食欲缺乏、腰膝酸痛、失眠多梦等。,神经系统用药 | 其他神经系统用药,精神兴奋药 | 精神兴奋药，用于治疗注意力缺陷多动症药和益智药 | 其它精神兴奋药和益智药,,,,https://www.yao86.com/%E8%A5%BF%E8%8D%AF/%E5%A4%8D%E6%96%B9%E5%88%BA%E4%BA%94%E5%8A%A0%E7%A1%AB%E8%83%BA%E7%89%87,站点分类无法可靠映射到项目现有类别
review_missing_efficacy,,复方葛根氢氯噻嗪片,western,,12,0.95,用于高血压。,心血管系统用药 | 抗高血压药,抗高血压药 | 抗高血压药和利尿剂的复方 | 非蛇根木类生物碱和利尿剂的复方,,,,https://www.yao86.com/%E8%A5%BF%E8%8D%AF/%E5%A4%8D%E6%96%B9%E8%91%9B%E6%A0%B9%E6%B0%A2%E6%B0%AF%E5%99%BB%E5%97%AA%E7%89%87,站点药理或 ATC 分类明确为心脑血管用药
review_missing_efficacy,,复方硫酸软骨素滴眼液,western,,9,0.94,眼疲劳、眼干燥症。,眼科用药 | 其他眼科用药,眼科用药 | 其它眼科用药,,,,https://www.yao86.com/%E8%A5%BF%E8%8D%AF/%E5%A4%8D%E6%96%B9%E7%A1%AB%E9%85%B8%E8%BD%AF%E9%AA%A8%E7%B4%A0%E6%BB%B4%E7%9C%BC%E6%B6%B2,剂型或站点分类明确为局部外用药
review_missing_efficacy,,复方樟脑酊,western,,9,0.94,用于干咳及腹泻。,呼吸系统用药 | 祛痰药,止痒药，含抗组胺药、麻醉药等 | 其它止痒药,,,,https://www.yao86.com/%E8%A5%BF%E8%8D%AF/%E5%A4%8D%E6%96%B9%E6%A8%9F%E8%84%91%E9%85%8A,剂型或站点分类明确为局部外用药
review_unclassified,,复方枸橼酸铁铵糖浆,western,,,0.0,用于各种原因如慢性失血，营养不良、妊娠、儿童发育期等引起的缺铁性贫血。,血液系统用药 | 抗贫血药,抗贫血药 | 铁制剂 | 口服三价铁制剂,,,,https://www.yao86.com/%E8%A5%BF%E8%8D%AF/%E5%A4%8D%E6%96%B9%E6%9E%B8%E6%A9%BC%E9%85%B8%E9%93%81%E9%93%B5%E7%B3%96%E6%B5%86,站点分类无法可靠映射到项目现有类别
review_missing_efficacy,,复方阿司匹林双层片,western,,3,0.94,,镇痛、解热、抗炎、抗风湿、抗痛风药 | 解热镇痛、抗炎、抗风湿药,镇痛药 | 其它解热镇痛药 | 水杨酸与其衍生物,,,,https://www.yao86.com/%E8%A5%BF%E8%8D%AF/%E5%A4%8D%E6%96%B9%E9%98%BF%E5%8F%B8%E5%8C%B9%E6%9E%97%E5%8F%8C%E5%B1%82%E7%89%87,站点药理或 ATC 分类明确为镇痛/抗炎药
review_missing_efficacy,,复方双炔失碳酯肠溶片,western,,14,0.96,用于探亲避孕。,妇产科用药 | 避孕药,性激素和生殖系统调节药 | 系统用激素类避孕药,,,,https://www.yao86.com/%E8%A5%BF%E8%8D%AF/%E5%A4%8D%E6%96%B9%E5%8F%8C%E7%82%94%E5%A4%B1%E7%A2%B3%E9%85%AF%E8%82%A0%E6%BA%B6%E7%89%87,站点药理或 ATC 分类明确为妇科用药
review_missing_efficacy,,复方水杨酸间苯二酚甘油,western,,2,0.96,,皮肤科用药 | 皮肤抗感染药,皮肤病用抗真菌药 | 局部用抗真菌药 | 局部用其它抗真菌药,,,,https://www.yao86.com/%E8%A5%BF%E8%8D%AF/%E5%A4%8D%E6%96%B9%E6%B0%B4%E6%9D%A8%E9%85%B8%E9%97%B4%E8%8B%AF%E4%BA%8C%E9%85%9A%E7%94%98%E6%B2%B9,站点药理或 ATC 分类明确为抗感染药
review_missing_efficacy,,复方联苯苄唑乳膏,western,,9,0.96,足癣、股癣、体癣。,皮肤科用药 | 皮肤抗感染药,皮肤病用抗真菌药 | 局部用抗真菌药 | 咪唑和三唑衍生物,,,,https://www.yao86.com/%E8%A5%BF%E8%8D%AF/%E5%A4%8D%E6%96%B9%E8%81%94%E8%8B%AF%E8%8B%84%E5%94%91%E4%B9%B3%E8%86%8F,外用剂型且站点 ATC 分类明确为皮肤局部用药
review_missing_efficacy,,复方薄樟桉油,western,,8,0.96,,镇痛、解热、抗炎、抗风湿、抗痛风药 | 解热镇痛、抗炎、抗风湿药,止痒药，含抗组胺药、麻醉药等 | 其它止痒药,,,,https://www.yao86.com/%E8%A5%BF%E8%8D%AF/%E5%A4%8D%E6%96%B9%E8%96%84%E6%A8%9F%E6%A1%89%E6%B2%B9,站点药理分类明确为抗过敏药
review_missing_efficacy,,泛硫乙胺颗粒,western,,,0.0,,,,,,,https://www.yao86.com/%E8%A5%BF%E8%8D%AF/%E6%B3%9B%E7%A1%AB%E4%B9%99%E8%83%BA%E9%A2%97%E7%B2%92,站点分类无法可靠映射到项目现有类别
review_missing_efficacy,,氟伐他汀胶囊,western,,11,0.95,,,血脂调节剂 | 血脂调节剂，单方 | β-羟基-β-甲基戊二酸单酰辅酶A还原酶抑制药,,,,https://www.yao86.com/%E8%A5%BF%E8%8D%AF/%E6%B0%9F%E4%BC%90%E4%BB%96%E6%B1%80%E8%83%B6%E5%9B%8A,站点药理或 ATC 分类明确为慢性病长期用药
review_unclassified,,酚磺乙胺片,western,,,0.0,适用于预防和治疗外科手术出血过多，血小板减少性紫癜或过敏性紫癜以及其它原因引起的出血，如脑出血、胃肠道出血、泌尿道出血、眼底出血、齿龈出血、鼻衄等。可与其他类型止血药如氨甲苯酸、维生素K并用。,血液系统用药 | 促凝血药,抗出血药 | 维生素K和其它止血药 | 其它系统止血药,,,,https://www.yao86.com/%E8%A5%BF%E8%8D%AF/%E9%85%9A%E7%A3%BA%E4%B9%99%E8%83%BA%E7%89%87,站点分类无法可靠映射到项目现有类别
review_unclassified,,氟哌噻吨美利曲辛胶囊,western,,,0.0,轻、中度抑郁和焦虑。神经衰弱、心因性抑郁，抑郁性神经官能症，隐匿性抑郁，心身疾病伴焦虑和情感淡漠，更年期抑郁，嗜酒及药瘾者的焦躁不安及抑郁。,治疗精神障碍药 | 抗抑郁药,精神兴奋药 | 精神安定药和精神兴奋药的复方 | 抗抑郁药与精神安定药的复方,,,,https://www.yao86.com/%E8%A5%BF%E8%8D%AF/%E6%B0%9F%E5%93%8C%E5%99%BB%E5%90%A8%E7%BE%8E%E5%88%A9%E6%9B%B2%E8%BE%9B%E8%83%B6%E5%9B%8A,站点分类无法可靠映射到项目现有类别
review_missing_efficacy,,复方炔诺孕酮滴丸,western,,14,0.96,,,性激素和生殖系统调节药 | 系统用激素类避孕药 | 孕激素和雌激素，固定复方,,,,https://www.yao86.com/%E8%A5%BF%E8%8D%AF/%E5%A4%8D%E6%96%B9%E7%82%94%E8%AF%BA%E5%AD%95%E9%85%AE%E6%BB%B4%E4%B8%B8,站点药理或 ATC 分类明确为妇科用药
review_missing_efficacy,,格列喹酮分散片,western,,11,0.95,2型糖尿病。,激素及影响内分泌药 | 胰岛素及口服降血糖药,糖尿病用药 | 非胰岛素类降血糖药 | 磺胺类，脲衍生物,,,,https://www.yao86.com/%E8%A5%BF%E8%8D%AF/%E6%A0%BC%E5%88%97%E5%96%B9%E9%85%AE%E5%88%86%E6%95%A3%E7%89%87,站点药理或 ATC 分类明确为慢性病长期用药
review_missing_efficacy,,格列齐特片,western,,11,0.95,用于Ⅱ型糖尿病。,激素及影响内分泌药 | 胰岛素及口服降血糖药,糖尿病用药 | 非胰岛素类降血糖药 | 磺胺类，脲衍生物,,,,https://www.yao86.com/%E8%A5%BF%E8%8D%AF/%E6%A0%BC%E5%88%97%E9%BD%90%E7%89%B9%E7%89%87,站点药理或 ATC 分类明确为慢性病长期用药
review_missing_efficacy,,格列齐特片(Ⅱ),western,,11,0.95,用于Ⅱ型糖尿病。,激素及影响内分泌药 | 胰岛素及口服降血糖药,糖尿病用药 | 非胰岛素类降血糖药 | 磺胺类，脲衍生物,,,,https://www.yao86.com/%E8%A5%BF%E8%8D%AF/%E6%A0%BC%E5%88%97%E9%BD%90%E7%89%B9%E7%89%87%28%E2%85%A1%29,站点药理或 ATC 分类明确为慢性病长期用药
review_missing_efficacy,,格列齐特分散片,western,,11,0.95,用于Ⅱ型糖尿病。,激素及影响内分泌药 | 胰岛素及口服降血糖药,糖尿病用药 | 非胰岛素类降血糖药 | 磺胺类，脲衍生物,弘旭阳,,,https://www.yao86.com/%E8%A5%BF%E8%8D%AF/%E6%A0%BC%E5%88%97%E9%BD%90%E7%89%B9%E5%88%86%E6%95%A3%E7%89%87,站点药理或 ATC 分类明确为慢性病长期用药
review_unclassified,,甘露特钠胶囊,western,,,0.0,"用于轻度至中度阿尔茨海默病,改善患者认知功能。",神经系统用药 | 抗痴呆药,精神兴奋药 | 抗痴呆药 | 其它抗痴呆药,九期一,,,https://www.yao86.com/%E8%A5%BF%E8%8D%AF/%E7%94%98%E9%9C%B2%E7%89%B9%E9%92%A0%E8%83%B6%E5%9B%8A,站点分类无法可靠映射到项目现有类别
review_unclassified,,磷酸咯萘啶肠溶片,western,,,0.0,本品用于治疗脑型、凶险型及耐氯喹虫株所致的恶性疟，也用于治疗间日疟。,抗寄生虫病药 | 抗疟药,抗原虫药 | 抗疟药 | 其它抗疟药,,,,https://www.yao86.com/%E8%A5%BF%E8%8D%AF/%E7%A3%B7%E9%85%B8%E5%92%AF%E8%90%98%E5%95%B6%E8%82%A0%E6%BA%B6%E7%89%87,站点分类无法可靠映射到项目现有类别
review_missing_efficacy,,小儿复方磺胺嘧啶散,western,,2,0.96,用于肠炎、痢疾。,抗微生物药 | 磺胺类,系统用抗细菌药 | 磺胺类和甲氧苄啶 | 中效磺胺类,,,,https://www.yao86.com/%E8%A5%BF%E8%8D%AF/%E5%B0%8F%E5%84%BF%E5%A4%8D%E6%96%B9%E7%A3%BA%E8%83%BA%E5%98%A7%E5%95%B6%E6%95%A3,站点药理或 ATC 分类明确为抗感染药
review_missing_efficacy,,磺胺嘧啶速释片,western,,2,0.96,,,系统用抗细菌药 | 磺胺类和甲氧苄啶 | 中效磺胺类,,,,https://www.yao86.com/%E8%A5%BF%E8%8D%AF/%E7%A3%BA%E8%83%BA%E5%98%A7%E5%95%B6%E9%80%9F%E9%87%8A%E7%89%87,站点药理或 ATC 分类明确为抗感染药
review_missing_efficacy,,琥珀酸曲格列汀片,western,,11,0.95,,,糖尿病用药 | 非胰岛素类降血糖药 | 二肽基肽酶4(DPP-4)抑制剂,,,,https://www.yao86.com/%E8%A5%BF%E8%8D%AF/%E7%90%A5%E7%8F%80%E9%85%B8%E6%9B%B2%E6%A0%BC%E5%88%97%E6%B1%80%E7%89%87,站点药理或 ATC 分类明确为慢性病长期用药
review_missing_efficacy,,琥珀酸瑞波西利片,western,,,0.0,,,抗肿瘤药 | 蛋白激酶抑制剂 | 细胞周期蛋白依赖性激酶(CDK)抑制剂,,,,https://www.yao86.com/%E8%A5%BF%E8%8D%AF/%E7%90%A5%E7%8F%80%E9%85%B8%E7%91%9E%E6%B3%A2%E8%A5%BF%E5%88%A9%E7%89%87,站点分类无法可靠映射到项目现有类别
review_missing_efficacy,,琥珀酸莫博赛替尼胶囊,western,,,0.0,,,抗肿瘤药 | 蛋白激酶抑制剂 | 表皮生长因子受体(EGFR)酪氨酸激酶抑制剂,,,,https://www.yao86.com/%E8%A5%BF%E8%8D%AF/%E7%90%A5%E7%8F%80%E9%85%B8%E8%8E%AB%E5%8D%9A%E8%B5%9B%E6%9B%BF%E5%B0%BC%E8%83%B6%E5%9B%8A,站点分类无法可靠映射到项目现有类别
review_unclassified,,琥珀酸亚铁缓释片,western,,,0.0,抗贫血药，用于预防及治疗缺铁性贫血。,血液系统用药 | 抗贫血药,抗贫血药 | 铁制剂 | 口服二价铁制剂,速力菲,,,https://www.yao86.com/%E8%A5%BF%E8%8D%AF/%E7%90%A5%E7%8F%80%E9%85%B8%E4%BA%9A%E9%93%81%E7%BC%93%E9%87%8A%E7%89%87,站点分类无法可靠映射到项目现有类别
review_unclassified,,琥珀酸亚铁片,western,,,0.0,用于缺铁性贫血的预防和治疗。,血液系统用药 | 抗贫血药,抗贫血药 | 铁制剂 | 口服二价铁制剂,,,,https://www.yao86.com/%E8%A5%BF%E8%8D%AF/%E7%90%A5%E7%8F%80%E9%85%B8%E4%BA%9A%E9%93%81%E7%89%87,站点分类无法可靠映射到项目现有类别
review_unclassified,,琥珀酸亚铁颗粒,western,,,0.0,本品用于缺铁性贫血的预防及治疗。,血液系统用药 | 抗贫血药,抗贫血药 | 铁制剂 | 口服二价铁制剂,速力菲,,,https://www.yao86.com/%E8%A5%BF%E8%8D%AF/%E7%90%A5%E7%8F%80%E9%85%B8%E4%BA%9A%E9%93%81%E9%A2%97%E7%B2%92,站点分类无法可靠映射到项目现有类别
review_missing_efficacy,,环吡酮胺阴道软膏,western,,14,0.96,,,妇科用抗感染药和灭菌药 | 抗感染药和灭菌药，与皮质甾体激素类的复方除外 | 其它抗感染药和灭菌药,,,,https://www.yao86.com/%E8%A5%BF%E8%8D%AF/%E7%8E%AF%E5%90%A1%E9%85%AE%E8%83%BA%E9%98%B4%E9%81%93%E8%BD%AF%E8%86%8F,站点药理或 ATC 分类明确为妇科用药
review_missing_efficacy,,枸橼酸乙胺嗪片,western,,,0.0,,,抗蠕虫药 | 抗线虫药 | 哌嗪与其衍生物类,,,,https://www.yao86.com/%E8%A5%BF%E8%8D%AF/%E6%9E%B8%E6%A9%BC%E9%85%B8%E4%B9%99%E8%83%BA%E5%97%AA%E7%89%87,站点分类无法可靠映射到项目现有类别
review_missing_efficacy,,枸橼酸爱地那非片,western,,,0.0,,,泌尿系统药物 | 勃起机能障碍用药,,,,https://www.yao86.com/%E8%A5%BF%E8%8D%AF/%E6%9E%B8%E6%A9%BC%E9%85%B8%E7%88%B1%E5%9C%B0%E9%82%A3%E9%9D%9E%E7%89%87,站点分类无法可靠映射到项目现有类别
review_missing_efficacy,,复方甲硝唑阴道泡腾片,western,,14,0.96,,,妇科用抗感染药和灭菌药 | 抗感染药和灭菌药，与皮质甾体激素类的复方除外 | 咪唑衍生物类,,,,https://www.yao86.com/%E8%A5%BF%E8%8D%AF/%E5%A4%8D%E6%96%B9%E7%94%B2%E7%A1%9D%E5%94%91%E9%98%B4%E9%81%93%E6%B3%A1%E8%85%BE%E7%89%87,站点药理或 ATC 分类明确为妇科用药
review_missing_efficacy,,浓甲硝唑含漱液,western,,,0.0,,,口腔疾病药物 | 口腔局部治疗用抗感染药和灭菌药,,,,https://www.yao86.com/%E8%A5%BF%E8%8D%AF/%E6%B5%93%E7%94%B2%E7%A1%9D%E5%94%91%E5%90%AB%E6%BC%B1%E6%B6%B2,站点分类无法可靠映射到项目现有类别
review_missing_efficacy,,甲硝唑软膏,western,,9,0.96,,,皮肤病用抗生素和化学治疗药物 | 局部用化疗药 | 其它化疗药,,,,https://www.yao86.com/%E8%A5%BF%E8%8D%AF/%E7%94%B2%E7%A1%9D%E5%94%91%E8%BD%AF%E8%86%8F,外用剂型且站点 ATC 分类明确为皮肤局部用药
review_missing_efficacy,,甲状腺片,western,,11,0.95,,激素及影响内分泌药 | 甲状腺激素及抗甲状腺药,甲状腺治疗药 | 甲状腺激素类,,,,https://www.yao86.com/%E8%A5%BF%E8%8D%AF/%E7%94%B2%E7%8A%B6%E8%85%BA%E7%89%87,站点药理或 ATC 分类明确为慢性病长期用药
review_unclassified,,氢溴酸加兰他敏缓释片,western,,,0.0,本品用于治疗轻度到中度阿尔茨海默型痴呆症状。,神经系统用药 | 其他神经系统用药,精神兴奋药 | 抗痴呆药 | 其它抗痴呆药,,,,https://www.yao86.com/%E8%A5%BF%E8%8D%AF/%E6%B0%A2%E6%BA%B4%E9%85%B8%E5%8A%A0%E5%85%B0%E4%BB%96%E6%95%8F%E7%BC%93%E9%87%8A%E7%89%87,站点分类无法可靠映射到项目现有类别
review_unclassified,,氢溴酸加兰他敏分散片,western,,,0.0,本品用于治疗轻度到中度阿尔茨海默型痴呆症状。,神经系统用药 | 其他神经系统用药,精神兴奋药 | 抗痴呆药 | 其它抗痴呆药,施维宝,,,https://www.yao86.com/%E8%A5%BF%E8%8D%AF/%E6%B0%A2%E6%BA%B4%E9%85%B8%E5%8A%A0%E5%85%B0%E4%BB%96%E6%95%8F%E5%88%86%E6%95%A3%E7%89%87,站点分类无法可靠映射到项目现有类别
review_unclassified,,氢溴酸加兰他敏口服溶液,western,,,0.0,本品用于治疗轻度到中度阿尔茨海默型痴呆症状。,神经系统用药 | 其他神经系统用药,精神兴奋药 | 抗痴呆药 | 其它抗痴呆药,,,,https://www.yao86.com/%E8%A5%BF%E8%8D%AF/%E6%B0%A2%E6%BA%B4%E9%85%B8%E5%8A%A0%E5%85%B0%E4%BB%96%E6%95%8F%E5%8F%A3%E6%9C%8D%E6%BA%B6%E6%B6%B2,站点分类无法可靠映射到项目现有类别
review_unclassified,,氢溴酸加兰他敏口腔崩解片,western,,,0.0,本品用于治疗轻度到中度阿尔茨海默型痴呆症状。,神经系统用药 | 其他神经系统用药,精神兴奋药 | 抗痴呆药 | 其它抗痴呆药,,,,https://www.yao86.com/%E8%A5%BF%E8%8D%AF/%E6%B0%A2%E6%BA%B4%E9%85%B8%E5%8A%A0%E5%85%B0%E4%BB%96%E6%95%8F%E5%8F%A3%E8%85%94%E5%B4%A9%E8%A7%A3%E7%89%87,站点分类无法可靠映射到项目现有类别
review_unclassified,,氢溴酸加兰他敏片,western,,,0.0,本品适用于良性记忆障碍，提高患者指向记忆、联想学习、图像回忆、无意义图形再认及人像回忆等能力。对痴呆患者和脑器质性病变引起的记忆障碍也有改善作用。,神经系统用药 | 其他神经系统用药,精神兴奋药 | 抗痴呆药 | 其它抗痴呆药,金康灵力,,,https://www.yao86.com/%E8%A5%BF%E8%8D%AF/%E6%B0%A2%E6%BA%B4%E9%85%B8%E5%8A%A0%E5%85%B0%E4%BB%96%E6%95%8F%E7%89%87,站点分类无法可靠映射到项目现有类别
review_unclassified,,氢溴酸加兰他敏胶囊,western,,,0.0,本品适用于良性记忆障碍，提高患者指向记忆，联想学习、图象回忆、无意义图形再认及人像回忆等能力。对痴呆患者和脑气质性病变引起的记忆障碍亦有改善作用。,神经系统用药 | 其他神经系统用药,精神兴奋药 | 抗痴呆药 | 其它抗痴呆药,,,,https://www.yao86.com/%E8%A5%BF%E8%8D%AF/%E6%B0%A2%E6%BA%B4%E9%85%B8%E5%8A%A0%E5%85%B0%E4%BB%96%E6%95%8F%E8%83%B6%E5%9B%8A,站点分类无法可靠映射到项目现有类别
review_missing_efficacy,,甲氧苄啶颗粒,western,,2,0.96,,,系统用抗细菌药 | 磺胺类和甲氧苄啶 | 甲氧苄啶与其衍生物,,,,https://www.yao86.com/%E8%A5%BF%E8%8D%AF/%E7%94%B2%E6%B0%A7%E8%8B%84%E5%95%B6%E9%A2%97%E7%B2%92,站点药理或 ATC 分类明确为抗感染药
review_missing_efficacy,,酒石酸卡巴拉汀胶囊,western,,,0.0,,,精神兴奋药 | 抗痴呆药 | 抗胆碱酯酶类,,,,https://www.yao86.com/%E8%A5%BF%E8%8D%AF/%E9%85%92%E7%9F%B3%E9%85%B8%E5%8D%A1%E5%B7%B4%E6%8B%89%E6%B1%80%E8%83%B6%E5%9B%8A,站点分类无法可靠映射到项目现有类别
review_missing_efficacy,,罗汉茶化浊颗粒,tcm,,11,0.95,暂无数据,祛痰剂 | 化痰降脂,心脑血管与血液系统药物 | 血脂调节剂,,,,https://www.yao86.com/%E4%B8%AD%E6%88%90%E8%8D%AF/%E7%BD%97%E6%B1%89%E8%8C%B6%E5%8C%96%E6%B5%8A%E9%A2%97%E7%B2%92,站点药理或 ATC 分类明确为慢性病长期用药
review_missing_efficacy,,康胃素胶囊,western,,,0.0,,,其它消化道和代谢药物 | 氨基酸与其衍生物,,,,https://www.yao86.com/%E8%A5%BF%E8%8D%AF/%E5%BA%B7%E8%83%83%E7%B4%A0%E8%83%B6%E5%9B%8A,站点分类无法可靠映射到项目现有类别
review_missing_efficacy,,口服乳杆菌LB胶囊,western,,,0.0,,,消化药，含酶 | 酶和酸制剂，复方,,,,https://www.yao86.com/%E8%A5%BF%E8%8D%AF/%E5%8F%A3%E6%9C%8D%E4%B9%B3%E6%9D%86%E8%8F%8CLB%E8%83%B6%E5%9B%8A,站点分类无法可靠映射到项目现有类别
review_missing_efficacy,,抗乙型肝炎转移因子口服液,western,,5,0.93,,,肝、胆疾病治疗药 | 肝病治疗药，抗脂肪肝药 | 肝病治疗药,,,,https://www.yao86.com/%E8%A5%BF%E8%8D%AF/%E6%8A%97%E4%B9%99%E5%9E%8B%E8%82%9D%E7%82%8E%E8%BD%AC%E7%A7%BB%E5%9B%A0%E5%AD%90%E5%8F%A3%E6%9C%8D%E6%B6%B2,站点药理或 ATC 分类明确为胃肠消化用药
review_unclassified,,卡比多巴片,western,,,0.0,与左旋多巴联合应用，用于帕金森病和帕金森综合征。,神经系统用药 | 抗震颤麻痹药,抗震颤麻痹药 | 多巴胺能类药 | 多巴与其衍生物类,,,,https://www.yao86.com/%E8%A5%BF%E8%8D%AF/%E5%8D%A1%E6%AF%94%E5%A4%9A%E5%B7%B4%E7%89%87,站点分类无法可靠映射到项目现有类别
review_unclassified,,卡络磺钠片,western,,,0.0,用于泌尿系统、上消化道、呼吸道和妇产科疾病出血。亦可用于外伤和手术出血。,血液系统用药 | 促凝血药,抗出血药 | 维生素K和其它止血药 | 其它系统止血药,,,,https://www.yao86.com/%E8%A5%BF%E8%8D%AF/%E5%8D%A1%E7%BB%9C%E7%A3%BA%E9%92%A0%E7%89%87,站点分类无法可靠映射到项目现有类别
review_unclassified,,咖啡酸片,western,,,0.0,用于外科手术时预防出血或止血，以及内科、妇产科等出血性疾病的止血，也用于各种原因引起的白细胞减少症、血小板减少症。,血液系统用药 | 促凝血药,抗出血药 | 维生素K和其它止血药 | 其它系统止血药,,,,https://www.yao86.com/%E8%A5%BF%E8%8D%AF/%E5%92%96%E5%95%A1%E9%85%B8%E7%89%87,站点分类无法可靠映射到项目现有类别
review_unclassified,,卡马西平片,western,,,0.0,1、癫痫：部分性发作：复杂部分性发作。全身性发作：强直、阵挛、强直阵挛发作。2、三叉神经痛和舌咽神经痛发作，亦用作三叉神经痛缓解后的长期预防性用药。也可用于脊髓痨和多发性硬化、糖尿病性周围性神经痛、患肢痛和外伤后神经痛以及疱疹后神经痛。3、预防或治疗躁狂-抑郁症；对锂或抗精神病药或抗抑郁药无效的或不能耐受的躁狂-抑郁症，可单用或与锂盐和其它抗抑郁药合用。4、中枢性部分性尿崩症，可单用或氯磺丙脲或氯贝丁酯等合用。5、酒精癖的戒断综合征。,治疗精神障碍药 | 抗抑郁药,抗癫痫药 | 氨甲酰胺衍生物类,,,,https://www.yao86.com/%E8%A5%BF%E8%8D%AF/%E5%8D%A1%E9%A9%AC%E8%A5%BF%E5%B9%B3%E7%89%87,站点分类无法可靠映射到项目现有类别
review_unclassified,,卡马西平胶囊,western,,,0.0,（1）复杂部分性发作（亦称精神运动性发作或颞叶癫痫）、全身强直-阵孪性发作、上述两种混合性发作或其他部分性或全身性发作；对典型或不典型失神发作、肌阵孪或失神张力发作无效。（2）三叉神经痛和舌咽神经痛发作，亦用作三叉神经痛缓解后的长期预防性用药。也可用于脊髓痨和多发性硬化、糖尿病性周围性神经痛、患肢痛和外伤后神经痛以及疱疹后神经痛。（3）预防或治疗躁狂-抑郁症；对锂或抗精神病药或抗抑郁药无效的或不能耐受的躁狂-抑郁症，可单用或与锂盐和其它抗抑郁药合用。（4）中枢性部分性尿崩症，可单用或氯磺丙脲或氯贝丁酯等合用。（5）对某些精神疾病包括精神分裂症性情感性疾病，顽固性精神分裂症及与边缘系统功能障碍有关的失控综合征。（6）不宁腿综合症（Ekbom综合征），偏侧面肌痉孪。（7.）酒精癖的戒断综合征。,治疗精神障碍药 | 抗抑郁药,抗癫痫药 | 氨甲酰胺衍生物类,,,,https://www.yao86.com/%E8%A5%BF%E8%8D%AF/%E5%8D%A1%E9%A9%AC%E8%A5%BF%E5%B9%B3%E8%83%B6%E5%9B%8A,站点分类无法可靠映射到项目现有类别
review_unclassified,,卡马西平缓释胶囊,western,,,0.0,1.癫痫(1)局部发作，伴随复杂的综合症状，伴随简单的综合症状；(2)具有强直阵挛性的原发性或继发性癫痫发作；(3)综合性癫痫发作。2.躁狂，以及预防躁狂抑郁失调。3.由多种硬化症而引起的自发性三叉神经痛和三叉神经痛；自发性舌咽神经痛。,治疗精神障碍药 | 抗抑郁药,抗癫痫药 | 氨甲酰胺衍生物类,,,,https://www.yao86.com/%E8%A5%BF%E8%8D%AF/%E5%8D%A1%E9%A9%AC%E8%A5%BF%E5%B9%B3%E7%BC%93%E9%87%8A%E8%83%B6%E5%9B%8A,站点分类无法可靠映射到项目现有类别
review_missing_efficacy,,卡马西平缓释片(Ⅱ),western,,,0.0,,,抗癫痫药 | 氨甲酰胺衍生物类,,,,https://www.yao86.com/%E8%A5%BF%E8%8D%AF/%E5%8D%A1%E9%A9%AC%E8%A5%BF%E5%B9%B3%E7%BC%93%E9%87%8A%E7%89%87%28%E2%85%A1%29,站点分类无法可靠映射到项目现有类别
review_missing_efficacy,,卡马西平缓释片,western,,,0.0,,,抗癫痫药 | 氨甲酰胺衍生物类,,,,https://www.yao86.com/%E8%A5%BF%E8%8D%AF/%E5%8D%A1%E9%A9%AC%E8%A5%BF%E5%B9%B3%E7%BC%93%E9%87%8A%E7%89%87,站点分类无法可靠映射到项目现有类别
review_unclassified,,卡左双多巴缓释片,western,,,0.0,·原发性帕金森氏病。·脑炎后帕金森氏综合征。·症状性帕金森氏综合征(一氧化碳或锰中毒)·对以前用过左旋多巴/脱羧酶抑制剂复方制剂或单用左旋多巴治疗有剂末恶化(“渐弱”现象)，峰剂量运动障碍、运动不能等特征的运动失调，或有类似短时间运动障碍现象的患者，可减少“关”的时间。,神经系统用药 | 抗震颤麻痹药,抗震颤麻痹药 | 多巴胺能类药 | 多巴与其衍生物类,,,,https://www.yao86.com/%E8%A5%BF%E8%8D%AF/%E5%8D%A1%E5%B7%A6%E5%8F%8C%E5%A4%9A%E5%B7%B4%E7%BC%93%E9%87%8A%E7%89%87,站点分类无法可靠映射到项目现有类别
review_unclassified,,复方卡比多巴片,western,,,0.0,抗震颤麻痹药。用于原发性震颤麻痹和症状性震颤麻痹综合症(不包括药物引起的震颤麻痹综合症征)。,神经系统用药 | 抗震颤麻痹药,抗震颤麻痹药 | 多巴胺能类药 | 多巴与其衍生物类,西莱美,,,https://www.yao86.com/%E8%A5%BF%E8%8D%AF/%E5%A4%8D%E6%96%B9%E5%8D%A1%E6%AF%94%E5%A4%9A%E5%B7%B4%E7%89%87,站点分类无法可靠映射到项目现有类别
review_unclassified,,卡左双多巴控释片,western,,,0.0,·原发性帕金森氏病。·脑炎后帕金森氏综合征。·症状性帕金森氏综合征(一氧化碳或锰中毒)·服用含吡多辛(维生素B6)的维生素制剂的帕金森氏病或帕金森氏综合征的患者。·对以前用过左旋多巴/脱羧酶抑制剂复方制剂或单用左旋多巴治疗有剂末恶化(“渐弱”现象)，峰剂量运动障碍、运动不能等特征的运动失调，或有类似短时间运动障碍现象的患者，可减少“关”的时间。,神经系统用药 | 抗震颤麻痹药,抗震颤麻痹药 | 多巴胺能类药 | 多巴与其衍生物类,,,,https://www.yao86.com/%E8%A5%BF%E8%8D%AF/%E5%8D%A1%E5%B7%A6%E5%8F%8C%E5%A4%9A%E5%B7%B4%E6%8E%A7%E9%87%8A%E7%89%87,站点分类无法可靠映射到项目现有类别
review_missing_efficacy,,卡替拉韦钠片,western,,2,0.96,,,系统用抗病毒药 | 直接作用的抗病毒药 | 整合酶抑制剂,,,,https://www.yao86.com/%E8%A5%BF%E8%8D%AF/%E5%8D%A1%E6%9B%BF%E6%8B%89%E9%9F%A6%E9%92%A0%E7%89%87,站点药理或 ATC 分类明确为抗感染药
review_unclassified,,氯膦酸二钠胶囊,western,,,0.0,氯膦酸二钠胶囊适用于治疗恶性肿瘤引起的高钙血症及骨质溶解。,抗肿瘤药 | 抗肿瘤辅助药,骨病治疗药 | 影响骨结构与其矿物质化的药物 | 双磷酸类,固令 Bonefos,,,https://www.yao86.com/%E8%A5%BF%E8%8D%AF/%E6%B0%AF%E8%86%A6%E9%85%B8%E4%BA%8C%E9%92%A0%E8%83%B6%E5%9B%8A,站点分类无法可靠映射到项目现有类别
review_unclassified,,氯膦酸二钠片,western,,,0.0,氯膦酸二钠片适用于治疗恶性肿瘤引起的高钙血症及骨质溶解。,抗肿瘤药 | 抗肿瘤辅助药,骨病治疗药 | 影响骨结构与其矿物质化的药物 | 双磷酸类,固令|BONEFOS,,,https://www.yao86.com/%E8%A5%BF%E8%8D%AF/%E6%B0%AF%E8%86%A6%E9%85%B8%E4%BA%8C%E9%92%A0%E7%89%87,站点分类无法可靠映射到项目现有类别
review_missing_efficacy,,无水氯膦酸二钠片,western,,,0.0,,,骨病治疗药 | 影响骨结构与其矿物质化的药物 | 双磷酸类,,,,https://www.yao86.com/%E8%A5%BF%E8%8D%AF/%E6%97%A0%E6%B0%B4%E6%B0%AF%E8%86%A6%E9%85%B8%E4%BA%8C%E9%92%A0%E7%89%87,站点分类无法可靠映射到项目现有类别
review_missing_efficacy,,氯芬那酸片,western,,3,0.94,,,抗炎和抗风湿药 | 非甾体抗炎药和抗风湿药 | 芬那酸类,,,,https://www.yao86.com/%E8%A5%BF%E8%8D%AF/%E6%B0%AF%E8%8A%AC%E9%82%A3%E9%85%B8%E7%89%87,站点药理或 ATC 分类明确为镇痛/抗炎药
review_missing_efficacy,,赖氨酸王浆口服液,western,,,0.0,,,一般营养药 | 其它营养 | 碳水化合物、蛋白质、矿物质、维生素、复方,,,,https://www.yao86.com/%E8%A5%BF%E8%8D%AF/%E8%B5%96%E6%B0%A8%E9%85%B8%E7%8E%8B%E6%B5%86%E5%8F%A3%E6%9C%8D%E6%B6%B2,站点分类无法可靠映射到项目现有类别
review_missing_efficacy,,盐酸拉贝洛尔片,western,,12,0.95,用于各种高血压。,心血管系统用药 | 抗高血压药,β-受体阻断药 | α-和β-受体阻断药,,,,https://www.yao86.com/%E8%A5%BF%E8%8D%AF/%E7%9B%90%E9%85%B8%E6%8B%89%E8%B4%9D%E6%B4%9B%E5%B0%94%E7%89%87,站点药理或 ATC 分类明确为心脑血管用药
review_unclassified,,洛莫司汀胶囊,western,,,0.0,本品脂溶性强，可通过血-脑屏障，进入脑脊液，常用于脑部原发肿瘤（如成胶质细胞瘤）及继发性肿瘤；治疗实体瘤，如联合用药治疗胃癌、直肠癌及支气管肺癌、恶性淋巴瘤等。,抗肿瘤药 | 烷化剂,抗肿瘤药 | 烷基化剂 | 亚硝基脲类,,,,https://www.yao86.com/%E8%A5%BF%E8%8D%AF/%E6%B4%9B%E8%8E%AB%E5%8F%B8%E6%B1%80%E8%83%B6%E5%9B%8A,站点分类无法可靠映射到项目现有类别
review_missing_efficacy,,拉西地平片,western,,12,0.95,高血压。,心血管系统用药 | 抗高血压药,钙通道阻滞剂 | 主要对血管产生影响的选择性钙通道阻滞剂 | 二氢吡啶衍生物,司乐平,,,https://www.yao86.com/%E8%A5%BF%E8%8D%AF/%E6%8B%89%E8%A5%BF%E5%9C%B0%E5%B9%B3%E7%89%87,站点药理或 ATC 分类明确为心脑血管用药
review_unclassified,,利司扑兰口服溶液用散,western,,,0.0,利司扑兰口服溶液用散用于治疗2月龄及以上患者的脊髓性肌萎缩症。,神经系统用药 | 其他神经系统用药,其它治疗肌肉-骨骼系统疾病的药物,艾满欣,,,https://www.yao86.com/%E8%A5%BF%E8%8D%AF/%E5%88%A9%E5%8F%B8%E6%89%91%E5%85%B0%E5%8F%A3%E6%9C%8D%E6%BA%B6%E6%B6%B2%E7%94%A8%E6%95%A3,站点分类无法可靠映射到项目现有类别
review_missing_efficacy,,氯霉素阴道软胶囊,western,,14,0.96,细菌性阴道病。,妇产科用药 | 其他妇产科用药,妇科用抗感染药和灭菌药 | 抗感染药和灭菌药，与皮质甾体激素类的复方除外 | 抗生素,,,,https://www.yao86.com/%E8%A5%BF%E8%8D%AF/%E6%B0%AF%E9%9C%89%E7%B4%A0%E9%98%B4%E9%81%93%E8%BD%AF%E8%83%B6%E5%9B%8A,站点药理或 ATC 分类明确为妇科用药
review_missing_efficacy,,硫酸黏菌素颗粒,western,,5,0.96,,,止泻药、肠道抗炎、抗感染药 | 肠道抗感染药 | 抗生素,,,,https://www.yao86.com/%E8%A5%BF%E8%8D%AF/%E7%A1%AB%E9%85%B8%E9%BB%8F%E8%8F%8C%E7%B4%A0%E9%A2%97%E7%B2%92,站点分类明确为止泻或肠道吸附药
review_missing_efficacy,,硫酸瑞美吉泮口崩片,western,,3,0.94,,,镇痛药 | 抗偏头痛药 | 其它抗偏头痛药,,,,https://www.yao86.com/%E8%A5%BF%E8%8D%AF/%E7%A1%AB%E9%85%B8%E7%91%9E%E7%BE%8E%E5%90%89%E6%B3%AE%E5%8F%A3%E5%B4%A9%E7%89%87,站点药理或 ATC 分类明确为镇痛/抗炎药
review_unclassified,,盐酸氯米帕明片,western,,,0.0,用于治疗各种抑郁状态。也常用于治疗强迫性神经症、恐怖性神经症。,治疗精神障碍药 | 抗抑郁药,精神兴奋药 | 抗抑郁药 | 非选择性单胺再吸收抑制药,,,,https://www.yao86.com/%E8%A5%BF%E8%8D%AF/%E7%9B%90%E9%85%B8%E6%B0%AF%E7%B1%B3%E5%B8%95%E6%98%8E%E7%89%87,站点分类无法可靠映射到项目现有类别
review_unclassified,,硝酸毛果芸香碱片,western,,,0.0,头颈部肿瘤患者放疗后引发的口干症；药源性口干症；涎腺疾患性口干症。,抗肿瘤药 | 抗肿瘤辅助药,其它神经系统用药 | 拟副交感神经药物 | 其它拟副交感神经药物,瑞尔欣,,,https://www.yao86.com/%E8%A5%BF%E8%8D%AF/%E7%A1%9D%E9%85%B8%E6%AF%9B%E6%9E%9C%E8%8A%B8%E9%A6%99%E7%A2%B1%E7%89%87,站点分类无法可靠映射到项目现有类别
review_missing_efficacy,,复方美替洛尔滴眼液,western,,9,0.94,,,眼科用药 | 抗青光眼药和缩瞳药 | 拟副交感神经药,,,,https://www.yao86.com/%E8%A5%BF%E8%8D%AF/%E5%A4%8D%E6%96%B9%E7%BE%8E%E6%9B%BF%E6%B4%9B%E5%B0%94%E6%BB%B4%E7%9C%BC%E6%B6%B2,剂型或站点分类明确为局部外用药
review_missing_efficacy,,复方噻吗洛尔滴眼液,western,,9,0.94,,,眼科用药 | 抗青光眼药和缩瞳药 | 拟副交感神经药,,,,https://www.yao86.com/%E8%A5%BF%E8%8D%AF/%E5%A4%8D%E6%96%B9%E5%99%BB%E5%90%97%E6%B4%9B%E5%B0%94%E6%BB%B4%E7%9C%BC%E6%B6%B2,剂型或站点分类明确为局部外用药
review_unclassified,,马蔺子素胶囊,western,,,0.0,本品为放射增敏剂，用于放射治疗的肺癌、食道癌和头颈部癌等的放射治疗。,抗肿瘤药 | 抗肿瘤辅助药,抗肿瘤药 | 其它抗肿瘤药物 | 在光动力学、放射疗法中用的增敏剂,,,,https://www.yao86.com/%E8%A5%BF%E8%8D%AF/%E9%A9%AC%E8%94%BA%E5%AD%90%E7%B4%A0%E8%83%B6%E5%9B%8A,站点分类无法可靠映射到项目现有类别
review_unclassified,,马来酸咪达唑仑片,western,,,0.0,睡眠障碍、失眠、特别适用于入睡困难者，手术或诊断性操作前用药。,治疗精神障碍药 | 镇静催眠药,精神安定药 | 催眠镇静药 | 苯并二氮卓衍生物类,多美康,,,https://www.yao86.com/%E8%A5%BF%E8%8D%AF/%E9%A9%AC%E6%9D%A5%E9%85%B8%E5%92%AA%E8%BE%BE%E5%94%91%E4%BB%91%E7%89%87,站点分类无法可靠映射到项目现有类别
review_missing_efficacy,,马来酸左氨氯地平分散片,western,,,0.0,,,钙通道阻滞剂 | 主要对血管产生影响的选择性钙通道阻滞剂 | 二氢吡啶衍生物,,,,https://www.yao86.com/%E8%A5%BF%E8%8D%AF/%E9%A9%AC%E6%9D%A5%E9%85%B8%E5%B7%A6%E6%B0%A8%E6%B0%AF%E5%9C%B0%E5%B9%B3%E5%88%86%E6%95%A3%E7%89%87,站点分类无法可靠映射到项目现有类别
review_unclassified,,米诺膦酸片,western,,,0.0,米诺膦酸片治疗绝经后妇女的骨质疏松症。,激素及影响内分泌药 | 钙代谢调节药及抗骨质疏松药,骨病治疗药 | 影响骨结构与其矿物质化的药物 | 双磷酸类,,,,https://www.yao86.com/%E8%A5%BF%E8%8D%AF/%E7%B1%B3%E8%AF%BA%E8%86%A6%E9%85%B8%E7%89%87,站点分类无法可靠映射到项目现有类别
review_missing_efficacy,,尼麦角林小丸,western,,,0.0,,,,,,,https://www.yao86.com/%E8%A5%BF%E8%8D%AF/%E5%B0%BC%E9%BA%A6%E8%A7%92%E6%9E%97%E5%B0%8F%E4%B8%B8,站点分类无法可靠映射到项目现有类别
review_unclassified,,盐酸纳曲酮片,western,,,0.0,盐酸纳曲酮可阻断外源性阿片类物质的药理作用，作为阿片类依赖者脱毒后预防复吸的辅助药物。,解毒药 | 阿片类中毒解毒药,其它神经系统用药 | 用于病态成瘾的药物 | 用于酒精依赖的药物,纳克莱,,,https://www.yao86.com/%E8%A5%BF%E8%8D%AF/%E7%9B%90%E9%85%B8%E7%BA%B3%E6%9B%B2%E9%85%AE%E7%89%87,站点分类无法可靠映射到项目现有类别
review_unclassified,,盐酸纳洛酮舌下片,western,,,0.0,用于急性酒精中毒，限于步态不稳定、话多、不连贯、欣快、共济失调、感知迟钝、困倦、嗜睡，但不伴有昏迷及生命体征改变的急性酒精中毒的酩酊状态。,解毒药 | 阿片类中毒解毒药,其它各种治疗用药品 | 解毒剂,,,,https://www.yao86.com/%E8%A5%BF%E8%8D%AF/%E7%9B%90%E9%85%B8%E7%BA%B3%E6%B4%9B%E9%85%AE%E8%88%8C%E4%B8%8B%E7%89%87,站点分类无法可靠映射到项目现有类别
review_unclassified,,乙磺酸尼达尼布软胶囊,western,,,0.0,本品用于治疗特发性肺纤维化(IPF)。,呼吸系统用药 | 其他呼吸系统药,抗肿瘤药 | 蛋白激酶抑制剂 | 其他蛋白激酶抑制剂,维加特,,,https://www.yao86.com/%E8%A5%BF%E8%8D%AF/%E4%B9%99%E7%A3%BA%E9%85%B8%E5%B0%BC%E8%BE%BE%E5%B0%BC%E5%B8%83%E8%BD%AF%E8%83%B6%E5%9B%8A,站点分类无法可靠映射到项目现有类别
review_missing_efficacy,,盐酸尼卡地平缓释胶囊,western,,12,0.95,原发性高血压。,心血管系统用药 | 抗心绞痛药,钙通道阻滞剂 | 主要对血管产生影响的选择性钙通道阻滞剂 | 二氢吡啶衍生物,,,,https://www.yao86.com/%E8%A5%BF%E8%8D%AF/%E7%9B%90%E9%85%B8%E5%B0%BC%E5%8D%A1%E5%9C%B0%E5%B9%B3%E7%BC%93%E9%87%8A%E8%83%B6%E5%9B%8A,站点药理或 ATC 分类明确为心脑血管用药
review_missing_efficacy,,麝香风湿油,tcm,,13,0.9,,,,,,,https://www.yao86.com/%E4%B8%AD%E6%88%90%E8%8D%AF/%E9%BA%9D%E9%A6%99%E9%A3%8E%E6%B9%BF%E6%B2%B9,站点明确收录为中成药，未命中更具体项目类别
review_unclassified,,稀葡萄糖酸氯己定溶液,western,,,0.0,本品可用于齿龈炎、咽峡炎和口腔溃疡等。,皮肤科用药 | 皮肤抗感染药,口腔疾病药物 | 口腔局部治疗用抗感染药和灭菌药,,,,https://www.yao86.com/%E8%A5%BF%E8%8D%AF/%E7%A8%80%E8%91%A1%E8%90%84%E7%B3%96%E9%85%B8%E6%B0%AF%E5%B7%B1%E5%AE%9A%E6%BA%B6%E6%B6%B2,站点分类无法可靠映射到项目现有类别
review_unclassified,,葡萄糖酸氯己定含漱液,western,,,0.0,用于口腔疾病(如牙龈炎、口腔溃疡、咽炎等)的防治。,皮肤科用药 | 皮肤抗感染药,口腔疾病药物 | 口腔局部治疗用抗感染药和灭菌药,,,,https://www.yao86.com/%E8%A5%BF%E8%8D%AF/%E8%91%A1%E8%90%84%E7%B3%96%E9%85%B8%E6%B0%AF%E5%B7%B1%E5%AE%9A%E5%90%AB%E6%BC%B1%E6%B6%B2,站点分类无法可靠映射到项目现有类别
review_unclassified,,葡萄糖酸氯己定溶液,western,,,0.0,本品可用于咽颊炎和口腔溃疡等。,皮肤科用药 | 皮肤抗感染药,,,,,https://www.yao86.com/%E8%A5%BF%E8%8D%AF/%E8%91%A1%E8%90%84%E7%B3%96%E9%85%B8%E6%B0%AF%E5%B7%B1%E5%AE%9A%E6%BA%B6%E6%B6%B2,站点分类无法可靠映射到项目现有类别
review_missing_efficacy,,葡萄糖酸氯己定贴,western,,,0.0,,,消毒灭菌药 | 双胍类和脒类,,,,https://www.yao86.com/%E8%A5%BF%E8%8D%AF/%E8%91%A1%E8%90%84%E7%B3%96%E9%85%B8%E6%B0%AF%E5%B7%B1%E5%AE%9A%E8%B4%B4,站点分类无法可靠映射到项目现有类别
review_missing_efficacy,,葡萄糖酸亚铁糖浆,western,,,0.0,用于缺铁性贫血。,血液系统用药 | 抗贫血药,抗贫血药 | 铁制剂 | 口服二价铁制剂,,,,https://www.yao86.com/%E8%A5%BF%E8%8D%AF/%E8%91%A1%E8%90%84%E7%B3%96%E9%85%B8%E4%BA%9A%E9%93%81%E7%B3%96%E6%B5%86,站点分类无法可靠映射到项目现有类别
review_unclassified,,葡萄糖酸亚铁胶囊,western,,,0.0,用于预防和治疗各种原因引起的缺铁性贫血。,血液系统用药 | 抗贫血药,抗贫血药 | 铁制剂 | 口服二价铁制剂,,,,https://www.yao86.com/%E8%A5%BF%E8%8D%AF/%E8%91%A1%E8%90%84%E7%B3%96%E9%85%B8%E4%BA%9A%E9%93%81%E8%83%B6%E5%9B%8A,站点分类无法可靠映射到项目现有类别
review_missing_efficacy,,葡萄糖酸亚铁片,western,,,0.0,用于缺铁性贫血。,血液系统用药 | 抗贫血药,抗贫血药 | 铁制剂 | 口服二价铁制剂,,,,https://www.yao86.com/%E8%A5%BF%E8%8D%AF/%E8%91%A1%E8%90%84%E7%B3%96%E9%85%B8%E4%BA%9A%E9%93%81%E7%89%87,站点分类无法可靠映射到项目现有类别
review_missing_efficacy,,氢氧化钙糊剂,western,,9,0.94,,,其它所有的非治疗用品 | 其它非治疗用辅助物品,,,,https://www.yao86.com/%E8%A5%BF%E8%8D%AF/%E6%B0%A2%E6%B0%A7%E5%8C%96%E9%92%99%E7%B3%8A%E5%89%82,剂型或站点分类明确为局部外用药
review_missing_efficacy,,氢溴酸替格列汀片,western,,11,0.95,,,糖尿病用药 | 非胰岛素类降血糖药 | 二肽基肽酶4(DPP-4)抑制剂,,,,https://www.yao86.com/%E8%A5%BF%E8%8D%AF/%E6%B0%A2%E6%BA%B4%E9%85%B8%E6%9B%BF%E6%A0%BC%E5%88%97%E6%B1%80%E7%89%87,站点药理或 ATC 分类明确为慢性病长期用药
review_unclassified,,去铁酮片,western,,,0.0,用于治疗耐受或不愿意接受现有螯合剂治疗的铁负荷过多的地中海贫血患者。,血液系统用药 | 其他血液系统用药,其它各种治疗用药品 | 铁螯合剂类,,,,https://www.yao86.com/%E8%A5%BF%E8%8D%AF/%E5%8E%BB%E9%93%81%E9%85%AE%E7%89%87,站点分类无法可靠映射到项目现有类别
review_unclassified,,去铁酮口服溶液,western,,,0.0,用于治疗不耐受或不愿意接受现有螯合剂治疗的铁负荷过多的地中海贫血患者。,血液系统用药 | 其他血液系统用药,其它各种治疗用药品 | 铁螯合剂类,,,,https://www.yao86.com/%E8%A5%BF%E8%8D%AF/%E5%8E%BB%E9%93%81%E9%85%AE%E5%8F%A3%E6%9C%8D%E6%BA%B6%E6%B6%B2,站点分类无法可靠映射到项目现有类别
review_missing_efficacy,,羟布宗片,western,,3,0.94,,,抗炎和抗风湿药 | 非甾体抗炎药和抗风湿药 | 丁基吡唑烷类,,,,https://www.yao86.com/%E8%A5%BF%E8%8D%AF/%E7%BE%9F%E5%B8%83%E5%AE%97%E7%89%87,站点药理或 ATC 分类明确为镇痛/抗炎药
review_missing_efficacy,,塞利尼索片,western,,,0.0,,,抗肿瘤药 | 其它抗肿瘤药物 | 其它抗肿瘤药,,,,https://www.yao86.com/%E8%A5%BF%E8%8D%AF/%E5%A1%9E%E5%88%A9%E5%B0%BC%E7%B4%A2%E7%89%87,站点分类无法可靠映射到项目现有类别
review_unclassified,,苹果酸舒尼替尼胶囊,western,,,0.0,1)不能手术的晚期肾细胞癌(RCC)2)甲磺酸伊马替尼治疗失败或不能耐受的胃肠间质瘤(GIST)3)不可切除的，转移性高分化进展期胰腺神经内分泌瘤(pNET)成年患者。本品作为一线治疗的经验有限。,抗肿瘤药 | 抗肿瘤靶向药,抗肿瘤药 | 蛋白激酶抑制剂 | 其他蛋白激酶抑制剂,,,,https://www.yao86.com/%E8%A5%BF%E8%8D%AF/%E8%8B%B9%E6%9E%9C%E9%85%B8%E8%88%92%E5%B0%BC%E6%9B%BF%E5%B0%BC%E8%83%B6%E5%9B%8A,站点分类无法可靠映射到项目现有类别
review_unclassified,,司莫司汀胶囊,western,,,0.0,本品脂溶性强，可通过血脑屏障，进入脑脊液，常用于脑原发肿瘤及转移瘤。与其它药物合用可治疗恶性淋巴瘤，胃癌，大肠癌，黑色素瘤。,抗肿瘤药 | 烷化剂,抗肿瘤药 | 烷基化剂 | 亚硝基脲类,,,,https://www.yao86.com/%E8%A5%BF%E8%8D%AF/%E5%8F%B8%E8%8E%AB%E5%8F%B8%E6%B1%80%E8%83%B6%E5%9B%8A,站点分类无法可靠映射到项目现有类别
review_unclassified,,四烯甲萘醌软胶囊,western,,,0.0,提高骨质疏松症患者的骨量。,激素及影响内分泌药 | 钙代谢调节药及抗骨质疏松药,骨病治疗药 | 影响骨结构与其矿物质化的药物 | 其它影响骨结构与其矿物质化的药物,固力康,,,https://www.yao86.com/%E8%A5%BF%E8%8D%AF/%E5%9B%9B%E7%83%AF%E7%94%B2%E8%90%98%E9%86%8C%E8%BD%AF%E8%83%B6%E5%9B%8A,站点分类无法可靠映射到项目现有类别
review_unclassified,,舒必利片,western,,,0.0,用于精神分裂症单纯型、偏执型、紧张型、及慢性精神分裂症的孤僻、退缩、淡漠症状。对抑郁症状有一定疗效。其他用途有止呕。,治疗精神障碍药 | 抗精神病药,精神安定药 | 抗精神病药 | 苯甲酰胺类,,,,https://www.yao86.com/%E8%A5%BF%E8%8D%AF/%E8%88%92%E5%BF%85%E5%88%A9%E7%89%87,站点分类无法可靠映射到项目现有类别
review_missing_efficacy,,托瑞米芬片,western,,,0.0,,,内分泌治疗用药 | 激素拮抗药与其相关药物 | 抗雌激素类,,,,https://www.yao86.com/%E8%A5%BF%E8%8D%AF/%E6%89%98%E7%91%9E%E7%B1%B3%E8%8A%AC%E7%89%87,站点分类无法可靠映射到项目现有类别
review_unclassified,,他达拉非片,western,,,0.0,治疗勃起功能障碍(ED，Erectile Dysfunction)。治疗勃起功能障碍(ED)合并良性前列腺增生(BPH，Benign Prostatic Hyperplasia)的症状和体征。,激素及影响内分泌药 | 其他内分泌药,泌尿系统药物 | 勃起机能障碍用药,,,,https://www.yao86.com/%E8%A5%BF%E8%8D%AF/%E4%BB%96%E8%BE%BE%E6%8B%89%E9%9D%9E%E7%89%87,站点分类无法可靠映射到项目现有类别
review_unclassified,,他达拉非口溶膜,western,,,0.0,治疗勃起功能障碍。,激素及影响内分泌药 | 其他内分泌药,泌尿系统药物 | 勃起机能障碍用药,,,,https://www.yao86.com/%E8%A5%BF%E8%8D%AF/%E4%BB%96%E8%BE%BE%E6%8B%89%E9%9D%9E%E5%8F%A3%E6%BA%B6%E8%86%9C,站点分类无法可靠映射到项目现有类别
review_unclassified,,盐酸托泊替康胶囊,western,,,0.0,对于一线化疗失败的，采用盐酸托泊替康＋顺铂二线治疗，但不能耐受静脉给药的广泛期小细胞肺癌患者，可试用本品与顺铂联合治疗。尚缺乏数据支持本品可替代广泛期小细胞肺癌的一线治疗标准方案。,抗肿瘤药 | 抗代谢药,抗肿瘤药 | 植物生物碱和其它天然药物 | 拓扑异构酶1(TOP1)抑制剂,,,,https://www.yao86.com/%E8%A5%BF%E8%8D%AF/%E7%9B%90%E9%85%B8%E6%89%98%E6%B3%8A%E6%9B%BF%E5%BA%B7%E8%83%B6%E5%9B%8A,站点分类无法可靠映射到项目现有类别
review_unclassified,,盐酸替扎尼定口腔崩解片,western,,,0.0,盐酸替扎尼定口腔崩解片为中枢性骨骼肌松弛药，用于：(1)下列疾病造成的疼痛性肌痉挛的改善——颈、肩及腰部疼痛等局部疼痛综合征。(2)下列疾病引起的中枢性肌强直——脑血管意外、手术后遗症(脊髓损伤、大脑损伤)、脊髓小脑变性、多发性硬化症、肌萎缩性侧索硬化症等。,神经系统用药 | 其他神经系统用药,肌肉松弛药 | 中心作用的肌肉松弛药 | 其它起中心作用的肌肉松弛药,,,,https://www.yao86.com/%E8%A5%BF%E8%8D%AF/%E7%9B%90%E9%85%B8%E6%9B%BF%E6%89%8E%E5%B0%BC%E5%AE%9A%E5%8F%A3%E8%85%94%E5%B4%A9%E8%A7%A3%E7%89%87,站点分类无法可靠映射到项目现有类别
review_unclassified,,盐酸替扎尼定片,western,,,0.0,盐酸替扎尼定片为中枢性骨骼肌松弛药，用于：(1)下列疾病造成的疼痛性肌痉挛的改善——颈、肩及腰部疼痛等局部疼痛综合征。(2)下列疾病引起的中枢性肌强直——脑血管意外、手术后遗症(脊髓损伤、大脑损伤)、脊髓小脑变性，多发性硬化症、肌萎缩性侧索硬化症等。,神经系统用药 | 其他神经系统用药,肌肉松弛药 | 中心作用的肌肉松弛药 | 其它起中心作用的肌肉松弛药,凯莱通,,,https://www.yao86.com/%E8%A5%BF%E8%8D%AF/%E7%9B%90%E9%85%B8%E6%9B%BF%E6%89%8E%E5%B0%BC%E5%AE%9A%E7%89%87,站点分类无法可靠映射到项目现有类别
review_missing_efficacy,,替戈拉生片,western,,5,0.93,反流性食管炎。,消化系统用药 | 抗酸药及抗溃疡病药,治疗与胃酸分泌相关疾病的药物 | 消化道溃疡和胃食管返流病治疗药物 | 质子泵抑制药,泰欣赞,,,https://www.yao86.com/%E8%A5%BF%E8%8D%AF/%E6%9B%BF%E6%88%88%E6%8B%89%E7%94%9F%E7%89%87,站点药理或 ATC 分类明确为胃肠消化用药
