status,medicine_id,name,kind,existing_category_id,category_id,confidence,efficacy,pharmacology,atc,aliases,aliases_added,alias_conflicts,detail_url,reason
already_present,10427,麻黄碱苯海拉明片,western,8,8,0.96,用于支气管哮喘、咳嗽、荨麻疹、枯草热，过敏性鼻炎等。,呼吸系统用药 | 平喘药,系统用抗组胺药 | 氨基烷基醚类,,,,https://www.yao86.com/%E8%A5%BF%E8%8D%AF/%E9%BA%BB%E9%BB%84%E7%A2%B1%E8%8B%AF%E6%B5%B7%E6%8B%89%E6%98%8E%E7%89%87,站点药理分类明确为抗过敏药
already_present,10428,葡萄糖酸钙口服溶液,western,7,7,0.96,用于预防和治疗钙缺乏症，如骨质疏松，手足抽搐症，骨发育不全，佝偻病以及儿童、妊娠和哺乳期妇女、绝经期妇女、老年人钙的补充。,激素及影响内分泌药 | 钙代谢调节药及抗骨质疏松药,矿物质补充剂 | 钙,,,,https://www.yao86.com/%E8%A5%BF%E8%8D%AF/%E8%91%A1%E8%90%84%E7%B3%96%E9%85%B8%E9%92%99%E5%8F%A3%E6%9C%8D%E6%BA%B6%E6%B6%B2,站点药理或 ATC 分类明确为维生素/矿物质
already_present,10429,葡萄糖酸钙颗粒,western,7,7,0.96,补钙药。用于预防和治疗钙缺乏症。,激素及影响内分泌药 | 钙代谢调节药及抗骨质疏松药,矿物质补充剂 | 钙,,,,https://www.yao86.com/%E8%A5%BF%E8%8D%AF/%E8%91%A1%E8%90%84%E7%B3%96%E9%85%B8%E9%92%99%E9%A2%97%E7%B2%92,站点药理或 ATC 分类明确为维生素/矿物质
already_present,10430,葡萄糖酸钙片,western,7,7,0.96,用于预防和治疗钙缺乏症，如骨质疏松、手足抽搐症、骨发育不全、佝偻病以及儿童、妊娠和哺乳期妇女、绝经期妇女、老年人钙的补充。,激素及影响内分泌药 | 钙代谢调节药及抗骨质疏松药,矿物质补充剂 | 钙,,,,https://www.yao86.com/%E8%A5%BF%E8%8D%AF/%E8%91%A1%E8%90%84%E7%B3%96%E9%85%B8%E9%92%99%E7%89%87,站点药理或 ATC 分类明确为维生素/矿物质
already_present,10431,葡萄糖酸钙含片,western,7,7,0.96,用于预防和治疗钙缺乏症，如骨质疏松、手足抽搐症、骨发育不全、佝偻病以及儿童、妊娠和哺乳期妇女、绝经期妇女、老年人钙的补充。,激素及影响内分泌药 | 钙代谢调节药及抗骨质疏松药,矿物质补充剂 | 钙,,,,https://www.yao86.com/%E8%A5%BF%E8%8D%AF/%E8%91%A1%E8%90%84%E7%B3%96%E9%85%B8%E9%92%99%E5%90%AB%E7%89%87,站点药理或 ATC 分类明确为维生素/矿物质
already_present,10432,甲磺司特颗粒,western,17,17,0.96,本品适用于支气管哮喘的治疗。,呼吸系统用药 | 平喘药,阻塞性气管疾病用药 | 其它阻塞性气管病系统用药,,,,https://www.yao86.com/%E8%A5%BF%E8%8D%AF/%E7%94%B2%E7%A3%BA%E5%8F%B8%E7%89%B9%E9%A2%97%E7%B2%92,人工分类边界：西药支气管扩张剂归其它
already_present,10433,复方曲尼司特片,western,17,17,0.96,轻、中度支气管哮喘，慢性喘息型支气管炎。,呼吸系统用药 | 平喘药,阻塞性气管疾病用药 | 系统用肾上腺素能药 | 选择性β2-肾上腺素受体促效药,,,,https://www.yao86.com/%E8%A5%BF%E8%8D%AF/%E5%A4%8D%E6%96%B9%E6%9B%B2%E5%B0%BC%E5%8F%B8%E7%89%B9%E7%89%87,人工分类边界：西药支气管扩张剂归其它
already_present,10434,复方曲尼司特胶囊,western,17,17,0.96,轻、中度支气管哮喘，慢性喘息型支气管炎。,呼吸系统用药 | 平喘药,阻塞性气管疾病用药 | 系统用肾上腺素能药 | 选择性β2-肾上腺素受体促效药,,,,https://www.yao86.com/%E8%A5%BF%E8%8D%AF/%E5%A4%8D%E6%96%B9%E6%9B%B2%E5%B0%BC%E5%8F%B8%E7%89%B9%E8%83%B6%E5%9B%8A,人工分类边界：西药支气管扩张剂归其它
already_present,7820,盐酸安他唑啉片,western,8,8,0.96,临床主用于房性、室性早搏，室性心动过速，房颤等心律失常及过敏性疾病。,心血管系统用药 | 抗心律失常药,系统用抗组胺药 | 系统用其它抗组胺药,,,,https://www.yao86.com/%E8%A5%BF%E8%8D%AF/%E7%9B%90%E9%85%B8%E5%AE%89%E4%BB%96%E5%94%91%E5%95%89%E7%89%87,站点药理分类明确为抗过敏药
already_present,10435,塞曲司特颗粒,western,17,17,0.96,本品适用于轻中度支气管哮喘的治疗。,呼吸系统用药 | 平喘药,阻塞性气管疾病用药 | 其它阻塞性气管病系统用药,,,,https://www.yao86.com/%E8%A5%BF%E8%8D%AF/%E5%A1%9E%E6%9B%B2%E5%8F%B8%E7%89%B9%E9%A2%97%E7%B2%92,人工分类边界：西药支气管扩张剂归其它
already_present,10436,塞曲司特片,western,17,17,0.96,本品适用于治疗轻、中度支气管哮喘。,呼吸系统用药 | 平喘药,阻塞性气管疾病用药 | 其它阻塞性气管病系统用药,,,,https://www.yao86.com/%E8%A5%BF%E8%8D%AF/%E5%A1%9E%E6%9B%B2%E5%8F%B8%E7%89%B9%E7%89%87,人工分类边界：西药支气管扩张剂归其它
already_present,10437,色甘酸钠滴眼液,western,9,9,0.94,用于预防春季过敏性结膜炎。,呼吸系统用药 | 平喘药,眼科用药 | 减充血药和抗变态反应药 | 其它抗变态反应药,,,,https://www.yao86.com/%E8%A5%BF%E8%8D%AF/%E8%89%B2%E7%94%98%E9%85%B8%E9%92%A0%E6%BB%B4%E7%9C%BC%E6%B6%B2,剂型或站点分类明确为局部外用药
already_present,10438,色甘酸钠气雾剂,western,8,8,0.96,用于预防支气管哮喘。,呼吸系统用药 | 平喘药,阻塞性气管疾病用药 | 其它阻塞性气管病药，吸入剂 | 非皮质甾体激素类抗变态反应药,,,,https://www.yao86.com/%E8%A5%BF%E8%8D%AF/%E8%89%B2%E7%94%98%E9%85%B8%E9%92%A0%E6%B0%94%E9%9B%BE%E5%89%82,站点药理分类明确为抗过敏药
already_present,10439,吸入用色甘酸钠胶囊,western,8,8,0.96,用于预防哮喘及过敏性鼻炎。,呼吸系统用药 | 平喘药,阻塞性气管疾病用药 | 其它阻塞性气管病药，吸入剂 | 非皮质甾体激素类抗变态反应药,,,,https://www.yao86.com/%E8%A5%BF%E8%8D%AF/%E5%90%B8%E5%85%A5%E7%94%A8%E8%89%B2%E7%94%98%E9%85%B8%E9%92%A0%E8%83%B6%E5%9B%8A,站点药理分类明确为抗过敏药
already_present,10440,色甘酸钠滴鼻液,western,9,9,0.94,用于防治过敏性鼻炎。,呼吸系统用药 | 平喘药,鼻用制剂 | 减充血药和其它鼻腔局部用药 | 非皮质甾体激素类抗变态反应药,,,,https://www.yao86.com/%E8%A5%BF%E8%8D%AF/%E8%89%B2%E7%94%98%E9%85%B8%E9%92%A0%E6%BB%B4%E9%BC%BB%E6%B6%B2,剂型或站点分类明确为局部外用药
already_present,10441,氯雷他定胶囊,western,8,8,0.96,用于缓解过敏性鼻炎有关的症状，如喷嚏、流涕、鼻痒、鼻塞以及眼部痒及烧灼感。口服药物后，鼻和眼部症状及体征得以迅速缓解。亦适用于缓解慢性荨麻疹、瘙痒性皮肤病及其他过敏性皮肤病的症状及体征。,抗变态反应药 | 抗组胺药,系统用抗组胺药 | 系统用其它抗组胺药,海王抒瑞,,海王抒瑞（多药共用）,https://www.yao86.com/%E8%A5%BF%E8%8D%AF/%E6%B0%AF%E9%9B%B7%E4%BB%96%E5%AE%9A%E8%83%B6%E5%9B%8A,站点药理分类明确为抗过敏药
already_present,10442,氯雷他定咀嚼片,western,8,8,0.96,用于缓解过敏性鼻炎有关的症状，如喷嚏、流涕、鼻痒、鼻塞以及眼部痒及烧灼感。口服药物后，鼻和眼部症状及体征得以迅速缓解。亦适用于缓解慢性荨麻疹、瘙痒性皮肤病及其他过敏性皮肤病的症状及体征。,抗变态反应药 | 抗组胺药,系统用抗组胺药 | 系统用其它抗组胺药,海王抒瑞,,海王抒瑞（多药共用）,https://www.yao86.com/%E8%A5%BF%E8%8D%AF/%E6%B0%AF%E9%9B%B7%E4%BB%96%E5%AE%9A%E5%92%80%E5%9A%BC%E7%89%87,站点药理分类明确为抗过敏药
already_present,73,氯雷他定片,western,8,8,0.96,用于治疗季节性过敏性鼻炎（减轻鼻部或非鼻部症状）及特发性荨麻疹。,抗变态反应药 | 抗组胺药,系统用抗组胺药 | 系统用其它抗组胺药,,,,https://www.yao86.com/%E8%A5%BF%E8%8D%AF/%E6%B0%AF%E9%9B%B7%E4%BB%96%E5%AE%9A%E7%89%87,保留数据库现有分类；站点药理分类明确为抗过敏药
already_present,10443,氯雷他定糖浆,western,8,8,0.96,用于缓解过敏性鼻炎有关的症状，如喷嚏、流涕、鼻痒、鼻塞以及眼部痒及烧灼感。口服药物后，鼻和眼部症状及体征得以迅速缓解。亦适用于缓解慢性荨麻疹、瘙痒性皮肤病及其他过敏性皮肤病的症状及体征。,抗变态反应药 | 抗组胺药,系统用抗组胺药 | 系统用其它抗组胺药,,,,https://www.yao86.com/%E8%A5%BF%E8%8D%AF/%E6%B0%AF%E9%9B%B7%E4%BB%96%E5%AE%9A%E7%B3%96%E6%B5%86,站点药理分类明确为抗过敏药
already_present,10444,氯雷他定颗粒,western,8,8,0.96,用于缓解过敏性鼻炎有关的症状，如喷嚏、流涕及鼻痒、鼻塞以及眼部痒及烧灼感。亦适用于缓解慢性荨麻疹、瘙痒性皮肤病及其他过敏性皮肤病的症状及体征。,抗变态反应药 | 抗组胺药,系统用抗组胺药 | 系统用其它抗组胺药,,,,https://www.yao86.com/%E8%A5%BF%E8%8D%AF/%E6%B0%AF%E9%9B%B7%E4%BB%96%E5%AE%9A%E9%A2%97%E7%B2%92,站点药理分类明确为抗过敏药
already_present,10445,氯雷他定分散片,western,8,8,0.96,用于缓解过敏性鼻炎的鼻部或非鼻部症状，如喷嚏、流涕、鼻痒、眼痒及眼部烧灼感等。亦适用于减轻慢性荨麻疹及其它过敏性皮肤病的症状及体征。,抗变态反应药 | 抗组胺药,系统用抗组胺药 | 系统用其它抗组胺药,,,,https://www.yao86.com/%E8%A5%BF%E8%8D%AF/%E6%B0%AF%E9%9B%B7%E4%BB%96%E5%AE%9A%E5%88%86%E6%95%A3%E7%89%87,站点药理分类明确为抗过敏药
already_present,10446,氯雷他定口腔崩解片,western,8,8,0.96,用于治疗季节性过敏性鼻炎(减轻鼻部或非鼻部症状)及特发性荨麻疹。,抗变态反应药 | 抗组胺药,系统用抗组胺药 | 系统用其它抗组胺药,,,,https://www.yao86.com/%E8%A5%BF%E8%8D%AF/%E6%B0%AF%E9%9B%B7%E4%BB%96%E5%AE%9A%E5%8F%A3%E8%85%94%E5%B4%A9%E8%A7%A3%E7%89%87,站点药理分类明确为抗过敏药
already_present,10447,盐酸氯雷他定片,western,8,8,0.96,用于治疗季节性过敏鼻炎（减轻鼻部或非鼻部症状）及特发性荨麻疹。,抗变态反应药 | 抗组胺药,系统用抗组胺药 | 系统用其它抗组胺药,金苏瑞,,,https://www.yao86.com/%E8%A5%BF%E8%8D%AF/%E7%9B%90%E9%85%B8%E6%B0%AF%E9%9B%B7%E4%BB%96%E5%AE%9A%E7%89%87,站点药理分类明确为抗过敏药
already_present,10448,盐酸氯雷他定胶囊,western,8,8,0.96,用于治疗季节性过敏性鼻炎(减轻鼻部或非鼻部症状)和特发性荨麻疹。,抗变态反应药 | 抗组胺药,系统用抗组胺药 | 系统用其它抗组胺药,道敏奇,,,https://www.yao86.com/%E8%A5%BF%E8%8D%AF/%E7%9B%90%E9%85%B8%E6%B0%AF%E9%9B%B7%E4%BB%96%E5%AE%9A%E8%83%B6%E5%9B%8A,站点药理分类明确为抗过敏药
already_present,10449,氯雷他定泡腾片,western,8,8,0.96,"本品用于缓解季节性过敏性鼻炎的鼻部或非鼻部症状,以及慢性荨麻疹的症状和体征。",抗变态反应药 | 抗组胺药,系统用抗组胺药 | 系统用其它抗组胺药,,,,https://www.yao86.com/%E8%A5%BF%E8%8D%AF/%E6%B0%AF%E9%9B%B7%E4%BB%96%E5%AE%9A%E6%B3%A1%E8%85%BE%E7%89%87,站点药理分类明确为抗过敏药
review_missing_efficacy,,复方氯雷他定缓释片,western,,8,0.96,,,系统用抗组胺药 | 抗组胺药的复方,,,,https://www.yao86.com/%E8%A5%BF%E8%8D%AF/%E5%A4%8D%E6%96%B9%E6%B0%AF%E9%9B%B7%E4%BB%96%E5%AE%9A%E7%BC%93%E9%87%8A%E7%89%87,站点药理分类明确为抗过敏药
review_missing_efficacy,,氯雷伪麻片,western,,,0.0,,,鼻用制剂 | 系统用鼻腔减充血药 | 拟交感神经药类,,,,https://www.yao86.com/%E8%A5%BF%E8%8D%AF/%E6%B0%AF%E9%9B%B7%E4%BC%AA%E9%BA%BB%E7%89%87,站点分类无法可靠映射到项目现有类别
already_present,10450,盐酸赛庚啶片,western,8,8,0.96,用于过敏性疾病，如荨麻疹、丘疹性荨麻疹、湿疹、皮肤瘙痒。,抗变态反应药 | 抗组胺药,系统用抗组胺药 | 系统用其它抗组胺药,,,,https://www.yao86.com/%E8%A5%BF%E8%8D%AF/%E7%9B%90%E9%85%B8%E8%B5%9B%E5%BA%9A%E5%95%B6%E7%89%87,站点药理分类明确为抗过敏药
already_present,10451,盐酸赛庚啶乳膏,western,9,9,0.94,用于过敏性皮炎、接触性皮炎、丘疹性荨麻疹、皮肤瘙痒症以及湿疹等。,抗变态反应药 | 抗组胺药,止痒药，含抗组胺药、麻醉药等 | 局部用抗组胺药,,,,https://www.yao86.com/%E8%A5%BF%E8%8D%AF/%E7%9B%90%E9%85%B8%E8%B5%9B%E5%BA%9A%E5%95%B6%E4%B9%B3%E8%86%8F,剂型或站点分类明确为局部外用药
already_present,10452,盐酸异丙嗪片,western,8,8,0.96,1.皮肤粘膜的过敏：适用于长期的、季节性的过敏性鼻炎，血管舒缩性鼻炎，接触过敏源或食物而致的过敏性结膜炎，荨麻疹，血管神经性水肿，对血液或血浆制品的过敏反应，皮肤划痕症。必要时可与肾上腺素合用，作为本药的辅助剂。2.晕动病：防治晕车、晕船、晕飞机。3.镇静、催眠：适用于术前、术后和产科。此外，也可用于减轻成人及儿童的恐惧感，呈浅睡眠状态。4.恶心、呕吐的治疗：适用于一些麻醉和手术后的恶心、呕吐，也用于防治放射病性或药源性恶心、呕吐。5.术后疼痛：可与止痛药合用，作为辅助用药。,抗变态反应药 | 抗组胺药,系统用抗组胺药 | 吩噻嗪衍生物类,,,,https://www.yao86.com/%E8%A5%BF%E8%8D%AF/%E7%9B%90%E9%85%B8%E5%BC%82%E4%B8%99%E5%97%AA%E7%89%87,站点药理分类明确为抗过敏药
already_present,10453,小儿盐酸异丙嗪片,western,8,8,0.96,1.皮肤粘膜的过敏：适用于长期的、季节性的过敏性鼻炎，血管舒缩性鼻炎，接触过敏源或食物而致的过敏性结膜炎，荨麻疹，血管神经性水肿，对血液或血浆制品的过敏反应，皮肤划痕症。必要时可与肾上腺素合用，作为本药的辅助剂。2.晕动病：防治晕车、晕船、晕飞机。3.镇静、催眠：适用于减轻儿童的恐惧感，呈浅睡眠状态。4.恶心、呕吐的治疗：适用于一些麻醉和手术后的恶心、呕吐，也用于防治放射病性或药源性恶心、呕吐。5.术后疼痛：可与止痛药合用，作为辅助用药。,抗变态反应药 | 抗组胺药,系统用抗组胺药 | 吩噻嗪衍生物类,,,,https://www.yao86.com/%E8%A5%BF%E8%8D%AF/%E5%B0%8F%E5%84%BF%E7%9B%90%E9%85%B8%E5%BC%82%E4%B8%99%E5%97%AA%E7%89%87,站点药理分类明确为抗过敏药
already_present,10454,复方苯海拉明搽剂,western,9,9,0.94,用于过敏性皮炎、皮肤瘙痒。,抗变态反应药 | 抗组胺药,止痒药，含抗组胺药、麻醉药等 | 局部用抗组胺药,,,,https://www.yao86.com/%E8%A5%BF%E8%8D%AF/%E5%A4%8D%E6%96%B9%E8%8B%AF%E6%B5%B7%E6%8B%89%E6%98%8E%E6%90%BD%E5%89%82,剂型或站点分类明确为局部外用药
already_present,10455,苯海拉明薄荷脑糖浆,western,8,8,0.96,用于皮肤黏膜的过敏，如荨麻疹、过敏性鼻炎、皮肤瘙瘁症、药疹，对虫咬症和接触性皮炎也有效。亦可用于预防和治疗晕动病。,抗变态反应药 | 抗组胺药,系统用抗组胺药 | 氨基烷基醚类,,,,https://www.yao86.com/%E8%A5%BF%E8%8D%AF/%E8%8B%AF%E6%B5%B7%E6%8B%89%E6%98%8E%E8%96%84%E8%8D%B7%E8%84%91%E7%B3%96%E6%B5%86,站点药理分类明确为抗过敏药
already_present,10456,地氯雷他定糖浆,western,8,8,0.96,用于缓解慢性特发性荨麻疹及过敏性鼻炎的全身及局部症状。,抗变态反应药 | 抗组胺药,系统用抗组胺药 | 系统用其它抗组胺药,,,,https://www.yao86.com/%E8%A5%BF%E8%8D%AF/%E5%9C%B0%E6%B0%AF%E9%9B%B7%E4%BB%96%E5%AE%9A%E7%B3%96%E6%B5%86,站点药理分类明确为抗过敏药
already_present,10457,地氯雷他定片,western,8,8,0.96,用于缓解慢性特发性荨麻疹及过敏性鼻炎的相关症状。,抗变态反应药 | 抗组胺药,系统用抗组胺药 | 系统用其它抗组胺药,恩理思,,,https://www.yao86.com/%E8%A5%BF%E8%8D%AF/%E5%9C%B0%E6%B0%AF%E9%9B%B7%E4%BB%96%E5%AE%9A%E7%89%87,站点药理分类明确为抗过敏药
already_present,10458,地氯雷他定干混悬剂,western,8,8,0.96,用于缓解6个月至12岁儿童慢性特发性荨麻疹及常年性过敏性鼻炎的全身及局部症状。,抗变态反应药 | 抗组胺药,系统用抗组胺药 | 系统用其它抗组胺药,芙必叮,,芙必叮（多药共用）,https://www.yao86.com/%E8%A5%BF%E8%8D%AF/%E5%9C%B0%E6%B0%AF%E9%9B%B7%E4%BB%96%E5%AE%9A%E5%B9%B2%E6%B7%B7%E6%82%AC%E5%89%82,站点药理分类明确为抗过敏药
already_present,10459,地氯雷他定胶囊,western,8,8,0.96,用于缓解慢性特发性荨麻疹及其常年性过敏性鼻炎的全身及局部症状。,抗变态反应药 | 抗组胺药,系统用抗组胺药 | 系统用其它抗组胺药,,,,https://www.yao86.com/%E8%A5%BF%E8%8D%AF/%E5%9C%B0%E6%B0%AF%E9%9B%B7%E4%BB%96%E5%AE%9A%E8%83%B6%E5%9B%8A,站点药理分类明确为抗过敏药
already_present,10460,地氯雷他定分散片,western,8,8,0.96,本品用于快速缓解过敏性鼻炎的相关症状，如打喷嚏，流涕和鼻痒、鼻粘膜充血/鼻塞；以及眼痒、流泪和充血；腭痒及咳嗽。本品还用于缓解慢性特发性荨麻疹的相关症状如瘙痒，并可减少荨麻疹的数量及大小。,抗变态反应药 | 抗组胺药,系统用抗组胺药 | 系统用其它抗组胺药,芙必叮,,芙必叮（多药共用）,https://www.yao86.com/%E8%A5%BF%E8%8D%AF/%E5%9C%B0%E6%B0%AF%E9%9B%B7%E4%BB%96%E5%AE%9A%E5%88%86%E6%95%A3%E7%89%87,站点药理分类明确为抗过敏药
already_present,10461,地氯雷他定口服溶液,western,8,8,0.96,用于缓解慢性特发性荨麻疹及过敏性鼻炎的全身及局部症状。,抗变态反应药 | 抗组胺药,系统用抗组胺药 | 系统用其它抗组胺药,,,,https://www.yao86.com/%E8%A5%BF%E8%8D%AF/%E5%9C%B0%E6%B0%AF%E9%9B%B7%E4%BB%96%E5%AE%9A%E5%8F%A3%E6%9C%8D%E6%BA%B6%E6%B6%B2,站点药理分类明确为抗过敏药
already_present,10462,枸地氯雷他定片,western,8,8,0.96,本品用于缓解慢性特发性荨麻疹及常年性过敏性鼻炎的全身及局部症状。,抗变态反应药 | 抗组胺药,系统用抗组胺药 | 系统用其它抗组胺药,,,,https://www.yao86.com/%E8%A5%BF%E8%8D%AF/%E6%9E%B8%E5%9C%B0%E6%B0%AF%E9%9B%B7%E4%BB%96%E5%AE%9A%E7%89%87,站点药理分类明确为抗过敏药
already_present,10463,枸地氯雷他定胶囊,western,8,8,0.96,本品用于缓解慢性特发性荨麻疹及常年性过敏性鼻炎的全身及局部症状。,抗变态反应药 | 抗组胺药,系统用抗组胺药 | 系统用其它抗组胺药,,,,https://www.yao86.com/%E8%A5%BF%E8%8D%AF/%E6%9E%B8%E5%9C%B0%E6%B0%AF%E9%9B%B7%E4%BB%96%E5%AE%9A%E8%83%B6%E5%9B%8A,站点药理分类明确为抗过敏药
already_present,10464,氯雷伪麻缓释胶囊(Ⅱ),western,8,8,0.96,用于缓解过敏性鼻炎和感冒的症状，包括鼻塞、打喷嚏、流鼻涕、鼻痒、流泪等。,抗变态反应药 | 抗组胺药,鼻用制剂 | 系统用鼻腔减充血药 | 拟交感神经药类,,,,https://www.yao86.com/%E8%A5%BF%E8%8D%AF/%E6%B0%AF%E9%9B%B7%E4%BC%AA%E9%BA%BB%E7%BC%93%E9%87%8A%E8%83%B6%E5%9B%8A%28%E2%85%A1%29,站点药理分类明确为抗过敏药
already_present,10465,氯雷伪麻缓释片,western,8,8,0.96,本品适用于缓解过敏性鼻炎和感冒的症状，包括鼻塞、打喷嚏、流鼻涕、鼻痒、流泪。氯雷伪麻缓释片能够同时发挥氯雷他定抗组胺特性和硫酸伪麻黄碱的减轻充血作用。,抗变态反应药 | 抗组胺药,鼻用制剂 | 系统用鼻腔减充血药 | 拟交感神经药类,,,,https://www.yao86.com/%E8%A5%BF%E8%8D%AF/%E6%B0%AF%E9%9B%B7%E4%BC%AA%E9%BA%BB%E7%BC%93%E9%87%8A%E7%89%87,站点药理分类明确为抗过敏药
already_present,10466,氯雷他定伪麻黄碱缓释片,western,8,8,0.96,用于缓解因感冒或过敏性鼻炎引起的鼻塞、鼻氧、打喷嚏、流涕及流泪等症状。,抗变态反应药 | 抗组胺药,鼻用制剂 | 系统用鼻腔减充血药 | 拟交感神经药类,,,,https://www.yao86.com/%E8%A5%BF%E8%8D%AF/%E6%B0%AF%E9%9B%B7%E4%BB%96%E5%AE%9A%E4%BC%AA%E9%BA%BB%E9%BB%84%E7%A2%B1%E7%BC%93%E9%87%8A%E7%89%87,站点药理分类明确为抗过敏药
already_present,10467,氯雷伪麻缓释胶囊(Ⅰ),western,8,8,0.96,用于缓解因过敏性鼻炎或感冒引起的鼻塞、鼻痒、打喷嚏、流涕及流泪等症状。,抗变态反应药 | 抗组胺药,鼻用制剂 | 系统用鼻腔减充血药 | 拟交感神经药类,,,,https://www.yao86.com/%E8%A5%BF%E8%8D%AF/%E6%B0%AF%E9%9B%B7%E4%BC%AA%E9%BA%BB%E7%BC%93%E9%87%8A%E8%83%B6%E5%9B%8A%28%E2%85%A0%29,站点药理分类明确为抗过敏药
already_present,10468,复方氯雷他定缓释胶囊(II),western,8,8,0.96,用于缓解因过敏性鼻炎或感冒引起的鼻塞、鼻痒、打喷嚏、流涕及流泪等症状。,抗变态反应药 | 抗组胺药,鼻用制剂 | 系统用鼻腔减充血药 | 拟交感神经药类,惠菲顺,,,https://www.yao86.com/%E8%A5%BF%E8%8D%AF/%E5%A4%8D%E6%96%B9%E6%B0%AF%E9%9B%B7%E4%BB%96%E5%AE%9A%E7%BC%93%E9%87%8A%E8%83%B6%E5%9B%8A%28II%29,站点药理分类明确为抗过敏药
already_present,10469,富马酸氯马斯汀干混悬剂,western,8,8,0.96,本品为抗组胺药。主要用于治疗过敏性鼻炎、荨麻疹、湿疹及皮肤瘙痒症等过敏性疾病。亦可用于支气管哮喘的抗过敏治疗。,抗变态反应药 | 抗组胺药,系统用抗组胺药 | 氨基烷基醚类,,,,https://www.yao86.com/%E8%A5%BF%E8%8D%AF/%E5%AF%8C%E9%A9%AC%E9%85%B8%E6%B0%AF%E9%A9%AC%E6%96%AF%E6%B1%80%E5%B9%B2%E6%B7%B7%E6%82%AC%E5%89%82,站点药理分类明确为抗过敏药
already_present,10470,富马酸氯马斯汀胶囊,western,8,8,0.96,本品为抗组胺药。主要用于治疗过敏性鼻炎、荨麻疹、湿疹及皮肤瘙痒症等过敏性疾病。亦可用于支气管哮喘的抗过敏治疗。,抗变态反应药 | 抗组胺药,系统用抗组胺药 | 氨基烷基醚类,,,,https://www.yao86.com/%E8%A5%BF%E8%8D%AF/%E5%AF%8C%E9%A9%AC%E9%85%B8%E6%B0%AF%E9%A9%AC%E6%96%AF%E6%B1%80%E8%83%B6%E5%9B%8A,站点药理分类明确为抗过敏药
already_present,10471,富马酸氯马斯汀片,western,8,8,0.96,主要用于过敏性鼻炎、荨麻疹及其他过敏性皮肤病。,抗变态反应药 | 抗组胺药,系统用抗组胺药 | 氨基烷基醚类,,,,https://www.yao86.com/%E8%A5%BF%E8%8D%AF/%E5%AF%8C%E9%A9%AC%E9%85%B8%E6%B0%AF%E9%A9%AC%E6%96%AF%E6%B1%80%E7%89%87,站点药理分类明确为抗过敏药
already_present,10472,富马酸氯马斯汀口服溶液,western,8,8,0.96,本品主要用于过敏性鼻炎、荨麻疹、湿疹及其他过敏性皮肤病。尤其适于儿童以及吞咽有困难者使用。,抗变态反应药 | 抗组胺药,系统用抗组胺药 | 氨基烷基醚类,,,,https://www.yao86.com/%E8%A5%BF%E8%8D%AF/%E5%AF%8C%E9%A9%AC%E9%85%B8%E6%B0%AF%E9%A9%AC%E6%96%AF%E6%B1%80%E5%8F%A3%E6%9C%8D%E6%BA%B6%E6%B6%B2,站点药理分类明确为抗过敏药
already_present,11808,五维甘草那敏胶囊,western,8,8,0.96,用于过敏性鼻炎、湿疹、荨麻疹、皮肤瘙痒症及药物过敏。,抗变态反应药 | 抗组胺药,系统用抗组胺药 | 取代烷基胺,,,,https://www.yao86.com/%E8%A5%BF%E8%8D%AF/%E4%BA%94%E7%BB%B4%E7%94%98%E8%8D%89%E9%82%A3%E6%95%8F%E8%83%B6%E5%9B%8A,站点药理分类明确为抗过敏药
already_present,11809,伪麻非索缓释胶囊,western,8,8,0.96,适用于成年人、12岁以上儿童季节性过敏性鼻炎症状的缓解，包括打喷嚏、流鼻涕，咽喉瘙痒，眼睛发痒、流泪、发红和鼻充血。只有当同时需要口服具有抗组织胺作用的非索非那定和口服具有减鼻充血作用的伪麻黄碱时，才可服用本品。,抗变态反应药 | 抗组胺药,系统用抗组胺药 | 抗组胺药的复方,,,,https://www.yao86.com/%E8%A5%BF%E8%8D%AF/%E4%BC%AA%E9%BA%BB%E9%9D%9E%E7%B4%A2%E7%BC%93%E9%87%8A%E8%83%B6%E5%9B%8A,站点药理分类明确为抗过敏药
already_present,11810,去氧肾上腺素溴苯那敏胶囊,western,8,8,0.96,用于消除或减轻急慢性鼻炎、过敏性鼻炎及鼻窦炎，普通感冒的症状，如鼻塞、流涕、打喷嚏等。,抗变态反应药 | 抗组胺药,鼻用制剂 | 系统用鼻腔减充血药 | 拟交感神经药类,尔可安,,,https://www.yao86.com/%E8%A5%BF%E8%8D%AF/%E5%8E%BB%E6%B0%A7%E8%82%BE%E4%B8%8A%E8%85%BA%E7%B4%A0%E6%BA%B4%E8%8B%AF%E9%82%A3%E6%95%8F%E8%83%B6%E5%9B%8A,站点药理分类明确为抗过敏药
already_present,11811,盐酸非索非那定片,western,8,8,0.96,本品适用于减轻季节性过敏性鼻炎和慢性特发性荨麻疹引起的症状。,抗变态反应药 | 抗组胺药,系统用抗组胺药 | 系统用其它抗组胺药,阿特拉(RALTIVA),,,https://www.yao86.com/%E8%A5%BF%E8%8D%AF/%E7%9B%90%E9%85%B8%E9%9D%9E%E7%B4%A2%E9%9D%9E%E9%82%A3%E5%AE%9A%E7%89%87,站点药理分类明确为抗过敏药
already_present,11812,盐酸非索非那定胶囊,western,8,8,0.96,用于缓解成人和6岁以上儿童与季节性过敏性鼻炎及慢性特发性荨麻症的相关症状。,抗变态反应药 | 抗组胺药,系统用抗组胺药 | 系统用其它抗组胺药,,,,https://www.yao86.com/%E8%A5%BF%E8%8D%AF/%E7%9B%90%E9%85%B8%E9%9D%9E%E7%B4%A2%E9%9D%9E%E9%82%A3%E5%AE%9A%E8%83%B6%E5%9B%8A,站点药理分类明确为抗过敏药
already_present,74,盐酸西替利嗪片,western,8,8,0.96,季节性鼻炎、常年性过敏性鼻炎、过敏性结膜炎及过敏引起的瘙痒和荨麻疹的对症治疗。,抗变态反应药 | 抗组胺药,系统用抗组胺药 | 哌嗪衍生物类,安迪西司,,,https://www.yao86.com/%E8%A5%BF%E8%8D%AF/%E7%9B%90%E9%85%B8%E8%A5%BF%E6%9B%BF%E5%88%A9%E5%97%AA%E7%89%87,保留数据库现有分类；站点药理分类明确为抗过敏药
already_present,11813,盐酸西替利嗪滴剂,western,8,8,0.96,治疗季节性鼻炎、常年性过敏性鼻炎以及非鼻部症状眼结膜炎，过敏引起的瘙痒和荨麻疹症状。,抗变态反应药 | 抗组胺药,系统用抗组胺药 | 哌嗪衍生物类,仙特明 Zyrtec,,,https://www.yao86.com/%E8%A5%BF%E8%8D%AF/%E7%9B%90%E9%85%B8%E8%A5%BF%E6%9B%BF%E5%88%A9%E5%97%AA%E6%BB%B4%E5%89%82,站点药理分类明确为抗过敏药
already_present,11814,盐酸西替利嗪口服溶液,western,8,8,0.96,季节性过敏性鼻炎、常年性过敏性鼻炎、过敏性结膜炎及过敏引起的瘙痒及荨麻疹的对症治疗。,抗变态反应药 | 抗组胺药,系统用抗组胺药 | 哌嗪衍生物类,,,,https://www.yao86.com/%E8%A5%BF%E8%8D%AF/%E7%9B%90%E9%85%B8%E8%A5%BF%E6%9B%BF%E5%88%A9%E5%97%AA%E5%8F%A3%E6%9C%8D%E6%BA%B6%E6%B6%B2,站点药理分类明确为抗过敏药
already_present,11815,盐酸西替利嗪胶囊,western,8,8,0.96,用于季节性或常年性过敏性鼻、由过敏原引起的荨麻疹及皮肤瘙痒。,抗变态反应药 | 抗组胺药,系统用抗组胺药 | 哌嗪衍生物类,,,,https://www.yao86.com/%E8%A5%BF%E8%8D%AF/%E7%9B%90%E9%85%B8%E8%A5%BF%E6%9B%BF%E5%88%A9%E5%97%AA%E8%83%B6%E5%9B%8A,站点药理分类明确为抗过敏药
already_present,11816,盐酸西替利嗪分散片,western,8,8,0.96,治疗季节性或常年性过敏性鼻炎，以及由过敏原引起的荨麻疹及皮肤瘙痒。,抗变态反应药 | 抗组胺药,系统用抗组胺药 | 哌嗪衍生物类,,,,https://www.yao86.com/%E8%A5%BF%E8%8D%AF/%E7%9B%90%E9%85%B8%E8%A5%BF%E6%9B%BF%E5%88%A9%E5%97%AA%E5%88%86%E6%95%A3%E7%89%87,站点药理分类明确为抗过敏药
already_present,11817,盐酸西替利嗪糖浆,western,8,8,0.96,治疗季节性或常年性过敏性鼻炎，以及由过敏原引起的荨麻疹及皮肤瘙痒。,抗变态反应药 | 抗组胺药,系统用抗组胺药 | 哌嗪衍生物类,,,,https://www.yao86.com/%E8%A5%BF%E8%8D%AF/%E7%9B%90%E9%85%B8%E8%A5%BF%E6%9B%BF%E5%88%A9%E5%97%AA%E7%B3%96%E6%B5%86,站点药理分类明确为抗过敏药
already_present,11818,盐酸西替利嗪口腔崩解片,western,8,8,0.96,用于季节性或常年性过敏性鼻炎、由过敏原引起的荨麻疹及皮肤瘙痒。,抗变态反应药 | 抗组胺药,系统用抗组胺药 | 哌嗪衍生物类,,,,https://www.yao86.com/%E8%A5%BF%E8%8D%AF/%E7%9B%90%E9%85%B8%E8%A5%BF%E6%9B%BF%E5%88%A9%E5%97%AA%E5%8F%A3%E8%85%94%E5%B4%A9%E8%A7%A3%E7%89%87,站点药理分类明确为抗过敏药
already_present,11819,盐酸左西替利嗪胶囊,western,8,8,0.96,本品用于治疗下述疾病的过敏相关的症状：过敏性鼻炎(包括季节性持续性过敏性鼻炎和常年性持续性过敏性鼻炎)及慢性特发性荨麻疹。,抗变态反应药 | 抗组胺药,系统用抗组胺药 | 哌嗪衍生物类,,,,https://www.yao86.com/%E8%A5%BF%E8%8D%AF/%E7%9B%90%E9%85%B8%E5%B7%A6%E8%A5%BF%E6%9B%BF%E5%88%A9%E5%97%AA%E8%83%B6%E5%9B%8A,站点药理分类明确为抗过敏药
already_present,11820,盐酸左西替利嗪分散片,western,8,8,0.96,治疗下述疾病的过敏相关症状，如季节性过敏性鼻炎、常年性过敏性鼻炎、慢性特发性荨麻疹。,抗变态反应药 | 抗组胺药,系统用抗组胺药 | 哌嗪衍生物类,诺思达,,,https://www.yao86.com/%E8%A5%BF%E8%8D%AF/%E7%9B%90%E9%85%B8%E5%B7%A6%E8%A5%BF%E6%9B%BF%E5%88%A9%E5%97%AA%E5%88%86%E6%95%A3%E7%89%87,站点药理分类明确为抗过敏药
already_present,11821,盐酸左西替利嗪片,western,8,8,0.96,治疗下述疾病的过敏相关症状，如季节性过敏性鼻炎、常年性过敏性鼻炎、慢性特发性荨麻疹。,抗变态反应药 | 抗组胺药,系统用抗组胺药 | 哌嗪衍生物类,,,,https://www.yao86.com/%E8%A5%BF%E8%8D%AF/%E7%9B%90%E9%85%B8%E5%B7%A6%E8%A5%BF%E6%9B%BF%E5%88%A9%E5%97%AA%E7%89%87,站点药理分类明确为抗过敏药
already_present,11822,盐酸左西替利嗪颗粒,western,8,8,0.96,荨麻疹、过敏性鼻炎、湿疹、皮炎、皮肤瘙痒症等。,抗变态反应药 | 抗组胺药,系统用抗组胺药 | 哌嗪衍生物类,,,,https://www.yao86.com/%E8%A5%BF%E8%8D%AF/%E7%9B%90%E9%85%B8%E5%B7%A6%E8%A5%BF%E6%9B%BF%E5%88%A9%E5%97%AA%E9%A2%97%E7%B2%92,站点药理分类明确为抗过敏药
already_present,11823,盐酸左西替利嗪口服溶液,western,8,8,0.96,荨麻疹、过敏性鼻炎、湿疹、皮炎、皮肤瘙痒症等。,抗变态反应药 | 抗组胺药,系统用抗组胺药 | 哌嗪衍生物类,,,,https://www.yao86.com/%E8%A5%BF%E8%8D%AF/%E7%9B%90%E9%85%B8%E5%B7%A6%E8%A5%BF%E6%9B%BF%E5%88%A9%E5%97%AA%E5%8F%A3%E6%9C%8D%E6%BA%B6%E6%B6%B2,站点药理分类明确为抗过敏药
already_present,11824,盐酸左西替利嗪口服滴剂,western,8,8,0.96,治疗下述疾病的过敏相关症状，如季节性过敏性鼻炎、常年性过敏性鼻炎、慢性特发性荨麻疹。,抗变态反应药 | 抗组胺药,系统用抗组胺药 | 哌嗪衍生物类,,,,https://www.yao86.com/%E8%A5%BF%E8%8D%AF/%E7%9B%90%E9%85%B8%E5%B7%A6%E8%A5%BF%E6%9B%BF%E5%88%A9%E5%97%AA%E5%8F%A3%E6%9C%8D%E6%BB%B4%E5%89%82,站点药理分类明确为抗过敏药
already_present,10664,茶苯海明片,western,8,8,0.96,用于防治晕动病，如晕车、晕船、晕机所致的恶心、呕吐。,抗变态反应药 | 抗组胺药,系统用抗组胺药 | 氨基烷基醚类,,,,https://www.yao86.com/%E8%A5%BF%E8%8D%AF/%E8%8C%B6%E8%8B%AF%E6%B5%B7%E6%98%8E%E7%89%87,站点药理分类明确为抗过敏药
already_present,10665,茶苯海明缓释胶囊,western,8,8,0.96,1.主要用于防治晕动病(晕车、晕船、晕机)所致的恶心、呕吐。2.也可用于放射病手术后和药物引起的呕吐、内耳疾病和其他迷路障碍引起的恶心、呕吐。,抗变态反应药 | 抗组胺药,系统用抗组胺药 | 氨基烷基醚类,,,,https://www.yao86.com/%E8%A5%BF%E8%8D%AF/%E8%8C%B6%E8%8B%AF%E6%B5%B7%E6%98%8E%E7%BC%93%E9%87%8A%E8%83%B6%E5%9B%8A,站点药理分类明确为抗过敏药
already_present,10666,茶苯海明含片,western,8,8,0.96,用于防治晕动病(如晕车、晕船、晕机)所致的恶心、呕吐。,抗变态反应药 | 抗组胺药,系统用抗组胺药 | 氨基烷基醚类,贻晗柠,,,https://www.yao86.com/%E8%A5%BF%E8%8D%AF/%E8%8C%B6%E8%8B%AF%E6%B5%B7%E6%98%8E%E5%90%AB%E7%89%87,站点药理分类明确为抗过敏药
already_present,7926,盐酸奥洛他定滴眼液,western,9,9,0.94,用于治疗过敏性结膜炎的症状。,抗变态反应药 | 抗组胺药,眼科用药 | 减充血药和抗变态反应药 | 其它抗变态反应药,,,,https://www.yao86.com/%E8%A5%BF%E8%8D%AF/%E7%9B%90%E9%85%B8%E5%A5%A5%E6%B4%9B%E4%BB%96%E5%AE%9A%E6%BB%B4%E7%9C%BC%E6%B6%B2,剂型或站点分类明确为局部外用药
already_present,75,盐酸奥洛他定片,western,8,8,0.96,过敏性鼻炎、荨麻疹、瘙痒性皮肤病(湿疹、皮炎、痒疹、皮肤瘙痒症、寻常性银屑病、渗出性多形红斑),抗变态反应药 | 抗组胺药,鼻用制剂 | 减充血药和其它鼻腔局部用药 | 非皮质甾体激素类抗变态反应药,阿洛刻,,,https://www.yao86.com/%E8%A5%BF%E8%8D%AF/%E7%9B%90%E9%85%B8%E5%A5%A5%E6%B4%9B%E4%BB%96%E5%AE%9A%E7%89%87,保留数据库现有分类；站点药理分类明确为抗过敏药
already_present,7927,盐酸奥洛他定胶囊,western,8,8,0.96,过敏性鼻炎、荨麻疹、瘙痒性皮肤病(湿疹、皮炎、皮肤瘙痒症、寻常性银屑病、渗出性多形红斑),抗变态反应药 | 抗组胺药,鼻用制剂 | 减充血药和其它鼻腔局部用药 | 非皮质甾体激素类抗变态反应药,,,,https://www.yao86.com/%E8%A5%BF%E8%8D%AF/%E7%9B%90%E9%85%B8%E5%A5%A5%E6%B4%9B%E4%BB%96%E5%AE%9A%E8%83%B6%E5%9B%8A,站点药理分类明确为抗过敏药
already_present,7928,盐酸奥洛他定颗粒,western,8,8,0.96,用于过敏性鼻炎、荨麻疹、瘙痒性皮肤病（湿疹、皮炎、痒疹、皮肤瘙痒症、寻常性银屑病、渗出性多形红斑）。,抗变态反应药 | 抗组胺药,鼻用制剂 | 减充血药和其它鼻腔局部用药 | 非皮质甾体激素类抗变态反应药,,,,https://www.yao86.com/%E8%A5%BF%E8%8D%AF/%E7%9B%90%E9%85%B8%E5%A5%A5%E6%B4%9B%E4%BB%96%E5%AE%9A%E9%A2%97%E7%B2%92,站点药理分类明确为抗过敏药
review_missing_efficacy,,乳果糖口服溶液,western,,6,0.94,慢性功能性便秘。,消化系统用药 | 泻药及止泻药,轻泻药 | 渗透作用的轻泻药,,,,https://www.yao86.com/%E8%A5%BF%E8%8D%AF/%E4%B9%B3%E6%9E%9C%E7%B3%96%E5%8F%A3%E6%9C%8D%E6%BA%B6%E6%B6%B2,站点分类或适应症明确为泻药通便
review_missing_efficacy,,乳果糖浓溶液,western,,,0.0,,,,,,,https://www.yao86.com/%E8%A5%BF%E8%8D%AF/%E4%B9%B3%E6%9E%9C%E7%B3%96%E6%B5%93%E6%BA%B6%E6%B6%B2,站点分类无法可靠映射到项目现有类别
review_missing_efficacy,,乳果糖溶液,western,,,0.0,,,,,,,https://www.yao86.com/%E8%A5%BF%E8%8D%AF/%E4%B9%B3%E6%9E%9C%E7%B3%96%E6%BA%B6%E6%B6%B2,站点分类无法可靠映射到项目现有类别
already_present,10473,盐酸洛哌丁胺颗粒,western,5,5,0.96,用于成人及5岁以上儿童，本药用于：各种原因引起的非感染性急、慢性腹泻的对症治疗。用于回肠造瘘术患者可减少排便体积及次数，增加粪便稠度。也可用于肛门直肠手术后的病人，以抑制排便失禁。,消化系统用药 | 泻药及止泻药,止泻药、肠道抗炎、抗感染药 | 抗胃肠动力药,,,,https://www.yao86.com/%E8%A5%BF%E8%8D%AF/%E7%9B%90%E9%85%B8%E6%B4%9B%E5%93%8C%E4%B8%81%E8%83%BA%E9%A2%97%E7%B2%92,站点分类明确为止泻或肠道吸附药
already_present,10474,盐酸洛哌丁胺胶囊,western,5,5,0.96,用于成人及5岁以上儿童，本药用于：各种原因引起的非感染性急、慢性腹泻的对症治疗。用于回肠造瘘术患者可减少排便体积及次数，增加粪便稠度。也可用于肛门直肠手术后的病人，以抑制排便失禁。,消化系统用药 | 泻药及止泻药,止泻药、肠道抗炎、抗感染药 | 抗胃肠动力药,,,,https://www.yao86.com/%E8%A5%BF%E8%8D%AF/%E7%9B%90%E9%85%B8%E6%B4%9B%E5%93%8C%E4%B8%81%E8%83%BA%E8%83%B6%E5%9B%8A,站点分类明确为止泻或肠道吸附药
already_present,51,蒙脱石散,western,5,5,0.96,用于成人及儿童急、慢性腹泻。,消化系统用药 | 泻药及止泻药,止泻药、肠道抗炎、抗感染药 | 肠道吸附药 | 其它肠道吸附药,,,,https://www.yao86.com/%E8%A5%BF%E8%8D%AF/%E8%92%99%E8%84%B1%E7%9F%B3%E6%95%A3,保留数据库现有分类；站点分类明确为止泻或肠道吸附药
review_existing_alias,51,蒙脱石混悬液,western,,5,0.96,成人及儿童的急、慢性腹泻。用于食道、胃、十二指肠疾病引起的相关疼痛症状的辅助治疗，但本品不作解痉剂使用。,消化系统用药 | 泻药及止泻药,止泻药、肠道抗炎、抗感染药 | 肠道吸附药 | 其它肠道吸附药,,,,https://www.yao86.com/%E8%A5%BF%E8%8D%AF/%E8%92%99%E8%84%B1%E7%9F%B3%E6%B7%B7%E6%82%AC%E6%B6%B2,该名称已是另一个药品的别名，未自动改写归属
already_present,10475,蒙脱石颗粒,western,5,5,0.96,用于成人及儿童急、慢性腹泻。,消化系统用药 | 泻药及止泻药,止泻药、肠道抗炎、抗感染药 | 肠道吸附药 | 其它肠道吸附药,畅言停,,,https://www.yao86.com/%E8%A5%BF%E8%8D%AF/%E8%92%99%E8%84%B1%E7%9F%B3%E9%A2%97%E7%B2%92,站点分类明确为止泻或肠道吸附药
already_present,10476,蒙脱石分散片,western,5,5,0.96,用于成人及儿童急、慢性腹泻。,消化系统用药 | 泻药及止泻药,止泻药、肠道抗炎、抗感染药 | 肠道吸附药 | 其它肠道吸附药,赛立迈,,,https://www.yao86.com/%E8%A5%BF%E8%8D%AF/%E8%92%99%E8%84%B1%E7%9F%B3%E5%88%86%E6%95%A3%E7%89%87,站点分类明确为止泻或肠道吸附药
already_present,10477,复方聚乙二醇电解质散(Ⅰ),western,6,6,0.94,术前肠道清洁准备；肠镜、钡灌肠及其它检查前的肠道清洁准备。,消化系统用药 | 泻药及止泻药,轻泻药 | 渗透作用的轻泻药,恒康正清,,,https://www.yao86.com/%E8%A5%BF%E8%8D%AF/%E5%A4%8D%E6%96%B9%E8%81%9A%E4%B9%99%E4%BA%8C%E9%86%87%E7%94%B5%E8%A7%A3%E8%B4%A8%E6%95%A3%28%E2%85%A0%29,站点分类或适应症明确为泻药通便
already_present,10478,聚乙二醇电解质口服溶液,western,6,6,0.94,本品为胃肠道清洗剂，适用于结肠镜检查前和术前肠道清洁的准备。,消化系统用药 | 泻药及止泻药,轻泻药 | 渗透作用的轻泻药,,,,https://www.yao86.com/%E8%A5%BF%E8%8D%AF/%E8%81%9A%E4%B9%99%E4%BA%8C%E9%86%87%E7%94%B5%E8%A7%A3%E8%B4%A8%E5%8F%A3%E6%9C%8D%E6%BA%B6%E6%B6%B2,站点分类或适应症明确为泻药通便
already_present,10479,复方聚乙二醇电解质散(Ⅲ),western,6,6,0.94,用于以下情况之前的患者结肠清洁准备：-内窥镜或放射检查-结肠手术本品适用于成人。,消化系统用药 | 泻药及止泻药,轻泻药 | 渗透作用的轻泻药,福静清fortrans,,,https://www.yao86.com/%E8%A5%BF%E8%8D%AF/%E5%A4%8D%E6%96%B9%E8%81%9A%E4%B9%99%E4%BA%8C%E9%86%87%E7%94%B5%E8%A7%A3%E8%B4%A8%E6%95%A3%28%E2%85%A2%29,站点分类或适应症明确为泻药通便
already_present,10480,复方聚乙二醇电解质散(Ⅱ),western,6,6,0.94,用于术前肠道清洁准备；大肠内窥镜、钡灌肠X射线造影及其他检查前的肠道清洁准备。,消化系统用药 | 泻药及止泻药,轻泻药 | 渗透作用的轻泻药,,,,https://www.yao86.com/%E8%A5%BF%E8%8D%AF/%E5%A4%8D%E6%96%B9%E8%81%9A%E4%B9%99%E4%BA%8C%E9%86%87%E7%94%B5%E8%A7%A3%E8%B4%A8%E6%95%A3%28%E2%85%A1%29,站点分类或适应症明确为泻药通便
already_present,10481,复方聚乙二醇电解质散(Ⅳ),western,6,6,0.94,1.用于治疗功能性便秘；2.用于术前肠道清洁准备；肠镜及其它检查前的肠道清洁准备。,消化系统用药 | 泻药及止泻药,轻泻药 | 渗透作用的轻泻药,舒泰清,,,https://www.yao86.com/%E8%A5%BF%E8%8D%AF/%E5%A4%8D%E6%96%B9%E8%81%9A%E4%B9%99%E4%BA%8C%E9%86%87%E7%94%B5%E8%A7%A3%E8%B4%A8%E6%95%A3%28%E2%85%A3%29,站点分类或适应症明确为泻药通便
already_present,10482,聚乙二醇4000散,western,6,6,0.94,成人及8岁以上儿童(包括8岁)便秘的症状治疗。儿童应为短期治疗，最长疗程不应超过三个月。,消化系统用药 | 泻药及止泻药,轻泻药 | 其它轻泻药,,,,https://www.yao86.com/%E8%A5%BF%E8%8D%AF/%E8%81%9A%E4%B9%99%E4%BA%8C%E9%86%874000%E6%95%A3,站点分类或适应症明确为泻药通便
already_present,10483,聚乙二醇钠钾散,western,6,6,0.94,治疗慢性便秘、粪便崁塞。,消化系统用药 | 泻药及止泻药,轻泻药 | 渗透作用的轻泻药,默维可,,,https://www.yao86.com/%E8%A5%BF%E8%8D%AF/%E8%81%9A%E4%B9%99%E4%BA%8C%E9%86%87%E9%92%A0%E9%92%BE%E6%95%A3,站点分类或适应症明确为泻药通便
already_present,10484,聚乙二醇滴眼液,western,9,9,0.94,用于暂时缓解由于眼睛干涩引起的灼热和刺痛症状。,眼科用药 | 其他眼科用药,眼科用药 | 其它眼科用药,思然 Systane Ultra,,,https://www.yao86.com/%E8%A5%BF%E8%8D%AF/%E8%81%9A%E4%B9%99%E4%BA%8C%E9%86%87%E6%BB%B4%E7%9C%BC%E6%B6%B2,剂型或站点分类明确为局部外用药
review_missing_efficacy,,聚乙二醇粉剂,western,,,0.0,,,,,,,https://www.yao86.com/%E8%A5%BF%E8%8D%AF/%E8%81%9A%E4%B9%99%E4%BA%8C%E9%86%87%E7%B2%89%E5%89%82,站点分类无法可靠映射到项目现有类别
already_present,10485,硅炭银片,western,5,5,0.96,用于胃肠道疾患、食物中毒或生物碱中毒。,消化系统用药 | 泻药及止泻药,其它各种治疗用药品 | 解毒剂,,,,https://www.yao86.com/%E8%A5%BF%E8%8D%AF/%E7%A1%85%E7%82%AD%E9%93%B6%E7%89%87,站点分类明确为止泻或肠道吸附药
already_present,10486,羧甲基纤维素钠滴眼液,western,9,9,0.94,用于缓解眼部干燥或因暴露于阳光或风沙所引起的眼部烧灼、刺痛等不适感，也是防止进一步刺激的保护剂。,眼科用药 | 其他眼科用药,眼科用药 | 其它眼科用药,潇莱威(Refresh Celluvisc),,,https://www.yao86.com/%E8%A5%BF%E8%8D%AF/%E7%BE%A7%E7%94%B2%E5%9F%BA%E7%BA%A4%E7%BB%B4%E7%B4%A0%E9%92%A0%E6%BB%B4%E7%9C%BC%E6%B6%B2,剂型或站点分类明确为局部外用药
review_missing_efficacy,,羧甲基纤维素钠颗粒,western,,6,0.94,,,轻泻药 | 膨胀性缓泻剂,,,,https://www.yao86.com/%E8%A5%BF%E8%8D%AF/%E7%BE%A7%E7%94%B2%E5%9F%BA%E7%BA%A4%E7%BB%B4%E7%B4%A0%E9%92%A0%E9%A2%97%E7%B2%92,站点分类或适应症明确为泻药通便
already_present,10487,酪酸梭菌肠球菌三联活菌散,western,5,5,0.96,改善肠内菌群失调引起的各种症状。包括：腹泻、便秘、腹泻便秘交替症及胃肠炎。,生物制品 | 治疗用生物制品,止泻药、肠道抗炎、抗感染药 | 止泻的微生物,百赐益,,,https://www.yao86.com/%E8%A5%BF%E8%8D%AF/%E9%85%AA%E9%85%B8%E6%A2%AD%E8%8F%8C%E8%82%A0%E7%90%83%E8%8F%8C%E4%B8%89%E8%81%94%E6%B4%BB%E8%8F%8C%E6%95%A3,站点分类明确为止泻或肠道吸附药
already_present,10488,酪酸梭菌肠球菌三联活菌片,western,5,5,0.96,改善肠内菌群失调引起的各种症状。包括：腹泻、便秘、腹泻便秘交替症及胃肠炎。,消化系统用药 | 泻药及止泻药,止泻药、肠道抗炎、抗感染药 | 止泻的微生物,,,,https://www.yao86.com/%E8%A5%BF%E8%8D%AF/%E9%85%AA%E9%85%B8%E6%A2%AD%E8%8F%8C%E8%82%A0%E7%90%83%E8%8F%8C%E4%B8%89%E8%81%94%E6%B4%BB%E8%8F%8C%E7%89%87,站点分类明确为止泻或肠道吸附药
already_present,10489,药用炭片,western,5,5,0.96,吸附药。用于食物、生物碱等中毒及腹泻、胃肠胀气等。,消化系统用药 | 泻药及止泻药,止泻药、肠道抗炎、抗感染药 | 肠道吸附药 | 活性炭制剂,,,,https://www.yao86.com/%E8%A5%BF%E8%8D%AF/%E8%8D%AF%E7%94%A8%E7%82%AD%E7%89%87,站点分类明确为止泻或肠道吸附药
already_present,10490,药用炭胶囊,western,5,5,0.96,吸附药。用于由食物及生物碱等引起的中毒及腹泻、腹胀气等。,消化系统用药 | 泻药及止泻药,止泻药、肠道抗炎、抗感染药 | 肠道吸附药 | 活性炭制剂,爱西特,,,https://www.yao86.com/%E8%A5%BF%E8%8D%AF/%E8%8D%AF%E7%94%A8%E7%82%AD%E8%83%B6%E5%9B%8A,站点分类明确为止泻或肠道吸附药
review_missing_efficacy,,药用炭颗粒,western,,5,0.96,,,止泻药、肠道抗炎、抗感染药 | 肠道吸附药 | 活性炭制剂,,,,https://www.yao86.com/%E8%A5%BF%E8%8D%AF/%E8%8D%AF%E7%94%A8%E7%82%AD%E9%A2%97%E7%B2%92,站点分类明确为止泻或肠道吸附药
already_present,10491,布拉氏酵母菌散,western,5,5,0.96,用于治疗成人和儿童腹泻，及肠道菌群失调所引起的腹泻症状。,消化系统用药 | 泻药及止泻药,止泻药、肠道抗炎、抗感染药 | 止泻的微生物,,,,https://www.yao86.com/%E8%A5%BF%E8%8D%AF/%E5%B8%83%E6%8B%89%E6%B0%8F%E9%85%B5%E6%AF%8D%E8%8F%8C%E6%95%A3,站点分类明确为止泻或肠道吸附药
review_missing_efficacy,,布拉氏酵母菌胶囊,western,,5,0.96,,,止泻药、肠道抗炎、抗感染药 | 止泻的微生物,,,,https://www.yao86.com/%E8%A5%BF%E8%8D%AF/%E5%B8%83%E6%8B%89%E6%B0%8F%E9%85%B5%E6%AF%8D%E8%8F%8C%E8%83%B6%E5%9B%8A,站点分类明确为止泻或肠道吸附药
already_present,10492,葡甘聚糖胶囊,western,6,6,0.94,用于习惯性便秘，老年性便秘，也可用于防治高血脂症，糖尿病。,消化系统用药 | 泻药及止泻药,轻泻药 | 其它轻泻药,,,,https://www.yao86.com/%E8%A5%BF%E8%8D%AF/%E8%91%A1%E7%94%98%E8%81%9A%E7%B3%96%E8%83%B6%E5%9B%8A,站点分类或适应症明确为泻药通便
review_missing_efficacy,,葡甘聚糖粗粉,western,,,0.0,,,,,,,https://www.yao86.com/%E8%A5%BF%E8%8D%AF/%E8%91%A1%E7%94%98%E8%81%9A%E7%B3%96%E7%B2%97%E7%B2%89,站点分类无法可靠映射到项目现有类别
already_present,10493,碱式硝酸铋片,western,5,5,0.96,主要用于消化性溃疡、腹泻、肠炎等。,消化系统用药 | 泻药及止泻药,治疗与胃酸分泌相关疾病的药物 | 消化道溃疡和胃食管返流病治疗药物 | 消化道溃疡和胃食管返流病治疗用其它药物,,,,https://www.yao86.com/%E8%A5%BF%E8%8D%AF/%E7%A2%B1%E5%BC%8F%E7%A1%9D%E9%85%B8%E9%93%8B%E7%89%87,站点分类明确为止泻或肠道吸附药
already_present,10494,多库酯钠片,western,6,6,0.94,用于慢性功能性便秘。,消化系统用药 | 泻药及止泻药,轻泻药 | 软化药，润滑药,沂可隆,,,https://www.yao86.com/%E8%A5%BF%E8%8D%AF/%E5%A4%9A%E5%BA%93%E9%85%AF%E9%92%A0%E7%89%87,站点分类或适应症明确为泻药通便
already_present,10495,口服补液盐溶液,western,5,5,0.96,（1）用于迅速补充因腹泻或呕吐所致的水和电解质的丢失（体液丢失量不超过5-8%）。（2）可用于腹泻在胃肠道外补液纠正后，维持水和电解质的平衡。,消化系统用药 | 泻药及止泻药,止泻药、肠道抗炎、抗感染药 | 配有碳水化合物的电解质 | 口服再水化作用盐配方,,,,https://www.yao86.com/%E8%A5%BF%E8%8D%AF/%E5%8F%A3%E6%9C%8D%E8%A1%A5%E6%B6%B2%E7%9B%90%E6%BA%B6%E6%B6%B2,站点分类明确为止泻或肠道吸附药
already_present,10496,口服补液盐散(Ⅰ),western,5,5,0.96,治疗和预防急、慢性腹泻造成的轻度脱水。,调节水、电解质及酸碱平衡药 | 水、电解质平衡调节药,止泻药、肠道抗炎、抗感染药 | 配有碳水化合物的电解质 | 口服再水化作用盐配方,,,,https://www.yao86.com/%E8%A5%BF%E8%8D%AF/%E5%8F%A3%E6%9C%8D%E8%A1%A5%E6%B6%B2%E7%9B%90%E6%95%A3%28%E2%85%A0%29,站点分类明确为止泻或肠道吸附药
already_present,10497,口服补液盐散(Ⅱ),western,5,5,0.96,预防和治疗腹泻、呕吐、大量出汗等体液丢失引起的轻、中度失水。,调节水、电解质及酸碱平衡药 | 水、电解质平衡调节药,止泻药、肠道抗炎、抗感染药 | 配有碳水化合物的电解质 | 口服再水化作用盐配方,,,,https://www.yao86.com/%E8%A5%BF%E8%8D%AF/%E5%8F%A3%E6%9C%8D%E8%A1%A5%E6%B6%B2%E7%9B%90%E6%95%A3%28%E2%85%A1%29,站点分类明确为止泻或肠道吸附药
already_present,10498,口服补液盐散(Ⅲ),western,5,5,0.96,预防和治疗腹泻引起的轻、中度脱水，并可用于补充钠、钾、氯。,调节水、电解质及酸碱平衡药 | 水、电解质平衡调节药,止泻药、肠道抗炎、抗感染药 | 配有碳水化合物的电解质 | 口服再水化作用盐配方,,,,https://www.yao86.com/%E8%A5%BF%E8%8D%AF/%E5%8F%A3%E6%9C%8D%E8%A1%A5%E6%B6%B2%E7%9B%90%E6%95%A3%28%E2%85%A2%29,站点分类明确为止泻或肠道吸附药
already_present,10499,鞣酸蛋白酵母散,western,5,5,0.96,用于儿童肠炎或消化不良引起的腹泻。,消化系统用药 | 泻药及止泻药,止泻药、肠道抗炎、抗感染药 | 其它止泻药,,,,https://www.yao86.com/%E8%A5%BF%E8%8D%AF/%E9%9E%A3%E9%85%B8%E8%9B%8B%E7%99%BD%E9%85%B5%E6%AF%8D%E6%95%A3,站点分类明确为止泻或肠道吸附药
already_present,10500,复方地芬诺酯片,western,5,5,0.96,用于急慢性功能性腹泻及慢性肠炎。,消化系统用药 | 泻药及止泻药,止泻药、肠道抗炎、抗感染药 | 抗胃肠动力药,,,,https://www.yao86.com/%E8%A5%BF%E8%8D%AF/%E5%A4%8D%E6%96%B9%E5%9C%B0%E8%8A%AC%E8%AF%BA%E9%85%AF%E7%89%87,站点分类明确为止泻或肠道吸附药
already_present,10501,无水硫酸钠肠溶胶囊,western,6,6,0.94,本品适用于由下列原因引起的单纯性、继发性急性便秘：1．由于日常生活改变而继发的便秘。2．饮食不当或饮食成分改变引起的便秘（如食物中缺少纤维素）。3．肛门疾患所致的继发性便秘（如痔、肛裂、肛瘘）。4．强制性卧床所致的继发性便秘。5．因服用某些药物所致的便秘。,消化系统用药 | 泻药及止泻药,轻泻药 | 渗透作用的轻泻药,,,,https://www.yao86.com/%E8%A5%BF%E8%8D%AF/%E6%97%A0%E6%B0%B4%E7%A1%AB%E9%85%B8%E9%92%A0%E8%82%A0%E6%BA%B6%E8%83%B6%E5%9B%8A,站点分类或适应症明确为泻药通便
review_missing_efficacy,,硫酸镁钠钾口服用浓溶液,western,,6,0.94,,,轻泻药 | 渗透作用的轻泻药,,,,https://www.yao86.com/%E8%A5%BF%E8%8D%AF/%E7%A1%AB%E9%85%B8%E9%95%81%E9%92%A0%E9%92%BE%E5%8F%A3%E6%9C%8D%E7%94%A8%E6%B5%93%E6%BA%B6%E6%B6%B2,站点分类或适应症明确为泻药通便
review_missing_efficacy,,甘油,western,,6,0.94,,消化系统用药 | 泻药及止泻药,轻泻药 | 渗透作用的轻泻药,,,,https://www.yao86.com/%E8%A5%BF%E8%8D%AF/%E7%94%98%E6%B2%B9,站点分类或适应症明确为泻药通便
already_present,10502,甘油栓,western,6,6,0.94,本品用于年老体弱者便秘的治疗。,消化系统用药 | 泻药及止泻药,轻泻药 | 其它轻泻药,,,,https://www.yao86.com/%E8%A5%BF%E8%8D%AF/%E7%94%98%E6%B2%B9%E6%A0%93,站点分类或适应症明确为泻药通便
already_present,10503,稀甘油,western,5,5,0.96,用于防治手足皲裂。,消化系统用药 | 泻药及止泻药,润肤药和护肤药 | 其它润肤药和护肤药,,,,https://www.yao86.com/%E8%A5%BF%E8%8D%AF/%E7%A8%80%E7%94%98%E6%B2%B9,站点分类明确为止泻或肠道吸附药
already_present,10504,甘油灌肠剂,western,6,6,0.94,用于清洁灌肠或便秘。,消化系统用药 | 泻药及止泻药,轻泻药 | 灌肠药,,,,https://www.yao86.com/%E8%A5%BF%E8%8D%AF/%E7%94%98%E6%B2%B9%E7%81%8C%E8%82%A0%E5%89%82,站点分类或适应症明确为泻药通便
already_present,63,开塞露,western,6,6,0.94,用于小儿及年老体弱者便秘的治疗。,消化系统用药 | 泻药及止泻药,轻泻药 | 渗透作用的轻泻药,麦迪海,,,https://www.yao86.com/%E8%A5%BF%E8%8D%AF/%E5%BC%80%E5%A1%9E%E9%9C%B2,保留数据库现有分类；站点分类或适应症明确为泻药通便
review_missing_efficacy,,复方水杨酸樟碘溶液(Ⅰ),western,,2,0.96,,,皮肤病用抗真菌药 | 局部用抗真菌药 | 局部用其它抗真菌药,,,,https://www.yao86.com/%E8%A5%BF%E8%8D%AF/%E5%A4%8D%E6%96%B9%E6%B0%B4%E6%9D%A8%E9%85%B8%E6%A8%9F%E7%A2%98%E6%BA%B6%E6%B6%B2%28%E2%85%A0%29,站点药理或 ATC 分类明确为抗感染药
review_missing_efficacy,,甘油外用溶液,western,,,0.0,,,润肤药和护肤药 | 其它润肤药和护肤药,,,,https://www.yao86.com/%E8%A5%BF%E8%8D%AF/%E7%94%98%E6%B2%B9%E5%A4%96%E7%94%A8%E6%BA%B6%E6%B6%B2,站点分类无法可靠映射到项目现有类别
already_present,10505,利那洛肽胶囊,western,6,6,0.94,治疗成人便秘型肠易激综合征(IBS-C)。,消化系统用药 | 泻药及止泻药,轻泻药 | 其它轻泻药,令泽舒(Linzess),,,https://www.yao86.com/%E8%A5%BF%E8%8D%AF/%E5%88%A9%E9%82%A3%E6%B4%9B%E8%82%BD%E8%83%B6%E5%9B%8A,站点分类或适应症明确为泻药通便
already_present,10506,比沙可啶肠溶片,western,6,6,0.94,用于急、慢性便秘和习惯性便秘。,消化系统用药 | 泻药及止泻药,轻泻药 | 接触性轻泻药,,,,https://www.yao86.com/%E8%A5%BF%E8%8D%AF/%E6%AF%94%E6%B2%99%E5%8F%AF%E5%95%B6%E8%82%A0%E6%BA%B6%E7%89%87,站点分类或适应症明确为泻药通便
already_present,10507,比沙可啶栓,western,6,6,0.94,用于急、慢性便秘及习惯性便秘。,消化系统用药 | 泻药及止泻药,轻泻药 | 接触性轻泻药,,,,https://www.yao86.com/%E8%A5%BF%E8%8D%AF/%E6%AF%94%E6%B2%99%E5%8F%AF%E5%95%B6%E6%A0%93,站点分类或适应症明确为泻药通便
already_present,11825,比沙可啶片,western,6,6,0.94,用于急、慢便秘和习惯性便秘。,消化系统用药 | 泻药及止泻药,轻泻药 | 接触性轻泻药,,,,https://www.yao86.com/%E8%A5%BF%E8%8D%AF/%E6%AF%94%E6%B2%99%E5%8F%AF%E5%95%B6%E7%89%87,站点分类或适应症明确为泻药通便
already_present,11826,鞣酸蛋白散,western,5,5,0.96,用于消化不良性腹泻。,消化系统用药 | 泻药及止泻药,止泻药、肠道抗炎、抗感染药 | 其它止泻药,单那尔滨,,,https://www.yao86.com/%E8%A5%BF%E8%8D%AF/%E9%9E%A3%E9%85%B8%E8%9B%8B%E7%99%BD%E6%95%A3,站点分类明确为止泻或肠道吸附药
already_present,11827,鞣酸蛋白片,western,5,5,0.96,用于消化不良性腹泻。,消化系统用药 | 泻药及止泻药,止泻药、肠道抗炎、抗感染药 | 其它止泻药,,,,https://www.yao86.com/%E8%A5%BF%E8%8D%AF/%E9%9E%A3%E9%85%B8%E8%9B%8B%E7%99%BD%E7%89%87,站点分类明确为止泻或肠道吸附药
review_missing_efficacy,,鞣酸苦参碱片,western,,5,0.96,用于肠炎。,消化系统用药 | 泻药及止泻药,止泻药、肠道抗炎、抗感染药 | 其它止泻药,,,,https://www.yao86.com/%E8%A5%BF%E8%8D%AF/%E9%9E%A3%E9%85%B8%E8%8B%A6%E5%8F%82%E7%A2%B1%E7%89%87,站点分类明确为止泻或肠道吸附药
already_present,11828,鞣酸苦参碱胶囊,western,5,5,0.96,用于功能性腹泻和急慢性肠炎、肠易激惹综合征引起的腹泻。,消化系统用药 | 泻药及止泻药,止泻药、肠道抗炎、抗感染药 | 其它止泻药,,,,https://www.yao86.com/%E8%A5%BF%E8%8D%AF/%E9%9E%A3%E9%85%B8%E8%8B%A6%E5%8F%82%E7%A2%B1%E8%83%B6%E5%9B%8A,站点分类明确为止泻或肠道吸附药
already_present,11829,复方磷酸氢钠片,western,6,6,0.94,本品为容积性导泻药；适用于成年患者外科手术前或肠镜、钡灌肠及其它肠道检查前的肠道清洁准备。,消化系统用药 | 泻药及止泻药,轻泻药 | 渗透作用的轻泻药,清可隆,,,https://www.yao86.com/%E8%A5%BF%E8%8D%AF/%E5%A4%8D%E6%96%B9%E7%A3%B7%E9%85%B8%E6%B0%A2%E9%92%A0%E7%89%87,站点分类或适应症明确为泻药通便
already_present,11830,磷酸钠盐口服溶液,western,6,6,0.94,用于患者结肠X-光线及肠道内窥镜检查前或手术前清理肠道。,消化系统用药 | 泻药及止泻药,轻泻药 | 灌肠药,,,,https://www.yao86.com/%E8%A5%BF%E8%8D%AF/%E7%A3%B7%E9%85%B8%E9%92%A0%E7%9B%90%E5%8F%A3%E6%9C%8D%E6%BA%B6%E6%B6%B2,站点分类或适应症明确为泻药通便
already_present,11831,磷酸钠盐灌肠液,western,6,6,0.94,解除偶然性便秘；直肠检查前灌肠清洁肠道。,消化系统用药 | 泻药及止泻药,轻泻药 | 灌肠药,,,,https://www.yao86.com/%E8%A5%BF%E8%8D%AF/%E7%A3%B7%E9%85%B8%E9%92%A0%E7%9B%90%E7%81%8C%E8%82%A0%E6%B6%B2,站点分类或适应症明确为泻药通便
already_present,11832,聚卡波非钙片,western,6,6,0.94,本品用于缓解肠易激综合征(便秘型)患者的便秘症状。,消化系统用药 | 泻药及止泻药,轻泻药 | 膨胀性缓泻剂,,,,https://www.yao86.com/%E8%A5%BF%E8%8D%AF/%E8%81%9A%E5%8D%A1%E6%B3%A2%E9%9D%9E%E9%92%99%E7%89%87,站点分类或适应症明确为泻药通便
review_missing_efficacy,,聚卡波非钙颗粒,western,,6,0.94,,,轻泻药 | 膨胀性缓泻剂,,,,https://www.yao86.com/%E8%A5%BF%E8%8D%AF/%E8%81%9A%E5%8D%A1%E6%B3%A2%E9%9D%9E%E9%92%99%E9%A2%97%E7%B2%92,站点分类或适应症明确为泻药通便
already_present,11833,碱式水杨酸铋干混悬剂,western,5,5,0.96,1．治疗急、慢性腹泻。2．缓解上腹隐痛不适、餐后饱胀、嗳气、恶心、返酸等消化不良症状。,消化系统用药 | 泻药及止泻药,止泻药、肠道抗炎、抗感染药 | 肠道吸附药 | 铋制剂,,,,https://www.yao86.com/%E8%A5%BF%E8%8D%AF/%E7%A2%B1%E5%BC%8F%E6%B0%B4%E6%9D%A8%E9%85%B8%E9%93%8B%E5%B9%B2%E6%B7%B7%E6%82%AC%E5%89%82,站点分类明确为止泻或肠道吸附药
review_missing_efficacy,,碱式水杨酸铋分散片,western,,5,0.96,,,止泻药、肠道抗炎、抗感染药 | 肠道吸附药 | 铋制剂,,,,https://www.yao86.com/%E8%A5%BF%E8%8D%AF/%E7%A2%B1%E5%BC%8F%E6%B0%B4%E6%9D%A8%E9%85%B8%E9%93%8B%E5%88%86%E6%95%A3%E7%89%87,站点分类明确为止泻或肠道吸附药
review_missing_efficacy,,碱式水杨酸铋口服混悬液,western,,5,0.96,,,止泻药、肠道抗炎、抗感染药 | 肠道吸附药 | 铋制剂,,,,https://www.yao86.com/%E8%A5%BF%E8%8D%AF/%E7%A2%B1%E5%BC%8F%E6%B0%B4%E6%9D%A8%E9%85%B8%E9%93%8B%E5%8F%A3%E6%9C%8D%E6%B7%B7%E6%82%AC%E6%B6%B2,站点分类明确为止泻或肠道吸附药
review_missing_efficacy,,碱式水杨酸铋咀嚼片,western,,5,0.96,,,止泻药、肠道抗炎、抗感染药 | 肠道吸附药 | 铋制剂,,,,https://www.yao86.com/%E8%A5%BF%E8%8D%AF/%E7%A2%B1%E5%BC%8F%E6%B0%B4%E6%9D%A8%E9%85%B8%E9%93%8B%E5%92%80%E5%9A%BC%E7%89%87,站点分类明确为止泻或肠道吸附药
review_missing_efficacy,,碱式水杨酸铋片,western,,5,0.96,,,止泻药、肠道抗炎、抗感染药 | 肠道吸附药 | 铋制剂,,,,https://www.yao86.com/%E8%A5%BF%E8%8D%AF/%E7%A2%B1%E5%BC%8F%E6%B0%B4%E6%9D%A8%E9%85%B8%E9%93%8B%E7%89%87,站点分类明确为止泻或肠道吸附药
already_present,11834,大黄叶绿素铜钠胶囊,western,5,5,0.96,用于治疗便秘和急慢性肝炎的辅助用药，亦可用于白细胞减少症。,消化系统用药 | 泻药及止泻药,肝、胆疾病治疗药 | 肝病治疗药，抗脂肪肝药 | 肝病治疗药,,,,https://www.yao86.com/%E8%A5%BF%E8%8D%AF/%E5%A4%A7%E9%BB%84%E5%8F%B6%E7%BB%BF%E7%B4%A0%E9%93%9C%E9%92%A0%E8%83%B6%E5%9B%8A,站点分类明确为止泻或肠道吸附药
already_present,11835,小麦纤维素颗粒,western,6,6,0.94,本品用于便秘；作为肠易激综合征、憩室病、肛裂和痔疮等伴发的便秘的辅助治疗，也可用于手术后软化大便。,消化系统用药 | 泻药及止泻药,轻泻药 | 其它轻泻药,非比麸(Fiberform),,,https://www.yao86.com/%E8%A5%BF%E8%8D%AF/%E5%B0%8F%E9%BA%A6%E7%BA%A4%E7%BB%B4%E7%B4%A0%E9%A2%97%E7%B2%92,站点分类或适应症明确为泻药通便
already_present,11836,复方丁香罗勒口服混悬液,western,5,5,0.96,用于治疗成人及儿童急、慢性腹泻。,消化系统用药 | 泻药及止泻药,止泻药、肠道抗炎、抗感染药 | 其它止泻药,,,,https://www.yao86.com/%E8%A5%BF%E8%8D%AF/%E5%A4%8D%E6%96%B9%E4%B8%81%E9%A6%99%E7%BD%97%E5%8B%92%E5%8F%A3%E6%9C%8D%E6%B7%B7%E6%82%AC%E6%B6%B2,站点分类明确为止泻或肠道吸附药
already_present,11837,多库酯钠丹蒽醌胶囊,western,6,6,0.94,适用于孕妇、痔疮、老弱、心血管病及肛门、妇产科等实施手术后患者出现的便秘。,消化系统用药 | 泻药及止泻药,轻泻药 | 灌肠药,,,,https://www.yao86.com/%E8%A5%BF%E8%8D%AF/%E5%A4%9A%E5%BA%93%E9%85%AF%E9%92%A0%E4%B8%B9%E8%92%BD%E9%86%8C%E8%83%B6%E5%9B%8A,站点分类或适应症明确为泻药通便
already_present,11838,复方木香小檗碱片,western,5,5,0.96,用于治疗肠道感染、腹泻。,消化系统用药 | 泻药及止泻药,止泻药、肠道抗炎、抗感染药 | 肠道抗感染药 | 其它肠道抗感染药,,,,https://www.yao86.com/%E8%A5%BF%E8%8D%AF/%E5%A4%8D%E6%96%B9%E6%9C%A8%E9%A6%99%E5%B0%8F%E6%AA%97%E7%A2%B1%E7%89%87,站点分类明确为止泻或肠道吸附药
already_present,11839,胆汁槟榔维B1胶囊,western,6,6,0.94,用于各种便秘以及由于腹腔炎症、肠粘连、肝胆疾病等的胃肠功能紊乱而引起的腹痛、食欲不振等。,消化系统用药 | 泻药及止泻药,轻泻药 | 其它轻泻药,,,,https://www.yao86.com/%E8%A5%BF%E8%8D%AF/%E8%83%86%E6%B1%81%E6%A7%9F%E6%A6%94%E7%BB%B4B1%E8%83%B6%E5%9B%8A,站点分类或适应症明确为泻药通便
already_present,11840,山梨醇滴眼液,western,9,9,0.94,用于多种原因引起的眼睛干涩，泪液分泌少。,泌尿系统用药 | 利尿药及脱水药,眼科用药 | 其它眼科用药,,,,https://www.yao86.com/%E8%A5%BF%E8%8D%AF/%E5%B1%B1%E6%A2%A8%E9%86%87%E6%BB%B4%E7%9C%BC%E6%B6%B2,剂型或站点分类明确为局部外用药
already_present,11841,消旋卡多曲颗粒,western,5,5,0.96,用于1月以上婴儿和儿童的急性腹泻，必要时与口服补液或静脉补液联合使用。,消化系统用药 | 泻药及止泻药,止泻药、肠道抗炎、抗感染药 | 其它止泻药,,,,https://www.yao86.com/%E8%A5%BF%E8%8D%AF/%E6%B6%88%E6%97%8B%E5%8D%A1%E5%A4%9A%E6%9B%B2%E9%A2%97%E7%B2%92,站点分类明确为止泻或肠道吸附药
already_present,11842,消旋卡多曲口崩片,western,5,5,0.96,本品适用于一月以上婴儿及儿童的急性腹泻。,消化系统用药 | 泻药及止泻药,止泻药、肠道抗炎、抗感染药 | 其它止泻药,,,,https://www.yao86.com/%E8%A5%BF%E8%8D%AF/%E6%B6%88%E6%97%8B%E5%8D%A1%E5%A4%9A%E6%9B%B2%E5%8F%A3%E5%B4%A9%E7%89%87,站点分类明确为止泻或肠道吸附药
already_present,11843,消旋卡多曲片,western,5,5,0.96,用于儿童急性腹泻。,消化系统用药 | 泻药及止泻药,止泻药、肠道抗炎、抗感染药 | 其它止泻药,莫尼卡,,,https://www.yao86.com/%E8%A5%BF%E8%8D%AF/%E6%B6%88%E6%97%8B%E5%8D%A1%E5%A4%9A%E6%9B%B2%E7%89%87,站点分类明确为止泻或肠道吸附药
already_present,10508,救惊散,tcm,6,6,0.94,本品泄热通便，化痰镇惊。用于实火咳嗽，内热便秘，积食发热。,泻下剂 | 寒下,呼吸系统药物 | 清热解毒药物,,,,https://www.yao86.com/%E4%B8%AD%E6%88%90%E8%8D%AF/%E6%95%91%E6%83%8A%E6%95%A3,站点分类或适应症明确为泻药通便
already_present,10509,复方芦荟片,tcm,6,6,0.94,调肝益肾，清热润肠，宁心安神。用于习惯性便秘，大便燥结或因大便数日不通引起的腹胀、腹痛等。,安神剂 | 重镇安神,消化系统与代谢药 | 轻泻药,,,,https://www.yao86.com/%E4%B8%AD%E6%88%90%E8%8D%AF/%E5%A4%8D%E6%96%B9%E8%8A%A6%E8%8D%9F%E7%89%87,站点分类或适应症明确为泻药通便
already_present,10510,复方芦荟胶囊,tcm,6,6,0.94,清肝泻热，润肠通便，宁心安神。用于心肝火盛，大便秘结，腹胀腹痛，烦躁失眠。,安神剂 | 重镇安神,消化系统与代谢药 | 轻泻药,,,,https://www.yao86.com/%E4%B8%AD%E6%88%90%E8%8D%AF/%E5%A4%8D%E6%96%B9%E8%8A%A6%E8%8D%9F%E8%83%B6%E5%9B%8A,站点分类或适应症明确为泻药通便
already_present,10511,新复方芦荟胶囊,tcm,13,13,0.9,清肝泻热，润肠通便，宁心安神。用于心肝火盛、大便秘结、腹胀腹痛、烦躁失眠。,安神剂 | 重镇安神,,,,,https://www.yao86.com/%E4%B8%AD%E6%88%90%E8%8D%AF/%E6%96%B0%E5%A4%8D%E6%96%B9%E8%8A%A6%E8%8D%9F%E8%83%B6%E5%9B%8A,站点明确收录为中成药，未命中更具体项目类别
already_present,10512,排毒养颜片,tcm,6,6,0.94,益气活血，通便排毒。用于气虚血瘀，热毒内盛所致便秘、痤疮、颜面色斑，高脂血症。,治疮疡剂 | 解毒消痤,消化系统与代谢药 | 轻泻药,,,,https://www.yao86.com/%E4%B8%AD%E6%88%90%E8%8D%AF/%E6%8E%92%E6%AF%92%E5%85%BB%E9%A2%9C%E7%89%87,站点分类或适应症明确为泻药通便
already_present,10513,排毒养颜胶囊,tcm,6,6,0.94,益气活血，通便排毒。用于气虚血瘀，热毒内盛所致便秘、痤疮、颜面色斑。,治疮疡剂 | 解毒消痤,消化系统与代谢药 | 轻泻药,,,,https://www.yao86.com/%E4%B8%AD%E6%88%90%E8%8D%AF/%E6%8E%92%E6%AF%92%E5%85%BB%E9%A2%9C%E8%83%B6%E5%9B%8A,站点分类或适应症明确为泻药通便
review_missing_efficacy,,肠舒通栓,tcm,,6,0.94,,泻下剂 | 其它,消化系统与代谢药 | 肠道疾病相关药物,,,,https://www.yao86.com/%E4%B8%AD%E6%88%90%E8%8D%AF/%E8%82%A0%E8%88%92%E9%80%9A%E6%A0%93,站点分类或适应症明确为泻药通便
already_present,10514,车前番泻颗粒,tcm,6,6,0.94,用于成人便秘，老年人肌张力降低引起的便秘；及痔疮病人的便秘。,泻下剂 | 其它,消化系统与代谢药 | 轻泻药,艾者思,,,https://www.yao86.com/%E4%B8%AD%E6%88%90%E8%8D%AF/%E8%BD%A6%E5%89%8D%E7%95%AA%E6%B3%BB%E9%A2%97%E7%B2%92,站点分类或适应症明确为泻药通便
already_present,10515,三黄片,tcm,6,6,0.94,清热解毒，泻火通便。用于三焦热盛所致的目赤肿痛、口鼻生疮、咽喉肿痛、牙龈肿痛、心烦口渴、尿黄、便秘；亦用于急性胃肠炎、痢疾。,泻下剂 | 寒下,呼吸系统药物 | 清热解毒药物,,,,https://www.yao86.com/%E4%B8%AD%E6%88%90%E8%8D%AF/%E4%B8%89%E9%BB%84%E7%89%87,站点分类或适应症明确为泻药通便
already_present,10516,三黄丸,tcm,6,6,0.94,泻火解毒。用于治疗便秘、疮痈。,泻下剂 | 寒下,消化系统与代谢药 | 轻泻药,,,,https://www.yao86.com/%E4%B8%AD%E6%88%90%E8%8D%AF/%E4%B8%89%E9%BB%84%E4%B8%B8,站点分类或适应症明确为泻药通便
already_present,10517,三黄胶囊,tcm,6,6,0.94,清热解毒，泻火通便。用于三焦热盛所致目赤肿痛，口鼻生疮，咽喉肿痛，牙龈出血，心烦口渴，尿黄便秘。,泻下剂 | 寒下,呼吸系统药物 | 清热解毒药物,,,,https://www.yao86.com/%E4%B8%AD%E6%88%90%E8%8D%AF/%E4%B8%89%E9%BB%84%E8%83%B6%E5%9B%8A,站点分类或适应症明确为泻药通便
already_present,10518,四季三黄片,tcm,6,6,0.94,消炎退热，通便利水。用于口鼻生疮，咽疼齿痛，口干舌燥，目眩头晕，大便秘结，小便赤黄。,泻下剂 | 寒下,呼吸系统药物 | 清热解毒药物,,,,https://www.yao86.com/%E4%B8%AD%E6%88%90%E8%8D%AF/%E5%9B%9B%E5%AD%A3%E4%B8%89%E9%BB%84%E7%89%87,站点分类或适应症明确为泻药通便
already_present,10519,四季三黄丸,tcm,6,6,0.94,消炎退热，通便利水。用于口鼻生疮，咽疼齿痛，口干舌燥，目眩头晕，大便秘结，小便赤黄。,泻下剂 | 寒下,呼吸系统药物 | 清热解毒药物,,,,https://www.yao86.com/%E4%B8%AD%E6%88%90%E8%8D%AF/%E5%9B%9B%E5%AD%A3%E4%B8%89%E9%BB%84%E4%B8%B8,站点分类或适应症明确为泻药通便
already_present,10520,四季三黄胶囊,tcm,6,6,0.94,清热燥湿，泻火通便。用于口鼻生疮，咽疼齿痛，口干舌燥，目眩头晕，大便秘结，小便赤黄。,泻下剂 | 寒下,呼吸系统药物 | 清热解毒药物,,,,https://www.yao86.com/%E4%B8%AD%E6%88%90%E8%8D%AF/%E5%9B%9B%E5%AD%A3%E4%B8%89%E9%BB%84%E8%83%B6%E5%9B%8A,站点分类或适应症明确为泻药通便
already_present,10521,四季三黄软胶囊,tcm,6,6,0.94,清热解毒，通便利水。用于口鼻生疮，咽疼齿痛，口干舌燥，目眩头晕，大便秘结，小便赤黄。,泻下剂 | 寒下,呼吸系统药物 | 清热解毒药物,,,,https://www.yao86.com/%E4%B8%AD%E6%88%90%E8%8D%AF/%E5%9B%9B%E5%AD%A3%E4%B8%89%E9%BB%84%E8%BD%AF%E8%83%B6%E5%9B%8A,站点分类或适应症明确为泻药通便
review_missing_efficacy,,大黄流浸膏,tcm,,6,0.94,,泻下剂 | 寒下,,,,,https://www.yao86.com/%E4%B8%AD%E6%88%90%E8%8D%AF/%E5%A4%A7%E9%BB%84%E6%B5%81%E6%B5%B8%E8%86%8F,站点分类或适应症明确为泻药通便
already_present,10522,大黄通便胶囊,tcm,6,6,0.94,清热通便。用于实热食滞所致的便秘，食欲不振。,泻下剂 | 寒下,消化系统与代谢药 | 轻泻药,,,,https://www.yao86.com/%E4%B8%AD%E6%88%90%E8%8D%AF/%E5%A4%A7%E9%BB%84%E9%80%9A%E4%BE%BF%E8%83%B6%E5%9B%8A,站点分类或适应症明确为泻药通便
already_present,10523,小儿化食丸,tcm,6,6,0.94,消食化滞，泻火通便。用于食滞化热所致的积滞，症见厌食、烦躁、恶心呕吐、口渴、脘腹胀满、大便干燥。,泻下剂 | 寒下,消化系统与代谢药 | 提升食欲、促消化药,,,,https://www.yao86.com/%E4%B8%AD%E6%88%90%E8%8D%AF/%E5%B0%8F%E5%84%BF%E5%8C%96%E9%A3%9F%E4%B8%B8,站点分类或适应症明确为泻药通便
already_present,10524,小儿化食口服液,tcm,6,6,0.94,消食化滞，泻火通便。用于小儿胃热停食，脘腹胀满，恶心呕吐，烦躁，口渴，大便干燥。,泻下剂 | 寒下,消化系统与代谢药 | 提升食欲、促消化药,,,,https://www.yao86.com/%E4%B8%AD%E6%88%90%E8%8D%AF/%E5%B0%8F%E5%84%BF%E5%8C%96%E9%A3%9F%E5%8F%A3%E6%9C%8D%E6%B6%B2,站点分类或适应症明确为泻药通便
already_present,10525,当归龙荟胶囊,tcm,6,6,0.94,清肝明目，泻火通便。用于肝胆实热，耳聋，耳鸣，耳内生疮、胃肠湿热，头晕牙痛，眼目赤肿，大便不通。,泻下剂 | 寒下,消化系统与代谢药 | 轻泻药,,,,https://www.yao86.com/%E4%B8%AD%E6%88%90%E8%8D%AF/%E5%BD%93%E5%BD%92%E9%BE%99%E8%8D%9F%E8%83%B6%E5%9B%8A,站点分类或适应症明确为泻药通便
already_present,10526,当归龙荟片,tcm,6,6,0.94,清肝明目，泻火通便。用于肝胆实热，耳聋，耳鸣，耳内生疮、胃肠湿热，头晕牙痛，眼目赤肿，大便不通。,泻下剂 | 寒下,消化系统与代谢药 | 轻泻药,,,,https://www.yao86.com/%E4%B8%AD%E6%88%90%E8%8D%AF/%E5%BD%93%E5%BD%92%E9%BE%99%E8%8D%9F%E7%89%87,站点分类或适应症明确为泻药通便
already_present,10527,当归龙荟丸,tcm,6,6,0.94,泻火通便。用于肝胆火旺，心烦不宁，头晕目眩，耳鸣耳聋，胁肋疼痛，脘腹胀痛，大便秘结。,泻下剂 | 寒下,消化系统与代谢药 | 轻泻药,,,,https://www.yao86.com/%E4%B8%AD%E6%88%90%E8%8D%AF/%E5%BD%93%E5%BD%92%E9%BE%99%E8%8D%9F%E4%B8%B8,站点分类或适应症明确为泻药通便
already_present,10528,搜风顺气丸,tcm,6,6,0.94,"搜风顺气，润肠通便。用于肠胃积热，胸膈痞闷，大便燥结,肠红痔漏。",泻下剂 | 寒下,消化系统与代谢药 | 轻泻药,,,,https://www.yao86.com/%E4%B8%AD%E6%88%90%E8%8D%AF/%E6%90%9C%E9%A3%8E%E9%A1%BA%E6%B0%94%E4%B8%B8,站点分类或适应症明确为泻药通便
already_present,10529,泻热合剂,tcm,6,6,0.94,清热，解毒，通便。用于胸膈烦热，头昏目赤，口舌生疮，咽喉疼痛，小便赤黄，大便秘结。,泻下剂 | 寒下,呼吸系统药物 | 清热解毒药物,,,,https://www.yao86.com/%E4%B8%AD%E6%88%90%E8%8D%AF/%E6%B3%BB%E7%83%AD%E5%90%88%E5%89%82,站点分类或适应症明确为泻药通便
already_present,10530,消积通便胶囊,tcm,6,6,0.94,苗医：渣怡赊嘎：弄于阿罗，阿套穷，修嘎阿罗。中医：泻热通便。用于胃肠实热所致的便秘，脘腹胀痛，食欲不振。,泻下剂 | 寒下,消化系统与代谢药 | 轻泻药,,,,https://www.yao86.com/%E4%B8%AD%E6%88%90%E8%8D%AF/%E6%B6%88%E7%A7%AF%E9%80%9A%E4%BE%BF%E8%83%B6%E5%9B%8A,站点分类或适应症明确为泻药通便
already_present,10531,清宁丸,tcm,6,6,0.94,清热泻火、消肿通便。用于火毒内蕴所致的咽喉肿痛、口舌生疮、头晕耳鸣、目赤牙痛、腹中胀满、大便秘结。,泻下剂 | 寒下,呼吸系统药物 | 清热解毒药物,,,,https://www.yao86.com/%E4%B8%AD%E6%88%90%E8%8D%AF/%E6%B8%85%E5%AE%81%E4%B8%B8,站点分类或适应症明确为泻药通便
already_present,10532,清泻丸,tcm,6,6,0.94,清热，通便，消滞。用于实热积滞所致的大便秘结。,泻下剂 | 寒下,消化系统与代谢药 | 轻泻药,,,,https://www.yao86.com/%E4%B8%AD%E6%88%90%E8%8D%AF/%E6%B8%85%E6%B3%BB%E4%B8%B8,站点分类或适应症明确为泻药通便
already_present,10533,清润丸,tcm,6,6,0.94,清热，润肠，通便，导滞。用于积热便秘。,泻下剂 | 寒下,消化系统与代谢药 | 轻泻药,,,,https://www.yao86.com/%E4%B8%AD%E6%88%90%E8%8D%AF/%E6%B8%85%E6%B6%A6%E4%B8%B8,站点分类或适应症明确为泻药通便
already_present,10534,清火片,tcm,6,6,0.94,清热泻火，通便。用于咽喉肿痛，牙痛，头目眩晕，口鼻生疮，风火目赤，大便不通。,泻下剂 | 寒下,呼吸系统药物 | 清热解毒药物,,,,https://www.yao86.com/%E4%B8%AD%E6%88%90%E8%8D%AF/%E6%B8%85%E7%81%AB%E7%89%87,站点分类或适应症明确为泻药通便
already_present,10535,清火胶囊,tcm,6,6,0.94,清热泻火，通便。用于咽喉肿痛，牙痛，头目眩晕，口鼻生疮，风火目赤，大便不通。,泻下剂 | 寒下,呼吸系统药物 | 清热解毒药物,,,,https://www.yao86.com/%E4%B8%AD%E6%88%90%E8%8D%AF/%E6%B8%85%E7%81%AB%E8%83%B6%E5%9B%8A,站点分类或适应症明确为泻药通便
already_present,10536,清肠通便胶囊,tcm,6,6,0.94,彝医：嗨补色土色诺，斯希，乃让奴佐。中医：清热通便，行气止痛。用于热结气滞所致的大便秘结。,泻下剂 | 寒下,消化系统与代谢药 | 轻泻药,,,,https://www.yao86.com/%E4%B8%AD%E6%88%90%E8%8D%AF/%E6%B8%85%E8%82%A0%E9%80%9A%E4%BE%BF%E8%83%B6%E5%9B%8A,站点分类或适应症明确为泻药通便
already_present,10537,牛黄清胃丸,tcm,6,6,0.94,清胃泻火，润燥通便。用于心胃火盛，头晕目眩，口舌生疮，牙龈肿痛，乳蛾咽痛，便秘尿赤。,泻下剂 | 寒下,消化系统与代谢药 | 轻泻药,,,,https://www.yao86.com/%E4%B8%AD%E6%88%90%E8%8D%AF/%E7%89%9B%E9%BB%84%E6%B8%85%E8%83%83%E4%B8%B8,站点分类或适应症明确为泻药通便
already_present,10538,牛黄至宝丸,tcm,6,6,0.94,清热解毒，泻火通便。用于胃肠积热所致的头痛眩晕、目赤耳鸣、口燥咽干、大便燥结。,泻下剂 | 寒下,呼吸系统药物 | 清热解毒药物,,,,https://www.yao86.com/%E4%B8%AD%E6%88%90%E8%8D%AF/%E7%89%9B%E9%BB%84%E8%87%B3%E5%AE%9D%E4%B8%B8,站点分类或适应症明确为泻药通便
already_present,10539,番泻叶颗粒,tcm,6,6,0.94,泻热行滞，通便。用于便秘。,泻下剂 | 寒下,消化系统与代谢药 | 轻泻药,,,,https://www.yao86.com/%E4%B8%AD%E6%88%90%E8%8D%AF/%E7%95%AA%E6%B3%BB%E5%8F%B6%E9%A2%97%E7%B2%92,站点分类或适应症明确为泻药通便
already_present,10540,大黄三味片,tcm,6,6,0.94,蒙医：缓泻，清热。用于大便干燥，胃胀，腹痛，闭经。中医：清热通便。用于热结便秘，胃胀胃痛，呕逆吞酸。,泻下剂 | 寒下,消化系统与代谢药 | 轻泻药,,,,https://www.yao86.com/%E4%B8%AD%E6%88%90%E8%8D%AF/%E5%A4%A7%E9%BB%84%E4%B8%89%E5%91%B3%E7%89%87,站点分类或适应症明确为泻药通便
already_present,10541,秘治胶囊,tcm,6,6,0.94,清热导滞，缓泻通便。用于胃肠实热所致的大便干结，排便困难，甚则肛裂便血，口苦口干，小便短赤。,泻下剂 | 寒下,消化系统与代谢药 | 轻泻药,,,,https://www.yao86.com/%E4%B8%AD%E6%88%90%E8%8D%AF/%E7%A7%98%E6%B2%BB%E8%83%B6%E5%9B%8A,站点分类或适应症明确为泻药通便
already_present,10542,舒秘胶囊,tcm,6,6,0.94,清热通便。用于功能性便秘属热秘者。,泻下剂 | 寒下,消化系统与代谢药 | 轻泻药,,,,https://www.yao86.com/%E4%B8%AD%E6%88%90%E8%8D%AF/%E8%88%92%E7%A7%98%E8%83%B6%E5%9B%8A,站点分类或适应症明确为泻药通便
already_present,10543,莫家清宁丸,tcm,6,6,0.94,清理胃肠，泻热润便。用于饮食停滞，腹肋膨胀，头昏耳鸣，口燥舌干，咽喉不利，两目红赤，牙齿疼痛，大便秘结，小便赤黄。,泻下剂 | 寒下,呼吸系统药物 | 清热解毒药物,,,,https://www.yao86.com/%E4%B8%AD%E6%88%90%E8%8D%AF/%E8%8E%AB%E5%AE%B6%E6%B8%85%E5%AE%81%E4%B8%B8,站点分类或适应症明确为泻药通便
already_present,10544,通便宁片,tcm,6,6,0.94,宽中理气，泻下通便。用于实热便秘。症见：腹痛拒按，腹胀纳呆，口干口苦，小便短赤，舌红苔黄，脉弦滑数。,泻下剂 | 寒下,消化系统与代谢药 | 轻泻药,,,,https://www.yao86.com/%E4%B8%AD%E6%88%90%E8%8D%AF/%E9%80%9A%E4%BE%BF%E5%AE%81%E7%89%87,站点分类或适应症明确为泻药通便
already_present,10545,通滞埃提勒菲力沙那片,tcm,6,6,0.94,开通阻滞，通便止痛。用于热性头痛、便秘、瘙痒及关节疼痛等。,泻下剂 | 寒下,消化系统与代谢药 | 轻泻药,,,,https://www.yao86.com/%E4%B8%AD%E6%88%90%E8%8D%AF/%E9%80%9A%E6%BB%9E%E5%9F%83%E6%8F%90%E5%8B%92%E8%8F%B2%E5%8A%9B%E6%B2%99%E9%82%A3%E7%89%87,站点分类或适应症明确为泻药通便
already_present,10546,通舒口爽片,tcm,6,6,0.94,清热除湿，化浊通便。用于大肠湿热所致的便秘、口臭、牙龈肿痛。,泻下剂 | 寒下,消化系统与代谢药 | 轻泻药,,,,https://www.yao86.com/%E4%B8%AD%E6%88%90%E8%8D%AF/%E9%80%9A%E8%88%92%E5%8F%A3%E7%88%BD%E7%89%87,站点分类或适应症明确为泻药通便
already_present,10547,通舒口爽丸,tcm,6,6,0.94,清热除湿，化浊通便。用于大肠湿热所致的便秘，口臭，牙龈肿痛。,泻下剂 | 寒下,消化系统与代谢药 | 轻泻药,,,,https://www.yao86.com/%E4%B8%AD%E6%88%90%E8%8D%AF/%E9%80%9A%E8%88%92%E5%8F%A3%E7%88%BD%E4%B8%B8,站点分类或适应症明确为泻药通便
already_present,10548,通舒口爽胶囊,tcm,6,6,0.94,彝医：嗨补鲁土，乃库习嗨。中医：清热除湿，化浊通便。用于大肠湿热所致的便秘，口臭，牙龈肿痛。,泻下剂 | 寒下,消化系统与代谢药 | 轻泻药,,,,https://www.yao86.com/%E4%B8%AD%E6%88%90%E8%8D%AF/%E9%80%9A%E8%88%92%E5%8F%A3%E7%88%BD%E8%83%B6%E5%9B%8A,站点分类或适应症明确为泻药通便
already_present,10549,高力清心丸,tcm,6,6,0.94,清热解毒，泻火通便。用于头昏目赤，大便秘结等症。,泻下剂 | 寒下,呼吸系统药物 | 清热解毒药物,,,,https://www.yao86.com/%E4%B8%AD%E6%88%90%E8%8D%AF/%E9%AB%98%E5%8A%9B%E6%B8%85%E5%BF%83%E4%B8%B8,站点分类或适应症明确为泻药通便
already_present,10550,高丽清心丸,tcm,6,6,0.94,清热，镇静，泻火，解毒，通便。用于高热烦渴，头晕目眩，心悸失眠，齿痛便秘。,泻下剂 | 寒下,呼吸系统药物 | 清热解毒药物,,,,https://www.yao86.com/%E4%B8%AD%E6%88%90%E8%8D%AF/%E9%AB%98%E4%B8%BD%E6%B8%85%E5%BF%83%E4%B8%B8,站点分类或适应症明确为泻药通便
already_present,10551,牛黄清肺片,tcm,1,1,0.95,清肺化痰，泻热通便。用于肺热咳嗽，喘促胸满，大便燥结。,止咳平喘剂 | 止咳平喘,呼吸系统药物 | 咳嗽和感冒用药,,,,https://www.yao86.com/%E4%B8%AD%E6%88%90%E8%8D%AF/%E7%89%9B%E9%BB%84%E6%B8%85%E8%82%BA%E7%89%87,站点药理分类明确为止咳或祛痰药
already_present,10552,龙荟丸,tcm,6,6,0.94,泻火通便。用于肝胆火旺，大便秘结，小便赤涩。,泻下剂 | 寒下,消化系统与代谢药 | 轻泻药,,,,https://www.yao86.com/%E4%B8%AD%E6%88%90%E8%8D%AF/%E9%BE%99%E8%8D%9F%E4%B8%B8,站点分类或适应症明确为泻药通便
already_present,10553,决明平脂胶囊,tcm,6,6,0.94,清肝润肠。用于阴虚肝旺所致的高脂血症。,泻下剂 | 攻补兼施,心脑血管与血液系统药物 | 其他心脑血管与血液系统药物,,,,https://www.yao86.com/%E4%B8%AD%E6%88%90%E8%8D%AF/%E5%86%B3%E6%98%8E%E5%B9%B3%E8%84%82%E8%83%B6%E5%9B%8A,站点分类或适应症明确为泻药通便
already_present,10554,润肠通便茶,tcm,6,6,0.94,润肠通便。用于热结便秘的辅助治疗。,泻下剂 | 攻补兼施,消化系统与代谢药 | 轻泻药,,,,https://www.yao86.com/%E4%B8%AD%E6%88%90%E8%8D%AF/%E6%B6%A6%E8%82%A0%E9%80%9A%E4%BE%BF%E8%8C%B6,站点分类或适应症明确为泻药通便
already_present,10555,润肠通秘茶,tcm,6,6,0.94,益气养血，润肠通便。用于气血两虚型便秘患者的症状缓解。,泻下剂 | 攻补兼施,消化系统与代谢药 | 轻泻药,,,,https://www.yao86.com/%E4%B8%AD%E6%88%90%E8%8D%AF/%E6%B6%A6%E8%82%A0%E9%80%9A%E7%A7%98%E8%8C%B6,站点分类或适应症明确为泻药通便
already_present,11844,益气通便颗粒,tcm,6,6,0.94,益气养阴，润肠通便。用于功能性便秘，中医辩证属气阴两虚，升降失常之虚秘。,泻下剂 | 攻补兼施,消化系统与代谢药 | 轻泻药,,,,https://www.yao86.com/%E4%B8%AD%E6%88%90%E8%8D%AF/%E7%9B%8A%E6%B0%94%E9%80%9A%E4%BE%BF%E9%A2%97%E7%B2%92,站点分类或适应症明确为泻药通便
already_present,11845,胃肠复元膏,tcm,6,6,0.94,益气活血，理气通下。用于胃肠术后腹胀，胃肠活动减弱，症见体乏气短、脘腹胀满、大便不下；亦可用于老年性便秘及虚性便秘。,泻下剂 | 攻补兼施,消化系统与代谢药 | 胃病相关药物,,,,https://www.yao86.com/%E4%B8%AD%E6%88%90%E8%8D%AF/%E8%83%83%E8%82%A0%E5%A4%8D%E5%85%83%E8%86%8F,站点分类或适应症明确为泻药通便
already_present,11846,降脂通便胶囊,tcm,6,6,0.94,泻热通便，健脾益气。用于胃肠实热、脾气亏虚所致的大便秘结，腹胀纳呆，形体肥胖，气短肢倦等症。,泻下剂 | 攻补兼施,消化系统与代谢药 | 轻泻药,,,,https://www.yao86.com/%E4%B8%AD%E6%88%90%E8%8D%AF/%E9%99%8D%E8%84%82%E9%80%9A%E4%BE%BF%E8%83%B6%E5%9B%8A,站点分类或适应症明确为泻药通便
already_present,11847,五仁润肠丸,tcm,6,6,0.94,润肠通便。用于老年体弱便秘。,泻下剂 | 润下,消化系统与代谢药 | 轻泻药,,,,https://www.yao86.com/%E4%B8%AD%E6%88%90%E8%8D%AF/%E4%BA%94%E4%BB%81%E6%B6%A6%E8%82%A0%E4%B8%B8,站点分类或适应症明确为泻药通便
already_present,11848,便乃通茶,tcm,6,6,0.94,润燥通便。适用于老年津亏肠燥所致的便秘。,泻下剂 | 润下,消化系统与代谢药 | 轻泻药,,,,https://www.yao86.com/%E4%B8%AD%E6%88%90%E8%8D%AF/%E4%BE%BF%E4%B9%83%E9%80%9A%E8%8C%B6,站点分类或适应症明确为泻药通便
already_present,11849,便秘通软膏,tcm,6,6,0.94,通便消胀，顺气导滞。用于大便秘结，腹中胀痛，胸胁痞满，嗳气腹闷。,泻下剂 | 润下,消化系统与代谢药 | 轻泻药,,,,https://www.yao86.com/%E4%B8%AD%E6%88%90%E8%8D%AF/%E4%BE%BF%E7%A7%98%E9%80%9A%E8%BD%AF%E8%86%8F,站点分类或适应症明确为泻药通便
already_present,11850,便通片,tcm,6,6,0.94,健脾益肾，润肠通便。用于脾肾不足，肠腑气滞所致的便秘。症见：大便秘结或排便乏力，神疲气短，头晕目眩，腰膝酸软；习惯性便秘、肛周疾病见上述证候者。,泻下剂 | 润下,消化系统与代谢药 | 轻泻药,,,,https://www.yao86.com/%E4%B8%AD%E6%88%90%E8%8D%AF/%E4%BE%BF%E9%80%9A%E7%89%87,站点分类或适应症明确为泻药通便
already_present,11851,便通胶囊,tcm,6,6,0.94,健脾益肾，润肠通便。用于脾肾不足，肠腑气滞所致的便秘。症见：大便秘结或排便乏力，神疲气短，头晕目眩，腰膝酸软等；原发性习惯性便秘、肛周疾患所引起的便秘见以上证候者。,泻下剂 | 润下,消化系统与代谢药 | 轻泻药,,,,https://www.yao86.com/%E4%B8%AD%E6%88%90%E8%8D%AF/%E4%BE%BF%E9%80%9A%E8%83%B6%E5%9B%8A,站点分类或适应症明确为泻药通便
already_present,11852,六味能消丸,tcm,6,6,0.94,助消化，消肿，理气和胃。用于积食不化，胃疼痛，胸腹肿胀，大便干燥。,泻下剂 | 润下,消化系统与代谢药 | 胃病相关药物,,,,https://www.yao86.com/%E4%B8%AD%E6%88%90%E8%8D%AF/%E5%85%AD%E5%91%B3%E8%83%BD%E6%B6%88%E4%B8%B8,站点分类或适应症明确为泻药通便
already_present,11853,六味能消片,tcm,6,6,0.94,助消化，理气和胃。用于积食不化、胃疼痛、腹胀、大便干燥。,泻下剂 | 润下,消化系统与代谢药 | 胃病相关药物,,,,https://www.yao86.com/%E4%B8%AD%E6%88%90%E8%8D%AF/%E5%85%AD%E5%91%B3%E8%83%BD%E6%B6%88%E7%89%87,站点分类或适应症明确为泻药通便
already_present,11854,六味能消胶囊,tcm,6,6,0.94,宽中理气，润肠通便，调节血脂。用于胃脘胀痛、厌食、纳差及大便秘结；高脂血症及肥胖症。,泻下剂 | 润下,消化系统与代谢药 | 胃病相关药物,,,,https://www.yao86.com/%E4%B8%AD%E6%88%90%E8%8D%AF/%E5%85%AD%E5%91%B3%E8%83%BD%E6%B6%88%E8%83%B6%E5%9B%8A,站点分类或适应症明确为泻药通便
already_present,11855,六味能消片(西切周巴日布),tcm,6,6,0.94,助消化，消肿，理气和胃。用于食物中毒症，积食不化，胃疼痛，胸腹肿胀，大便干燥，难产，胞衣脱落难等。,泻下剂 | 润下,,,,,https://www.yao86.com/%E4%B8%AD%E6%88%90%E8%8D%AF/%E5%85%AD%E5%91%B3%E8%83%BD%E6%B6%88%E7%89%87%28%E8%A5%BF%E5%88%87%E5%91%A8%E5%B7%B4%E6%97%A5%E5%B8%83%29,站点分类或适应症明确为泻药通便
already_present,11856,双仁润肠口服液,tcm,6,6,0.94,滋阴生津，润肠通便。适用于阴虚及妇女产后血虚等所致的虚性便秘。,泻下剂 | 润下,消化系统与代谢药 | 轻泻药,,,,https://www.yao86.com/%E4%B8%AD%E6%88%90%E8%8D%AF/%E5%8F%8C%E4%BB%81%E6%B6%A6%E8%82%A0%E5%8F%A3%E6%9C%8D%E6%B6%B2,站点分类或适应症明确为泻药通便
already_present,11857,地黄润通口服液,tcm,6,6,0.94,养血生津，润肠通便。用于血热阴虚所致肠燥便秘的辅助治疗。,泻下剂 | 润下,消化系统与代谢药 | 轻泻药,,,,https://www.yao86.com/%E4%B8%AD%E6%88%90%E8%8D%AF/%E5%9C%B0%E9%BB%84%E6%B6%A6%E9%80%9A%E5%8F%A3%E6%9C%8D%E6%B6%B2,站点分类或适应症明确为泻药通便
already_present,11858,九制大黄丸,tcm,6,6,0.94,通便润燥，消食化滞。用于胃肠积滞、口渴不休、停食停水、胸热心烦、大便燥结、小便赤黄。,泻下剂 | 润下,消化系统与代谢药 | 轻泻药,,,,https://www.yao86.com/%E4%B8%AD%E6%88%90%E8%8D%AF/%E4%B9%9D%E5%88%B6%E5%A4%A7%E9%BB%84%E4%B8%B8,站点分类或适应症明确为泻药通便
already_present,11859,新清宁胶囊,tcm,6,6,0.94,清热解毒，活血化瘀，缓下。用于内结实热，喉肿，牙痛，目赤，便秘。,泻下剂 | 润下,呼吸系统药物 | 清热解毒药物,,,,https://www.yao86.com/%E4%B8%AD%E6%88%90%E8%8D%AF/%E6%96%B0%E6%B8%85%E5%AE%81%E8%83%B6%E5%9B%8A,站点分类或适应症明确为泻药通便
already_present,11860,大黄通便片,tcm,6,6,0.94,清热通便。用于实热食滞、便秘及湿热型食欲不振。,泻下剂 | 润下,消化系统与代谢药 | 轻泻药,,,,https://www.yao86.com/%E4%B8%AD%E6%88%90%E8%8D%AF/%E5%A4%A7%E9%BB%84%E9%80%9A%E4%BE%BF%E7%89%87,站点分类或适应症明确为泻药通便
already_present,11861,大黄通便颗粒,tcm,6,6,0.94,清热通便。用于实热食滞，便秘及湿热型食欲不振。,泻下剂 | 润下,消化系统与代谢药 | 轻泻药,,,,https://www.yao86.com/%E4%B8%AD%E6%88%90%E8%8D%AF/%E5%A4%A7%E9%BB%84%E9%80%9A%E4%BE%BF%E9%A2%97%E7%B2%92,站点分类或适应症明确为泻药通便
already_present,11862,新清宁片,tcm,6,6,0.94,清热解毒，泻火通便。用于内结实热所致的喉肿、牙痛、目赤、便秘、下痢、发热；感染性炎症见上述症候者。,泻下剂 | 润下,呼吸系统药物 | 清热解毒药物,,,,https://www.yao86.com/%E4%B8%AD%E6%88%90%E8%8D%AF/%E6%96%B0%E6%B8%85%E5%AE%81%E7%89%87,站点分类或适应症明确为泻药通便
already_present,11863,大黄酊,tcm,6,6,0.94,健胃。主治食欲不振。,泻下剂 | 润下,消化系统与代谢药 | 提升食欲、促消化药,,,,https://www.yao86.com/%E4%B8%AD%E6%88%90%E8%8D%AF/%E5%A4%A7%E9%BB%84%E9%85%8A,站点分类或适应症明确为泻药通便
already_present,11864,小儿秘通口服液,tcm,6,6,0.94,润肠通便，消食健胃。用于功能性便秘。,泻下剂 | 润下,,,,,https://www.yao86.com/%E4%B8%AD%E6%88%90%E8%8D%AF/%E5%B0%8F%E5%84%BF%E7%A7%98%E9%80%9A%E5%8F%A3%E6%9C%8D%E6%B6%B2,站点分类或适应症明确为泻药通便
already_present,11865,小儿秘通合剂,tcm,6,6,0.94,润肠通便，消食健胃。用于功能性便秘。,泻下剂 | 润下,消化系统与代谢药 | 轻泻药,,,,https://www.yao86.com/%E4%B8%AD%E6%88%90%E8%8D%AF/%E5%B0%8F%E5%84%BF%E7%A7%98%E9%80%9A%E5%90%88%E5%89%82,站点分类或适应症明确为泻药通便
already_present,11866,常通舒颗粒,tcm,6,6,0.94,滋阴养血，润肠通便。用于习惯性便秘，老年性便秘及产后便秘。,泻下剂 | 润下,消化系统与代谢药 | 轻泻药,,,,https://www.yao86.com/%E4%B8%AD%E6%88%90%E8%8D%AF/%E5%B8%B8%E9%80%9A%E8%88%92%E9%A2%97%E7%B2%92,站点分类或适应症明确为泻药通便
already_present,11867,更衣片,tcm,6,6,0.94,润肠通便。用于病后津液不足，肝火内积，便秘腹胀。,泻下剂 | 润下,消化系统与代谢药 | 轻泻药,,,,https://www.yao86.com/%E4%B8%AD%E6%88%90%E8%8D%AF/%E6%9B%B4%E8%A1%A3%E7%89%87,站点分类或适应症明确为泻药通便
already_present,11868,更衣胶囊,tcm,6,6,0.94,润肠通便。用于病后津液不足，肝火内炽，便秘腹胀。,泻下剂 | 润下,消化系统与代谢药 | 轻泻药,,,,https://www.yao86.com/%E4%B8%AD%E6%88%90%E8%8D%AF/%E6%9B%B4%E8%A1%A3%E8%83%B6%E5%9B%8A,站点分类或适应症明确为泻药通便
already_present,10556,云南白药痔疮膏,tcm,15,15,0.95,化瘀止血，活血止痛，解毒消肿。用于内痔Ⅰ、Ⅱ、Ⅲ期及其混合痔之便血、痔粘膜改变，炎性外痔之红肿及痔疮之肛门肿痛等。,治疮疡剂 | 解毒消肿,心脑血管与血液系统药物 | 血管保护剂 | 治疗痔疮和肛裂的药物,,,,https://www.yao86.com/%E4%B8%AD%E6%88%90%E8%8D%AF/%E4%BA%91%E5%8D%97%E7%99%BD%E8%8D%AF%E7%97%94%E7%96%AE%E8%86%8F,站点分类明确为痔疮或肛肠用药
already_present,10557,消痔软膏,tcm,15,15,0.95,凉血止血、消肿止痛；用于炎性，血栓性外痔及Ⅰ、Ⅱ期内痔里风热瘀阻或湿热壅滞证。,治疮疡剂 | 解毒消肿,心脑血管与血液系统药物 | 血管保护剂 | 治疗痔疮和肛裂的药物,,,,https://www.yao86.com/%E4%B8%AD%E6%88%90%E8%8D%AF/%E6%B6%88%E7%97%94%E8%BD%AF%E8%86%8F,站点分类明确为痔疮或肛肠用药
already_present,1592,京万红痔疮膏,tcm,15,15,0.95,清热解毒、化瘀止痛、收敛止血。用于初期内痔、肛裂、肛周炎、混合痔等。,清热剂 | 清热解毒,心脑血管与血液系统药物 | 血管保护剂 | 治疗痔疮和肛裂的药物,,,,https://www.yao86.com/%E4%B8%AD%E6%88%90%E8%8D%AF/%E4%BA%AC%E4%B8%87%E7%BA%A2%E7%97%94%E7%96%AE%E8%86%8F,保留数据库现有分类；站点分类明确为痔疮或肛肠用药
already_present,10558,消痔栓,tcm,15,15,0.95,收敛，消肿，止痛，止血。用于内外痔疮。,局部用止痛剂,心脑血管与血液系统药物 | 血管保护剂 | 治疗痔疮和肛裂的药物,,,,https://www.yao86.com/%E4%B8%AD%E6%88%90%E8%8D%AF/%E6%B6%88%E7%97%94%E6%A0%93,站点分类明确为痔疮或肛肠用药
already_present,10559,消痔灵片,tcm,15,15,0.95,收敛止血，解毒敛疮。用于内外痔疮。,治疮疡剂 | 解毒消肿,心脑血管与血液系统药物 | 血管保护剂 | 治疗痔疮和肛裂的药物,,,,https://www.yao86.com/%E4%B8%AD%E6%88%90%E8%8D%AF/%E6%B6%88%E7%97%94%E7%81%B5%E7%89%87,站点分类明确为痔疮或肛肠用药
already_present,10560,迈之灵片,tcm,15,15,0.95,1、用于慢性静脉功能不全，静脉曲张，深静脉血栓形成及血栓性静脉炎后综合征引起的下肢肿胀、痉挛、瘙痒、灼热、麻木、疼痛、疲劳沉重感、皮肤色素沉着、郁血性皮炎、溃疡、精索静脉曲张引起的肿痛等2、用于手术后、外伤、创伤、烧烫伤所致的软组织肿胀，静脉性水肿。3、痔静脉曲张引起的内、外痔急性发作症状，如肛门潮湿、瘙痒、出血、疼痛等。,理血剂 | 益气活血,心脑血管与血液系统药物 | 血管保护剂 | 治疗痔疮和肛裂的药物,,,,https://www.yao86.com/%E4%B8%AD%E6%88%90%E8%8D%AF/%E8%BF%88%E4%B9%8B%E7%81%B5%E7%89%87,站点分类明确为痔疮或肛肠用药
already_present,10561,消肿痔疮胶囊,tcm,15,15,0.95,清热凉血，消肿止痛。用于内痔出血，外痔肿痛。,治疮疡剂 | 解毒消肿,心脑血管与血液系统药物 | 血管保护剂 | 治疗痔疮和肛裂的药物,,,,https://www.yao86.com/%E4%B8%AD%E6%88%90%E8%8D%AF/%E6%B6%88%E8%82%BF%E7%97%94%E7%96%AE%E8%83%B6%E5%9B%8A,站点分类明确为痔疮或肛肠用药
already_present,10562,消肿痔疮片,tcm,15,15,0.95,清热凉血，消肿止痛。用于内痔出血，外痔肿痛。,治疮疡剂 | 解毒消肿,心脑血管与血液系统药物 | 血管保护剂 | 治疗痔疮和肛裂的药物,,,,https://www.yao86.com/%E4%B8%AD%E6%88%90%E8%8D%AF/%E6%B6%88%E8%82%BF%E7%97%94%E7%96%AE%E7%89%87,站点分类明确为痔疮或肛肠用药
already_present,10563,痔痛宁气雾剂,tcm,15,15,0.95,活血消肿，解毒止痛。用于气血瘀滞，湿热下注所致的炎性外痔，肛门肿痛，肛周瘙痒。,局部用止痛剂,心脑血管与血液系统药物 | 血管保护剂 | 治疗痔疮和肛裂的药物,,,,https://www.yao86.com/%E4%B8%AD%E6%88%90%E8%8D%AF/%E7%97%94%E7%97%9B%E5%AE%81%E6%B0%94%E9%9B%BE%E5%89%82,站点分类明确为痔疮或肛肠用药
already_present,10564,复方双金痔疮膏,tcm,15,15,0.95,清热解毒，消肿止痛，用于缓解痔疮所致的肿胀，疼痛等症状。,治疮疡剂 | 解毒消肿,心脑血管与血液系统药物 | 血管保护剂 | 治疗痔疮和肛裂的药物,,,,https://www.yao86.com/%E4%B8%AD%E6%88%90%E8%8D%AF/%E5%A4%8D%E6%96%B9%E5%8F%8C%E9%87%91%E7%97%94%E7%96%AE%E8%86%8F,站点分类明确为痔疮或肛肠用药
already_present,10565,六味消痔胶囊,tcm,15,15,0.95,清热消肿，收敛止血。用于湿热瘀阻引起的Ⅰ、Ⅱ期内痔，症见：痔核脱垂，水肿糜烂，滴血射血，肛门坠胀。,治疮疡剂 | 解毒消肿,心脑血管与血液系统药物 | 血管保护剂 | 治疗痔疮和肛裂的药物,,,,https://www.yao86.com/%E4%B8%AD%E6%88%90%E8%8D%AF/%E5%85%AD%E5%91%B3%E6%B6%88%E7%97%94%E8%83%B6%E5%9B%8A,站点分类明确为痔疮或肛肠用药
already_present,142,六味消痔片,tcm,15,15,0.95,清热消肿，收敛止血。用于湿热瘀阻引起的Ⅰ、Ⅱ期内痔，症见：痔核脱垂，水肿糜烂，滴血射血，肛门坠胀。,治疮疡剂 | 解毒消肿,心脑血管与血液系统药物 | 血管保护剂 | 治疗痔疮和肛裂的药物,,,,https://www.yao86.com/%E4%B8%AD%E6%88%90%E8%8D%AF/%E5%85%AD%E5%91%B3%E6%B6%88%E7%97%94%E7%89%87,保留数据库现有分类；站点分类明确为痔疮或肛肠用药
already_present,10566,参蛇花痔疮膏,tcm,15,15,0.95,清热燥湿，消肿止痛，收敛止血。用于风伤肠络、湿热下注所致内痔、外痔，症见：肛门红肿热痛，便血量多鲜红，便后坠胀不适。,治疮疡剂 | 解毒消肿,心脑血管与血液系统药物 | 血管保护剂 | 治疗痔疮和肛裂的药物,,,,https://www.yao86.com/%E4%B8%AD%E6%88%90%E8%8D%AF/%E5%8F%82%E8%9B%87%E8%8A%B1%E7%97%94%E7%96%AE%E8%86%8F,站点分类明确为痔疮或肛肠用药
already_present,10567,化痔胶囊,tcm,15,15,0.95,清热，凉血，止血，行气散瘀。用于内痔，外痔，混合痔，内外痔血栓。,治疮疡剂 | 其它,心脑血管与血液系统药物 | 血管保护剂 | 治疗痔疮和肛裂的药物,,,,https://www.yao86.com/%E4%B8%AD%E6%88%90%E8%8D%AF/%E5%8C%96%E7%97%94%E8%83%B6%E5%9B%8A,站点分类明确为痔疮或肛肠用药
already_present,10568,化痔片,tcm,15,15,0.95,清热，凉血，止血，行气散瘀。用于内痔，外痔，混合痔，内外痔血栓。,治疮疡剂 | 其它,心脑血管与血液系统药物 | 血管保护剂 | 治疗痔疮和肛裂的药物,,,,https://www.yao86.com/%E4%B8%AD%E6%88%90%E8%8D%AF/%E5%8C%96%E7%97%94%E7%89%87,站点分类明确为痔疮或肛肠用药
already_present,10569,消痔丸,tcm,15,15,0.95,消肿生肌，清热润便，补气固脱，止血，止痛。用于痔疾肿痛，便秘出血，脱肛不收以及肠风下血，积滞不化等症。,治疮疡剂 | 解毒消肿,心脑血管与血液系统药物 | 血管保护剂 | 治疗痔疮和肛裂的药物,,,,https://www.yao86.com/%E4%B8%AD%E6%88%90%E8%8D%AF/%E6%B6%88%E7%97%94%E4%B8%B8,站点分类明确为痔疮或肛肠用药
review_missing_efficacy,,远兴痔疮水,tcm,,15,0.95,,,心脑血管与血液系统药物 | 血管保护剂 | 治疗痔疮和肛裂的药物,,,,https://www.yao86.com/%E4%B8%AD%E6%88%90%E8%8D%AF/%E8%BF%9C%E5%85%B4%E7%97%94%E7%96%AE%E6%B0%B4,站点分类明确为痔疮或肛肠用药
already_present,143,熊胆痔灵栓,tcm,15,15,0.95,清热解毒，消肿止痛，敛疮生肌，止血。用于痔疮肿痛，或伴少量出血。,局部用止痛剂,心脑血管与血液系统药物 | 血管保护剂 | 治疗痔疮和肛裂的药物,,,,https://www.yao86.com/%E4%B8%AD%E6%88%90%E8%8D%AF/%E7%86%8A%E8%83%86%E7%97%94%E7%81%B5%E6%A0%93,保留数据库现有分类；站点分类明确为痔疮或肛肠用药
already_present,10570,熊胆痔灵膏,tcm,15,15,0.95,清热解毒，消肿止痛，敛疮生肌，止痒，止血。用于内外痔，或伴少量出血。,局部用止痛剂,心脑血管与血液系统药物 | 血管保护剂 | 治疗痔疮和肛裂的药物,,,,https://www.yao86.com/%E4%B8%AD%E6%88%90%E8%8D%AF/%E7%86%8A%E8%83%86%E7%97%94%E7%81%B5%E8%86%8F,站点分类明确为痔疮或肛肠用药
already_present,10571,熊胆痔疮膏,tcm,15,15,0.95,清热解毒、收湿敛疮。用于痔疮痛痒、肛门破裂、红肿流水。,治疮疡剂 | 解毒消肿,心脑血管与血液系统药物 | 血管保护剂 | 治疗痔疮和肛裂的药物,,,,https://www.yao86.com/%E4%B8%AD%E6%88%90%E8%8D%AF/%E7%86%8A%E8%83%86%E7%97%94%E7%96%AE%E8%86%8F,站点分类明确为痔疮或肛肠用药
already_present,10572,熊胆栓,tcm,15,15,0.95,清热解毒，化瘀消肿。用于血热瘀阻所致的痔疮。,治疮疡剂 | 解毒消肿,心脑血管与血液系统药物 | 血管保护剂 | 治疗痔疮和肛裂的药物,,,,https://www.yao86.com/%E4%B8%AD%E6%88%90%E8%8D%AF/%E7%86%8A%E8%83%86%E6%A0%93,站点分类明确为痔疮或肛肠用药
already_present,10573,槐芩软膏,tcm,15,15,0.95,清热止血，消肿止痛。用于Ⅰ、Ⅱ期内痔或混合痔兼有内痔Ⅰ、Ⅱ期湿热下注证，症见便血、坠痛、局部不适、痔核脱垂。,其它功用,心脑血管与血液系统药物 | 血管保护剂 | 治疗痔疮和肛裂的药物,,,,https://www.yao86.com/%E4%B8%AD%E6%88%90%E8%8D%AF/%E6%A7%90%E8%8A%A9%E8%BD%AF%E8%86%8F,站点分类明确为痔疮或肛肠用药
already_present,10574,脏连丸,tcm,15,15,0.95,清肠止血。用于肠热便血，肛门灼热，痔疮肿痛。,清热剂 | 清脏腑热,心脑血管与血液系统药物 | 血管保护剂 | 治疗痔疮和肛裂的药物,,,,https://www.yao86.com/%E4%B8%AD%E6%88%90%E8%8D%AF/%E8%84%8F%E8%BF%9E%E4%B8%B8,站点分类明确为痔疮或肛肠用药
already_present,10575,地榆槐角丸,tcm,15,15,0.95,疏风凉血，泻热润燥。用于脏腑实热、大肠火盛所致痔疮、湿热便秘、肛门肿痛。,清热剂 | 清脏腑热,心脑血管与血液系统药物 | 血管保护剂 | 治疗痔疮和肛裂的药物,,,,https://www.yao86.com/%E4%B8%AD%E6%88%90%E8%8D%AF/%E5%9C%B0%E6%A6%86%E6%A7%90%E8%A7%92%E4%B8%B8,站点分类明确为痔疮或肛肠用药
already_present,1591,肛泰栓,tcm,15,15,0.95,凉血止血，清热解毒，燥湿敛疮，消肿止痛。适用于湿热下注所致的内痔、混合痔的内痔部分Ⅰ、Ⅱ期出现的便血、肿胀、疼痛，以及炎性外痔出现的肛门坠胀疼痛、水肿、局部不适。,治疮疡剂 | 解毒消肿,心脑血管与血液系统药物 | 血管保护剂 | 治疗痔疮和肛裂的药物,,,,https://www.yao86.com/%E4%B8%AD%E6%88%90%E8%8D%AF/%E8%82%9B%E6%B3%B0%E6%A0%93,保留数据库现有分类；站点分类明确为痔疮或肛肠用药
already_present,10576,舒痔丸,tcm,15,15,0.95,凉血止血，清热导滞。用于痔疮出血，肛门肿痛，大便干燥，脱肛下坠。,治疮疡剂 | 解毒消肿,心脑血管与血液系统药物 | 血管保护剂 | 治疗痔疮和肛裂的药物,,,,https://www.yao86.com/%E4%B8%AD%E6%88%90%E8%8D%AF/%E8%88%92%E7%97%94%E4%B8%B8,站点分类明确为痔疮或肛肠用药
already_present,10577,肛泰软膏,tcm,15,15,0.95,凉血止血，清热解毒，燥湿敛疮，消肿止痛。适用于湿热下注所致的内痔、混合痔的内痔部分Ⅰ、Ⅱ期出现的便血、肿胀、疼痛，以及炎性外痔出现的肛门坠胀疼痛、水肿、局部不适。,治疮疡剂 | 解毒消肿,心脑血管与血液系统药物 | 血管保护剂 | 治疗痔疮和肛裂的药物,,,,https://www.yao86.com/%E4%B8%AD%E6%88%90%E8%8D%AF/%E8%82%9B%E6%B3%B0%E8%BD%AF%E8%86%8F,站点分类明确为痔疮或肛肠用药
already_present,10578,牛黄痔清栓,tcm,15,15,0.95,清热解毒祛湿，消肿镇痛止血。用于湿热瘀阻之肛隐窝炎、痔引起的肛门疼痛、肿胀、出血。,治疮疡剂 | 解毒消肿,心脑血管与血液系统药物 | 血管保护剂 | 治疗痔疮和肛裂的药物,,,,https://www.yao86.com/%E4%B8%AD%E6%88%90%E8%8D%AF/%E7%89%9B%E9%BB%84%E7%97%94%E6%B8%85%E6%A0%93,站点分类明确为痔疮或肛肠用药
already_present,10579,肛安栓,tcm,15,15,0.95,凉血止血，清热解毒，燥湿敛疮，消肿止痛。用于内痔、外痔、混合痔等出现的便血、肿胀、疼痛。,治疮疡剂 | 解毒消肿,心脑血管与血液系统药物 | 血管保护剂 | 治疗痔疮和肛裂的药物,,,,https://www.yao86.com/%E4%B8%AD%E6%88%90%E8%8D%AF/%E8%82%9B%E5%AE%89%E6%A0%93,站点分类明确为痔疮或肛肠用药
already_present,10580,肛安软膏,tcm,15,15,0.95,凉血止血，清热解毒，燥湿敛疮，消肿止痛。用于内痔、外痔、混合痔等出现的便血、肿胀、疼痛。,治疮疡剂 | 解毒消肿,心脑血管与血液系统药物 | 血管保护剂 | 治疗痔疮和肛裂的药物,,,,https://www.yao86.com/%E4%B8%AD%E6%88%90%E8%8D%AF/%E8%82%9B%E5%AE%89%E8%BD%AF%E8%86%8F,站点分类明确为痔疮或肛肠用药
already_present,10581,复方荆芥熏洗剂,tcm,15,15,0.95,祛风燥湿，消肿止痛。用于外痔，混合痔，内痔脱垂嵌顿，肛裂，肛周脓肿，肛瘘急性发作。,祛湿剂 | 清热除湿,心脑血管与血液系统药物 | 血管保护剂 | 治疗痔疮和肛裂的药物,,,,https://www.yao86.com/%E4%B8%AD%E6%88%90%E8%8D%AF/%E5%A4%8D%E6%96%B9%E8%8D%86%E8%8A%A5%E7%86%8F%E6%B4%97%E5%89%82,站点分类明确为痔疮或肛肠用药
already_present,10582,复方藤果痔疮栓,tcm,15,15,0.95,清热解毒，凉血消肿。用于大肠湿热瘀阻所致的痔疮肿痛。,治疮疡剂 | 解毒消肿,心脑血管与血液系统药物 | 血管保护剂 | 治疗痔疮和肛裂的药物,,,,https://www.yao86.com/%E4%B8%AD%E6%88%90%E8%8D%AF/%E5%A4%8D%E6%96%B9%E8%97%A4%E6%9E%9C%E7%97%94%E7%96%AE%E6%A0%93,站点分类明确为痔疮或肛肠用药
already_present,10583,复方酸藤消痔胶囊,tcm,15,15,0.95,清热解毒，凉血消肿。用于大肠湿热瘀阻所致的痔疮肿痛。,治疮疡剂 | 解毒消肿,心脑血管与血液系统药物 | 血管保护剂 | 治疗痔疮和肛裂的药物,,,,https://www.yao86.com/%E4%B8%AD%E6%88%90%E8%8D%AF/%E5%A4%8D%E6%96%B9%E9%85%B8%E8%97%A4%E6%B6%88%E7%97%94%E8%83%B6%E5%9B%8A,站点分类明确为痔疮或肛肠用药
already_present,10584,复方青蒿搽剂,tcm,15,15,0.95,清热燥湿，杀虫止痒。可用于辅助治疗由真菌引起的脱屑，角化型手癣，足癣的瘙痒，脱屑等。,祛湿剂 | 清热除湿,心脑血管与血液系统药物 | 血管保护剂 | 治疗痔疮和肛裂的药物,,,,https://www.yao86.com/%E4%B8%AD%E6%88%90%E8%8D%AF/%E5%A4%8D%E6%96%B9%E9%9D%92%E8%92%BF%E6%90%BD%E5%89%82,站点分类明确为痔疮或肛肠用药
already_present,10585,肤痔清软膏,tcm,15,15,0.95,苗医：旭嘎凯沓痂，样丢象泱安，滁内挡祛卡。陡：嘎久杠工浆点羌，罗欧，岗淹、阴高坳。中医：清热解毒，化瘀消肿，除湿止痒，用于湿热蕴结所致手足癣、体癣、股癣、浸淫疮、内痔、外痔、肿痛出血，带下病。,祛湿剂 | 清热除湿,心脑血管与血液系统药物 | 血管保护剂 | 治疗痔疮和肛裂的药物,,,,https://www.yao86.com/%E4%B8%AD%E6%88%90%E8%8D%AF/%E8%82%A4%E7%97%94%E6%B8%85%E8%BD%AF%E8%86%8F,站点分类明确为痔疮或肛肠用药
already_present,10586,复方消痔栓,tcm,15,15,0.95,收敛止血，用于治疗各期内痔出血，可作为治疗痔疮的辅助药物。,理血剂 | 止血,心脑血管与血液系统药物 | 血管保护剂 | 治疗痔疮和肛裂的药物,,,,https://www.yao86.com/%E4%B8%AD%E6%88%90%E8%8D%AF/%E5%A4%8D%E6%96%B9%E6%B6%88%E7%97%94%E6%A0%93,站点分类明确为痔疮或肛肠用药
already_present,10587,疗痔胶囊,tcm,15,15,0.95,苗医：中医：清热燥湿，收敛止血。用于湿热蕴结所致的内痔少量出血，外痔肿痛。,理血剂 | 止血,心脑血管与血液系统药物 | 血管保护剂 | 治疗痔疮和肛裂的药物,,,,https://www.yao86.com/%E4%B8%AD%E6%88%90%E8%8D%AF/%E7%96%97%E7%97%94%E8%83%B6%E5%9B%8A,站点分类明确为痔疮或肛肠用药
already_present,10588,复方片仔癀痔疮软膏,tcm,15,15,0.95,清热解毒，散瘀镇痛，止血消痔。用于内、外痔，混合痔。,局部用止痛剂,心脑血管与血液系统药物 | 血管保护剂 | 治疗痔疮和肛裂的药物,,,,https://www.yao86.com/%E4%B8%AD%E6%88%90%E8%8D%AF/%E5%A4%8D%E6%96%B9%E7%89%87%E4%BB%94%E7%99%80%E7%97%94%E7%96%AE%E8%BD%AF%E8%86%8F,站点分类明确为痔疮或肛肠用药
already_present,10589,痔宁胶囊,tcm,15,15,0.95,清热凉血、润燥疏风。用于实热内结或湿热瘀滞所致痔疮出血，肿痛。,治燥剂 | 滋阴润燥,心脑血管与血液系统药物 | 血管保护剂 | 治疗痔疮和肛裂的药物,,,,https://www.yao86.com/%E4%B8%AD%E6%88%90%E8%8D%AF/%E7%97%94%E5%AE%81%E8%83%B6%E5%9B%8A,站点分类明确为痔疮或肛肠用药
already_present,10590,痔宁片,tcm,15,15,0.95,清热凉血，润燥疏风。用于实热内结或湿热瘀滞所致痔疮出血、肿痛。,治燥剂 | 滋阴润燥,心脑血管与血液系统药物 | 血管保护剂 | 治疗痔疮和肛裂的药物,,,,https://www.yao86.com/%E4%B8%AD%E6%88%90%E8%8D%AF/%E7%97%94%E5%AE%81%E7%89%87,站点分类明确为痔疮或肛肠用药
already_present,10591,痔康袋泡剂,tcm,15,15,0.95,清热解毒，凉血止血。对湿热下注所致痔与肛裂的便血、肿痛等有辅助治疗作用。,理血剂 | 凉血散瘀,心脑血管与血液系统药物 | 血管保护剂 | 治疗痔疮和肛裂的药物,,,,https://www.yao86.com/%E4%B8%AD%E6%88%90%E8%8D%AF/%E7%97%94%E5%BA%B7%E8%A2%8B%E6%B3%A1%E5%89%82,站点分类明确为痔疮或肛肠用药
already_present,10592,柏花草胶囊,tcm,15,15,0.95,清热利湿、活血消肿止痛。用于Ⅰ、Ⅱ期内痔湿热下注证，症见便血、肛门肿痛、肛门潮湿、坠胀，舌红苔黄，脉弦细数。,祛湿剂 | 清热除湿,心脑血管与血液系统药物 | 血管保护剂 | 治疗痔疮和肛裂的药物,,,,https://www.yao86.com/%E4%B8%AD%E6%88%90%E8%8D%AF/%E6%9F%8F%E8%8A%B1%E8%8D%89%E8%83%B6%E5%9B%8A,站点分类明确为痔疮或肛肠用药
already_present,10593,痔特佳胶囊,tcm,15,15,0.95,清热消肿，凉血止血，收敛。用于一、二期内痔，血栓性外痔，肛窦炎、直肠炎，对其他痔疮有缓解作用。,治疮疡剂 | 解毒消肿,心脑血管与血液系统药物 | 血管保护剂 | 治疗痔疮和肛裂的药物,,,,https://www.yao86.com/%E4%B8%AD%E6%88%90%E8%8D%AF/%E7%97%94%E7%89%B9%E4%BD%B3%E8%83%B6%E5%9B%8A,站点分类明确为痔疮或肛肠用药
already_present,10594,痔特佳片,tcm,15,15,0.95,清热消肿、凉血止血、收敛。用于一、二期内痔、血栓性外痔、肛窦炎、直肠炎，对其它痔疮有缓解作用。,治疮疡剂 | 解毒消肿,心脑血管与血液系统药物 | 血管保护剂 | 治疗痔疮和肛裂的药物,,,,https://www.yao86.com/%E4%B8%AD%E6%88%90%E8%8D%AF/%E7%97%94%E7%89%B9%E4%BD%B3%E7%89%87,站点分类明确为痔疮或肛肠用药
already_present,10595,痔疮止血丸,tcm,15,15,0.95,清解肠风湿热，凉血止血。用于痔疮出血，肠风下血，血色鲜红者。,理血剂 | 凉血散瘀,心脑血管与血液系统药物 | 血管保护剂 | 治疗痔疮和肛裂的药物,,,,https://www.yao86.com/%E4%B8%AD%E6%88%90%E8%8D%AF/%E7%97%94%E7%96%AE%E6%AD%A2%E8%A1%80%E4%B8%B8,站点分类明确为痔疮或肛肠用药
review_missing_efficacy,,痔根断片,tcm,,15,0.95,,,心脑血管与血液系统药物 | 血管保护剂 | 治疗痔疮和肛裂的药物,,,,https://www.yao86.com/%E4%B8%AD%E6%88%90%E8%8D%AF/%E7%97%94%E6%A0%B9%E6%96%AD%E7%89%87,站点分类明确为痔疮或肛肠用药
already_present,10596,痔疮止血颗粒,tcm,15,15,0.95,"清解湿热，凉血止血,用于痔疮少量出血。",理血剂 | 凉血散瘀,心脑血管与血液系统药物 | 血管保护剂 | 治疗痔疮和肛裂的药物,,,,https://www.yao86.com/%E4%B8%AD%E6%88%90%E8%8D%AF/%E7%97%94%E7%96%AE%E6%AD%A2%E8%A1%80%E9%A2%97%E7%B2%92,站点分类明确为痔疮或肛肠用药
already_present,10597,痔疾栓,tcm,15,15,0.95,苗医：沓痂晁内，苣敛挡象。陡：嘎久杠姜嘎羌。中医：解毒燥湿，收敛止血。用于湿热内蕴所致的内痔少量出血。,局部用止痛剂,心脑血管与血液系统药物 | 血管保护剂 | 治疗痔疮和肛裂的药物,,,,https://www.yao86.com/%E4%B8%AD%E6%88%90%E8%8D%AF/%E7%97%94%E7%96%BE%E6%A0%93,站点分类明确为痔疮或肛肠用药
already_present,10598,痔疾洗液,tcm,15,15,0.95,苗医：旭嘎帜沓痂，苣敛挡象：肛干洒，嘎蒙沟抡。中医：清热解毒，燥湿敛疮，消肿止痛。用于湿热内蕴所致的外痔肿痛。,局部用止痛剂,心脑血管与血液系统药物 | 血管保护剂 | 治疗痔疮和肛裂的药物,,,,https://www.yao86.com/%E4%B8%AD%E6%88%90%E8%8D%AF/%E7%97%94%E7%96%BE%E6%B4%97%E6%B6%B2,站点分类明确为痔疮或肛肠用药
already_present,10599,痔痛安搽剂,tcm,15,15,0.95,苗医：旭嘎沓痂，泱安档孟，参象档象：肛干酒。中医：清热燥湿，凉血止血，消肿止痛。用于湿热蕴结所致的外痔肿痛，肛周瘙痒。,祛湿剂 | 清热除湿,心脑血管与血液系统药物 | 血管保护剂 | 治疗痔疮和肛裂的药物,,,,https://www.yao86.com/%E4%B8%AD%E6%88%90%E8%8D%AF/%E7%97%94%E7%97%9B%E5%AE%89%E6%90%BD%E5%89%82,站点分类明确为痔疮或肛肠用药
already_present,11869,痔康胶囊,tcm,15,15,0.95,清热泻火，凉血止血，消肿止痛，润肠通便。用于Ⅰ-Ⅱ期内痔属风热及湿热下注所致的便血、肛门肿痛、下坠感。,治疮疡剂 | 解毒消肿,心脑血管与血液系统药物 | 血管保护剂 | 治疗痔疮和肛裂的药物,,,,https://www.yao86.com/%E4%B8%AD%E6%88%90%E8%8D%AF/%E7%97%94%E5%BA%B7%E8%83%B6%E5%9B%8A,站点分类明确为痔疮或肛肠用药
already_present,11870,痔康片,tcm,15,15,0.95,清热凉血，泻热通便。用于热毒风盛或湿热下注所致的便血、肛门肿痛、有下坠感；一、二期内痔见上述证候者。,治疮疡剂 | 解毒消肿,心脑血管与血液系统药物 | 血管保护剂 | 治疗痔疮和肛裂的药物,,,,https://www.yao86.com/%E4%B8%AD%E6%88%90%E8%8D%AF/%E7%97%94%E5%BA%B7%E7%89%87,站点分类明确为痔疮或肛肠用药
already_present,11871,三七化痔丸,tcm,15,15,0.95,清热解毒，止血止痛。用于外痔清肠解毒；内痔出血脱肛，消肿止痛，收缩脱肛。,治疮疡剂 | 解毒消肿,心脑血管与血液系统药物 | 血管保护剂 | 治疗痔疮和肛裂的药物,,,,https://www.yao86.com/%E4%B8%AD%E6%88%90%E8%8D%AF/%E4%B8%89%E4%B8%83%E5%8C%96%E7%97%94%E4%B8%B8,站点分类明确为痔疮或肛肠用药
review_missing_efficacy,,痔康舒口服液,tcm,,15,0.95,暂无数据,治疮疡剂 | 解毒消肿,心脑血管与血液系统药物 | 血管保护剂 | 治疗痔疮和肛裂的药物,,,,https://www.yao86.com/%E4%B8%AD%E6%88%90%E8%8D%AF/%E7%97%94%E5%BA%B7%E8%88%92%E5%8F%A3%E6%9C%8D%E6%B6%B2,站点分类明确为痔疮或肛肠用药
already_present,11872,痔瘘舒丸,tcm,15,15,0.95,清热燥湿，祛风止血，化瘀散结。用于湿热壅滞之Ⅰ、Ⅱ期内痔，混合痔及肛瘘。,治风剂 | 其它,心脑血管与血液系统药物 | 血管保护剂 | 治疗痔疮和肛裂的药物,,,,https://www.yao86.com/%E4%B8%AD%E6%88%90%E8%8D%AF/%E7%97%94%E7%98%98%E8%88%92%E4%B8%B8,站点分类明确为痔疮或肛肠用药
review_missing_efficacy,,丹栀口服液,tcm,,15,0.95,,,心脑血管与血液系统药物 | 血管保护剂 | 治疗痔疮和肛裂的药物,,,,https://www.yao86.com/%E4%B8%AD%E6%88%90%E8%8D%AF/%E4%B8%B9%E6%A0%80%E5%8F%A3%E6%9C%8D%E6%B6%B2,站点分类明确为痔疮或肛肠用药
already_present,11873,七味刺榆颗粒,tcm,15,15,0.95,清热利湿，凉血止血，袪瘀消肿，用于Ⅰ、Ⅱ期内痔，中医辨证属于湿热下注证，症见便血，肛门坠胀，疼痛，舌质红，苔薄黄，脉数等。,祛湿剂 | 清热除湿,心脑血管与血液系统药物 | 血管保护剂 | 治疗痔疮和肛裂的药物,,,,https://www.yao86.com/%E4%B8%AD%E6%88%90%E8%8D%AF/%E4%B8%83%E5%91%B3%E5%88%BA%E6%A6%86%E9%A2%97%E7%B2%92,站点分类明确为痔疮或肛肠用药
already_present,11874,痔炎消片,tcm,15,15,0.95,清热解毒，润肠通便。用于止血，止痛，消肿。用于痔疮发炎肿痛。,治疮疡剂 | 解毒消肿,心脑血管与血液系统药物 | 血管保护剂 | 治疗痔疮和肛裂的药物,,,,https://www.yao86.com/%E4%B8%AD%E6%88%90%E8%8D%AF/%E7%97%94%E7%82%8E%E6%B6%88%E7%89%87,站点分类明确为痔疮或肛肠用药
already_present,141,痔疮栓,tcm,15,15,0.95,清热通便，止血，消肿止痛，收敛固脱。用于内痔、混合痔之内痔部分，轻度脱垂等。,局部用止痛剂,心脑血管与血液系统药物 | 血管保护剂 | 治疗痔疮和肛裂的药物,,,,https://www.yao86.com/%E4%B8%AD%E6%88%90%E8%8D%AF/%E7%97%94%E7%96%AE%E6%A0%93,保留数据库现有分类；站点分类明确为痔疮或肛肠用药
already_present,11875,槐榆清热止血胶囊,tcm,15,15,0.95,清热利湿，凉血止血。用于湿热壅滞所致的Ⅰ、Ⅱ期内痔、混合痔急性发作时出现的便血、肛门坠胀疼痛，痔黏膜充血糜烂，排便黏滞不爽。,理血剂 | 止血,心脑血管与血液系统药物 | 血管保护剂 | 治疗痔疮和肛裂的药物,,,,https://www.yao86.com/%E4%B8%AD%E6%88%90%E8%8D%AF/%E6%A7%90%E6%A6%86%E6%B8%85%E7%83%AD%E6%AD%A2%E8%A1%80%E8%83%B6%E5%9B%8A,站点分类明确为痔疮或肛肠用药
already_present,11876,槐角丸,tcm,15,15,0.95,清肠疏风，凉血止血。用于血热所致的肠风便血、痔疮肿痛。,理血剂 | 凉血散瘀,心脑血管与血液系统药物 | 血管保护剂 | 治疗痔疮和肛裂的药物,,,,https://www.yao86.com/%E4%B8%AD%E6%88%90%E8%8D%AF/%E6%A7%90%E8%A7%92%E4%B8%B8,站点分类明确为痔疮或肛肠用药
already_present,144,马应龙麝香痔疮膏,tcm,15,15,0.95,清热燥湿，活血消肿，去腐生肌。用于湿热瘀阻所致的痔疮、肛裂，症见大便出血，或疼痛、有下坠感；亦用于肛周湿疹。,治疮疡剂 | 去腐生肌,心脑血管与血液系统药物 | 血管保护剂 | 治疗痔疮和肛裂的药物,,,,https://www.yao86.com/%E4%B8%AD%E6%88%90%E8%8D%AF/%E9%A9%AC%E5%BA%94%E9%BE%99%E9%BA%9D%E9%A6%99%E7%97%94%E7%96%AE%E8%86%8F,保留数据库现有分类；站点分类明确为痔疮或肛肠用药
already_present,11877,鳖甲消痔胶囊,tcm,15,15,0.95,苗医：旭嘎帜沓痂，汗吴窝摆都，泱安档孟；肛干酒，肛干就假。中医：清热解毒，凉血止血，消肿止痛。用于湿热蕴结所致的内痔少量出血，外痔肿痛，肛周瘙痒。,清热剂 | 清热解毒,心脑血管与血液系统药物 | 血管保护剂 | 治疗痔疮和肛裂的药物,,,,https://www.yao86.com/%E4%B8%AD%E6%88%90%E8%8D%AF/%E9%B3%96%E7%94%B2%E6%B6%88%E7%97%94%E8%83%B6%E5%9B%8A,站点分类明确为痔疮或肛肠用药
already_present,11878,痔速宁片,tcm,15,15,0.95,解毒消炎，止血止痛，退肿通便，收缩痔核。用于内痔，外痔，混合痔，肛裂等。,治疮疡剂 | 解毒消肿,心脑血管与血液系统药物 | 血管保护剂 | 治疗痔疮和肛裂的药物,,,,https://www.yao86.com/%E4%B8%AD%E6%88%90%E8%8D%AF/%E7%97%94%E9%80%9F%E5%AE%81%E7%89%87,站点分类明确为痔疮或肛肠用药
already_present,11879,麝香痔疮栓,tcm,15,15,0.95,清热解毒，消肿止痛，止血生肌。用于大肠热盛所致的大便出血、血色鲜红、肛门灼热疼痛；各类痔疮和肛裂见上述证候者。,治疮疡剂 | 解毒消肿,心脑血管与血液系统药物 | 血管保护剂 | 治疗痔疮和肛裂的药物,,,,https://www.yao86.com/%E4%B8%AD%E6%88%90%E8%8D%AF/%E9%BA%9D%E9%A6%99%E7%97%94%E7%96%AE%E6%A0%93,站点分类明确为痔疮或肛肠用药
already_present,11880,痔速宁胶囊,tcm,15,15,0.95,解毒消炎，止血止痛，退肿通便，收缩痔核。用于内痔、外痔、混合痔、肛裂等。,治疮疡剂 | 解毒消肿,心脑血管与血液系统药物 | 血管保护剂 | 治疗痔疮和肛裂的药物,,,,https://www.yao86.com/%E4%B8%AD%E6%88%90%E8%8D%AF/%E7%97%94%E9%80%9F%E5%AE%81%E8%83%B6%E5%9B%8A,站点分类明确为痔疮或肛肠用药
already_present,11881,平痔胶囊,tcm,15,15,0.95,苗医：旭嘎帜沓痂，瘆象挡象：杠干洒。中医：清热解毒，凉血止血。用于大肠湿热蕴结所致内痔出血，外痔肿痛。,治疮疡剂 | 解毒消肿,心脑血管与血液系统药物 | 血管保护剂 | 治疗痔疮和肛裂的药物,,,,https://www.yao86.com/%E4%B8%AD%E6%88%90%E8%8D%AF/%E5%B9%B3%E7%97%94%E8%83%B6%E5%9B%8A,站点分类明确为痔疮或肛肠用药
already_present,11882,痔速宁颗粒,tcm,15,15,0.95,解毒消炎，止血止痛，退肿通便，收缩痔核。用于内痔，外痔，混合痔，肛裂等。,治疮疡剂 | 解毒消肿,心脑血管与血液系统药物 | 血管保护剂 | 治疗痔疮和肛裂的药物,,,,https://www.yao86.com/%E4%B8%AD%E6%88%90%E8%8D%AF/%E7%97%94%E9%80%9F%E5%AE%81%E9%A2%97%E7%B2%92,站点分类明确为痔疮或肛肠用药
already_present,11883,痔舒适洗液,tcm,15,15,0.95,清热燥湿，化淤解毒，止血消肿，止痛止痒。用于痔疮急性发作。,局部用止痛剂,心脑血管与血液系统药物 | 血管保护剂 | 治疗痔疮和肛裂的药物,,,,https://www.yao86.com/%E4%B8%AD%E6%88%90%E8%8D%AF/%E7%97%94%E8%88%92%E9%80%82%E6%B4%97%E6%B6%B2,站点分类明确为痔疮或肛肠用药
already_present,140,痔疮片,tcm,15,15,0.95,清热解毒，凉血止痛，祛风消肿。用于各种痔疮，肛裂，大便秘结。,治疮疡剂 | 解毒消肿,心脑血管与血液系统药物 | 血管保护剂 | 治疗痔疮和肛裂的药物,,,,https://www.yao86.com/%E4%B8%AD%E6%88%90%E8%8D%AF/%E7%97%94%E7%96%AE%E7%89%87,保留数据库现有分类；站点分类明确为痔疮或肛肠用药
already_present,11884,痔疮胶囊,tcm,15,15,0.95,清热解毒，凉血止痛，祛风消肿。用于痔疮，肛裂，大便秘结。,治疮疡剂 | 解毒消肿,心脑血管与血液系统药物 | 血管保护剂 | 治疗痔疮和肛裂的药物,,,,https://www.yao86.com/%E4%B8%AD%E6%88%90%E8%8D%AF/%E7%97%94%E7%96%AE%E8%83%B6%E5%9B%8A,站点分类明确为痔疮或肛肠用药
already_present,11885,复方青蒿喷雾剂,tcm,15,15,0.95,中医：清热解毒，化瘀止血，消肿止痛。用于大肠湿热所致炎性外痔，血栓性外痔。,祛湿剂 | 清热除湿,心脑血管与血液系统药物 | 血管保护剂 | 治疗痔疮和肛裂的药物,,,,https://www.yao86.com/%E4%B8%AD%E6%88%90%E8%8D%AF/%E5%A4%8D%E6%96%B9%E9%9D%92%E8%92%BF%E5%96%B7%E9%9B%BE%E5%89%82,站点分类明确为痔疮或肛肠用药
already_present,11886,参白化痔胶囊,tcm,15,15,0.95,清热解毒，凉血止血。用于Ⅰ、Ⅱ期内痔及混合痔所致的便血、肛门坠胀或坠痛，大便干燥或秘结等症。,清热剂 | 清热解毒,心脑血管与血液系统药物 | 血管保护剂 | 治疗痔疮和肛裂的药物,,,,https://www.yao86.com/%E4%B8%AD%E6%88%90%E8%8D%AF/%E5%8F%82%E7%99%BD%E5%8C%96%E7%97%94%E8%83%B6%E5%9B%8A,站点分类明确为痔疮或肛肠用药
already_present,11887,普济痔疮栓,tcm,15,15,0.95,清热解毒，凉血止血，用于热症便血。对各期内痔便血及混合痔肿胀等有较好的疗效。,治疮疡剂 | 解毒消肿,心脑血管与血液系统药物 | 血管保护剂 | 治疗痔疮和肛裂的药物,,,,https://www.yao86.com/%E4%B8%AD%E6%88%90%E8%8D%AF/%E6%99%AE%E6%B5%8E%E7%97%94%E7%96%AE%E6%A0%93,站点分类明确为痔疮或肛肠用药
already_present,11888,九华膏,tcm,15,15,0.95,消肿、止痛、生肌、收口。适用于发炎肿痛的外痔、内痔嵌顿，直肠炎、肛窦炎及内痔术后(压缩法、结扎法、桔痔法等)。,治疮疡剂 | 去腐生肌,心脑血管与血液系统药物 | 血管保护剂 | 治疗痔疮和肛裂的药物,,,,https://www.yao86.com/%E4%B8%AD%E6%88%90%E8%8D%AF/%E4%B9%9D%E5%8D%8E%E8%86%8F,站点分类明确为痔疮或肛肠用药
already_present,7749,ω-3脂肪酸乙酯90软胶囊,western,11,11,0.95,在控制饮食的基础上:本品用于降低重度高甘油三酯血症(≥500mg/dL )成年患者的甘油三酯(TG)水平。其他适应症详见说明书。,心血管系统用药 | 调脂及抗动脉粥样硬化药,血脂调节剂 | 血脂调节剂，单方 | 其它血脂调节剂,立乐欣,,,https://www.yao86.com/%E8%A5%BF%E8%8D%AF/%CF%89-3%E8%84%82%E8%82%AA%E9%85%B8%E4%B9%99%E9%85%AF90%E8%BD%AF%E8%83%B6%E5%9B%8A,站点药理或 ATC 分类明确为慢性病长期用药
already_present,7752,盐酸胺碘酮胶囊,western,12,12,0.95,口服适用于危及生命的阵发室性心动过速及室颤的预防，也可用于其他药物无效的阵发性室上性心动过速、阵发心房扑动、心房颤动，包括合并预激综合征者及持续心房颤动、心房扑动电转复后的维持治疗。可用于持续房颤、房扑时室率的控制。除有明确指征外，一般不宜用于治疗房性、室性早搏。,心血管系统用药 | 抗心律失常药,心脏病治疗用药 | 抗心律失常药，Ⅰ类和Ⅲ类 | 抗心律失常药，Ⅲ类,,,,https://www.yao86.com/%E8%A5%BF%E8%8D%AF/%E7%9B%90%E9%85%B8%E8%83%BA%E7%A2%98%E9%85%AE%E8%83%B6%E5%9B%8A,站点药理或 ATC 分类明确为心脑血管用药
already_present,7753,盐酸胺碘酮片,western,12,12,0.95,口服适用于危及生命的阵发室性心动过速及室颤的预防，也可用于其他药物无效的阵发性室上性心动过速、阵发心房扑动、心房颤动，包括合并预激综合征者及持续心房颤动、心房扑动电转复后的维持治疗。可用于持续房颤、房扑时室率的控制。除有明确指征外，一般不宜用于治疗房性、室性早搏。,心血管系统用药 | 抗心律失常药,心脏病治疗用药 | 抗心律失常药，Ⅰ类和Ⅲ类 | 抗心律失常药，Ⅲ类,,,,https://www.yao86.com/%E8%A5%BF%E8%8D%AF/%E7%9B%90%E9%85%B8%E8%83%BA%E7%A2%98%E9%85%AE%E7%89%87,站点药理或 ATC 分类明确为心脑血管用药
already_present,7755,盐酸胺碘酮分散片,western,12,12,0.95,1．房性心律失常（心房扑动、心房纤颤转律和转律后窦性心律的维持）。2．结性心律失常。3．室性心律失常（治疗危及生命的室性期前收缩和室性心动过速以及室性心律过速或心室纤颤的预防）。4．伴W-P-W综合症的心律失常。依据其药理学特点，胺碘酮适用于上述心律失常，尤其合并器质性心脏病的患者（冠状动脉供血不足及心力衰竭）。,心血管系统用药 | 抗心律失常药,心脏病治疗用药 | 抗心律失常药，Ⅰ类和Ⅲ类 | 抗心律失常药，Ⅲ类,,,,https://www.yao86.com/%E8%A5%BF%E8%8D%AF/%E7%9B%90%E9%85%B8%E8%83%BA%E7%A2%98%E9%85%AE%E5%88%86%E6%95%A3%E7%89%87,站点药理或 ATC 分类明确为心脑血管用药
review_unclassified,,阿伐那非片,western,,,0.0,本品适用于治疗阴茎勃起功能障碍。,激素及影响内分泌药 | 其他内分泌药,泌尿系统药物 | 勃起机能障碍用药,,,,https://www.yao86.com/%E8%A5%BF%E8%8D%AF/%E9%98%BF%E4%BC%90%E9%82%A3%E9%9D%9E%E7%89%87,站点分类无法可靠映射到项目现有类别
already_present,7756,治伤风颗粒,tcm,0,0,0.94,缓解感冒引起的鼻塞、流鼻水、打喷嚏、咳嗽、咽喉痛、发烧、头痛、关节痛、肌肉痛等症状。,解表剂 | 辛温解表,呼吸系统药物 | 咳嗽和感冒用药,,,,https://www.yao86.com/%E4%B8%AD%E6%88%90%E8%8D%AF/%E6%B2%BB%E4%BC%A4%E9%A3%8E%E9%A2%97%E7%B2%92,站点药理分类明确为感冒或解表用药
already_present,7757,㠟峒丸,tcm,13,13,0.9,跌扑损伤，瘀血肿痛，闪腰岔气，外治痈肿疮毒。,治疮疡剂 | 解毒消痈,,,,,https://www.yao86.com/%E4%B8%AD%E6%88%90%E8%8D%AF/%E3%A0%9F%E5%B3%92%E4%B8%B8,站点明确收录为中成药，未命中更具体项目类别
already_present,7758,安阳固本膏,tcm,14,14,0.96,温肾暖宫，活血通络。用于女子宫寒不孕，经前腹痛，月经不调；男子精液稀薄，精子少，腰膝冷痛。,温里剂 | 温经散寒,生殖泌尿系统药物 | 妇科用药 | 妇科其它用药,,,,https://www.yao86.com/%E4%B8%AD%E6%88%90%E8%8D%AF/%E5%AE%89%E9%98%B3%E5%9B%BA%E6%9C%AC%E8%86%8F,站点药理或 ATC 分类明确为妇科用药
already_present,7759,安宫降压丸,tcm,12,12,0.95,清热镇惊，平肝降压。用于胸中郁热，肝阳上亢引起的头目眩晕，项强脑胀，心悸多梦，烦躁起急，高血压症。,治风剂 | 平熄内风,心脑血管与血液系统药物 | 抗高血压药,,,,https://www.yao86.com/%E4%B8%AD%E6%88%90%E8%8D%AF/%E5%AE%89%E5%AE%AB%E9%99%8D%E5%8E%8B%E4%B8%B8,站点药理或 ATC 分类明确为心脑血管用药
already_present,7760,安肾丸,tcm,13,13,0.9,补肾散寒。用于肾不纳气，湿寒侵袭引起的梦遗滑精，肾囊湿冷，遗淋白浊，脐腹作痛，精神倦怠，健忘失眠，腰腿酸痛，头晕耳鸣，二便不利。,补益剂 | 阴阳并补,生殖泌尿系统药物 | 泌尿系统药物 | 补肾药物（勃起机能障碍用药）,,,,https://www.yao86.com/%E4%B8%AD%E6%88%90%E8%8D%AF/%E5%AE%89%E8%82%BE%E4%B8%B8,站点明确收录为中成药，未命中更具体项目类别
already_present,7761,安坤胶囊,tcm,14,14,0.96,滋阴清热，健脾养血。用于放环后引起的出血，月经提前、量多或月经紊乱，腰骶酸痛，下腹坠痛，心烦易怒，手足心热。,补益剂 | 滋阴养血,生殖泌尿系统药物 | 妇科用药 | 调经药物,,,,https://www.yao86.com/%E4%B8%AD%E6%88%90%E8%8D%AF/%E5%AE%89%E5%9D%A4%E8%83%B6%E5%9B%8A,站点药理或 ATC 分类明确为妇科用药
already_present,7762,安坤颗粒,tcm,14,14,0.96,滋阴清热，健脾养血。用于放环后引起的出血，月经提前、量多或月经紊乱，腰骶酸痛，下腹坠痛，心烦易怒，手足心热。,补益剂 | 滋阴养血,生殖泌尿系统药物 | 妇科用药 | 调经药物,,,,https://www.yao86.com/%E4%B8%AD%E6%88%90%E8%8D%AF/%E5%AE%89%E5%9D%A4%E9%A2%97%E7%B2%92,站点药理或 ATC 分类明确为妇科用药
already_present,7763,安坤片,tcm,14,14,0.96,滋阴清热，健脾养血。用于放环后引起的出血，月经提前、量多或月经紊乱，腰骶酸痛，下腹坠痛，心烦易怒，手足心热。,补益剂 | 滋阴养血,生殖泌尿系统药物 | 妇科用药 | 调经药物,,,,https://www.yao86.com/%E4%B8%AD%E6%88%90%E8%8D%AF/%E5%AE%89%E5%9D%A4%E7%89%87,站点药理或 ATC 分类明确为妇科用药
review_unclassified,,螺内酯胶囊,western,,,0.0,(1)水肿性疾病：与其他利尿药合用，治疗充血性水肿、肝硬化腹水、肾性水肿等水肿性疾病，其目的在于纠正上述疾病时伴发的继发性醛固酮分泌增多，并对抗其他利尿药的排钾作用。也用于特发性水肿的治疗。(2)高血压：作为治疗高血压的辅助药物。(3)原发性醛固酮增多症：螺内醋可用于此病的诊断和治疗。(4)低钾血症的预防：与噻嗪类利尿药合用，增强利尿效应和预防低钾血症。,泌尿系统用药 | 利尿药及脱水药,利尿剂 | 醛固酮拮抗剂和其他保钾剂 | 醛甾酮拮抗药,,,,https://www.yao86.com/%E8%A5%BF%E8%8D%AF/%E8%9E%BA%E5%86%85%E9%85%AF%E8%83%B6%E5%9B%8A,站点分类无法可靠映射到项目现有类别
review_unclassified,,螺内酯片,western,,,0.0,（1）水肿性疾病 与其他利尿药合用，治疗充血性水肿、肝硬化腹水、肾性水肿等水肿性疾病，其目的在于纠正上述疾病时伴发的继发性醛固酮分泌增多，并对抗其他利尿药的排钾作用。也用于特发性水肿的治疗。（2）高血压作为治疗高血压的辅助药物。（3）原发性醛固酮增多症螺内酯可用于此病的诊断和治疗。（4）低钾血症的预防 与噻嗪类利尿药合用，增强利尿效应和预防低钾血症。,泌尿系统用药 | 利尿药及脱水药,利尿剂 | 醛固酮拮抗剂和其他保钾剂 | 醛甾酮拮抗药,,,,https://www.yao86.com/%E8%A5%BF%E8%8D%AF/%E8%9E%BA%E5%86%85%E9%85%AF%E7%89%87,站点分类无法可靠映射到项目现有类别
already_present,10600,盐酸氯丙那林片,western,17,17,0.96,适用于支气管哮喘、喘息型支气管炎等具有喘息症状的病人。,呼吸系统用药 | 平喘药,阻塞性气管疾病用药 | 肾上腺素能药，吸入剂 | 选择性β2-肾上腺素受体促效药,,,,https://www.yao86.com/%E8%A5%BF%E8%8D%AF/%E7%9B%90%E9%85%B8%E6%B0%AF%E4%B8%99%E9%82%A3%E6%9E%97%E7%89%87,人工分类边界：西药支气管扩张剂归其它
review_missing_efficacy,,氯喹那多普罗雌烯阴道片,western,,14,0.96,,,妇科用抗感染药和灭菌药 | 抗感染药和灭菌药与皮质甾体激素类的复方 | 喹啉衍生物和皮质甾体激素类,,,,https://www.yao86.com/%E8%A5%BF%E8%8D%AF/%E6%B0%AF%E5%96%B9%E9%82%A3%E5%A4%9A%E6%99%AE%E7%BD%97%E9%9B%8C%E7%83%AF%E9%98%B4%E9%81%93%E7%89%87,站点药理或 ATC 分类明确为妇科用药
already_present,10601,氯磺丙脲片,western,11,11,0.95,适用于单用饮食控制疗效不满意的轻、中度Ⅱ型糖尿病，病人胰岛 β细胞有一定的分泌胰岛素功能，并且无严重的并发症。本品还可用于中枢性尿崩症。,激素及影响内分泌药 | 胰岛素及口服降血糖药,糖尿病用药 | 非胰岛素类降血糖药 | 磺胺类，脲衍生物,,,,https://www.yao86.com/%E8%A5%BF%E8%8D%AF/%E6%B0%AF%E7%A3%BA%E4%B8%99%E8%84%B2%E7%89%87,站点药理或 ATC 分类明确为慢性病长期用药
review_missing_efficacy,,磷霉素氨丁三醇干混悬剂,western,,,0.0,,,血液代用品和灌注液 | 静脉注射液添加药物 | 其它静脉注射液添加药,,,,https://www.yao86.com/%E8%A5%BF%E8%8D%AF/%E7%A3%B7%E9%9C%89%E7%B4%A0%E6%B0%A8%E4%B8%81%E4%B8%89%E9%86%87%E5%B9%B2%E6%B7%B7%E6%82%AC%E5%89%82,站点分类无法可靠映射到项目现有类别
already_present,10602,硫普罗宁片,western,5,5,0.93,可用于改善慢性乙型肝炎患者的肝功能。,消化系统用药 | 肝病辅助治疗药,肝、胆疾病治疗药 | 肝病治疗药，抗脂肪肝药 | 肝病治疗药,,,,https://www.yao86.com/%E8%A5%BF%E8%8D%AF/%E7%A1%AB%E6%99%AE%E7%BD%97%E5%AE%81%E7%89%87,站点药理或 ATC 分类明确为胃肠消化用药
already_present,10603,硫普罗宁肠溶片,western,5,5,0.93,可用于改善慢性乙型肝炎患者的肝功能。,消化系统用药 | 肝病辅助治疗药,肝、胆疾病治疗药 | 肝病治疗药，抗脂肪肝药 | 肝病治疗药,,,,https://www.yao86.com/%E8%A5%BF%E8%8D%AF/%E7%A1%AB%E6%99%AE%E7%BD%97%E5%AE%81%E8%82%A0%E6%BA%B6%E7%89%87,站点药理或 ATC 分类明确为胃肠消化用药
already_present,10604,硫普罗宁肠溶胶囊,western,5,5,0.93,可用于改善慢性乙型肝炎患者的肝功能。,消化系统用药 | 肝病辅助治疗药,肝、胆疾病治疗药 | 肝病治疗药，抗脂肪肝药 | 肝病治疗药,,,,https://www.yao86.com/%E8%A5%BF%E8%8D%AF/%E7%A1%AB%E6%99%AE%E7%BD%97%E5%AE%81%E8%82%A0%E6%BA%B6%E8%83%B6%E5%9B%8A,站点药理或 ATC 分类明确为胃肠消化用药
already_present,10605,牛黄降压片,tcm,12,12,0.95,清心化痰，平肝潜阳。用于心肝火旺、风痰上扰所致的头晕目眩，烦躁不安；高血压见上述症候者。,治风剂 | 平熄内风,心脑血管与血液系统药物 | 抗高血压药,,,,https://www.yao86.com/%E4%B8%AD%E6%88%90%E8%8D%AF/%E7%89%9B%E9%BB%84%E9%99%8D%E5%8E%8B%E7%89%87,站点药理或 ATC 分类明确为心脑血管用药
already_present,10606,牛黄降压丸,tcm,12,12,0.95,清心化痰，平肝安神。用于心肝火旺、痰热壅盛所致的头晕目眩、头痛失眠、烦躁不安；高血压病见上述证候者。,治风剂 | 平熄内风,心脑血管与血液系统药物 | 抗高血压药,,,,https://www.yao86.com/%E4%B8%AD%E6%88%90%E8%8D%AF/%E7%89%9B%E9%BB%84%E9%99%8D%E5%8E%8B%E4%B8%B8,站点药理或 ATC 分类明确为心脑血管用药
already_present,10607,牛黄降压胶囊,tcm,12,12,0.95,清心化痰，平肝安神。用于心肝火旺、痰热壅盛所致的头晕目眩、头痛失眠、烦躁不安；高血压见上述证候者。,治风剂 | 平熄内风,心脑血管与血液系统药物 | 抗高血压药,,,,https://www.yao86.com/%E4%B8%AD%E6%88%90%E8%8D%AF/%E7%89%9B%E9%BB%84%E9%99%8D%E5%8E%8B%E8%83%B6%E5%9B%8A,站点药理或 ATC 分类明确为心脑血管用药
already_present,10608,男康片,tcm,13,13,0.9,益肾活血，清热解毒。用于肾虚血瘀、湿热蕴结所致的淋证，症见尿频、尿急、小腹胀满；慢性前列腺炎见上述证候者。,祛湿剂 | 清热除湿,生殖泌尿系统药物 | 泌尿系统药物 | 抗生殖泌尿系统感染药物,,,,https://www.yao86.com/%E4%B8%AD%E6%88%90%E8%8D%AF/%E7%94%B7%E5%BA%B7%E7%89%87,站点明确收录为中成药，未命中更具体项目类别
already_present,10609,咳喘宁颗粒,tcm,1,1,0.95,止咳化痰。用于伤风咳嗽，急、慢性支气管炎。,止咳平喘剂 | 止咳,呼吸系统药物 | 咳嗽和感冒用药,,,,https://www.yao86.com/%E4%B8%AD%E6%88%90%E8%8D%AF/%E5%92%B3%E5%96%98%E5%AE%81%E9%A2%97%E7%B2%92,站点药理分类明确为止咳或祛痰药
already_present,10610,宁嗽露(糖浆剂),tcm,1,1,0.95,止咳化痰。用于伤风咳嗽。,止咳平喘剂 | 止咳,,,,,https://www.yao86.com/%E4%B8%AD%E6%88%90%E8%8D%AF/%E5%AE%81%E5%97%BD%E9%9C%B2%28%E7%B3%96%E6%B5%86%E5%89%82%29,站点药理分类明确为止咳或祛痰药
already_present,10611,宁嗽露,tcm,1,1,0.95,止咳化痰。用于伤风咳嗽。,止咳平喘剂 | 止咳,,,,,https://www.yao86.com/%E4%B8%AD%E6%88%90%E8%8D%AF/%E5%AE%81%E5%97%BD%E9%9C%B2,站点药理分类明确为止咳或祛痰药
already_present,10612,宁嗽露糖浆,tcm,1,1,0.95,本品止咳化痰。用于伤风咳嗽。,止咳平喘剂 | 止咳,呼吸系统药物 | 咳嗽和感冒用药,,,,https://www.yao86.com/%E4%B8%AD%E6%88%90%E8%8D%AF/%E5%AE%81%E5%97%BD%E9%9C%B2%E7%B3%96%E6%B5%86,站点药理分类明确为止咳或祛痰药
already_present,10613,脑立清胶囊,tcm,13,13,0.9,平肝潜阳，醒脑安神。用于头晕目眩，耳鸣口苦，心烦难寐。,治风剂 | 平熄内风,神经系统药物 | 精神安定药 | 催眠镇静药,,,,https://www.yao86.com/%E4%B8%AD%E6%88%90%E8%8D%AF/%E8%84%91%E7%AB%8B%E6%B8%85%E8%83%B6%E5%9B%8A,站点明确收录为中成药，未命中更具体项目类别
already_present,1675,脑立清丸,tcm,12,12,0.9,平肝潜阳，醒脑安神。用于肝阳上亢，头晕目眩，耳鸣口苦，心烦难寐。,治风剂 | 平熄内风,神经系统药物 | 精神安定药 | 催眠镇静药,,,,https://www.yao86.com/%E4%B8%AD%E6%88%90%E8%8D%AF/%E8%84%91%E7%AB%8B%E6%B8%85%E4%B8%B8,保留数据库现有分类；站点明确收录为中成药，未命中更具体项目类别
already_present,10614,脑立清片,tcm,13,13,0.9,平肝潜阳，醒脑安神。用于头晕目眩，耳鸣口苦，心烦难寐。,治风剂 | 平熄内风,神经系统药物 | 精神安定药 | 催眠镇静药,,,,https://www.yao86.com/%E4%B8%AD%E6%88%90%E8%8D%AF/%E8%84%91%E7%AB%8B%E6%B8%85%E7%89%87,站点明确收录为中成药，未命中更具体项目类别
already_present,10615,脑血栓片,tcm,12,12,0.95,活血化瘀，醒脑通络，潜阳熄风。用于因瘀血、肝阳上亢出现之中风先兆，如肢体麻木、头晕目眩等和脑血栓形成出现的中风不语、口眼歪斜、半身不遂等症。具有预防和治疗作用。,治风剂 | 平熄内风,心脑血管与血液系统药物 | 脑血管疾病治疗药,,,,https://www.yao86.com/%E4%B8%AD%E6%88%90%E8%8D%AF/%E8%84%91%E8%A1%80%E6%A0%93%E7%89%87,站点药理或 ATC 分类明确为心脑血管用药
already_present,10616,囊虫丸,tcm,13,13,0.9,活血化瘀，软坚消囊，镇惊止痛，杀虫解毒。主治：囊虫病，脑囊虫及由脑囊虫引起的癫痫。,安神剂 | 重镇安神,神经系统药物 | 抗癫痫药,,,,https://www.yao86.com/%E4%B8%AD%E6%88%90%E8%8D%AF/%E5%9B%8A%E8%99%AB%E4%B8%B8,站点明确收录为中成药，未命中更具体项目类别
already_present,10617,宁心安神胶囊,tcm,13,13,0.9,镇惊安神，宽胸宁心。用于更年期综合征，神经衰弱。,安神剂 | 重镇安神,神经系统药物 | 精神安定药 | 催眠镇静药,,,,https://www.yao86.com/%E4%B8%AD%E6%88%90%E8%8D%AF/%E5%AE%81%E5%BF%83%E5%AE%89%E7%A5%9E%E8%83%B6%E5%9B%8A,站点明确收录为中成药，未命中更具体项目类别
already_present,10618,宁心安神颗粒,tcm,13,13,0.9,宁心安神，宽胸。用于妇女情志不畅所致的心悸，胸闷，烦躁，失眠多梦，头昏目眩，潮热自汗。,安神剂 | 重镇安神,神经系统药物 | 精神安定药 | 催眠镇静药,,,,https://www.yao86.com/%E4%B8%AD%E6%88%90%E8%8D%AF/%E5%AE%81%E5%BF%83%E5%AE%89%E7%A5%9E%E9%A2%97%E7%B2%92,站点明确收录为中成药，未命中更具体项目类别
already_present,10619,复方氨基酸胶囊(9-5),western,7,7,0.96,用于各种疾病所致的低蛋白血症的辅助治疗，如慢性肝病、肝硬化或肾病所致的低蛋白症，外科手术后或恶性肿瘤所致负氰平衡和低蛋白血症。,维生素、矿物质类药 | 肠内营养药,一般营养药 | 其它营养 | 氨基酸、碳水化合物、矿物质、维生素、复方,,,,https://www.yao86.com/%E8%A5%BF%E8%8D%AF/%E5%A4%8D%E6%96%B9%E6%B0%A8%E5%9F%BA%E9%85%B8%E8%83%B6%E5%9B%8A%289-5%29,站点药理或 ATC 分类明确为维生素/矿物质
already_present,10620,复方新霉素多粘菌素滴眼液,western,9,9,0.94,本品适应于治疗对类固醇敏感的眼部炎症，并同时有或潜在有对新霉素和/或多粘菌素敏感的细菌性感染。如：非化脓性结膜炎及眼睑炎、巩膜炎、非疱疹性角膜炎、泪囊炎以及眼部术后，异物取出、化学或热烧伤、擦伤、撕裂伤或其它眼创伤的预防性治疗。,眼科用药 | 眼科抗感染药,眼科用药 | 抗感染药 | 抗生素类,帕利百(POLYPRED),,,https://www.yao86.com/%E8%A5%BF%E8%8D%AF/%E5%A4%8D%E6%96%B9%E6%96%B0%E9%9C%89%E7%B4%A0%E5%A4%9A%E7%B2%98%E8%8F%8C%E7%B4%A0%E6%BB%B4%E7%9C%BC%E6%B6%B2,剂型或站点分类明确为局部外用药
already_present,10621,复方氨酚苯海拉明片,western,17,17,0.96,适用于感冒、发热、头痛、并伴有咳喘症状者。,呼吸系统用药 | 平喘药,镇痛药 | 其它解热镇痛药 | 酰苯胺类,,,,https://www.yao86.com/%E8%A5%BF%E8%8D%AF/%E5%A4%8D%E6%96%B9%E6%B0%A8%E9%85%9A%E8%8B%AF%E6%B5%B7%E6%8B%89%E6%98%8E%E7%89%87,人工分类边界：西药支气管扩张剂归其它
already_present,10622,复方氨基酸胶囊(8-11),western,7,7,0.96,用于预防和治疗因缺乏必需氨基酸与维生素所引起的各种疾病。如：1.神经炎、坏血病、佝偻病、脚气病等。2.外伤、烧伤、骨折及术后伤口愈合。3.孕产妇、哺乳期妇女营养失调及儿童营养缺乏。4.高温、高湿、寒冷环境作业及运动的营养补给。5.改善人体免疫力。6.用于体弱者的营养补充。,维生素、矿物质类药 | 肠内营养药,一般营养药 | 其它营养 | 氨基酸、碳水化合物、矿物质、维生素、复方,,,,https://www.yao86.com/%E8%A5%BF%E8%8D%AF/%E5%A4%8D%E6%96%B9%E6%B0%A8%E5%9F%BA%E9%85%B8%E8%83%B6%E5%9B%8A%288-11%29,站点药理或 ATC 分类明确为维生素/矿物质
already_present,10623,复方氨维胶囊,western,7,7,0.96,用于各种疾病导致的低蛋白血症的辅助治疗，如慢性肝病、肝硬化或肾病所致的低蛋白血症及外科术后或恶性肿瘤所致的负氮平衡和低蛋白血症的营养补充治疗。,维生素、矿物质类药 | 肠内营养药,一般营养药 | 其它营养 | 氨基酸、碳水化合物、矿物质、维生素、复方,,,,https://www.yao86.com/%E8%A5%BF%E8%8D%AF/%E5%A4%8D%E6%96%B9%E6%B0%A8%E7%BB%B4%E8%83%B6%E5%9B%8A,站点药理或 ATC 分类明确为维生素/矿物质
already_present,10624,复方氨维片,western,7,7,0.96,用于各种疾病导致的低蛋白血症的辅助治疗，如慢性肝病、肝硬化或肾病所致的低蛋白血症及外科术后或恶性肿瘤所致的负氮平衡和低蛋白血症的营养补充治疗。,维生素、矿物质类药 | 肠内营养药,一般营养药 | 其它营养 | 氨基酸、碳水化合物、矿物质、维生素、复方,,,,https://www.yao86.com/%E8%A5%BF%E8%8D%AF/%E5%A4%8D%E6%96%B9%E6%B0%A8%E7%BB%B4%E7%89%87,站点药理或 ATC 分类明确为维生素/矿物质
already_present,10625,复方磺胺脒片,western,5,5,0.96,用于细菌性痢疾、肠炎等肠道感染。,抗微生物药 | 磺胺类,止泻药、肠道抗炎、抗感染药 | 肠道抗感染药 | 磺胺类,,,,https://www.yao86.com/%E8%A5%BF%E8%8D%AF/%E5%A4%8D%E6%96%B9%E7%A3%BA%E8%83%BA%E8%84%92%E7%89%87,站点分类明确为止泻或肠道吸附药
already_present,10626,复方联苯双酯颗粒,western,5,5,0.93,用于慢性迁延性肝炎伴有丙氨酸氨基转移酶(ALT)升高者。,消化系统用药 | 肝病辅助治疗药,肝、胆疾病治疗药 | 肝病治疗药，抗脂肪肝药 | 肝病治疗药,,,,https://www.yao86.com/%E8%A5%BF%E8%8D%AF/%E5%A4%8D%E6%96%B9%E8%81%94%E8%8B%AF%E5%8F%8C%E9%85%AF%E9%A2%97%E7%B2%92,站点药理或 ATC 分类明确为胃肠消化用药
already_present,10627,复方联苯双酯片,western,5,5,0.93,用于慢性肝炎所致的丙氨基转移酶升高。,消化系统用药 | 肝病辅助治疗药,肝、胆疾病治疗药 | 肝病治疗药，抗脂肪肝药 | 肝病治疗药,,,,https://www.yao86.com/%E8%A5%BF%E8%8D%AF/%E5%A4%8D%E6%96%B9%E8%81%94%E8%8B%AF%E5%8F%8C%E9%85%AF%E7%89%87,站点药理或 ATC 分类明确为胃肠消化用药
review_unclassified,,复方喜树碱贴片,western,,,0.0,适用于静止期的斑块状、寻常型银屑病（牛皮癣）。,皮肤科用药 | 其他皮肤科药,抗银屑病药 | 局部用治疗牛皮癣药 | 其它局部用治疗牛皮癣药,,,,https://www.yao86.com/%E8%A5%BF%E8%8D%AF/%E5%A4%8D%E6%96%B9%E5%96%9C%E6%A0%91%E7%A2%B1%E8%B4%B4%E7%89%87,站点分类无法可靠映射到项目现有类别
already_present,10628,桂蒲肾清片,tcm,13,13,0.9,清热利湿解毒，化瘀通淋止痛。用于湿热下注，毒瘀互阻所致尿频、尿急、尿痛、尿血，腰疼乏力等症；尿路感染、急慢性肾盂肾炎、非淋菌性尿道炎见上述症候者。,清热剂 | 清热解毒,生殖泌尿系统药物 | 泌尿系统药物 | 抗生殖泌尿系统感染药物,,,,https://www.yao86.com/%E4%B8%AD%E6%88%90%E8%8D%AF/%E6%A1%82%E8%92%B2%E8%82%BE%E6%B8%85%E7%89%87,站点明确收录为中成药，未命中更具体项目类别
already_present,10629,桂蒲肾清胶囊,tcm,13,13,0.9,清热利湿解毒，化瘀通淋止痛。用于湿热下注，毒瘀互阻所致尿频、尿急、尿痛、尿血，腰疼乏力等症;尿路感染、急慢性肾盂肾炎、非淋菌性尿道炎见上述证候者。,清热剂 | 清热解毒,生殖泌尿系统药物 | 泌尿系统药物 | 抗生殖泌尿系统感染药物,,,,https://www.yao86.com/%E4%B8%AD%E6%88%90%E8%8D%AF/%E6%A1%82%E8%92%B2%E8%82%BE%E6%B8%85%E8%83%B6%E5%9B%8A,站点明确收录为中成药，未命中更具体项目类别
already_present,10630,肝舒宁颗粒,tcm,5,5,0.93,益气健脾。用于脾气虚引起的神疲乏力，自汗或便溏，食后腹胀，面色萎黄，纳少。,补益剂 | 补气,消化系统与代谢药 | 肠道疾病相关药物,,,,https://www.yao86.com/%E4%B8%AD%E6%88%90%E8%8D%AF/%E8%82%9D%E8%88%92%E5%AE%81%E9%A2%97%E7%B2%92,站点药理或 ATC 分类明确为胃肠消化用药
already_present,10631,固肾补气散,tcm,13,13,0.9,补肾填精，补益脑髓。用于肾亏阳弱，记忆减退，腰酸腿软，气虚咳嗽，五更溏泻，食欲不振。,补益剂 | 补阳,生殖泌尿系统药物 | 泌尿系统药物 | 补肾药物（勃起机能障碍用药）,,,,https://www.yao86.com/%E4%B8%AD%E6%88%90%E8%8D%AF/%E5%9B%BA%E8%82%BE%E8%A1%A5%E6%B0%94%E6%95%A3,站点明确收录为中成药，未命中更具体项目类别
already_present,10632,归肾丸,tcm,13,13,0.9,滋阴养血，填精益髓。用于肾水不足，腰酸脚软，血虚，头晕耳鸣。,补益剂 | 滋阴养血,生殖泌尿系统药物 | 泌尿系统药物 | 补肾药物（勃起机能障碍用药）,,,,https://www.yao86.com/%E4%B8%AD%E6%88%90%E8%8D%AF/%E5%BD%92%E8%82%BE%E4%B8%B8,站点明确收录为中成药，未命中更具体项目类别
already_present,10633,肝喜乐颗粒,tcm,5,5,0.93,有降低谷丙转氨酶，保护及促进肝细胞再生功能。主要用于治疗急性肝炎，迁延性慢性肝炎和肝硬化等症。,其它功用,消化系统与代谢药 | 肝、胆疾病治疗药 | 肝病治疗药,,,,https://www.yao86.com/%E4%B8%AD%E6%88%90%E8%8D%AF/%E8%82%9D%E5%96%9C%E4%B9%90%E9%A2%97%E7%B2%92,站点药理或 ATC 分类明确为胃肠消化用药
already_present,10634,肝喜乐片,tcm,5,5,0.93,有降低谷丙转氨酶，保护及促进肝细胞再生功能。主要用于急性肝炎、慢性迁延型肝炎和早期肝硬化等症。,其它功用,消化系统与代谢药 | 肝、胆疾病治疗药 | 肝病治疗药,,,,https://www.yao86.com/%E4%B8%AD%E6%88%90%E8%8D%AF/%E8%82%9D%E5%96%9C%E4%B9%90%E7%89%87,站点药理或 ATC 分类明确为胃肠消化用药
already_present,10635,肝喜乐胶囊,tcm,5,5,0.93,有降低谷丙转氨酶，保护及促进肝细胞再生功能。主要用于治疗急性肝炎，迁延性慢性肝炎和肝硬化等症。,其它功用,消化系统与代谢药 | 肝、胆疾病治疗药 | 肝病治疗药,,,,https://www.yao86.com/%E4%B8%AD%E6%88%90%E8%8D%AF/%E8%82%9D%E5%96%9C%E4%B9%90%E8%83%B6%E5%9B%8A,站点药理或 ATC 分类明确为胃肠消化用药
already_present,10636,肝速康片,tcm,5,5,0.93,本品具有降酶，降浊，调整机体免疫功能，改善代谢障碍、肝病症状及加速肝功能恢复等作用。用于急、慢性肝炎。,其它功用,消化系统与代谢药 | 肝、胆疾病治疗药 | 肝病治疗药,,,,https://www.yao86.com/%E4%B8%AD%E6%88%90%E8%8D%AF/%E8%82%9D%E9%80%9F%E5%BA%B7%E7%89%87,站点药理或 ATC 分类明确为胃肠消化用药
already_present,10637,肝速康胶囊,tcm,5,5,0.93,本品具有降酶，降浊，调整机体免疫功能，改善代谢障碍、肝病症状及加速肝功能恢复等作用。用于急、慢性肝炎。,其它功用,消化系统与代谢药 | 肝、胆疾病治疗药 | 肝病治疗药,,,,https://www.yao86.com/%E4%B8%AD%E6%88%90%E8%8D%AF/%E8%82%9D%E9%80%9F%E5%BA%B7%E8%83%B6%E5%9B%8A,站点药理或 ATC 分类明确为胃肠消化用药
already_present,10638,甘露酥油丸,tcm,13,13,0.9,滋补强身，延年益寿。用于气血亏虚，心悸失眠，老年虚弱，肢体僵直，经络不利，虚损不足之症。,补益剂 | 气血双补,补气补血药物 | 其他补气补血药物,,,,https://www.yao86.com/%E4%B8%AD%E6%88%90%E8%8D%AF/%E7%94%98%E9%9C%B2%E9%85%A5%E6%B2%B9%E4%B8%B8,站点明确收录为中成药，未命中更具体项目类别
already_present,10639,固精养元合剂,tcm,13,13,0.9,补肾温阳，固精益元。适用于肾阳不足引起的神疲乏力，腰膝酸软，头晕耳鸣，畏寒肢冷，小便清长或频数等症。,补益剂 | 补阳,生殖泌尿系统药物 | 泌尿系统药物 | 补肾药物（勃起机能障碍用药）,,,,https://www.yao86.com/%E4%B8%AD%E6%88%90%E8%8D%AF/%E5%9B%BA%E7%B2%BE%E5%85%BB%E5%85%83%E5%90%88%E5%89%82,站点明确收录为中成药，未命中更具体项目类别
already_present,1550,天麻素片,western,3,3,0.94,用于神经衰弱、头痛、偏头痛等症。,治疗精神障碍药 | 镇静催眠药,镇痛药 | 抗偏头痛药 | 其它抗偏头痛药,,,,https://www.yao86.com/%E8%A5%BF%E8%8D%AF/%E5%A4%A9%E9%BA%BB%E7%B4%A0%E7%89%87,保留数据库现有分类；站点药理或 ATC 分类明确为镇痛/抗炎药
already_present,1551,天麻素胶囊,western,3,3,0.94,用于神经衰弱、头痛、偏头痛等症。,治疗精神障碍药 | 镇静催眠药,镇痛药 | 抗偏头痛药 | 其它抗偏头痛药,,,,https://www.yao86.com/%E8%A5%BF%E8%8D%AF/%E5%A4%A9%E9%BA%BB%E7%B4%A0%E8%83%B6%E5%9B%8A,保留数据库现有分类；站点药理或 ATC 分类明确为镇痛/抗炎药
already_present,10640,合成天麻素片,western,3,3,0.94,用于神经衰弱、头痛、偏头痛等症。,治疗精神障碍药 | 镇静催眠药,镇痛药 | 抗偏头痛药 | 其它抗偏头痛药,,,,https://www.yao86.com/%E8%A5%BF%E8%8D%AF/%E5%90%88%E6%88%90%E5%A4%A9%E9%BA%BB%E7%B4%A0%E7%89%87,站点药理或 ATC 分类明确为镇痛/抗炎药
already_present,10641,合成天麻素胶囊,western,3,3,0.94,用于神经衰弱、头痛、偏头痛等症。,治疗精神障碍药 | 镇静催眠药,镇痛药 | 抗偏头痛药 | 其它抗偏头痛药,,,,https://www.yao86.com/%E8%A5%BF%E8%8D%AF/%E5%90%88%E6%88%90%E5%A4%A9%E9%BA%BB%E7%B4%A0%E8%83%B6%E5%9B%8A,站点药理或 ATC 分类明确为镇痛/抗炎药
already_present,10642,他扎罗汀凝胶,western,9,9,0.94,本品适用于外用治疗寻常性斑块型银屑病及寻常痤疮。,皮肤科用药 | 其他皮肤科药,抗银屑病药 | 局部用治疗牛皮癣药 | 其它局部用治疗牛皮癣药,,,,https://www.yao86.com/%E8%A5%BF%E8%8D%AF/%E4%BB%96%E6%89%8E%E7%BD%97%E6%B1%80%E5%87%9D%E8%83%B6,剂型或站点分类明确为局部外用药
already_present,10643,他扎罗汀乳膏,western,9,9,0.94,本品适用于外用治疗寻常性斑块型银屑病及寻常痤疮。,皮肤科用药 | 其他皮肤科药,抗银屑病药 | 局部用治疗牛皮癣药 | 其它局部用治疗牛皮癣药,,,,https://www.yao86.com/%E8%A5%BF%E8%8D%AF/%E4%BB%96%E6%89%8E%E7%BD%97%E6%B1%80%E4%B9%B3%E8%86%8F,剂型或站点分类明确为局部外用药
review_unclassified,,脱氧核苷酸钠片,western,,,0.0,用于急、慢性肝炎，白细胞减少症，血小板减少症及再生障碍性贫血等的辅助治疗。,免疫系统用药 | 免疫增强药,其它消化道和代谢药物 | 各种消化道产物与代谢产物,,,,https://www.yao86.com/%E8%A5%BF%E8%8D%AF/%E8%84%B1%E6%B0%A7%E6%A0%B8%E8%8B%B7%E9%85%B8%E9%92%A0%E7%89%87,站点分类无法可靠映射到项目现有类别
already_present,10644,盐酸替利定片,western,3,3,0.94,适用于减轻中度或重度疼痛，包括术后急性疼痛和与肿瘤相关的慢性疼痛。,镇痛、解热、抗炎、抗风湿、抗痛风药 | 镇痛药,镇痛药 | 阿片碱类 | 其它生物碱类,,,,https://www.yao86.com/%E8%A5%BF%E8%8D%AF/%E7%9B%90%E9%85%B8%E6%9B%BF%E5%88%A9%E5%AE%9A%E7%89%87,站点药理或 ATC 分类明确为镇痛/抗炎药
already_present,10645,盐酸替利定口服溶液,western,3,3,0.94,适用于减轻中度或重度疼痛，包括与肿瘤相关的慢性疼痛。,镇痛、解热、抗炎、抗风湿、抗痛风药 | 镇痛药,镇痛药 | 阿片碱类 | 其它生物碱类,,,,https://www.yao86.com/%E8%A5%BF%E8%8D%AF/%E7%9B%90%E9%85%B8%E6%9B%BF%E5%88%A9%E5%AE%9A%E5%8F%A3%E6%9C%8D%E6%BA%B6%E6%B6%B2,站点药理或 ATC 分类明确为镇痛/抗炎药
already_present,10646,特非那定颗粒,western,8,8,0.96,用于季节性和非季节性过敏性鼻炎、荨麻疹及枯草热的治疗。,抗变态反应药 | 抗组胺药,系统用抗组胺药 | 系统用其它抗组胺药,,,,https://www.yao86.com/%E8%A5%BF%E8%8D%AF/%E7%89%B9%E9%9D%9E%E9%82%A3%E5%AE%9A%E9%A2%97%E7%B2%92,站点药理分类明确为抗过敏药
already_present,10647,特非那定片,western,8,8,0.96,用于季节性和非季节性过敏性鼻炎、荨麻疹及枯草热的治疗。,抗变态反应药 | 抗组胺药,系统用抗组胺药 | 系统用其它抗组胺药,,,,https://www.yao86.com/%E8%A5%BF%E8%8D%AF/%E7%89%B9%E9%9D%9E%E9%82%A3%E5%AE%9A%E7%89%87,站点药理分类明确为抗过敏药
already_present,10648,特非那定分散片,western,8,8,0.96,抗组胺药。适应症用于季节性和非季节性过敏性鼻炎、荨麻疹及枯草热的治疗。,抗变态反应药 | 抗组胺药,系统用抗组胺药 | 系统用其它抗组胺药,敏安芬,,,https://www.yao86.com/%E8%A5%BF%E8%8D%AF/%E7%89%B9%E9%9D%9E%E9%82%A3%E5%AE%9A%E5%88%86%E6%95%A3%E7%89%87,站点药理分类明确为抗过敏药
already_present,10649,特非那定胶囊,western,8,8,0.96,季节性过敏性鼻炎，常年性过敏性鼻炎，急、慢性荨麻疹等。,抗变态反应药 | 抗组胺药,系统用抗组胺药 | 系统用其它抗组胺药,,,,https://www.yao86.com/%E8%A5%BF%E8%8D%AF/%E7%89%B9%E9%9D%9E%E9%82%A3%E5%AE%9A%E8%83%B6%E5%9B%8A,站点药理分类明确为抗过敏药
review_unclassified,,盐酸托莫西汀口服溶液,western,,,0.0,本品用于治疗6岁及6岁以上儿童和青少年的注意缺陷/多动障碍(ADHD)。,治疗精神障碍药 | 其他精神药,精神兴奋药 | 精神兴奋药，用于治疗注意力缺陷多动症药和益智药 | 中心作用的拟交感神经药,择思达,,,https://www.yao86.com/%E8%A5%BF%E8%8D%AF/%E7%9B%90%E9%85%B8%E6%89%98%E8%8E%AB%E8%A5%BF%E6%B1%80%E5%8F%A3%E6%9C%8D%E6%BA%B6%E6%B6%B2,站点分类无法可靠映射到项目现有类别
review_unclassified,,盐酸托莫西汀胶囊,western,,,0.0,盐酸托莫西汀用于治疗儿童和青少年的注意缺陷/多动障碍(ADHD)。,治疗精神障碍药 | 其他精神药,精神兴奋药 | 精神兴奋药，用于治疗注意力缺陷多动症药和益智药 | 中心作用的拟交感神经药,,,,https://www.yao86.com/%E8%A5%BF%E8%8D%AF/%E7%9B%90%E9%85%B8%E6%89%98%E8%8E%AB%E8%A5%BF%E6%B1%80%E8%83%B6%E5%9B%8A,站点分类无法可靠映射到项目现有类别
review_missing_efficacy,,天麻蜜环菌粉,western,,,0.0,,,抗癫痫药 | 其它抗癫痫药,,,,https://www.yao86.com/%E8%A5%BF%E8%8D%AF/%E5%A4%A9%E9%BA%BB%E8%9C%9C%E7%8E%AF%E8%8F%8C%E7%B2%89,站点分类无法可靠映射到项目现有类别
review_missing_efficacy,,弹性酶片,western,,11,0.95,,,血脂调节剂 | 血脂调节剂，单方 | 其它血脂调节剂,,,,https://www.yao86.com/%E8%A5%BF%E8%8D%AF/%E5%BC%B9%E6%80%A7%E9%85%B6%E7%89%87,站点药理或 ATC 分类明确为慢性病长期用药
already_present,10650,痛风定片,tcm,13,13,0.9,清热祛湿，活血通络定痛。用于湿热瘀阻所致的痹病，症见关节红肿热痛，伴有发热、汗出不解、口渴心烦、小便黄、舌红苔黄腻、脉滑数；痛风见上述证候者。,治风剂 | 祛风止痛,肌肉-骨骼系统药物 | 关节和肌肉疼痛局部用药,,,,https://www.yao86.com/%E4%B8%AD%E6%88%90%E8%8D%AF/%E7%97%9B%E9%A3%8E%E5%AE%9A%E7%89%87,站点明确收录为中成药，未命中更具体项目类别
already_present,10651,痛风定胶囊,tcm,13,13,0.9,清热祛湿，活血通络定痛。用于湿热瘀阻所致的痹病，症见关节红肿热痛，伴有发热、汗出不解、口渴心烦、小便黄、舌红苔黄腻、脉滑数；痛风见上述症候者。,治风剂 | 祛风止痛,肌肉-骨骼系统药物 | 关节和肌肉疼痛局部用药,,,,https://www.yao86.com/%E4%B8%AD%E6%88%90%E8%8D%AF/%E7%97%9B%E9%A3%8E%E5%AE%9A%E8%83%B6%E5%9B%8A,站点明确收录为中成药，未命中更具体项目类别
already_present,10652,天杞合剂,tcm,13,13,0.9,益气健脾，滋补肝肾。适用于气虚、肾虚所致的神疲乏力，少气懒言，腰膝酸软。,补益剂 | 益气温阳,补气补血药物 | 补气药物,,,,https://www.yao86.com/%E4%B8%AD%E6%88%90%E8%8D%AF/%E5%A4%A9%E6%9D%9E%E5%90%88%E5%89%82,站点明确收录为中成药，未命中更具体项目类别
already_present,10653,铁笛口服液,tcm,13,13,0.9,润肺利咽，生津止渴。用于阴虚肺热津亏引起的咽干声哑、咽喉疼痛、口渴烦躁。,治燥剂 | 滋阴润燥,呼吸系统药物 | 咽喉疾病治疗药,,,,https://www.yao86.com/%E4%B8%AD%E6%88%90%E8%8D%AF/%E9%93%81%E7%AC%9B%E5%8F%A3%E6%9C%8D%E6%B6%B2,站点明确收录为中成药，未命中更具体项目类别
already_present,10654,铁笛丸,tcm,13,13,0.9,润肺利咽，生津止渴。用于肺热津伤咽干口燥，声音嘶哑，咽喉疼痛。,治燥剂 | 滋阴润燥,呼吸系统药物 | 咽喉疾病治疗药,,,,https://www.yao86.com/%E4%B8%AD%E6%88%90%E8%8D%AF/%E9%93%81%E7%AC%9B%E4%B8%B8,站点明确收录为中成药，未命中更具体项目类别
already_present,10655,铁笛片,tcm,13,13,0.9,润肺利咽，生津止渴。用于肺热津伤的咽干口燥，声音嘶哑，咽喉肿痛。,治燥剂 | 滋阴润燥,呼吸系统药物 | 咽喉疾病治疗药,,,,https://www.yao86.com/%E4%B8%AD%E6%88%90%E8%8D%AF/%E9%93%81%E7%AC%9B%E7%89%87,站点明确收录为中成药，未命中更具体项目类别
already_present,10656,痛风舒片,tcm,13,13,0.9,清热，利湿，解毒。用于湿热瘀阻所致的痛风病。,治风剂 | 祛风止痛,肌肉-骨骼系统药物 | 关节和肌肉疼痛局部用药,,,,https://www.yao86.com/%E4%B8%AD%E6%88%90%E8%8D%AF/%E7%97%9B%E9%A3%8E%E8%88%92%E7%89%87,站点明确收录为中成药，未命中更具体项目类别
already_present,10657,痛风舒胶囊,tcm,3,3,0.94,清热，利湿，解毒。用于湿热瘀阻所致的痛风病。,治风剂 | 祛风止痛,肌肉-骨骼系统药物 | 抗炎和抗风湿药,,,,https://www.yao86.com/%E4%B8%AD%E6%88%90%E8%8D%AF/%E7%97%9B%E9%A3%8E%E8%88%92%E8%83%B6%E5%9B%8A,站点药理或 ATC 分类明确为镇痛/抗炎药
already_present,10658,同仁大活络丸,tcm,12,12,0.95,祛风，舒筋，活络，除湿。用于风寒湿痹引起的肢体疼痛，手足麻木，筋脉拘挛，中风瘫痪，口眼歪斜，半身不遂，言语不清。,温里剂 | 温经散寒,心脑血管与血液系统药物 | 脑血管疾病治疗药,,,,https://www.yao86.com/%E4%B8%AD%E6%88%90%E8%8D%AF/%E5%90%8C%E4%BB%81%E5%A4%A7%E6%B4%BB%E7%BB%9C%E4%B8%B8,站点药理或 ATC 分类明确为心脑血管用药
already_present,10659,通淋片,tcm,13,13,0.9,补肾健脾，解毒利湿。用于肾虚瘀阻证，症见尿频、尿急、尿涩痛、血尿。,和解剂 | 其它,生殖泌尿系统药物 | 泌尿系统药物 | 抗生殖泌尿系统感染药物,,,,https://www.yao86.com/%E4%B8%AD%E6%88%90%E8%8D%AF/%E9%80%9A%E6%B7%8B%E7%89%87,站点明确收录为中成药，未命中更具体项目类别
already_present,10660,通淋胶囊,tcm,13,13,0.9,补肾健脾，解毒利湿；用于肾虚瘀阻症，症见尿频、尿急、尿涩痛、血尿。,和解剂 | 其它,生殖泌尿系统药物 | 泌尿系统药物 | 抗生殖泌尿系统感染药物,,,,https://www.yao86.com/%E4%B8%AD%E6%88%90%E8%8D%AF/%E9%80%9A%E6%B7%8B%E8%83%B6%E5%9B%8A,站点明确收录为中成药，未命中更具体项目类别
already_present,10661,四季草颗粒,tcm,13,13,0.9,苗医：旭嘎帜沓痂，洼涺赊诘。陡：休洼阿洛，休洼象。中医：清热解毒，利尿。用于湿热蕴结所致排尿不畅，小便短赤。,祛湿剂 | 清热除湿,生殖泌尿系统药物 | 泌尿系统药物 | 抗生殖泌尿系统感染药物,,,,https://www.yao86.com/%E4%B8%AD%E6%88%90%E8%8D%AF/%E5%9B%9B%E5%AD%A3%E8%8D%89%E9%A2%97%E7%B2%92,站点明确收录为中成药，未命中更具体项目类别
already_present,10662,四季草片,tcm,13,13,0.9,苗医：旭嘎帜沓痂，洼涺通诘：休洼凯纳。中医：清热解毒，利尿通淋。用于湿热蕴结所致淋证，症见：排尿不畅，淋漓涩痛。,祛湿剂 | 清热除湿,生殖泌尿系统药物 | 泌尿系统药物 | 抗生殖泌尿系统感染药物,,,,https://www.yao86.com/%E4%B8%AD%E6%88%90%E8%8D%AF/%E5%9B%9B%E5%AD%A3%E8%8D%89%E7%89%87,站点明确收录为中成药，未命中更具体项目类别
already_present,10663,十三味通络止痛胶囊,tcm,13,13,0.9,清热利湿，通络止痛。用于湿热阻络型痹症引起的关节肿痛，肢体沉重，活动不利的辅助治疗。,祛湿剂 | 清热除湿,,,,,https://www.yao86.com/%E4%B8%AD%E6%88%90%E8%8D%AF/%E5%8D%81%E4%B8%89%E5%91%B3%E9%80%9A%E7%BB%9C%E6%AD%A2%E7%97%9B%E8%83%B6%E5%9B%8A,站点明确收录为中成药，未命中更具体项目类别
already_present,10667,磷酸川芎嗪滴丸,western,12,12,0.95,用于缺血性脑血管疾病(如脑供血不足、脑血栓形成、脑栓塞)。,神经系统用药 | 脑血管病用药及降颅压药,抗血栓形成药 | 其它抗血栓形成药,弘旭明,,,https://www.yao86.com/%E8%A5%BF%E8%8D%AF/%E7%A3%B7%E9%85%B8%E5%B7%9D%E8%8A%8E%E5%97%AA%E6%BB%B4%E4%B8%B8,站点药理或 ATC 分类明确为心脑血管用药
already_present,10668,磷酸川芎嗪片,western,12,12,0.95,用于缺血性脑血管疾病(如脑供血不足、脑血栓形成、脑栓塞)。,神经系统用药 | 脑血管病用药及降颅压药,抗血栓形成药 | 其它抗血栓形成药,,,,https://www.yao86.com/%E8%A5%BF%E8%8D%AF/%E7%A3%B7%E9%85%B8%E5%B7%9D%E8%8A%8E%E5%97%AA%E7%89%87,站点药理或 ATC 分类明确为心脑血管用药
already_present,10669,磷酸川芎嗪胶囊,western,12,12,0.95,用于缺血性脑血管疾病(如脑供血不足、脑血栓形成、脑栓塞)。,神经系统用药 | 脑血管病用药及降颅压药,抗血栓形成药 | 其它抗血栓形成药,,,,https://www.yao86.com/%E8%A5%BF%E8%8D%AF/%E7%A3%B7%E9%85%B8%E5%B7%9D%E8%8A%8E%E5%97%AA%E8%83%B6%E5%9B%8A,站点药理或 ATC 分类明确为心脑血管用药
already_present,10670,茶碱愈创甘油醚软胶囊,western,17,17,0.96,平喘、祛痰。适用于喘息性支气管炎、慢性支气管炎、支气管哮喘。,呼吸系统用药 | 平喘药,阻塞性气管疾病用药 | 其它阻塞性气管病系统用药 | 黄嘌呤类,,,,https://www.yao86.com/%E8%A5%BF%E8%8D%AF/%E8%8C%B6%E7%A2%B1%E6%84%88%E5%88%9B%E7%94%98%E6%B2%B9%E9%86%9A%E8%BD%AF%E8%83%B6%E5%9B%8A,人工分类边界：西药支气管扩张剂归其它
already_present,10671,虫草胶雷菌口服溶液,western,5,5,0.93,用于乙型慢性活动性肝炎，肝硬化；房、室性早搏，心动过速，心动过缓；顽固性失眠及肾病综合征、癌症的辅助治疗。,免疫系统用药 | 免疫增强药,肝、胆疾病治疗药 | 肝病治疗药，抗脂肪肝药 | 肝病治疗药,,,,https://www.yao86.com/%E8%A5%BF%E8%8D%AF/%E8%99%AB%E8%8D%89%E8%83%B6%E9%9B%B7%E8%8F%8C%E5%8F%A3%E6%9C%8D%E6%BA%B6%E6%B6%B2,站点药理或 ATC 分类明确为胃肠消化用药
review_missing_efficacy,,雌酮硫酸酯哌嗪片,western,,,0.0,,,性激素和生殖系统调节药 | 雌激素类 | 雌激素类，与其它药物复方,,,,https://www.yao86.com/%E8%A5%BF%E8%8D%AF/%E9%9B%8C%E9%85%AE%E7%A1%AB%E9%85%B8%E9%85%AF%E5%93%8C%E5%97%AA%E7%89%87,站点分类无法可靠映射到项目现有类别
already_present,10672,肠内营养混悬液(TPF),western,7,7,0.96,本品适用于有胃肠道功能或部分胃肠道功能，而不能或不愿进食足够数量的常规食物，以满足机体营养需求的应进行肠内营养治疗的病人。主要用于：1.厌食和其相关的疾病-因代谢应激，如创伤或烧伤而引起的食欲不振-神经性/精神性疾病或损伤-意识障碍-心/肺疾病的恶病质-癌性恶病质和癌肿治疗的后期-艾滋病病毒感染/艾滋病2.机械性胃肠道功能紊乱-颌面部损伤-头颈部癌肿-吞咽障碍-上消化道阻塞，如食管狭窄3.危重疾病-大面积烧伤-创伤-脓毒血症-大手术后的恢复期4.营养不良病人的手术前喂养5.本品能用于糖尿病病人,维生素、矿物质类药 | 肠内营养药,一般营养药 | 其它营养 | 脂肪、碳水化合物、蛋白质、矿物质、维生素、复方,能全力,,,https://www.yao86.com/%E8%A5%BF%E8%8D%AF/%E8%82%A0%E5%86%85%E8%90%A5%E5%85%BB%E6%B7%B7%E6%82%AC%E6%B6%B2%28TPF%29,站点药理或 ATC 分类明确为维生素/矿物质
already_present,10673,丁公藤风湿药酒,tcm,3,3,0.94,祛风除湿，活血止痛。主治风寒湿痹，手足麻木，腰腿酸痛，跌仆损伤。,祛湿剂 | 祛风胜湿,肌肉-骨骼系统药物 | 抗炎和抗风湿药,,,,https://www.yao86.com/%E4%B8%AD%E6%88%90%E8%8D%AF/%E4%B8%81%E5%85%AC%E8%97%A4%E9%A3%8E%E6%B9%BF%E8%8D%AF%E9%85%92,站点药理或 ATC 分类明确为镇痛/抗炎药
already_present,10674,丹蓝益气养阴口服液,tcm,11,11,0.95,益气养阴。适用于高脂血症属气阴两虚证的辅助治疗。,补益剂 | 益气养阴,心脑血管与血液系统药物 | 血脂调节剂,,,,https://www.yao86.com/%E4%B8%AD%E6%88%90%E8%8D%AF/%E4%B8%B9%E8%93%9D%E7%9B%8A%E6%B0%94%E5%85%BB%E9%98%B4%E5%8F%A3%E6%9C%8D%E6%B6%B2,站点药理或 ATC 分类明确为慢性病长期用药
already_present,10675,冻疮未溃膏,tcm,13,13,0.9,活血散瘀。用于未溃冻疮。,理血剂 | 活血化瘀,皮肤病药物 | 创伤和溃疡治疗药 | 其他创伤和溃疡治疗药,,,,https://www.yao86.com/%E4%B8%AD%E6%88%90%E8%8D%AF/%E5%86%BB%E7%96%AE%E6%9C%AA%E6%BA%83%E8%86%8F,站点明确收录为中成药，未命中更具体项目类别
already_present,10676,大月晶丸,tcm,5,5,0.93,清热解毒，消食化痞。用于中毒症、“木布”引起的胃肠溃疡吐血或便血，清除隐热、陈旧热、波动热，消化不良，急腹痛，虫病，黄水病，痞瘤等各种合并症。,消食剂 | 消痞化积,消化系统与代谢药 | 胃病相关药物,,,,https://www.yao86.com/%E4%B8%AD%E6%88%90%E8%8D%AF/%E5%A4%A7%E6%9C%88%E6%99%B6%E4%B8%B8,站点药理或 ATC 分类明确为胃肠消化用药
already_present,10677,地丁三味汤散(地格达-3),tcm,13,13,0.9,活血止痛。用于血热，头痛。,理血剂 | 其它,,,,,https://www.yao86.com/%E4%B8%AD%E6%88%90%E8%8D%AF/%E5%9C%B0%E4%B8%81%E4%B8%89%E5%91%B3%E6%B1%A4%E6%95%A3%28%E5%9C%B0%E6%A0%BC%E8%BE%BE-3%29,站点明确收录为中成药，未命中更具体项目类别
already_present,10678,东方活血膏,tcm,3,3,0.94,祛风散寒，活血化瘀，舒筋活络。用于风寒湿痹所致的肩臂腰腿疼痛、肢体麻木。,祛湿剂 | 祛风胜湿,肌肉-骨骼系统药物 | 抗炎和抗风湿药,,,,https://www.yao86.com/%E4%B8%AD%E6%88%90%E8%8D%AF/%E4%B8%9C%E6%96%B9%E6%B4%BB%E8%A1%80%E8%86%8F,站点药理或 ATC 分类明确为镇痛/抗炎药
already_present,10679,枸磺新啶片,western,1,1,0.95,用于急、慢性上呼吸道感染、肺部感染等。,呼吸系统用药 | 祛痰药,系统用抗细菌药 | 磺胺类和甲氧苄啶 | 磺胺类和甲氧苄啶（含其衍生物）的复方,,,,https://www.yao86.com/%E8%A5%BF%E8%8D%AF/%E6%9E%B8%E7%A3%BA%E6%96%B0%E5%95%B6%E7%89%87,站点药理分类明确为止咳或祛痰药
already_present,10680,小儿枸磺新啶片,western,1,1,0.95,镇咳、祛痰、抗感染药。用于急、慢性上呼吸道感染、肺部感染等症。,呼吸系统用药 | 祛痰药,系统用抗细菌药 | 磺胺类和甲氧苄啶 | 磺胺类和甲氧苄啶（含其衍生物）的复方,,,,https://www.yao86.com/%E8%A5%BF%E8%8D%AF/%E5%B0%8F%E5%84%BF%E6%9E%B8%E7%A3%BA%E6%96%B0%E5%95%B6%E7%89%87,站点药理分类明确为止咳或祛痰药
already_present,10681,炔诺孕酮片,western,14,14,0.96,用于女性短期避孕。,妇产科用药 | 避孕药,性激素和生殖系统调节药 | 系统用激素类避孕药 | 孕激素类,,,,https://www.yao86.com/%E8%A5%BF%E8%8D%AF/%E7%82%94%E8%AF%BA%E5%AD%95%E9%85%AE%E7%89%87,站点药理或 ATC 分类明确为妇科用药
already_present,10682,谷维素双维B片,western,5,5,0.93,用于周期性精神病、更年期综合症、妊娠呕吐等疾病。,消化系统用药 | 其他消化系统用药,其它神经系统用药,,,,https://www.yao86.com/%E8%A5%BF%E8%8D%AF/%E8%B0%B7%E7%BB%B4%E7%B4%A0%E5%8F%8C%E7%BB%B4B%E7%89%87,站点药理或 ATC 分类明确为胃肠消化用药
already_present,10683,呱西替柳片,western,1,1,0.95,用于感冒引起的发热、头痛、肌肉痛和咳痰的症状的对症治疗。,呼吸系统用药 | 祛痰药,镇痛药 | 其它解热镇痛药 | 水杨酸与其衍生物,,,,https://www.yao86.com/%E8%A5%BF%E8%8D%AF/%E5%91%B1%E8%A5%BF%E6%9B%BF%E6%9F%B3%E7%89%87,站点药理分类明确为止咳或祛痰药
already_present,10684,呱西替柳干混悬剂,western,1,1,0.95,用于感冒引起的发热、头痛、肌肉痛和咳痰的对症治疗。,呼吸系统用药 | 祛痰药,镇痛药 | 其它解热镇痛药 | 水杨酸与其衍生物,,,,https://www.yao86.com/%E8%A5%BF%E8%8D%AF/%E5%91%B1%E8%A5%BF%E6%9B%BF%E6%9F%B3%E5%B9%B2%E6%B7%B7%E6%82%AC%E5%89%82,站点药理分类明确为止咳或祛痰药
already_present,10685,呱西替柳胶囊,western,1,1,0.95,用于由感冒、急性支气管炎及慢性支气管炎急性发作等引起的头痛、发热、咳嗽、多痰等症状的对症治疗。,呼吸系统用药 | 祛痰药,镇痛药 | 其它解热镇痛药 | 水杨酸与其衍生物,,,,https://www.yao86.com/%E8%A5%BF%E8%8D%AF/%E5%91%B1%E8%A5%BF%E6%9B%BF%E6%9F%B3%E8%83%B6%E5%9B%8A,站点药理分类明确为止咳或祛痰药
reclassified_existing,10686,鲑降钙素鼻喷雾剂,western,9,14,0.96,1.骨质疏松症：⑴早期和晚期的绝经后骨质疏松症；⑵老年性骨质疏松症；⑶继发性骨质疏松症，例如：皮质类固醇治疗或缺乏活动。为了防止骨质进行性丢失，应根据个体的需要适量地摄入钙和维生素D。2.伴有骨质溶解和/或骨质减少的骨痛。3.Paget氏骨病(变形性骨炎)，特别是伴有下列情况的病人：⑴骨痛；⑵神经并发症；⑶骨转换增加，表现在血清碱性磷酸酶增高和尿羟脯氨酸排泄增加；⑷骨病变进行性蔓延；⑸不完全或反复骨折；4.由下列情况引起的高钙血症和高钙危象：⑴继发于乳腺癌、肺或肾癌、骨髓瘤和其它恶性疾病的肿瘤性骨溶解；⑵甲状旁腺机能亢进，缺乏活动或维生素D中毒；⑶高钙血症危象的急诊治疗；慢性高钙血症需作长期治疗的患者，应持续到对其原发疾病的特殊治疗见效为止；⑷神经性营养不良症(痛性神经性营养不良或Sudeck氏病)；⑸由不同病因和诱因所致，诸如创伤后骨质疏松症、交感神经营养不良、肩-臂综合症、外周神经受伤所致的灼痛，药物引起的神经营养不良。,激素及影响内分泌药 | 钙代谢调节药及抗骨质疏松药,钙稳态药 | 抗甲状旁腺药 | 降钙素类,达芬盖,,,https://www.yao86.com/%E8%A5%BF%E8%8D%AF/%E9%B2%91%E9%99%8D%E9%92%99%E7%B4%A0%E9%BC%BB%E5%96%B7%E9%9B%BE%E5%89%82,站点药理或 ATC 分类明确为妇科用药
review_missing_efficacy,,鲑鱼降钙素喷雾剂,western,,9,0.94,,,钙稳态药 | 抗甲状旁腺药 | 降钙素类,,,,https://www.yao86.com/%E8%A5%BF%E8%8D%AF/%E9%B2%91%E9%B1%BC%E9%99%8D%E9%92%99%E7%B4%A0%E5%96%B7%E9%9B%BE%E5%89%82,剂型或站点分类明确为局部外用药
review_missing_efficacy,,鲑降钙素鼻用粉雾剂,western,,,0.0,,,钙稳态药 | 抗甲状旁腺药 | 降钙素类,,,,https://www.yao86.com/%E8%A5%BF%E8%8D%AF/%E9%B2%91%E9%99%8D%E9%92%99%E7%B4%A0%E9%BC%BB%E7%94%A8%E7%B2%89%E9%9B%BE%E5%89%82,站点分类无法可靠映射到项目现有类别
already_present,10687,炔诺孕酮炔雌醚片,western,14,14,0.96,健康育龄妇女避免用，适用于愿持续服用避孕片者。,妇产科用药 | 避孕药,性激素和生殖系统调节药 | 孕激素和雌激素的复方 | 孕激素和雌激素，固定的配方,,,,https://www.yao86.com/%E8%A5%BF%E8%8D%AF/%E7%82%94%E8%AF%BA%E5%AD%95%E9%85%AE%E7%82%94%E9%9B%8C%E9%86%9A%E7%89%87,站点药理或 ATC 分类明确为妇科用药
already_present,10688,炔诺酮片,western,14,14,0.96,用于月经不调、子宫功能出血、子宫内膜异位症等；单方或与雌激素合用能抑制排卵，作避孕药。,妇产科用药 | 避孕药,性激素和生殖系统调节药 | 孕激素类 | 雌烯衍生物类,,,,https://www.yao86.com/%E8%A5%BF%E8%8D%AF/%E7%82%94%E8%AF%BA%E9%85%AE%E7%89%87,站点药理或 ATC 分类明确为妇科用药
already_present,10689,炔诺酮滴丸,western,14,14,0.96,用于女性探亲时短效避孕。,妇产科用药 | 避孕药,性激素和生殖系统调节药 | 孕激素类 | 雌烯衍生物类,,,,https://www.yao86.com/%E8%A5%BF%E8%8D%AF/%E7%82%94%E8%AF%BA%E9%85%AE%E6%BB%B4%E4%B8%B8,站点药理或 ATC 分类明确为妇科用药
review_unclassified,,骨肽片,western,,,0.0,用于骨性关节炎；风湿、类风湿关节炎；骨折。,激素及影响内分泌药 | 钙代谢调节药及抗骨质疏松药,骨病治疗药 | 影响骨结构与其矿物质化的药物 | 其它影响骨结构与其矿物质化的药物,,,,https://www.yao86.com/%E8%A5%BF%E8%8D%AF/%E9%AA%A8%E8%82%BD%E7%89%87,站点分类无法可靠映射到项目现有类别
already_present,10690,健儿止泻颗粒,tcm,5,5,0.96,固脾止泻。用于小儿伤于乳食，寒暖失调所致的泄泻。,补益剂 | 补气,消化系统与代谢药 | 止泻药、肠道抗炎、抗感染药,,,,https://www.yao86.com/%E4%B8%AD%E6%88%90%E8%8D%AF/%E5%81%A5%E5%84%BF%E6%AD%A2%E6%B3%BB%E9%A2%97%E7%B2%92,站点分类明确为止泻或肠道吸附药
already_present,133,经带宁胶囊,tcm,14,14,0.96,苗医：旭嘎凯沓痂，三除内挡带，挡孟扭哈向。陡陡巢窝耩罗，巢窝家科。中医：清热解毒，除湿止带，调经止痛。用于热毒瘀滞所致的经期腹痛，经血色暗，挟有血块，带下量多，阴部瘙痒灼热。,祛湿剂 | 清热除湿,生殖泌尿系统药物 | 妇科用药 | 调经药物,,,,https://www.yao86.com/%E4%B8%AD%E6%88%90%E8%8D%AF/%E7%BB%8F%E5%B8%A6%E5%AE%81%E8%83%B6%E5%9B%8A,保留数据库现有分类；站点药理或 ATC 分类明确为妇科用药
already_present,10691,姜黄通络胶囊,tcm,12,12,0.95,活血化瘀，化痰熄风。用于轻中度脑梗死(中风病中经络)恢复期中医辨证属风痰瘀阻证者。症见半身不遂、口舌歪斜、舌强言謇或不语，偏身麻木、痰多而黏、舌苔白腻等。,祛痰剂 | 治风化痰,心脑血管与血液系统药物 | 心血管疾病治疗药,,,,https://www.yao86.com/%E4%B8%AD%E6%88%90%E8%8D%AF/%E5%A7%9C%E9%BB%84%E9%80%9A%E7%BB%9C%E8%83%B6%E5%9B%8A,站点药理或 ATC 分类明确为心脑血管用药
already_present,10692,健儿素颗粒,tcm,5,5,0.93,益气健脾，和胃运中。用于小儿脾胃虚弱，消化不良，腹满胀痛，面黄肌瘦。,补益剂 | 补气,消化系统与代谢药 | 提升食欲、促消化药,,,,https://www.yao86.com/%E4%B8%AD%E6%88%90%E8%8D%AF/%E5%81%A5%E5%84%BF%E7%B4%A0%E9%A2%97%E7%B2%92,站点药理或 ATC 分类明确为胃肠消化用药
already_present,10693,健宝灵片,tcm,5,5,0.93,健脾益胃，促进生长，增强抵抗力。用于食欲不振，发育不良，病后体弱。,补益剂 | 补气,消化系统与代谢药 | 提升食欲、促消化药,,,,https://www.yao86.com/%E4%B8%AD%E6%88%90%E8%8D%AF/%E5%81%A5%E5%AE%9D%E7%81%B5%E7%89%87,站点药理或 ATC 分类明确为胃肠消化用药
already_present,10694,健宝灵颗粒,tcm,5,5,0.93,健脾益胃，促进生长，增强抵抗力。用于食欲不振，发育不良，病后体弱。,补益剂 | 补气,消化系统与代谢药 | 提升食欲、促消化药,,,,https://www.yao86.com/%E4%B8%AD%E6%88%90%E8%8D%AF/%E5%81%A5%E5%AE%9D%E7%81%B5%E9%A2%97%E7%B2%92,站点药理或 ATC 分类明确为胃肠消化用药
already_present,10695,金朴消积颗粒,tcm,5,5,0.93,本品运脾除湿，导滞和中，用于小儿厌食之脾失健运证，症见食欲不振，食量减少，大便干或粘滞不爽，嗳气，恶心，干呕等。,消食剂 | 健脾消食,消化系统与代谢药 | 提升食欲、促消化药,,,,https://www.yao86.com/%E4%B8%AD%E6%88%90%E8%8D%AF/%E9%87%91%E6%9C%B4%E6%B6%88%E7%A7%AF%E9%A2%97%E7%B2%92,站点药理或 ATC 分类明确为胃肠消化用药
already_present,10696,结石清胶囊,tcm,5,5,0.93,苗医：旭嘎帜沓内，墟畏，档孟；乃兴仰蒙浮管兜，脚溜洼。中医：利胆排石，活血止痛。用于肝胆湿热蕴结所致胆囊炎、胆石症。,祛湿剂 | 清热除湿,消化系统与代谢药 | 肝、胆疾病治疗药 | 胆病治疗药,,,,https://www.yao86.com/%E4%B8%AD%E6%88%90%E8%8D%AF/%E7%BB%93%E7%9F%B3%E6%B8%85%E8%83%B6%E5%9B%8A,站点药理或 ATC 分类明确为胃肠消化用药
already_present,10697,结石通胶囊,tcm,13,13,0.9,清热利湿，通淋排石，镇痛止血。用于泌尿系统感染，膀胱炎，肾炎水肿，尿路结石，血尿，淋沥混浊，尿道灼痛等。,祛湿剂 | 清热除湿,生殖泌尿系统药物 | 泌尿系统药物 | 尿结石药物,,,,https://www.yao86.com/%E4%B8%AD%E6%88%90%E8%8D%AF/%E7%BB%93%E7%9F%B3%E9%80%9A%E8%83%B6%E5%9B%8A,站点明确收录为中成药，未命中更具体项目类别
already_present,10698,结石通片,tcm,13,13,0.9,清热利湿，通淋排石，镇痛止血。用于泌尿系统感染，膀胱炎，肾炎水肿，尿路结石，血尿，淋沥混浊，尿道灼痛等。,祛湿剂 | 清热除湿,生殖泌尿系统药物 | 泌尿系统药物 | 尿结石药物,,,,https://www.yao86.com/%E4%B8%AD%E6%88%90%E8%8D%AF/%E7%BB%93%E7%9F%B3%E9%80%9A%E7%89%87,站点明确收录为中成药，未命中更具体项目类别
review_unclassified,,硼砂甘油钾溶液,western,,,0.0,用于手、足皲裂，也可用于角化型手、足癣引起的皲裂。,皮肤科用药 | 其他皮肤科药,润肤药和护肤药 | 液膏类,,,,https://www.yao86.com/%E8%A5%BF%E8%8D%AF/%E7%A1%BC%E7%A0%82%E7%94%98%E6%B2%B9%E9%92%BE%E6%BA%B6%E6%B6%B2,站点分类无法可靠映射到项目现有类别
already_present,10699,培哚普利吲达帕胺片,western,12,12,0.95,用于成人原发性高血压的治疗。,心血管系统用药 | 抗心力衰竭药,作用于肾素-血管紧张素系统的药物 | 血管紧张素转化酶抑制药，复方 | 血管紧张素转化酶抑制药和利尿剂,百普乐,,,https://www.yao86.com/%E8%A5%BF%E8%8D%AF/%E5%9F%B9%E5%93%9A%E6%99%AE%E5%88%A9%E5%90%B2%E8%BE%BE%E5%B8%95%E8%83%BA%E7%89%87,站点药理或 ATC 分类明确为心脑血管用药
already_present,10700,培哚普利片,western,12,12,0.95,高血压与充血性心力衰竭。,心血管系统用药 | 抗心力衰竭药,作用于肾素-血管紧张素系统的药物 | 血管紧张素转化酶抑制药，单方,雅施达,,,https://www.yao86.com/%E8%A5%BF%E8%8D%AF/%E5%9F%B9%E5%93%9A%E6%99%AE%E5%88%A9%E7%89%87,站点药理或 ATC 分类明确为心脑血管用药
already_present,10701,培哚普利叔丁胺片,western,12,12,0.95,高血压与充血性心力衰竭。,心血管系统用药 | 抗心力衰竭药,作用于肾素-血管紧张素系统的药物 | 血管紧张素转化酶抑制药，单方,,,,https://www.yao86.com/%E8%A5%BF%E8%8D%AF/%E5%9F%B9%E5%93%9A%E6%99%AE%E5%88%A9%E5%8F%94%E4%B8%81%E8%83%BA%E7%89%87,站点药理或 ATC 分类明确为心脑血管用药
review_unclassified,,葡萄糖粉剂,western,,,0.0,营养辅助药，用于人体营养补充。,泌尿系统用药 | 利尿药及脱水药,一般营养药 | 其它营养 | 碳水化合物,,,,https://www.yao86.com/%E8%A5%BF%E8%8D%AF/%E8%91%A1%E8%90%84%E7%B3%96%E7%B2%89%E5%89%82,站点分类无法可靠映射到项目现有类别
review_missing_efficacy,,硼酸冰片,western,,,0.0,,耳鼻喉科用药 | 耳部疾病用药,耳科用药 | 抗感染药,,,,https://www.yao86.com/%E8%A5%BF%E8%8D%AF/%E7%A1%BC%E9%85%B8%E5%86%B0%E7%89%87,站点分类无法可靠映射到项目现有类别
already_present,10702,硼酸冰片滴耳液,western,9,9,0.94,耳内消炎止痛药。用于耳底、耳塞、耳内流黄水等症。,耳鼻喉科用药 | 耳部疾病用药,耳科用药 | 抗感染药,,,,https://www.yao86.com/%E8%A5%BF%E8%8D%AF/%E7%A1%BC%E9%85%B8%E5%86%B0%E7%89%87%E6%BB%B4%E8%80%B3%E6%B6%B2,剂型或站点分类明确为局部外用药
already_present,10703,生血宝颗粒,tcm,13,13,0.9,滋补肝肾，益气生血。用于肝肾不足、气血两虚所致的神疲乏力、腰膝痠软、头晕耳鸣、心悸、气短、失眠、咽干、纳差食少；放、化疗所致的白细胞减少，缺铁性贫血见上述证候者。,补益剂 | 气血双补,补气补血药物 | 补血药物,,,,https://www.yao86.com/%E4%B8%AD%E6%88%90%E8%8D%AF/%E7%94%9F%E8%A1%80%E5%AE%9D%E9%A2%97%E7%B2%92,站点明确收录为中成药，未命中更具体项目类别
already_present,10704,生血宝合剂,tcm,13,13,0.9,滋补肝肾，益气生血。用于肝肾不足、气血两虚所致的神疲乏力、腰膝痠软、头晕耳鸣、心悸、气短、失眠、咽干、纳差食少；放、化疗所致的白细胞减少，缺铁性贫血见上述证候者。,补益剂 | 气血双补,补气补血药物 | 补血药物,,,,https://www.yao86.com/%E4%B8%AD%E6%88%90%E8%8D%AF/%E7%94%9F%E8%A1%80%E5%AE%9D%E5%90%88%E5%89%82,站点明确收录为中成药，未命中更具体项目类别
already_present,10705,十味益脾颗粒,tcm,5,5,0.93,补脾益气，消食健胃，增进乳食。用于小儿厌食症脾虚食滞。可用于：食欲不振、食量减少、面色无华、神疲力、大便溏薄、形体消瘦、腹涨、舌燥红、苔白腻等症。,消食剂 | 健脾消食,消化系统与代谢药 | 提升食欲、促消化药,,,,https://www.yao86.com/%E4%B8%AD%E6%88%90%E8%8D%AF/%E5%8D%81%E5%91%B3%E7%9B%8A%E8%84%BE%E9%A2%97%E7%B2%92,站点药理或 ATC 分类明确为胃肠消化用药
already_present,10706,石膏散,tcm,13,13,0.9,清热法火，消肿止痛。用于胃火上升引起的牙齿疼痛；口舌糜烂，牙龈出血。,局部用止痛剂,呼吸系统药物 | 清热解毒药物,,,,https://www.yao86.com/%E4%B8%AD%E6%88%90%E8%8D%AF/%E7%9F%B3%E8%86%8F%E6%95%A3,站点明确收录为中成药，未命中更具体项目类别
already_present,10707,烧烫宁喷雾剂,tcm,9,9,0.94,清热解毒，活血化瘀，收敛生肌。用于轻度小面积水火烫伤。,治疮疡剂 | 去腐生肌,皮肤病药物 | 创伤和溃疡治疗药 | 烧烫伤药物,,,,https://www.yao86.com/%E4%B8%AD%E6%88%90%E8%8D%AF/%E7%83%A7%E7%83%AB%E5%AE%81%E5%96%B7%E9%9B%BE%E5%89%82,剂型或站点分类明确为局部外用药
already_present,10708,石榴健胃胶囊,tcm,5,5,0.93,温胃益火。用于消化不良，食欲不振，寒性腹泻等。,消食剂 | 健脾消食,消化系统与代谢药 | 胃病相关药物,,,,https://www.yao86.com/%E4%B8%AD%E6%88%90%E8%8D%AF/%E7%9F%B3%E6%A6%B4%E5%81%A5%E8%83%83%E8%83%B6%E5%9B%8A,站点药理或 ATC 分类明确为胃肠消化用药
already_present,10709,石榴健胃丸,tcm,5,5,0.93,温胃益火。用于消化不良，食欲不振，寒性腹泻。,消食剂 | 健脾消食,消化系统与代谢药 | 胃病相关药物,,,,https://www.yao86.com/%E4%B8%AD%E6%88%90%E8%8D%AF/%E7%9F%B3%E6%A6%B4%E5%81%A5%E8%83%83%E4%B8%B8,站点药理或 ATC 分类明确为胃肠消化用药
already_present,10710,石榴健胃散,tcm,5,5,0.93,温胃益火。用于消化不良，食欲不振，寒性腹泻。,消食剂 | 健脾消食,消化系统与代谢药 | 胃病相关药物,,,,https://www.yao86.com/%E4%B8%AD%E6%88%90%E8%8D%AF/%E7%9F%B3%E6%A6%B4%E5%81%A5%E8%83%83%E6%95%A3,站点药理或 ATC 分类明确为胃肠消化用药
already_present,10711,石榴健胃片,tcm,5,5,0.93,温胃益火，化滞除湿，温通脉道。用于消化不良，食欲不振，寒性腹泻。,消食剂 | 健脾消食,消化系统与代谢药 | 胃病相关药物,大得利,,,https://www.yao86.com/%E4%B8%AD%E6%88%90%E8%8D%AF/%E7%9F%B3%E6%A6%B4%E5%81%A5%E8%83%83%E7%89%87,站点药理或 ATC 分类明确为胃肠消化用药
already_present,10712,舒尔经胶囊,tcm,14,14,0.96,疏肝活血，调经止痛。用于痛经、月经量少、后错属气滞血瘀证者。,理气剂 | 理气疏肝,生殖泌尿系统药物 | 妇科用药 | 调经药物,,,,https://www.yao86.com/%E4%B8%AD%E6%88%90%E8%8D%AF/%E8%88%92%E5%B0%94%E7%BB%8F%E8%83%B6%E5%9B%8A,站点药理或 ATC 分类明确为妇科用药
already_present,10713,舒尔经颗粒,tcm,14,14,0.96,活血疏肝，止痛调经。用于痛经。症见月经将至前便觉性情急躁，胸乳胀痛或乳房有块，小腹两侧或一侧胀痛，经初行不畅，色暗或有血块。,理气剂 | 理气疏肝,生殖泌尿系统药物 | 妇科用药 | 调经药物,,,,https://www.yao86.com/%E4%B8%AD%E6%88%90%E8%8D%AF/%E8%88%92%E5%B0%94%E7%BB%8F%E9%A2%97%E7%B2%92,站点药理或 ATC 分类明确为妇科用药
already_present,10714,舒尔经片,tcm,14,14,0.96,疏肝活血，调经止痛。用于痛经、月经量少、后错属气滞血瘀证者。,理气剂 | 理气疏肝,生殖泌尿系统药物 | 妇科用药 | 调经药物,,,,https://www.yao86.com/%E4%B8%AD%E6%88%90%E8%8D%AF/%E8%88%92%E5%B0%94%E7%BB%8F%E7%89%87,站点药理或 ATC 分类明确为妇科用药
already_present,10715,薯莨片,tcm,14,14,0.96,止血。用于月经过多，功能性子宫出血，产后出血。,理血剂 | 止血,生殖泌尿系统药物 | 妇科用药 | 调经药物,,,,https://www.yao86.com/%E4%B8%AD%E6%88%90%E8%8D%AF/%E8%96%AF%E8%8E%A8%E7%89%87,站点药理或 ATC 分类明确为妇科用药
already_present,10716,十一味维命丸,tcm,13,13,0.9,镇静安神。用于“索龙”病引起的神志紊乱、惊悸、哑结、失眠多梦，头晕目眩。,安神剂 | 其它,神经系统药物 | 精神安定药 | 催眠镇静药,,,,https://www.yao86.com/%E4%B8%AD%E6%88%90%E8%8D%AF/%E5%8D%81%E4%B8%80%E5%91%B3%E7%BB%B4%E5%91%BD%E4%B8%B8,站点明确收录为中成药，未命中更具体项目类别
already_present,10717,十一味维命胶囊,tcm,13,13,0.9,镇静安神。用于“索龙”病引起的神志紊乱、惊悸、哑结、失眠多梦，头晕目眩。,安神剂 | 其它,神经系统药物 | 精神安定药 | 催眠镇静药,,,,https://www.yao86.com/%E4%B8%AD%E6%88%90%E8%8D%AF/%E5%8D%81%E4%B8%80%E5%91%B3%E7%BB%B4%E5%91%BD%E8%83%B6%E5%9B%8A,站点明确收录为中成药，未命中更具体项目类别
already_present,10718,十一味维命散,tcm,13,13,0.9,镇静安神。用于“索龙”病引起的神志紊乱、惊悸、失眠多梦、头晕目眩。,安神剂 | 重镇安神,神经系统药物 | 精神安定药 | 催眠镇静药,,,,https://www.yao86.com/%E4%B8%AD%E6%88%90%E8%8D%AF/%E5%8D%81%E4%B8%80%E5%91%B3%E7%BB%B4%E5%91%BD%E6%95%A3,站点明确收录为中成药，未命中更具体项目类别
review_missing_efficacy,,盐酸米诺环素颗粒,western,,,0.0,,,系统用抗细菌药 | 四环素类,,,,https://www.yao86.com/%E8%A5%BF%E8%8D%AF/%E7%9B%90%E9%85%B8%E7%B1%B3%E8%AF%BA%E7%8E%AF%E7%B4%A0%E9%A2%97%E7%B2%92,站点分类无法可靠映射到项目现有类别
review_missing_efficacy,,盐酸米诺环素牙周缓释膜,western,,,0.0,,,口腔疾病药物 | 口腔局部治疗用抗感染药和灭菌药,,,,https://www.yao86.com/%E8%A5%BF%E8%8D%AF/%E7%9B%90%E9%85%B8%E7%B1%B3%E8%AF%BA%E7%8E%AF%E7%B4%A0%E7%89%99%E5%91%A8%E7%BC%93%E9%87%8A%E8%86%9C,站点分类无法可靠映射到项目现有类别
already_present,1619,乙氧苯柳胺软膏,western,9,9,0.96,适用于慢性湿疹及神经性皮炎。,免疫系统用药 | 免疫抑制药,其它治疗皮肤病药物 | 其它皮肤病用药,艾迪特,,,https://www.yao86.com/%E8%A5%BF%E8%8D%AF/%E4%B9%99%E6%B0%A7%E8%8B%AF%E6%9F%B3%E8%83%BA%E8%BD%AF%E8%86%8F,保留数据库现有分类；外用剂型且站点 ATC 分类明确为皮肤局部用药
already_present,1690,养血清脑颗粒,tcm,12,12,0.94,养血平肝，活血通络。用于血虚肝旺所致头痛，眩晕眼花，心烦易怒，失眠多梦。,治风剂 | 平熄内风,神经系统药物 | 镇痛药 | 抗偏头痛药,,,,https://www.yao86.com/%E4%B8%AD%E6%88%90%E8%8D%AF/%E5%85%BB%E8%A1%80%E6%B8%85%E8%84%91%E9%A2%97%E7%B2%92,保留数据库现有分类；站点药理或 ATC 分类明确为镇痛/抗炎药
already_present,10719,养血清脑丸,tcm,3,3,0.94,养血平肝，活血通络。用于血虚肝旺所致的头痛，眩晕眼花，心烦易怒，失眠多梦。,治风剂 | 平熄内风,神经系统药物 | 镇痛药 | 抗偏头痛药,,,,https://www.yao86.com/%E4%B8%AD%E6%88%90%E8%8D%AF/%E5%85%BB%E8%A1%80%E6%B8%85%E8%84%91%E4%B8%B8,站点药理或 ATC 分类明确为镇痛/抗炎药
already_present,10720,养血生发胶囊,tcm,13,13,0.9,养血祛风，益肾填精。用于血虚风盛、肾精不足所致的脱发，症见毛发松动或呈稀疏状脱落、毛发干燥或油腻、头皮瘙痒；斑秃、全秃、脂溢性脱发与病后、产后脱发见上述证侯者。,补益剂 | 滋阴养血,皮肤病药物 | 其它治疗皮肤病药物,,,,https://www.yao86.com/%E4%B8%AD%E6%88%90%E8%8D%AF/%E5%85%BB%E8%A1%80%E7%94%9F%E5%8F%91%E8%83%B6%E5%9B%8A,站点明确收录为中成药，未命中更具体项目类别
already_present,10721,养血补肾丸,tcm,13,13,0.9,补肝肾，益精血。用于肝肾不足所致腰膝不利，头昏目眩，须发早白。,补益剂 | 滋阴养血,生殖泌尿系统药物 | 泌尿系统药物 | 补肾药物（勃起机能障碍用药）,,,,https://www.yao86.com/%E4%B8%AD%E6%88%90%E8%8D%AF/%E5%85%BB%E8%A1%80%E8%A1%A5%E8%82%BE%E4%B8%B8,站点明确收录为中成药，未命中更具体项目类别
already_present,1542,腰痛宁胶囊,tcm,3,3,0.9,消肿止痛，疏散寒邪，温经通络。用于寒湿瘀阻经络所致的腰椎间盘突出症、坐骨神经痛、腰肌劳损、腰肌纤维炎、风湿性关节痛，症见腰腿痛，关节痛及肢体活动受限者。,治风剂 | 祛风止痛,肌肉-骨骼系统药物 | 关节和肌肉疼痛局部用药,,,,https://www.yao86.com/%E4%B8%AD%E6%88%90%E8%8D%AF/%E8%85%B0%E7%97%9B%E5%AE%81%E8%83%B6%E5%9B%8A,保留数据库现有分类；站点明确收录为中成药，未命中更具体项目类别
already_present,10722,养胃宁胶囊,tcm,5,5,0.93,调中养胃，理气止痛。用于急慢性胃炎、溃疡病、胃神经官能症。,理气剂 | 理气和中,消化系统与代谢药 | 胃病相关药物,,,,https://www.yao86.com/%E4%B8%AD%E6%88%90%E8%8D%AF/%E5%85%BB%E8%83%83%E5%AE%81%E8%83%B6%E5%9B%8A,站点药理或 ATC 分类明确为胃肠消化用药
already_present,10723,益气六君丸,tcm,5,5,0.93,补气健脾。用于脾胃虚弱，食少便溏，胸脘胀闷。,补益剂 | 补气,消化系统与代谢药 | 提升食欲、促消化药,,,,https://www.yao86.com/%E4%B8%AD%E6%88%90%E8%8D%AF/%E7%9B%8A%E6%B0%94%E5%85%AD%E5%90%9B%E4%B8%B8,站点药理或 ATC 分类明确为胃肠消化用药
already_present,10724,养荣祛斑膏,tcm,13,13,0.9,消斑润肤，用于面部黄褐斑、轻度雀斑、过敏性刺痒的辅助治疗。,其它功用,皮肤病药物 | 其它治疗皮肤病药物,,,,https://www.yao86.com/%E4%B8%AD%E6%88%90%E8%8D%AF/%E5%85%BB%E8%8D%A3%E7%A5%9B%E6%96%91%E8%86%8F,站点明确收录为中成药，未命中更具体项目类别
already_present,10725,腰痹通胶囊,tcm,13,13,0.9,活血化瘀，祛风除湿，行气止痛。用于血瘀气滞、脉络闭阻所致腰痛，症见腰腿疼痛，痛有定处，痛处拒按，轻者俯仰不便，重者剧痛不能转侧；腰椎间盘突出症见上述证候者。,治风剂 | 祛风止痛,肌肉-骨骼系统药物 | 关节和肌肉疼痛局部用药,,,,https://www.yao86.com/%E4%B8%AD%E6%88%90%E8%8D%AF/%E8%85%B0%E7%97%B9%E9%80%9A%E8%83%B6%E5%9B%8A,站点明确收录为中成药，未命中更具体项目类别
already_present,10726,硫酸阿巴卡韦口服溶液,western,2,2,0.96,本品用于与抗反转录病毒药物联合治疗人类免疫缺陷病毒(HIV)的感染。本品疗效的确证主要是基于与拉米夫定和齐多夫定联合用药，用于以往未接受过治疗的患者的研究结果(见【临床试验】)。,抗微生物药 | 抗病毒药,系统用抗病毒药 | 直接作用的抗病毒药 | 核苷类和核苷酸类逆转录酶抑制药,,,,https://www.yao86.com/%E8%A5%BF%E8%8D%AF/%E7%A1%AB%E9%85%B8%E9%98%BF%E5%B7%B4%E5%8D%A1%E9%9F%A6%E5%8F%A3%E6%9C%8D%E6%BA%B6%E6%B6%B2,站点药理或 ATC 分类明确为抗感染药
already_present,10727,硫酸阿巴卡韦片,western,2,2,0.96,本品用于与抗逆转录病毒药物联合治疗人类免疫缺陷病毒(HIV)的感染。本品疗效的确证主要是基于与拉米夫定和齐多夫定联合用药，用于以往未接受过治疗的患者的研究结果(见【药理毒理】)。,抗微生物药 | 抗病毒药,系统用抗病毒药 | 直接作用的抗病毒药 | 核苷类和核苷酸类逆转录酶抑制药,,,,https://www.yao86.com/%E8%A5%BF%E8%8D%AF/%E7%A1%AB%E9%85%B8%E9%98%BF%E5%B7%B4%E5%8D%A1%E9%9F%A6%E7%89%87,站点药理或 ATC 分类明确为抗感染药
already_present,10728,盐酸阿罗洛尔片,western,12,12,0.95,·原发性高血压(轻度-中度)·心绞痛·心动过速性心律失常·原发性震颤,心血管系统用药 | 抗心绞痛药,β-受体阻断药 | α-和β-受体阻断药,阿尔马尔,,,https://www.yao86.com/%E8%A5%BF%E8%8D%AF/%E7%9B%90%E9%85%B8%E9%98%BF%E7%BD%97%E6%B4%9B%E5%B0%94%E7%89%87,站点药理或 ATC 分类明确为心脑血管用药
already_present,10729,氨酚曲马多片,western,3,3,0.94,本品用于中度至重度急性疼痛的治疗。,镇痛、解热、抗炎、抗风湿、抗痛风药 | 镇痛药,镇痛药 | 其它解热镇痛药 | 酰苯胺类,及通安,,,https://www.yao86.com/%E8%A5%BF%E8%8D%AF/%E6%B0%A8%E9%85%9A%E6%9B%B2%E9%A9%AC%E5%A4%9A%E7%89%87,站点药理或 ATC 分类明确为镇痛/抗炎药
already_present,10730,氨酚曲马多胶囊,western,3,3,0.94,本品用于中度至重度急性疼痛的短期(5天或更短)治疗。,镇痛、解热、抗炎、抗风湿、抗痛风药 | 镇痛药,镇痛药 | 其它解热镇痛药 | 酰苯胺类,,,,https://www.yao86.com/%E8%A5%BF%E8%8D%AF/%E6%B0%A8%E9%85%9A%E6%9B%B2%E9%A9%AC%E5%A4%9A%E8%83%B6%E5%9B%8A,站点药理或 ATC 分类明确为镇痛/抗炎药
already_present,10731,氨茶碱口服溶液,western,17,17,0.96,适用于支气管哮喘、喘息型支气管炎、阻塞性肺气肿等缓解喘息症状；也可用于心源性肺水肿引起的哮喘。,呼吸系统用药 | 平喘药,阻塞性气管疾病用药 | 其它阻塞性气管病系统用药 | 黄嘌呤类,,,,https://www.yao86.com/%E8%A5%BF%E8%8D%AF/%E6%B0%A8%E8%8C%B6%E7%A2%B1%E5%8F%A3%E6%9C%8D%E6%BA%B6%E6%B6%B2,人工分类边界：西药支气管扩张剂归其它
already_present,10732,氨茶碱片,western,17,17,0.96,适用于支气管哮喘、喘息型支气管炎、阻塞性肺气肿等缓解喘息症状；也可用于心源性肺水肿引起的哮喘。,呼吸系统用药 | 平喘药,阻塞性气管疾病用药 | 其它阻塞性气管病系统用药 | 黄嘌呤类,,,,https://www.yao86.com/%E8%A5%BF%E8%8D%AF/%E6%B0%A8%E8%8C%B6%E7%A2%B1%E7%89%87,人工分类边界：西药支气管扩张剂归其它
already_present,10733,氨茶碱缓释片,western,17,17,0.96,适用于支气管哮喘、喘息型支气管炎、阻塞性肺气肿等缓解喘息症状；也可用于心源性肺水肿引起的哮喘。,呼吸系统用药 | 平喘药,阻塞性气管疾病用药 | 其它阻塞性气管病系统用药 | 黄嘌呤类,,,,https://www.yao86.com/%E8%A5%BF%E8%8D%AF/%E6%B0%A8%E8%8C%B6%E7%A2%B1%E7%BC%93%E9%87%8A%E7%89%87,人工分类边界：西药支气管扩张剂归其它
review_missing_efficacy,,氨茶碱栓,western,,,0.0,,,阻塞性气管疾病用药 | 其它阻塞性气管病系统用药 | 黄嘌呤类,,,,https://www.yao86.com/%E8%A5%BF%E8%8D%AF/%E6%B0%A8%E8%8C%B6%E7%A2%B1%E6%A0%93,站点分类无法可靠映射到项目现有类别
already_present,10734,盐酸奥昔非君片,western,12,12,0.95,用于冠心病、心绞痛、心肌梗死。,心血管系统用药 | 抗心绞痛药,心脏病治疗用药 | 治疗心脏病用血管舒张药 | 治疗心脏病用其它血管舒张药,,,,https://www.yao86.com/%E8%A5%BF%E8%8D%AF/%E7%9B%90%E9%85%B8%E5%A5%A5%E6%98%94%E9%9D%9E%E5%90%9B%E7%89%87,站点药理或 ATC 分类明确为心脑血管用药
already_present,10735,盐酸阿比多尔胶囊,western,2,2,0.96,治疗由A、B型流感病毒引起的上呼吸道感染。,抗微生物药 | 抗病毒药,系统用抗病毒药 | 直接作用的抗病毒药 | 其它抗病毒药,,,,https://www.yao86.com/%E8%A5%BF%E8%8D%AF/%E7%9B%90%E9%85%B8%E9%98%BF%E6%AF%94%E5%A4%9A%E5%B0%94%E8%83%B6%E5%9B%8A,站点药理或 ATC 分类明确为抗感染药
already_present,10736,盐酸阿比多尔颗粒,western,2,2,0.96,治疗由A、B型流感病毒等引起的上呼吸道感染。,抗微生物药 | 抗病毒药,系统用抗病毒药 | 直接作用的抗病毒药 | 其它抗病毒药,,,,https://www.yao86.com/%E8%A5%BF%E8%8D%AF/%E7%9B%90%E9%85%B8%E9%98%BF%E6%AF%94%E5%A4%9A%E5%B0%94%E9%A2%97%E7%B2%92,站点药理或 ATC 分类明确为抗感染药
already_present,10737,盐酸阿比多尔片,western,2,2,0.96,治疗由A、B型流感病毒等引起的上呼吸道感染。,抗微生物药 | 抗病毒药,系统用抗病毒药 | 直接作用的抗病毒药 | 其它抗病毒药,玛诺苏,,,https://www.yao86.com/%E8%A5%BF%E8%8D%AF/%E7%9B%90%E9%85%B8%E9%98%BF%E6%AF%94%E5%A4%9A%E5%B0%94%E7%89%87,站点药理或 ATC 分类明确为抗感染药
already_present,10738,盐酸阿比多尔分散片,western,2,2,0.96,治疗由A、B型流感病毒引起的上呼吸道感染。,抗微生物药 | 抗病毒药,系统用抗病毒药 | 直接作用的抗病毒药 | 其它抗病毒药,再立克,,,https://www.yao86.com/%E8%A5%BF%E8%8D%AF/%E7%9B%90%E9%85%B8%E9%98%BF%E6%AF%94%E5%A4%9A%E5%B0%94%E5%88%86%E6%95%A3%E7%89%87,站点药理或 ATC 分类明确为抗感染药
already_present,10739,阿达帕林凝胶,western,9,9,0.94,本品适用于以粉刺、丘疹和脓疱为主要表现的寻常型痤疮的皮肤治疗。亦可用于治疗面部、胸和背部的痤疮。,皮肤科用药 | 角质溶解药,抗痤疮药 | 局部用抗痤疮药 | 治疗痤疮用视黄醇类药物,,,,https://www.yao86.com/%E8%A5%BF%E8%8D%AF/%E9%98%BF%E8%BE%BE%E5%B8%95%E6%9E%97%E5%87%9D%E8%83%B6,剂型或站点分类明确为局部外用药
review_missing_efficacy,,阿达帕林盐酸克林霉素复方凝胶,western,,9,0.94,,,抗痤疮药 | 局部用抗痤疮药 | 治疗痤疮用视黄醇类药物,,,,https://www.yao86.com/%E8%A5%BF%E8%8D%AF/%E9%98%BF%E8%BE%BE%E5%B8%95%E6%9E%97%E7%9B%90%E9%85%B8%E5%85%8B%E6%9E%97%E9%9C%89%E7%B4%A0%E5%A4%8D%E6%96%B9%E5%87%9D%E8%83%B6,剂型或站点分类明确为局部外用药
already_present,10740,参蛾助阳合剂,tcm,13,13,0.9,补肾助阳。适用于肾阳虚引起的腰膝酸软，畏寒肢冷，气短乏力，尿频不利等症。,补益剂 | 补阳,生殖泌尿系统药物 | 泌尿系统药物 | 补肾药物（勃起机能障碍用药）,,,,https://www.yao86.com/%E4%B8%AD%E6%88%90%E8%8D%AF/%E5%8F%82%E8%9B%BE%E5%8A%A9%E9%98%B3%E5%90%88%E5%89%82,站点明确收录为中成药，未命中更具体项目类别
already_present,10741,参贝北瓜膏,tcm,1,1,0.95,平喘化痰，润肺止咳，补中益气。用于哮喘气急，肺虚咳嗽，痰多津少。,止咳平喘剂 | 止咳平喘,呼吸系统药物 | 咳嗽和感冒用药,,,,https://www.yao86.com/%E4%B8%AD%E6%88%90%E8%8D%AF/%E5%8F%82%E8%B4%9D%E5%8C%97%E7%93%9C%E8%86%8F,站点药理分类明确为止咳或祛痰药
already_present,10742,参贝北瓜颗粒,tcm,1,1,0.95,补脾益肺，止咳化痰。用于肺脾气虚之咳嗽、痰多、气短或乏力。,止咳平喘剂 | 止咳平喘,呼吸系统药物 | 咳嗽和感冒用药,,,,https://www.yao86.com/%E4%B8%AD%E6%88%90%E8%8D%AF/%E5%8F%82%E8%B4%9D%E5%8C%97%E7%93%9C%E9%A2%97%E7%B2%92,站点药理分类明确为止咳或祛痰药
already_present,10743,参泽舒肝胶囊,tcm,12,12,0.95,祛湿降浊，舒肝健脾。用于非酒精性脂肪性肝炎，伴随肝酶升高，中医辨证属于瘀血湿热内阻者，症见肝区不适或疼痛，痛处不移，脘腹胀满，体倦身重，形体肥胖，恶心，纳差，大便不调，小便黄等。,祛痰剂 | 化痰降脂,心脑血管与血液系统药物 | 其他心脑血管与血液系统药物,,,,https://www.yao86.com/%E4%B8%AD%E6%88%90%E8%8D%AF/%E5%8F%82%E6%B3%BD%E8%88%92%E8%82%9D%E8%83%B6%E5%9B%8A,站点药理或 ATC 分类明确为心脑血管用药
already_present,10744,参蛾温肾口服液,tcm,13,13,0.9,温肾助阳。适用于肾阳虚所致神疲乏力，畏寒肢冷，腰膝酸软，尿后余沥的辅助治疗。,补益剂 | 补阳,生殖泌尿系统药物 | 泌尿系统药物 | 补肾药物（勃起机能障碍用药）,,,,https://www.yao86.com/%E4%B8%AD%E6%88%90%E8%8D%AF/%E5%8F%82%E8%9B%BE%E6%B8%A9%E8%82%BE%E5%8F%A3%E6%9C%8D%E6%B6%B2,站点明确收录为中成药，未命中更具体项目类别
already_present,10745,参锁巴戟口服液,tcm,13,13,0.9,补肾温阳。用于肾阳不足所致的腰膝酸软，畏寒肢冷，神疲乏力，夜尿频多。,补益剂 | 补阳,生殖泌尿系统药物 | 泌尿系统药物 | 补肾药物（勃起机能障碍用药）,,,,https://www.yao86.com/%E4%B8%AD%E6%88%90%E8%8D%AF/%E5%8F%82%E9%94%81%E5%B7%B4%E6%88%9F%E5%8F%A3%E6%9C%8D%E6%B6%B2,站点明确收录为中成药，未命中更具体项目类别
review_missing_efficacy,,иҷ«иҚүе·қиҙқжӯўе’іиҢ¶,tcm,,13,0.9,,,,,,,https://www.yao86.com/%E4%B8%AD%E6%88%90%E8%8D%AF/%E8%99%AB%E8%8D%89%E5%B7%9D%E8%B4%9D%E6%AD%A2%E5%92%B3%E8%8C%B6,站点明确收录为中成药，未命中更具体项目类别
already_present,10746,参阳胶囊,tcm,13,13,0.9,温补脾肾。用于前列腺增生症，脾肾阳虚所致的腰膝酸软，畏寒肢冷，体倦乏力，食少便溏，排尿点滴不爽，排出无力。,补益剂 | 补阳,生殖泌尿系统药物 | 泌尿系统药物 | 补肾药物（勃起机能障碍用药）,,,,https://www.yao86.com/%E4%B8%AD%E6%88%90%E8%8D%AF/%E5%8F%82%E9%98%B3%E8%83%B6%E5%9B%8A,站点明确收录为中成药，未命中更具体项目类别
already_present,10747,参阳片,tcm,13,13,0.9,温补脾肾，用于脾肾阳虚所致的腰膝酸软，畏寒肢冷，体倦乏力，食少便溏，排尿不畅。,补益剂 | 补阳,生殖泌尿系统药物 | 泌尿系统药物 | 补肾药物（勃起机能障碍用药）,,,,https://www.yao86.com/%E4%B8%AD%E6%88%90%E8%8D%AF/%E5%8F%82%E9%98%B3%E7%89%87,站点明确收录为中成药，未命中更具体项目类别
already_present,10748,创灼膏,tcm,13,13,0.9,拔毒生肌；用于轻度水火烫伤，慢性湿疹及常见疮疖。,治疮疡剂 | 去腐生肌,皮肤病药物 | 创伤和溃疡治疗药 | 烧烫伤药物,,,,https://www.yao86.com/%E4%B8%AD%E6%88%90%E8%8D%AF/%E5%88%9B%E7%81%BC%E8%86%8F,站点明确收录为中成药，未命中更具体项目类别
review_missing_efficacy,,参附强心丸,tcm,,12,0.95,,补益剂 | 补阳,心脑血管与血液系统药物 | 心血管疾病治疗药,,,,https://www.yao86.com/%E4%B8%AD%E6%88%90%E8%8D%AF/%E5%8F%82%E9%99%84%E5%BC%BA%E5%BF%83%E4%B8%B8,站点药理或 ATC 分类明确为心脑血管用药
review_missing_efficacy,,达塞布韦钠片,western,,2,0.96,,,系统用抗病毒药 | 直接作用的抗病毒药 | 治疗丙肝病毒感染的抗病毒药物,,,,https://www.yao86.com/%E8%A5%BF%E8%8D%AF/%E8%BE%BE%E5%A1%9E%E5%B8%83%E9%9F%A6%E9%92%A0%E7%89%87,站点药理或 ATC 分类明确为抗感染药
already_present,10749,颠茄磺苄啶片,western,5,5,0.96,用于痢疾杆菌引起的慢性菌痢和其他敏感致病菌引起的肠炎等。,消化系统用药 | 其他消化系统用药,止泻药、肠道抗炎、抗感染药 | 肠道抗炎药,,,,https://www.yao86.com/%E8%A5%BF%E8%8D%AF/%E9%A2%A0%E8%8C%84%E7%A3%BA%E8%8B%84%E5%95%B6%E7%89%87,站点分类明确为止泻或肠道吸附药
already_present,10750,达克罗宁氯己定硫软膏,western,9,9,0.94,杀虫药。用于各种疥疮。,皮肤科用药 | 皮肤抗感染药,消毒灭菌药 | 双胍类和脒类,,,,https://www.yao86.com/%E8%A5%BF%E8%8D%AF/%E8%BE%BE%E5%85%8B%E7%BD%97%E5%AE%81%E6%B0%AF%E5%B7%B1%E5%AE%9A%E7%A1%AB%E8%BD%AF%E8%86%8F,剂型或站点分类明确为局部外用药
already_present,10751,多种维生素片(6),western,7,7,0.96,用于维生素B1、维生素B6、维生素B12需求量增加，且通过饮食摄入不能满足需求的患者(如消耗性疾病、妊娠、哺乳期)。,维生素、矿物质类药 | 维生素,维生素类 | 其它维生素药品，复方 | 维生素的复方,,,,https://www.yao86.com/%E8%A5%BF%E8%8D%AF/%E5%A4%9A%E7%A7%8D%E7%BB%B4%E7%94%9F%E7%B4%A0%E7%89%87%286%29,站点药理或 ATC 分类明确为维生素/矿物质
review_missing_efficacy,,多维片(6),western,,7,0.96,,,维生素类 | 多种维生素，复方 | 多种维生素和矿物质,,,,https://www.yao86.com/%E8%A5%BF%E8%8D%AF/%E5%A4%9A%E7%BB%B4%E7%89%87%286%29,站点药理或 ATC 分类明确为维生素/矿物质
reclassified_existing,10752,复方大红袍止血片,tcm,12,14,0.96,彝医：差嫫且凯斯多，斯开色土，卑开塞嘟。中医：收敛止血。用于功能性子宫出血，人工流产术后出血、放取环术后出血、鼻衄、胃出血及内痔出血等。,理血剂 | 止血,心脑血管与血液系统药物 | 抗出血药,,,,https://www.yao86.com/%E4%B8%AD%E6%88%90%E8%8D%AF/%E5%A4%8D%E6%96%B9%E5%A4%A7%E7%BA%A2%E8%A2%8D%E6%AD%A2%E8%A1%80%E7%89%87,站点药理或 ATC 分类明确为妇科用药
reclassified_existing,10753,复方大红袍止血胶囊,tcm,12,14,0.96,彝医：差嫫且凯斯多，斯开色土，卑开塞嘟。中医：收敛止血。用于功能性子宫出血，人工流产术后出血、放取环术后出血、鼻衄、胃出血及内痔出血等。,理血剂 | 止血,心脑血管与血液系统药物 | 抗出血药,,,,https://www.yao86.com/%E4%B8%AD%E6%88%90%E8%8D%AF/%E5%A4%8D%E6%96%B9%E5%A4%A7%E7%BA%A2%E8%A2%8D%E6%AD%A2%E8%A1%80%E8%83%B6%E5%9B%8A,站点药理或 ATC 分类明确为妇科用药
already_present,10754,复方垂盆草糖浆,tcm,5,5,0.93,清热解毒，活血利湿，有降低谷丙转氨酶的作用。用于急性肝炎及迁延性肝炎，慢性肝炎的活动期。,祛湿剂 | 清热除湿,消化系统与代谢药 | 肝、胆疾病治疗药 | 肝病治疗药,,,,https://www.yao86.com/%E4%B8%AD%E6%88%90%E8%8D%AF/%E5%A4%8D%E6%96%B9%E5%9E%82%E7%9B%86%E8%8D%89%E7%B3%96%E6%B5%86,站点药理或 ATC 分类明确为胃肠消化用药
already_present,10755,复方垂盆草颗粒,tcm,5,5,0.93,清热解毒，活血利湿，有降低谷丙转氨酶的作用。用于急性肝炎及慢性肝炎的活动期。,祛湿剂 | 清热除湿,消化系统与代谢药 | 肝、胆疾病治疗药 | 肝病治疗药,,,,https://www.yao86.com/%E4%B8%AD%E6%88%90%E8%8D%AF/%E5%A4%8D%E6%96%B9%E5%9E%82%E7%9B%86%E8%8D%89%E9%A2%97%E7%B2%92,站点药理或 ATC 分类明确为胃肠消化用药
already_present,10756,复方垂盆草胶囊,tcm,5,5,0.93,清热解毒，活血利湿，有降低丙氨酸氨基转移酶的作用。用于急、慢性肝炎的活动期。,祛湿剂 | 清热除湿,消化系统与代谢药 | 肝、胆疾病治疗药 | 肝病治疗药,,,,https://www.yao86.com/%E4%B8%AD%E6%88%90%E8%8D%AF/%E5%A4%8D%E6%96%B9%E5%9E%82%E7%9B%86%E8%8D%89%E8%83%B6%E5%9B%8A,站点药理或 ATC 分类明确为胃肠消化用药
already_present,10757,复方岗松洗液,tcm,14,14,0.96,清热解毒，泻火燥湿，杀虫止痒。用于湿热下注所致的阴痒、带下，症见：外阴阴道灼热瘙痒，阴道分泌物增多，黄稠而臭等症，以及滴虫性、霉菌性、非特异性阴道炎见上述证候者。,祛湿剂 | 清热除湿,生殖泌尿系统药物 | 妇科用药 | 妇科炎症治疗药,,,,https://www.yao86.com/%E4%B8%AD%E6%88%90%E8%8D%AF/%E5%A4%8D%E6%96%B9%E5%B2%97%E6%9D%BE%E6%B4%97%E6%B6%B2,站点药理或 ATC 分类明确为妇科用药
already_present,10758,复方岗松止痒洗液,tcm,14,14,0.96,清热燥湿，杀虫止痒。用于湿热下注所致的带下，阴痒的辅助治疗。,祛湿剂 | 清热除湿,生殖泌尿系统药物 | 妇科用药 | 妇科炎症治疗药,紧俏俏,,,https://www.yao86.com/%E4%B8%AD%E6%88%90%E8%8D%AF/%E5%A4%8D%E6%96%B9%E5%B2%97%E6%9D%BE%E6%AD%A2%E7%97%92%E6%B4%97%E6%B6%B2,站点药理或 ATC 分类明确为妇科用药
already_present,10759,复方岗稔片,tcm,5,5,0.93,清利湿热，活血通络，用于急性黄疸型肝炎及慢性肝炎有湿热症者。,祛湿剂 | 清热除湿,消化系统与代谢药 | 肝、胆疾病治疗药 | 肝病治疗药,,,,https://www.yao86.com/%E4%B8%AD%E6%88%90%E8%8D%AF/%E5%A4%8D%E6%96%B9%E5%B2%97%E7%A8%94%E7%89%87,站点药理或 ATC 分类明确为胃肠消化用药
already_present,10760,复方炔诺酮片,western,14,14,0.96,用于女性口服避孕。,妇产科用药 | 避孕药,性激素和生殖系统调节药 | 系统用激素类避孕药 | 孕激素和雌激素，固定复方,,,,https://www.yao86.com/%E8%A5%BF%E8%8D%AF/%E5%A4%8D%E6%96%B9%E7%82%94%E8%AF%BA%E9%85%AE%E7%89%87,站点药理或 ATC 分类明确为妇科用药
already_present,10761,复方氨基酸(8)维生素(11)胶囊,western,7,7,0.96,用于各种疾病所致的低蛋白血症的辅助治疗，如：慢性肝病、肝硬化或肾病所致的低蛋白血症；外科手术后或恶性肿瘤所致负氮平衡和低蛋白血症；补充膳食中的维生素摄入的不足。,维生素、矿物质类药 | 维生素,一般营养药 | 其它营养 | 氨基酸、碳水化合物、矿物质、维生素、复方,,,,https://www.yao86.com/%E8%A5%BF%E8%8D%AF/%E5%A4%8D%E6%96%B9%E6%B0%A8%E5%9F%BA%E9%85%B8%288%29%E7%BB%B4%E7%94%9F%E7%B4%A0%2811%29%E8%83%B6%E5%9B%8A,站点药理或 ATC 分类明确为维生素/矿物质
reclassified_existing,10762,复方川芎吲哚美辛胶囊,western,3,14,0.96,用于风湿引起的急、慢性肌肉骨骼疾病疼痛、头疼、牙痛、痛经、手术后及创伤痛。,镇痛、解热、抗炎、抗风湿、抗痛风药 | 解热镇痛、抗炎、抗风湿药,抗炎和抗风湿药 | 非甾体抗炎药和抗风湿药 | 其它非甾体抗炎药和抗风湿药,,,,https://www.yao86.com/%E8%A5%BF%E8%8D%AF/%E5%A4%8D%E6%96%B9%E5%B7%9D%E8%8A%8E%E5%90%B2%E5%93%9A%E7%BE%8E%E8%BE%9B%E8%83%B6%E5%9B%8A,站点药理或 ATC 分类明确为妇科用药
already_present,10763,复方桔梗枇杷糖浆,western,1,1,0.95,用于小儿多痰、咳嗽、支气管炎。,呼吸系统用药 | 祛痰药,咳嗽和感冒用药 | 止咳药和祛痰药的复方 | 其它止咳药和祛痰药,,,,https://www.yao86.com/%E8%A5%BF%E8%8D%AF/%E5%A4%8D%E6%96%B9%E6%A1%94%E6%A2%97%E6%9E%87%E6%9D%B7%E7%B3%96%E6%B5%86,站点药理分类明确为止咳或祛痰药
already_present,10764,复方盐酸羟苄利明片,western,5,5,0.93,主要适用于消化不良、胃痉挛、胃肠胀气、胃酸过多、胃溃疡、胃灼热、饮酒过多后产生的胃部不适、打嗝、反胃等。,消化系统用药 | 其他消化系统用药,治疗与胃酸分泌相关疾病的药物 | 治酸药 | 铝化合物类,,,,https://www.yao86.com/%E8%A5%BF%E8%8D%AF/%E5%A4%8D%E6%96%B9%E7%9B%90%E9%85%B8%E7%BE%9F%E8%8B%84%E5%88%A9%E6%98%8E%E7%89%87,站点药理或 ATC 分类明确为胃肠消化用药
already_present,10765,氟米龙滴眼液,western,9,9,0.94,治疗对类固醇敏感的睑结膜、球结膜、角膜及其它眼前段组织的炎症。,眼科用药 | 其他眼科用药,眼科用药 | 抗炎药 | 皮质甾体激素类，单方,艾氟龙(FML),,,https://www.yao86.com/%E8%A5%BF%E8%8D%AF/%E6%B0%9F%E7%B1%B3%E9%BE%99%E6%BB%B4%E7%9C%BC%E6%B6%B2,剂型或站点分类明确为局部外用药
already_present,10766,复方氨酚甲麻口服液,western,3,3,0.94,本品能缓解感冒早期的诸症状，如流涕、鼻塞、打喷嚏、咽喉痛、咳嗽、咳痰、恶寒、发热、头痛、关节痛、肌痛等。,镇痛、解热、抗炎、抗风湿、抗痛风药 | 解热镇痛、抗炎、抗风湿药,镇痛药 | 其它解热镇痛药 | 酰苯胺类,纳尔平,,,https://www.yao86.com/%E8%A5%BF%E8%8D%AF/%E5%A4%8D%E6%96%B9%E6%B0%A8%E9%85%9A%E7%94%B2%E9%BA%BB%E5%8F%A3%E6%9C%8D%E6%B6%B2,站点药理或 ATC 分类明确为镇痛/抗炎药
already_present,10767,复方氨酚甲麻颗粒,western,1,1,0.95,本品为儿童感冒对症治疗药。用于缓解由感冒引起的发热、头痛、关节痛、肌肉痛、流涕、鼻塞、喷嚏、咳嗽等症状。,呼吸系统用药 | 祛痰药,镇痛药 | 其它解热镇痛药 | 酰苯胺类,,,,https://www.yao86.com/%E8%A5%BF%E8%8D%AF/%E5%A4%8D%E6%96%B9%E6%B0%A8%E9%85%9A%E7%94%B2%E9%BA%BB%E9%A2%97%E7%B2%92,站点药理分类明确为止咳或祛痰药
already_present,10768,护骨胶囊,tcm,13,13,0.9,补肾益精。用于肾精亏虚，腰脊疼痛，痠软无力，下肢痿弱，步履艰难，足跟疼痛，性欲减退，头晕耳鸣；原发性骨质疏松见上述证候者。,补益剂 | 补阳,肌肉-骨骼系统药物 | 骨病治疗药 | 骨质疏松治疗药,,,,https://www.yao86.com/%E4%B8%AD%E6%88%90%E8%8D%AF/%E6%8A%A4%E9%AA%A8%E8%83%B6%E5%9B%8A,站点明确收录为中成药，未命中更具体项目类别
already_present,10769,化瘀丸,tcm,12,12,0.95,益气活血，化瘀通络。用于气虚血瘀型缺血性中风病中经络急性期，症见半身不遂，偏身麻木，口舌歪斜，语言蹇涩等，脑梗塞见上述表现者。,理血剂 | 益气活血,心脑血管与血液系统药物 | 脑血管疾病治疗药,,,,https://www.yao86.com/%E4%B8%AD%E6%88%90%E8%8D%AF/%E5%8C%96%E7%98%80%E4%B8%B8,站点药理或 ATC 分类明确为心脑血管用药
already_present,10770,回生再造丸,tcm,12,12,0.95,言语不清，祛风化痰，活血通络。用于中风，口眼歪斜，筋骨疼痛，手足拘挛，麻木，半身不遂。,祛痰剂 | 治风化痰,心脑血管与血液系统药物 | 脑血管疾病治疗药,,,,https://www.yao86.com/%E4%B8%AD%E6%88%90%E8%8D%AF/%E5%9B%9E%E7%94%9F%E5%86%8D%E9%80%A0%E4%B8%B8,站点药理或 ATC 分类明确为心脑血管用药
review_missing_efficacy,,化瘀止痛栓,tcm,,15,0.95,暂无数据,局部用止痛剂,心脑血管与血液系统药物 | 血管保护剂 | 治疗痔疮和肛裂的药物,,,,https://www.yao86.com/%E4%B8%AD%E6%88%90%E8%8D%AF/%E5%8C%96%E7%98%80%E6%AD%A2%E7%97%9B%E6%A0%93,站点分类明确为痔疮或肛肠用药
already_present,10771,红卫蛇药片,tcm,13,13,0.9,清热解毒，消肿止痛，凉血散瘀。用于蝮蛇、五步蛇、竹叶青蛇、眼镜蛇、银环蛇等毒蛇及毒虫咬伤。,治疮疡剂 | 解毒消肿,,,,,https://www.yao86.com/%E4%B8%AD%E6%88%90%E8%8D%AF/%E7%BA%A2%E5%8D%AB%E8%9B%87%E8%8D%AF%E7%89%87,站点明确收录为中成药，未命中更具体项目类别
already_present,10772,黄氏响声含片,tcm,0,0,0.94,利咽开音，清热化痰，消肿止痛。用于风热犯肺，肺热壅盛所致的喉喑，症见：声音嘶哑、发声疼痛、咽喉干燥；急性喉炎、慢性喉炎急性发作见上述证候者。,解表剂 | 宣肺通窍,呼吸系统药物 | 咽喉疾病治疗药,,,,https://www.yao86.com/%E4%B8%AD%E6%88%90%E8%8D%AF/%E9%BB%84%E6%B0%8F%E5%93%8D%E5%A3%B0%E5%90%AB%E7%89%87,站点药理分类明确为感冒或解表用药
already_present,10773,黄氏响声茶,tcm,0,0,0.94,利咽开音，清热化痰，消肿止痛。用于风热犯肺，肺热壅盛所致的喉喑，症见：声音嘶哑、发声疼痛、咽喉干燥；急性喉炎、慢性喉炎急性发作见上述证候者。,解表剂 | 宣肺通窍,呼吸系统药物 | 咽喉疾病治疗药,,,,https://www.yao86.com/%E4%B8%AD%E6%88%90%E8%8D%AF/%E9%BB%84%E6%B0%8F%E5%93%8D%E5%A3%B0%E8%8C%B6,站点药理分类明确为感冒或解表用药
already_present,18,海珠喘息定片,tcm,1,1,0.95,平喘，祛痰，镇静，止咳。用于支气管哮喘，慢性气管炎。,止咳平喘剂 | 止咳平喘,呼吸系统药物 | 咳嗽和感冒用药,,,,https://www.yao86.com/%E4%B8%AD%E6%88%90%E8%8D%AF/%E6%B5%B7%E7%8F%A0%E5%96%98%E6%81%AF%E5%AE%9A%E7%89%87,保留数据库现有分类；站点药理分类明确为止咳或祛痰药
review_unclassified,,聚维酮碘溶液,western,,,0.0,用于化脓性皮炎、皮肤真菌感染、小面积轻度烧烫伤，也用于小面积皮肤、黏膜创口的消毒。,皮肤科用药 | 其他皮肤科药,消毒灭菌药 | 碘制剂,,,,https://www.yao86.com/%E8%A5%BF%E8%8D%AF/%E8%81%9A%E7%BB%B4%E9%85%AE%E7%A2%98%E6%BA%B6%E6%B6%B2,站点分类无法可靠映射到项目现有类别
already_present,10774,聚维酮碘乳膏,western,9,9,0.94,用于化脓性皮炎、皮肤真菌感染、小面积轻度烧烫伤，也用于小面积皮肤、黏膜创口的消毒。,皮肤科用药 | 其他皮肤科药,消毒灭菌药 | 碘制剂,,,,https://www.yao86.com/%E8%A5%BF%E8%8D%AF/%E8%81%9A%E7%BB%B4%E9%85%AE%E7%A2%98%E4%B9%B3%E8%86%8F,剂型或站点分类明确为局部外用药
already_present,10775,聚维酮碘凝胶,western,14,14,0.96,用于念珠菌性外阴阴道病、细菌性阴道病及混合感染性阴道炎。,妇产科用药 | 其他妇产科用药,妇科用抗感染药和灭菌药 | 抗感染药和灭菌药，与皮质甾体激素类的复方除外 | 其它抗感染药和灭菌药,,,,https://www.yao86.com/%E8%A5%BF%E8%8D%AF/%E8%81%9A%E7%BB%B4%E9%85%AE%E7%A2%98%E5%87%9D%E8%83%B6,站点药理或 ATC 分类明确为妇科用药
already_present,10776,聚维酮碘药膜,western,14,14,0.96,本品为聚乙烯吡咯烷酮与碘的络合物，适用于治疗由白色念珠菌引起的霉菌性阴道炎。,妇产科用药 | 其他妇产科用药,妇科用抗感染药和灭菌药 | 抗感染药和灭菌药，与皮质甾体激素类的复方除外 | 其它抗感染药和灭菌药,,,,https://www.yao86.com/%E8%A5%BF%E8%8D%AF/%E8%81%9A%E7%BB%B4%E9%85%AE%E7%A2%98%E8%8D%AF%E8%86%9C,站点药理或 ATC 分类明确为妇科用药
already_present,10777,聚维酮碘栓,western,14,14,0.96,用于念珠菌性外阴阴道病、细菌性阴道病及混合感染性阴道炎。也可用于痔疮。,妇产科用药 | 其他妇产科用药,妇科用抗感染药和灭菌药 | 抗感染药和灭菌药，与皮质甾体激素类的复方除外 | 其它抗感染药和灭菌药,,,,https://www.yao86.com/%E8%A5%BF%E8%8D%AF/%E8%81%9A%E7%BB%B4%E9%85%AE%E7%A2%98%E6%A0%93,站点药理或 ATC 分类明确为妇科用药
review_unclassified,,聚维酮碘含漱液,western,,,0.0,可用于口腔炎，咽喉炎，口腔溃疡，牙周炎、冠周炎等口腔疾病，也可用于口腔手术前的消毒，以及日常的口腔消毒保健。,耳鼻喉科用药 | 咽喉、口腔疾病用药,口腔疾病药物 | 口腔局部治疗用抗感染药和灭菌药,怡速欣,,,https://www.yao86.com/%E8%A5%BF%E8%8D%AF/%E8%81%9A%E7%BB%B4%E9%85%AE%E7%A2%98%E5%90%AB%E6%BC%B1%E6%B6%B2,站点分类无法可靠映射到项目现有类别
review_unclassified,,聚维酮碘散,western,,,0.0,用于皮肤、黏膜的消毒。,皮肤科用药 | 其他皮肤科药,消毒灭菌药 | 碘制剂,,,,https://www.yao86.com/%E8%A5%BF%E8%8D%AF/%E8%81%9A%E7%BB%B4%E9%85%AE%E7%A2%98%E6%95%A3,站点分类无法可靠映射到项目现有类别
already_present,10778,聚维酮碘阴道泡腾片,western,14,14,0.96,用于念珠菌性外阴阴道并细菌性阴道病及混合感染性阴道炎。,妇产科用药 | 其他妇产科用药,妇科用抗感染药和灭菌药 | 抗感染药和灭菌药，与皮质甾体激素类的复方除外 | 其它抗感染药和灭菌药,艾迪尔,,,https://www.yao86.com/%E8%A5%BF%E8%8D%AF/%E8%81%9A%E7%BB%B4%E9%85%AE%E7%A2%98%E9%98%B4%E9%81%93%E6%B3%A1%E8%85%BE%E7%89%87,站点药理或 ATC 分类明确为妇科用药
review_missing_efficacy,,聚维酮碘软膏,western,,9,0.94,,,消毒灭菌药 | 碘制剂,,,,https://www.yao86.com/%E8%A5%BF%E8%8D%AF/%E8%81%9A%E7%BB%B4%E9%85%AE%E7%A2%98%E8%BD%AF%E8%86%8F,剂型或站点分类明确为局部外用药
already_present,10779,己酮可可碱肠溶片,western,12,12,0.95,主要用于缺血性中风后脑循环的改善，同时可用于周围血管病，如伴有间歇性的跛行的慢性闭塞性脉管炎等的治疗。,神经系统用药 | 脑血管病用药及降颅压药,外周血管扩张剂 | 嘌呤衍生物,,,,https://www.yao86.com/%E8%A5%BF%E8%8D%AF/%E5%B7%B1%E9%85%AE%E5%8F%AF%E5%8F%AF%E7%A2%B1%E8%82%A0%E6%BA%B6%E7%89%87,站点药理或 ATC 分类明确为心脑血管用药
already_present,10780,己酮可可碱缓释片,western,12,12,0.95,主要用于缺血性脑血管病后脑循环的改善，同时可用于周围血管病，如伴有间歇性跛行的慢性闭塞性脉管炎等的治疗。,神经系统用药 | 脑血管病用药及降颅压药,外周血管扩张剂 | 嘌呤衍生物,舒安灵,,,https://www.yao86.com/%E8%A5%BF%E8%8D%AF/%E5%B7%B1%E9%85%AE%E5%8F%AF%E5%8F%AF%E7%A2%B1%E7%BC%93%E9%87%8A%E7%89%87,站点药理或 ATC 分类明确为心脑血管用药
review_missing_efficacy,,己酮可可碱缓释胶囊,western,,,0.0,,,外周血管扩张剂 | 嘌呤衍生物,,,,https://www.yao86.com/%E8%A5%BF%E8%8D%AF/%E5%B7%B1%E9%85%AE%E5%8F%AF%E5%8F%AF%E7%A2%B1%E7%BC%93%E9%87%8A%E8%83%B6%E5%9B%8A,站点分类无法可靠映射到项目现有类别
review_missing_efficacy,,己酮可可碱肠溶胶囊,western,,,0.0,,,外周血管扩张剂 | 嘌呤衍生物,,,,https://www.yao86.com/%E8%A5%BF%E8%8D%AF/%E5%B7%B1%E9%85%AE%E5%8F%AF%E5%8F%AF%E7%A2%B1%E8%82%A0%E6%BA%B6%E8%83%B6%E5%9B%8A,站点分类无法可靠映射到项目现有类别
already_present,10781,聚甲酚磺醛阴道栓,western,14,14,0.96,用于治疗宫颈糜烂、宫颈炎、各类阴道感染（如细菌、滴虫和霉菌引起的白带增多）、外阴瘙痒、使用子宫托造成的压迫性溃疡。,妇产科用药 | 其他妇产科用药,妇科用抗感染药和灭菌药 | 抗感染药和灭菌药，与皮质甾体激素类的复方除外 | 其它抗感染药和灭菌药,,,,https://www.yao86.com/%E8%A5%BF%E8%8D%AF/%E8%81%9A%E7%94%B2%E9%85%9A%E7%A3%BA%E9%86%9B%E9%98%B4%E9%81%93%E6%A0%93,站点药理或 ATC 分类明确为妇科用药
already_present,10782,聚甲酚磺醛溶液,western,14,14,0.96,1.妇科：用于治疗宫颈糜烂、宫颈炎，各类阴道感染(如细菌、滴虫和霉菌引起的白带增多)、外阴瘙痒、使用子宫托造成的压迫性溃疡，宫颈息肉切除或切片检查后的止血，尖锐湿疣及加速电凝治疗后的伤口愈合；还可用于乳腺炎的预防(乳头皲裂的烧灼)。2.外科与皮肤科：用于乳头皲裂的烧灼，皮肤伤口与病变的局部治疗(如烧伤、肢体溃疡、褥疮、慢性炎症等)，尖锐湿疣。3.耳鼻喉科：用于治疗口腔粘膜和齿龈的炎症、口腔溃疡及扁桃体切除后的止血。,妇产科用药 | 其他妇产科用药,妇科用抗感染药和灭菌药 | 抗感染药和灭菌药，与皮质甾体激素类的复方除外 | 其它抗感染药和灭菌药,,,,https://www.yao86.com/%E8%A5%BF%E8%8D%AF/%E8%81%9A%E7%94%B2%E9%85%9A%E7%A3%BA%E9%86%9B%E6%BA%B6%E6%B6%B2,站点药理或 ATC 分类明确为妇科用药
already_present,10783,聚甲酚磺醛凝胶,western,14,14,0.96,用于治疗宫颈糜烂。,妇产科用药 | 其他妇产科用药,妇科用抗感染药和灭菌药 | 抗感染药和灭菌药，与皮质甾体激素类的复方除外 | 其它抗感染药和灭菌药,,,,https://www.yao86.com/%E8%A5%BF%E8%8D%AF/%E8%81%9A%E7%94%B2%E9%85%9A%E7%A3%BA%E9%86%9B%E5%87%9D%E8%83%B6,站点药理或 ATC 分类明确为妇科用药
already_present,136,聚甲酚磺醛栓,western,14,14,0.96,用于治疗宫颈糜烂、宫颈炎、各类阴道感染(如细菌、滴虫和霉菌引起的白带增多)、外阴瘙痒、使用子宫托造成的压迫性溃疡。,妇产科用药 | 其他妇产科用药,妇科用抗感染药和灭菌药 | 抗感染药和灭菌药，与皮质甾体激素类的复方除外 | 其它抗感染药和灭菌药,,,,https://www.yao86.com/%E8%A5%BF%E8%8D%AF/%E8%81%9A%E7%94%B2%E9%85%9A%E7%A3%BA%E9%86%9B%E6%A0%93,保留数据库现有分类；站点药理或 ATC 分类明确为妇科用药
review_missing_efficacy,,甲硝唑苯甲酸酯凝胶,western,,9,0.94,,,妇科用抗感染药和灭菌药 | 抗感染药和灭菌药，与皮质甾体激素类的复方除外 | 咪唑衍生物类,,,,https://www.yao86.com/%E8%A5%BF%E8%8D%AF/%E7%94%B2%E7%A1%9D%E5%94%91%E8%8B%AF%E7%94%B2%E9%85%B8%E9%85%AF%E5%87%9D%E8%83%B6,剂型或站点分类明确为局部外用药
review_missing_efficacy,,金龙胆草浸膏片,western,,1,0.95,,呼吸系统用药 | 祛痰药,咳嗽和感冒用药 | 止咳药和祛痰药的复方 | 其它止咳药和祛痰药,,,,https://www.yao86.com/%E8%A5%BF%E8%8D%AF/%E9%87%91%E9%BE%99%E8%83%86%E8%8D%89%E6%B5%B8%E8%86%8F%E7%89%87,站点药理分类明确为止咳或祛痰药
review_missing_efficacy,,金龙胆草浸膏,western,,,0.0,,,,,,,https://www.yao86.com/%E8%A5%BF%E8%8D%AF/%E9%87%91%E9%BE%99%E8%83%86%E8%8D%89%E6%B5%B8%E8%86%8F,站点分类无法可靠映射到项目现有类别
already_present,10784,开胃健脾丸,tcm,5,5,0.93,开胃健脾。用于脾胃不和，消化不良，食欲不振，嗳气吞酸。,消食剂 | 健脾消食,消化系统与代谢药 | 提升食欲、促消化药,,,,https://www.yao86.com/%E4%B8%AD%E6%88%90%E8%8D%AF/%E5%BC%80%E8%83%83%E5%81%A5%E8%84%BE%E4%B8%B8,站点药理或 ATC 分类明确为胃肠消化用药
already_present,10785,抗病毒软胶囊,tcm,0,0,0.94,清热祛湿，凉血解毒。用于风热感冒；流感。,清热剂 | 清热解毒,呼吸系统药物 | 咳嗽和感冒用药,,,,https://www.yao86.com/%E4%B8%AD%E6%88%90%E8%8D%AF/%E6%8A%97%E7%97%85%E6%AF%92%E8%BD%AF%E8%83%B6%E5%9B%8A,站点药理分类明确为感冒或解表用药
already_present,10786,抗病毒口服液,tcm,0,0,0.94,清热祛湿，凉血解毒。用于风热感冒，流感。,清热剂 | 清热解毒,呼吸系统药物 | 咳嗽和感冒用药,,,,https://www.yao86.com/%E4%B8%AD%E6%88%90%E8%8D%AF/%E6%8A%97%E7%97%85%E6%AF%92%E5%8F%A3%E6%9C%8D%E6%B6%B2,站点药理分类明确为感冒或解表用药
already_present,10787,抗病毒胶囊,tcm,0,0,0.94,清热祛湿，凉血解毒。用于风热感冒，上呼吸道感染、流感。,清热剂 | 清热解毒,呼吸系统药物 | 咳嗽和感冒用药,,,,https://www.yao86.com/%E4%B8%AD%E6%88%90%E8%8D%AF/%E6%8A%97%E7%97%85%E6%AF%92%E8%83%B6%E5%9B%8A,站点药理分类明确为感冒或解表用药
already_present,10788,抗病毒糖浆,tcm,0,0,0.94,清热祛湿，凉血解毒。用于风热感冒，上呼吸道感染，流感。,清热剂 | 清热解毒,呼吸系统药物 | 咳嗽和感冒用药,,,,https://www.yao86.com/%E4%B8%AD%E6%88%90%E8%8D%AF/%E6%8A%97%E7%97%85%E6%AF%92%E7%B3%96%E6%B5%86,站点药理分类明确为感冒或解表用药
already_present,10789,抗病毒滴丸,tcm,0,0,0.94,清热祛湿，凉血解毒。用于风热感冒、温病发热及上呼吸道感染、流感、腮腺炎等病毒感染疾患。,清热剂 | 清热解毒,呼吸系统药物 | 咳嗽和感冒用药,,,,https://www.yao86.com/%E4%B8%AD%E6%88%90%E8%8D%AF/%E6%8A%97%E7%97%85%E6%AF%92%E6%BB%B4%E4%B8%B8,站点药理分类明确为感冒或解表用药
already_present,10790,抗病毒片,tcm,0,0,0.94,清热祛湿，凉血解毒。用于风热感冒，温病发热及上呼吸道感染、流感、腮腺炎等病毒性感染性疾患。,清热剂 | 清热解毒,呼吸系统药物 | 咳嗽和感冒用药,,,,https://www.yao86.com/%E4%B8%AD%E6%88%90%E8%8D%AF/%E6%8A%97%E7%97%85%E6%AF%92%E7%89%87,站点药理分类明确为感冒或解表用药
already_present,10791,抗病毒丸(浓缩丸),tcm,13,13,0.9,清热祛湿，凉血解毒。用于风热感冒；流感。,清热剂 | 清热解毒,,,,,https://www.yao86.com/%E4%B8%AD%E6%88%90%E8%8D%AF/%E6%8A%97%E7%97%85%E6%AF%92%E4%B8%B8%28%E6%B5%93%E7%BC%A9%E4%B8%B8%29,站点明确收录为中成药，未命中更具体项目类别
already_present,10792,抗病毒颗粒,tcm,13,13,0.9,清热祛湿，凉血解毒。用于风热感冒，上呼吸道感染，流感。,清热剂 | 清热解毒,,,,,https://www.yao86.com/%E4%B8%AD%E6%88%90%E8%8D%AF/%E6%8A%97%E7%97%85%E6%AF%92%E9%A2%97%E7%B2%92,站点明确收录为中成药，未命中更具体项目类别
already_present,10793,抗病毒泡腾片,tcm,0,0,0.94,清热祛湿，凉血解毒。用于风热感冒；流感。,清热剂 | 清热解毒,呼吸系统药物 | 咳嗽和感冒用药,,,,https://www.yao86.com/%E4%B8%AD%E6%88%90%E8%8D%AF/%E6%8A%97%E7%97%85%E6%AF%92%E6%B3%A1%E8%85%BE%E7%89%87,站点药理分类明确为感冒或解表用药
already_present,10794,抗病毒咀嚼片,tcm,0,0,0.94,清热祛湿，凉血解毒。用于风热感冒，瘟病发热及上呼吸道感染、流感、腮腺炎等病毒感染疾病。,清热剂 | 清热解毒,呼吸系统药物 | 咳嗽和感冒用药,,,,https://www.yao86.com/%E4%B8%AD%E6%88%90%E8%8D%AF/%E6%8A%97%E7%97%85%E6%AF%92%E5%92%80%E5%9A%BC%E7%89%87,站点药理分类明确为感冒或解表用药
already_present,10795,龙香平喘胶囊,tcm,1,1,0.95,活血祛痰，宣肺平喘。用于支气管哮喘属痰瘀阻肺证，证见：胸憋，喘息，咳嗽，咯痰，脘腹胀满，面色晦暗等。,止咳平喘剂 | 平喘,呼吸系统药物 | 咳嗽和感冒用药,,,,https://www.yao86.com/%E4%B8%AD%E6%88%90%E8%8D%AF/%E9%BE%99%E9%A6%99%E5%B9%B3%E5%96%98%E8%83%B6%E5%9B%8A,站点药理分类明确为止咳或祛痰药
already_present,10796,黎峒丸,tcm,13,13,0.9,跌扑损伤，瘀血肿痛，闪腰岔气，外治痈肿疮毒。,治疮疡剂 | 解毒消痈,肌肉-骨骼系统药物 | 关节和肌肉疼痛局部用药,,,,https://www.yao86.com/%E4%B8%AD%E6%88%90%E8%8D%AF/%E9%BB%8E%E5%B3%92%E4%B8%B8,站点明确收录为中成药，未命中更具体项目类别
already_present,10797,利肺片,tcm,1,1,0.95,驱痨补肺，镇咳祛痰。用于肺痨咳嗽，咯痰咯血，气虚哮喘，慢性气管炎。,止咳平喘剂 | 止咳平喘,呼吸系统药物 | 咳嗽和感冒用药,,,,https://www.yao86.com/%E4%B8%AD%E6%88%90%E8%8D%AF/%E5%88%A9%E8%82%BA%E7%89%87,站点药理分类明确为止咳或祛痰药
already_present,10798,利肺胶囊,tcm,1,1,0.95,驱痨补肺，镇咳化痰。用于肺痨咳嗽，咯痰，咯血，气虚哮喘，慢性气管炎等。,止咳平喘剂 | 止咳平喘,呼吸系统药物 | 咳嗽和感冒用药,,,,https://www.yao86.com/%E4%B8%AD%E6%88%90%E8%8D%AF/%E5%88%A9%E8%82%BA%E8%83%B6%E5%9B%8A,站点药理分类明确为止咳或祛痰药
already_present,10799,罗浮山百草油,tcm,13,13,0.9,祛风解毒，消肿止痛。用于感冒头痛，虫蚊咬伤，无名肿毒，舟车眩晕。,治风剂 | 祛风止痛,肌肉-骨骼系统药物 | 关节和肌肉疼痛局部用药,,,,https://www.yao86.com/%E4%B8%AD%E6%88%90%E8%8D%AF/%E7%BD%97%E6%B5%AE%E5%B1%B1%E7%99%BE%E8%8D%89%E6%B2%B9,站点明确收录为中成药，未命中更具体项目类别
already_present,10800,六味木香胶囊,tcm,5,5,0.93,开郁行气，止痛。用于胃痛，腹痛。嗳气呕吐。,理气剂 | 理气和中,消化系统与代谢药 | 胃病相关药物,,,,https://www.yao86.com/%E4%B8%AD%E6%88%90%E8%8D%AF/%E5%85%AD%E5%91%B3%E6%9C%A8%E9%A6%99%E8%83%B6%E5%9B%8A,站点药理或 ATC 分类明确为胃肠消化用药
already_present,10801,六味木香丸,tcm,5,5,0.93,止呕，止疼。用于“培根木布”引起的疼痛，嗳气，腹胀，呕吐等。,理气剂 | 理气和中,消化系统与代谢药 | 胃病相关药物,,,,https://www.yao86.com/%E4%B8%AD%E6%88%90%E8%8D%AF/%E5%85%AD%E5%91%B3%E6%9C%A8%E9%A6%99%E4%B8%B8,站点药理或 ATC 分类明确为胃肠消化用药
already_present,10802,利夫康洗剂,tcm,14,14,0.96,清热燥湿，杀虫止痒。用于湿热下注所致的带下、阴痒；外阴炎，滴虫性阴道炎，霉菌性阴道炎，细菌性阴道炎见以上症状者。,祛湿剂 | 清热除湿,生殖泌尿系统药物 | 妇科用药 | 妇科炎症治疗药,,,,https://www.yao86.com/%E4%B8%AD%E6%88%90%E8%8D%AF/%E5%88%A9%E5%A4%AB%E5%BA%B7%E6%B4%97%E5%89%82,站点药理或 ATC 分类明确为妇科用药
already_present,10803,六味防脱生发酊,tcm,9,9,0.94,养血活血、祛风生发。对气血失和、化燥生风而引起的头屑增多、瘙痒症状有一定缓解作用。,其它功用,皮肤病药物 | 其它治疗皮肤病药物,,,,https://www.yao86.com/%E4%B8%AD%E6%88%90%E8%8D%AF/%E5%85%AD%E5%91%B3%E9%98%B2%E8%84%B1%E7%94%9F%E5%8F%91%E9%85%8A,剂型或站点分类明确为局部外用药
already_present,10804,卤米松乳膏,western,9,9,0.96,对皮质类固醇治疗有效的非感染性炎症性皮肤病。如脂溢性皮炎、接触性皮炎、异位性皮炎、局限性神经性皮炎、钱币状皮炎和寻常型银屑病。,皮肤科用药 | 肾上腺皮质激素类药,皮肤病用皮质激素制剂 | 皮质甾体激素类，单方 | 皮质类固醇类，强（III 组）,,,,https://www.yao86.com/%E8%A5%BF%E8%8D%AF/%E5%8D%A4%E7%B1%B3%E6%9D%BE%E4%B9%B3%E8%86%8F,外用剂型且站点 ATC 分类明确为皮肤局部用药
already_present,10805,氯唑沙宗片,western,3,3,0.94,本品适用于各种急性、慢性软组织(肌肉、韧带、筋膜)扭伤、挫伤，运动后肌肉酸痛、肌肉劳损所引起的疼痛、由中枢神经病变引起的肌肉痉挛，以及慢性筋膜炎等。,镇痛、解热、抗炎、抗风湿、抗痛风药 | 镇痛药,肌肉松弛药 | 中心作用的肌肉松弛药 | 噁唑、噻嗪和三嗪衍生物,,,,https://www.yao86.com/%E8%A5%BF%E8%8D%AF/%E6%B0%AF%E5%94%91%E6%B2%99%E5%AE%97%E7%89%87,站点药理或 ATC 分类明确为镇痛/抗炎药
already_present,10806,氯唑沙宗胶囊,western,3,3,0.94,用于各种急、慢性软组织(肌肉、韧带、筋膜)扭伤、挫伤，运动后肌肉劳损所引起的疼痛。,镇痛、解热、抗炎、抗风湿、抗痛风药 | 镇痛药,肌肉松弛药 | 中心作用的肌肉松弛药 | 噁唑、噻嗪和三嗪衍生物,,,,https://www.yao86.com/%E8%A5%BF%E8%8D%AF/%E6%B0%AF%E5%94%91%E6%B2%99%E5%AE%97%E8%83%B6%E5%9B%8A,站点药理或 ATC 分类明确为镇痛/抗炎药
already_present,10807,盐酸麻黄碱滴鼻液,western,9,9,0.94,用于缓解鼻黏膜充血肿胀引起的鼻塞。,呼吸系统用药 | 平喘药,鼻用制剂 | 减充血药和其它鼻腔局部用药 | 拟交感神经药，单方,,,,https://www.yao86.com/%E8%A5%BF%E8%8D%AF/%E7%9B%90%E9%85%B8%E9%BA%BB%E9%BB%84%E7%A2%B1%E6%BB%B4%E9%BC%BB%E6%B6%B2,剂型或站点分类明确为局部外用药
already_present,10808,盐酸麻黄碱片,western,17,17,0.96,可用于慢性低血压症；缓解荨麻疹和血管神经性水肿等过敏反应。也可缓解支气管哮喘的发作，现倾向少用。,呼吸系统用药 | 平喘药,心脏病治疗用药 | 非强心苷类心脏刺激药 | 肾上腺素能和多巴胺能药,,,,https://www.yao86.com/%E8%A5%BF%E8%8D%AF/%E7%9B%90%E9%85%B8%E9%BA%BB%E9%BB%84%E7%A2%B1%E7%89%87,人工分类边界：西药支气管扩张剂归其它
already_present,10809,盐酸麻黄碱糖浆,western,17,17,0.96,肾上腺素受体激动药。松弛支气管平滑肌，收缩血管及兴奋大脑皮层。用于支气管哮喘、过敏性反应、低血压等,呼吸系统用药 | 平喘药,阻塞性气管疾病用药 | 系统用肾上腺素能药 | α-和β-肾上腺素受体促效药,,,,https://www.yao86.com/%E8%A5%BF%E8%8D%AF/%E7%9B%90%E9%85%B8%E9%BA%BB%E9%BB%84%E7%A2%B1%E7%B3%96%E6%B5%86,人工分类边界：西药支气管扩张剂归其它
already_present,10810,麦白霉素片,western,2,2,0.96,主要适用于金黄色葡萄球菌、溶血性链球菌、肺炎球菌、白喉杆菌、支原体等敏感菌所致的呼吸道、皮肤、软组织、胆道感染和支原体性肺炎等。,抗微生物药 | 大环内酯类,系统用抗细菌药 | 大环内酯类、林可酰胺类和链霉杀阳菌素类 | 大环内酯类,,,,https://www.yao86.com/%E8%A5%BF%E8%8D%AF/%E9%BA%A6%E7%99%BD%E9%9C%89%E7%B4%A0%E7%89%87,站点药理或 ATC 分类明确为抗感染药
already_present,10811,麦白霉素胶囊,western,2,2,0.96,主要适用于金黄色葡萄球菌、溶血性链球菌、肺炎球菌、白喉杆菌、支原体等敏感菌所致的呼吸道、皮肤、软组织、胆道感染和支原体性肺炎等。,抗微生物药 | 大环内酯类,系统用抗细菌药 | 大环内酯类、林可酰胺类和链霉杀阳菌素类 | 大环内酯类,,,,https://www.yao86.com/%E8%A5%BF%E8%8D%AF/%E9%BA%A6%E7%99%BD%E9%9C%89%E7%B4%A0%E8%83%B6%E5%9B%8A,站点药理或 ATC 分类明确为抗感染药
review_missing_efficacy,,麦白霉素颗粒,western,,2,0.96,,,系统用抗细菌药 | 大环内酯类、林可酰胺类和链霉杀阳菌素类 | 大环内酯类,,,,https://www.yao86.com/%E8%A5%BF%E8%8D%AF/%E9%BA%A6%E7%99%BD%E9%9C%89%E7%B4%A0%E9%A2%97%E7%B2%92,站点药理或 ATC 分类明确为抗感染药
already_present,10812,盐酸莫雷西嗪片,western,12,12,0.95,口服主要适用于室性心律失常，包括室性早搏及室性心动过速。,心血管系统用药 | 抗心律失常药,心脏病治疗用药 | 抗心律失常药，Ⅰ类和Ⅲ类 | 其它I类和III类抗心律失常药,,,,https://www.yao86.com/%E8%A5%BF%E8%8D%AF/%E7%9B%90%E9%85%B8%E8%8E%AB%E9%9B%B7%E8%A5%BF%E5%97%AA%E7%89%87,站点药理或 ATC 分类明确为心脑血管用药
already_present,10813,醋酸麦迪霉素颗粒,western,2,2,0.96,主要适用于金黄色葡萄球菌、溶血性链球菌、肺炎球菌等所致的呼吸道感染及皮肤、软组织感染，也可用于支原体肺炎。,抗微生物药 | 大环内酯类,系统用抗细菌药 | 大环内酯类、林可酰胺类和链霉杀阳菌素类 | 大环内酯类,,,,https://www.yao86.com/%E8%A5%BF%E8%8D%AF/%E9%86%8B%E9%85%B8%E9%BA%A6%E8%BF%AA%E9%9C%89%E7%B4%A0%E9%A2%97%E7%B2%92,站点药理或 ATC 分类明确为抗感染药
already_present,10814,乙酰麦迪霉素干混悬剂,western,2,2,0.96,对本品敏感的葡萄球菌、溶血性链球菌、肺炎球菌、流感杆菌、肺炎支原体等引起的毛囊炎、疖、痈、蜂窝组织炎、皮下脓肿、中耳炎、咽喉炎、扁桃体炎、支气管炎、肺炎等。,抗微生物药 | 大环内酯类,系统用抗细菌药 | 大环内酯类、林可酰胺类和链霉杀阳菌素类 | 大环内酯类,美力泰,,,https://www.yao86.com/%E8%A5%BF%E8%8D%AF/%E4%B9%99%E9%85%B0%E9%BA%A6%E8%BF%AA%E9%9C%89%E7%B4%A0%E5%B9%B2%E6%B7%B7%E6%82%AC%E5%89%82,站点药理或 ATC 分类明确为抗感染药
already_present,10815,麦迪霉素胶囊,western,2,2,0.96,主要适用于金黄色葡萄球菌、溶血性链球菌、肺炎球菌等所致的呼吸道感染及皮肤、软组织和胆道感染，也可用于支原体肺炎。,抗微生物药 | 大环内酯类,系统用抗细菌药 | 大环内酯类、林可酰胺类和链霉杀阳菌素类 | 大环内酯类,,,,https://www.yao86.com/%E8%A5%BF%E8%8D%AF/%E9%BA%A6%E8%BF%AA%E9%9C%89%E7%B4%A0%E8%83%B6%E5%9B%8A,站点药理或 ATC 分类明确为抗感染药
already_present,10816,麦迪霉素片,western,2,2,0.96,主要适用于金黄色葡萄球菌、溶血性链球菌、肺炎球菌等所致的呼吸道感染及皮肤、软组织和胆道感染，也可用于支原体肺炎。,抗微生物药 | 大环内酯类,系统用抗细菌药 | 大环内酯类、林可酰胺类和链霉杀阳菌素类 | 大环内酯类,,,,https://www.yao86.com/%E8%A5%BF%E8%8D%AF/%E9%BA%A6%E8%BF%AA%E9%9C%89%E7%B4%A0%E7%89%87,站点药理或 ATC 分类明确为抗感染药
already_present,10817,乙酰麦迪霉素片,western,2,2,0.96,本品对乙酰麦迪霉素敏感的葡萄球菌、溶血性链球菌、肺炎球菌、流感杆菌、肺炎支原体等引起的毛囊炎、疖、痈、蜂窝组织炎、皮下脓肿、中耳炎、咽喉炎、扁桃体炎、支气管炎、肺炎等。,抗微生物药 | 大环内酯类,系统用抗细菌药 | 大环内酯类、林可酰胺类和链霉杀阳菌素类 | 大环内酯类,,,,https://www.yao86.com/%E8%A5%BF%E8%8D%AF/%E4%B9%99%E9%85%B0%E9%BA%A6%E8%BF%AA%E9%9C%89%E7%B4%A0%E7%89%87,站点药理或 ATC 分类明确为抗感染药
already_present,10818,盐酸米多君片,western,12,12,0.95,用于下肢静脉充血时血循环体位性功能失调而造成的低血压症，外科术后、产后失血以及气候变化、晨间起床后的疲乏所致的低血压症等。女性压力性尿失禁。,心血管系统用药 | 其他心血管系统用药,心脏病治疗用药 | 非强心苷类心脏刺激药 | 肾上腺素能和多巴胺能药,,,,https://www.yao86.com/%E8%A5%BF%E8%8D%AF/%E7%9B%90%E9%85%B8%E7%B1%B3%E5%A4%9A%E5%90%9B%E7%89%87,站点药理或 ATC 分类明确为心脑血管用药
already_present,76,马来酸氯苯那敏片,western,8,8,0.96,本品适用于皮肤过敏症：荨麻疹、湿疹、皮炎、药疹、皮肤瘙痒症、神经性皮炎、虫咬症、日光性皮炎。也可用于过敏性鼻炎、血管舒缩性鼻炎、药物及食物过敏。,皮肤科用药 | 其他皮肤科药,系统用抗组胺药 | 取代烷基胺,,,,https://www.yao86.com/%E8%A5%BF%E8%8D%AF/%E9%A9%AC%E6%9D%A5%E9%85%B8%E6%B0%AF%E8%8B%AF%E9%82%A3%E6%95%8F%E7%89%87,保留数据库现有分类；站点药理分类明确为抗过敏药
already_present,10819,马来酸氯苯那敏滴丸,western,8,8,0.96,本品适用于皮肤过敏症：荨麻疹、湿疹、皮炎、药疹、皮肤瘙痒症、神经性皮炎、虫咬症、日光性皮炎。也可用于过敏性鼻炎、血管舒缩性鼻炎、药物及食物过敏。,皮肤科用药 | 其他皮肤科药,系统用抗组胺药 | 取代烷基胺,,,,https://www.yao86.com/%E8%A5%BF%E8%8D%AF/%E9%A9%AC%E6%9D%A5%E9%85%B8%E6%B0%AF%E8%8B%AF%E9%82%A3%E6%95%8F%E6%BB%B4%E4%B8%B8,站点药理分类明确为抗过敏药
already_present,10820,马来酸氯苯那敏缓释胶囊,western,8,8,0.96,本品适用于皮肤过敏症：荨麻疹、湿疹、皮炎、药疹、皮肤瘙痒症、神经性皮炎、虫咬症、日光性皮炎。也可用于过敏性鼻炎、血管舒缩性鼻炎、药物及食物过敏。,皮肤科用药 | 其他皮肤科药,系统用抗组胺药 | 取代烷基胺,,,,https://www.yao86.com/%E8%A5%BF%E8%8D%AF/%E9%A9%AC%E6%9D%A5%E9%85%B8%E6%B0%AF%E8%8B%AF%E9%82%A3%E6%95%8F%E7%BC%93%E9%87%8A%E8%83%B6%E5%9B%8A,站点药理分类明确为抗过敏药
review_missing_efficacy,,愈酚茶碱那敏片,western,,1,0.95,,,咳嗽和感冒用药 | 止咳药和祛痰药的复方 | 其它止咳药和祛痰药,,,,https://www.yao86.com/%E8%A5%BF%E8%8D%AF/%E6%84%88%E9%85%9A%E8%8C%B6%E7%A2%B1%E9%82%A3%E6%95%8F%E7%89%87,站点药理分类明确为止咳或祛痰药
review_missing_efficacy,,马来酸氯苯那敏缓释小丸,western,,8,0.96,,,系统用抗组胺药 | 取代烷基胺,,,,https://www.yao86.com/%E8%A5%BF%E8%8D%AF/%E9%A9%AC%E6%9D%A5%E9%85%B8%E6%B0%AF%E8%8B%AF%E9%82%A3%E6%95%8F%E7%BC%93%E9%87%8A%E5%B0%8F%E4%B8%B8,站点药理分类明确为抗过敏药
review_missing_efficacy,,马来酸氯苯那敏速释小丸,western,,8,0.96,,,系统用抗组胺药 | 取代烷基胺,,,,https://www.yao86.com/%E8%A5%BF%E8%8D%AF/%E9%A9%AC%E6%9D%A5%E9%85%B8%E6%B0%AF%E8%8B%AF%E9%82%A3%E6%95%8F%E9%80%9F%E9%87%8A%E5%B0%8F%E4%B8%B8,站点药理分类明确为抗过敏药
already_present,10821,祛痰平喘片,tcm,1,1,0.95,平喘祛痰。用于咳嗽、咳痰、痰喘。,止咳平喘剂 | 平喘,呼吸系统药物 | 咳嗽和感冒用药,,,,https://www.yao86.com/%E4%B8%AD%E6%88%90%E8%8D%AF/%E7%A5%9B%E7%97%B0%E5%B9%B3%E5%96%98%E7%89%87,站点药理分类明确为止咳或祛痰药
review_missing_efficacy,,七味解痛口服液,tcm,,13,0.9,暂无数据,理气剂 | 其它,,,,,https://www.yao86.com/%E4%B8%AD%E6%88%90%E8%8D%AF/%E4%B8%83%E5%91%B3%E8%A7%A3%E7%97%9B%E5%8F%A3%E6%9C%8D%E6%B6%B2,站点明确收录为中成药，未命中更具体项目类别
already_present,10822,清咽六味散,tcm,1,1,0.95,理肺，清咽。用于外感咳嗽，失音声哑，咽喉肿痛。,止咳平喘剂 | 止咳,呼吸系统药物 | 咽喉疾病治疗药,,,,https://www.yao86.com/%E4%B8%AD%E6%88%90%E8%8D%AF/%E6%B8%85%E5%92%BD%E5%85%AD%E5%91%B3%E6%95%A3,站点药理分类明确为止咳或祛痰药
already_present,10823,清咽六味散(高勒图宝日-6),tcm,1,1,0.95,理肺，清咽。用于外感咳嗽，失音声哑，咽喉肿痛。,止咳平喘剂 | 止咳,,,,,https://www.yao86.com/%E4%B8%AD%E6%88%90%E8%8D%AF/%E6%B8%85%E5%92%BD%E5%85%AD%E5%91%B3%E6%95%A3%28%E9%AB%98%E5%8B%92%E5%9B%BE%E5%AE%9D%E6%97%A5-6%29,站点药理分类明确为止咳或祛痰药
already_present,10824,驱风苏合丸,tcm,12,12,0.95,驱风通窍，解痉除痰。用于产后风晕，中风昏倒，痰涩惊癎，风寒腹痛吐泻。,祛痰剂 | 治风化痰,心脑血管与血液系统药物 | 脑血管疾病治疗药,,,,https://www.yao86.com/%E4%B8%AD%E6%88%90%E8%8D%AF/%E9%A9%B1%E9%A3%8E%E8%8B%8F%E5%90%88%E4%B8%B8,站点药理或 ATC 分类明确为心脑血管用药
already_present,10825,乳酸钙咀嚼片,western,7,7,0.96,用于预防和治疗钙缺乏症，如骨质疏松、手足抽搐症、骨发育不全、佝偻病以及儿童、妊娠和哺乳期妇女、绝经期妇女、老年人钙的补充。,激素及影响内分泌药 | 钙代谢调节药及抗骨质疏松药,矿物质补充剂 | 钙,,,,https://www.yao86.com/%E8%A5%BF%E8%8D%AF/%E4%B9%B3%E9%85%B8%E9%92%99%E5%92%80%E5%9A%BC%E7%89%87,站点药理或 ATC 分类明确为维生素/矿物质
already_present,10826,乳酸钙口服溶液,western,7,7,0.96,补钙药。用于预防和治疗钙缺乏症。,激素及影响内分泌药 | 钙代谢调节药及抗骨质疏松药,矿物质补充剂 | 钙,,,,https://www.yao86.com/%E8%A5%BF%E8%8D%AF/%E4%B9%B3%E9%85%B8%E9%92%99%E5%8F%A3%E6%9C%8D%E6%BA%B6%E6%B6%B2,站点药理或 ATC 分类明确为维生素/矿物质
already_present,10827,乳酸钙片,western,7,7,0.96,用于预防和治疗钙缺乏症，如骨质疏松、手足抽搐症、骨发育不全、佝偻病以及儿童、妊娠和哺乳期妇女、绝经期妇女、老年人钙的补充。,激素及影响内分泌药 | 钙代谢调节药及抗骨质疏松药,矿物质补充剂 | 钙,,,,https://www.yao86.com/%E8%A5%BF%E8%8D%AF/%E4%B9%B3%E9%85%B8%E9%92%99%E7%89%87,站点药理或 ATC 分类明确为维生素/矿物质
already_present,10828,乳酸钙颗粒,western,7,7,0.96,用于预防和治疗钙缺乏症，如骨质疏松、手足抽搐症、骨发育不全、佝偻病以及儿童、妊娠和哺乳期妇女、绝经期妇女、老年人钙的补充。,激素及影响内分泌药 | 钙代谢调节药及抗骨质疏松药,矿物质补充剂 | 钙,,,,https://www.yao86.com/%E8%A5%BF%E8%8D%AF/%E4%B9%B3%E9%85%B8%E9%92%99%E9%A2%97%E7%B2%92,站点药理或 ATC 分类明确为维生素/矿物质
already_present,10829,壬苯醇醚栓,western,14,14,0.96,用于女性外用短期避孕。,妇产科用药 | 避孕药,其它妇科用药 | 局部用避孕药、避孕用具 | 阴道内避孕药、避孕用具,,,,https://www.yao86.com/%E8%A5%BF%E8%8D%AF/%E5%A3%AC%E8%8B%AF%E9%86%87%E9%86%9A%E6%A0%93,站点药理或 ATC 分类明确为妇科用药
already_present,10830,壬苯醇醚凝胶,western,14,14,0.96,用于女性外用短效避孕。,妇产科用药 | 避孕药,其它妇科用药 | 局部用避孕药、避孕用具 | 阴道内避孕药、避孕用具,乐乐迷,,,https://www.yao86.com/%E8%A5%BF%E8%8D%AF/%E5%A3%AC%E8%8B%AF%E9%86%87%E9%86%9A%E5%87%9D%E8%83%B6,站点药理或 ATC 分类明确为妇科用药
already_present,10831,壬苯醇醚膜,western,14,14,0.96,女性外用短效避孕。,妇产科用药 | 避孕药,其它妇科用药 | 局部用避孕药、避孕用具 | 阴道内避孕药、避孕用具,,,,https://www.yao86.com/%E8%A5%BF%E8%8D%AF/%E5%A3%AC%E8%8B%AF%E9%86%87%E9%86%9A%E8%86%9C,站点药理或 ATC 分类明确为妇科用药
reclassified_existing,10832,鞣酸小檗碱膜,western,2,14,0.96,用于治疗敏感细菌引起的宫颈糜烂。,抗微生物药 | 其他抗菌药,妇科用抗感染药和灭菌药 | 抗感染药和灭菌药，与皮质甾体激素类的复方除外 | 其它抗感染药和灭菌药,斯娜格,,,https://www.yao86.com/%E8%A5%BF%E8%8D%AF/%E9%9E%A3%E9%85%B8%E5%B0%8F%E6%AA%97%E7%A2%B1%E8%86%9C,站点药理或 ATC 分类明确为妇科用药
already_present,10833,鞣酸小檗碱片,western,5,5,0.96,适用于痢疾杆菌、大肠杆菌等引起的肠炎、痢疾。,抗微生物药 | 其他抗菌药,止泻药、肠道抗炎、抗感染药 | 其它止泻药,,,,https://www.yao86.com/%E8%A5%BF%E8%8D%AF/%E9%9E%A3%E9%85%B8%E5%B0%8F%E6%AA%97%E7%A2%B1%E7%89%87,站点分类明确为止泻或肠道吸附药
review_unclassified,,瑞戈非尼片,western,,,0.0,1.适用于治疗既往接受过以氟尿嘧啶、奥沙利铂和伊立替康为基础的化疗，以及既往接受过或不适合接受抗VEGF治疗、抗EGFR治疗(RAS野生型)的转移性结直肠癌(mCRC)患者。2.既往接受过甲磺酸伊马替尼及苹果酸舒尼替尼治疗的局部晚期的、无法手术切除的或转移性的胃肠道间质瘤(GIST)患者。3.既往接受过索拉非尼治疗的肝细胞癌(HCC)患者。,抗肿瘤药 | 其他抗肿瘤药,抗肿瘤药 | 蛋白激酶抑制剂 | 其他蛋白激酶抑制剂,Stivarga 拜万戈,,,https://www.yao86.com/%E8%A5%BF%E8%8D%AF/%E7%91%9E%E6%88%88%E9%9D%9E%E5%B0%BC%E7%89%87,站点分类无法可靠映射到项目现有类别
review_missing_efficacy,,鞣柳硼三酸散,western,,2,0.96,用于手癣、足癣。,皮肤科用药 | 皮肤抗感染药,皮肤病用抗真菌药 | 局部用抗真菌药 | 局部用其它抗真菌药,,,,https://www.yao86.com/%E8%A5%BF%E8%8D%AF/%E9%9E%A3%E6%9F%B3%E7%A1%BC%E4%B8%89%E9%85%B8%E6%95%A3,站点药理或 ATC 分类明确为抗感染药
already_present,10834,瑞舒伐他汀钙胶囊,western,11,11,0.95,本品适用于经饮食控制和其它非药物治疗(如：运动治疗、减轻体重)仍不能适当控制血脂异常的原发性高胆固醇血症(Ⅱa型，包括杂合子家族性高胆固醇血症)或混合型血脂异常症(Ⅱb型)。本品也适用于纯合子家族性高胆固醇血症的患者，作为饮食控制和其它降脂措施(如LDL去除疗法)的辅助治疗，或在这些方法不适用时使用。,心血管系统用药 | 调脂及抗动脉粥样硬化药,血脂调节剂 | 血脂调节剂，单方 | β-羟基-β-甲基戊二酸单酰辅酶A还原酶抑制药,,,,https://www.yao86.com/%E8%A5%BF%E8%8D%AF/%E7%91%9E%E8%88%92%E4%BC%90%E4%BB%96%E6%B1%80%E9%92%99%E8%83%B6%E5%9B%8A,站点药理或 ATC 分类明确为慢性病长期用药
already_present,10835,瑞舒伐他汀钙分散片,western,11,11,0.95,本品适用于经饮食控制和其它非药物治疗(如：运动治疗、减轻体重)仍不能适当控制血脂异常的原发性高胆固醇血症(Ⅱa型，包括杂合子家族性高胆固醇血症)或混合型血脂异常症(Ⅱb型)。本品也适用于纯合子家族性高胆固醇血症的患者，作为饮食控制和其它降脂措施(如LDL去除疗法)的辅助治疗，或在这些方法不适用时使用。,心血管系统用药 | 调脂及抗动脉粥样硬化药,血脂调节剂 | 血脂调节剂，单方 | β-羟基-β-甲基戊二酸单酰辅酶A还原酶抑制药,,,,https://www.yao86.com/%E8%A5%BF%E8%8D%AF/%E7%91%9E%E8%88%92%E4%BC%90%E4%BB%96%E6%B1%80%E9%92%99%E5%88%86%E6%95%A3%E7%89%87,站点药理或 ATC 分类明确为慢性病长期用药
already_present,10836,瑞舒伐他汀钙片,western,11,11,0.95,本品适用于经饮食控制和其它非药物治疗(如：运动治疗，减轻体重)仍不能适当控制血脂异常的原发性高胆固醇血症(Ⅱa型，包括杂合子家族性高胆固醇血症)或混合型血脂异常症(Ⅱb型)。本品也适用于纯合子家族性高胆固醇血症的患者，作为饮食控制和其它降脂措施(如LDL去除疗法)的辅助治疗，或在这些方法不适用时使用。,心血管系统用药 | 调脂及抗动脉粥样硬化药,血脂调节剂 | 血脂调节剂，单方 | β-羟基-β-甲基戊二酸单酰辅酶A还原酶抑制药,,,,https://www.yao86.com/%E8%A5%BF%E8%8D%AF/%E7%91%9E%E8%88%92%E4%BC%90%E4%BB%96%E6%B1%80%E9%92%99%E7%89%87,站点药理或 ATC 分类明确为慢性病长期用药
already_present,10837,瑞巴派特片,western,5,5,0.93,·胃溃疡·急性胃炎、慢性胃炎的急性加重期胃粘膜病变(糜烂、出血、充血、水肿)的改善,消化系统用药 | 抗酸药及抗溃疡病药,治疗与胃酸分泌相关疾病的药物 | 消化道溃疡和胃食管返流病治疗药物 | 消化道溃疡和胃食管返流病治疗用其它药物,膜固思达,,,https://www.yao86.com/%E8%A5%BF%E8%8D%AF/%E7%91%9E%E5%B7%B4%E6%B4%BE%E7%89%B9%E7%89%87,站点药理或 ATC 分类明确为胃肠消化用药
already_present,10838,瑞巴派特胶囊,western,5,5,0.93,·急性胃炎、慢性胃炎的急性加重期胃粘膜病变(糜烂、出血、充血、水肿)的改善。·胃溃疡,消化系统用药 | 抗酸药及抗溃疡病药,治疗与胃酸分泌相关疾病的药物 | 消化道溃疡和胃食管返流病治疗药物 | 消化道溃疡和胃食管返流病治疗用其它药物,,,,https://www.yao86.com/%E8%A5%BF%E8%8D%AF/%E7%91%9E%E5%B7%B4%E6%B4%BE%E7%89%B9%E8%83%B6%E5%9B%8A,站点药理或 ATC 分类明确为胃肠消化用药
already_present,10839,壬二酸乳膏,western,9,9,0.94,本品适用于轻、中度炎症性寻常痤疮的局部治疗。,皮肤科用药 | 皮肤抗感染药,抗痤疮药 | 局部用抗痤疮药 | 其它局部用的抗痤疮药,,,,https://www.yao86.com/%E8%A5%BF%E8%8D%AF/%E5%A3%AC%E4%BA%8C%E9%85%B8%E4%B9%B3%E8%86%8F,剂型或站点分类明确为局部外用药
already_present,10840,舒列安胶囊,tcm,13,13,0.9,彝医奚补奚奴，希弗色诺。中医清热利湿，通淋止痛。用于湿热蕴结所致淋症，症见小便不利，淋沥涩痛，以及慢性前列腺炎属上述证候者。,祛湿剂 | 清热除湿,生殖泌尿系统药物 | 泌尿系统药物 | 前列腺疾病治疗药,,,,https://www.yao86.com/%E4%B8%AD%E6%88%90%E8%8D%AF/%E8%88%92%E5%88%97%E5%AE%89%E8%83%B6%E5%9B%8A,站点明确收录为中成药，未命中更具体项目类别
already_present,10841,肾炎灵胶囊,tcm,13,13,0.9,清热凉血，滋阴养肾。用于慢性肾小球肾炎。,理血剂 | 凉血散瘀,生殖泌尿系统药物 | 泌尿系统药物 | 补肾药物（勃起机能障碍用药）,,,,https://www.yao86.com/%E4%B8%AD%E6%88%90%E8%8D%AF/%E8%82%BE%E7%82%8E%E7%81%B5%E8%83%B6%E5%9B%8A,站点明确收录为中成药，未命中更具体项目类别
already_present,10842,肾炎灵片,tcm,13,13,0.9,清热凉血，滋阴养肾。用于慢性肾小球肾炎。,理血剂 | 凉血散瘀,生殖泌尿系统药物 | 泌尿系统药物 | 补肾药物（勃起机能障碍用药）,,,,https://www.yao86.com/%E4%B8%AD%E6%88%90%E8%8D%AF/%E8%82%BE%E7%82%8E%E7%81%B5%E7%89%87,站点明确收录为中成药，未命中更具体项目类别
already_present,10843,肾炎灵颗粒,tcm,13,13,0.9,清热凉血，滋阴养肾。用于治疗慢性肾小球肾炎普通型肝肾阴虚内热证。症见目睛干涩，视物模糊，头晕耳鸣，五心烦热，口干咽燥，腰肌酸痛，小便赤灼热，心烦口渴，夜寐不安，舌红少苔或舌红，脉细数或数。,理血剂 | 凉血散瘀,生殖泌尿系统药物 | 泌尿系统药物 | 补肾药物（勃起机能障碍用药）,,,,https://www.yao86.com/%E4%B8%AD%E6%88%90%E8%8D%AF/%E8%82%BE%E7%82%8E%E7%81%B5%E9%A2%97%E7%B2%92,站点明确收录为中成药，未命中更具体项目类别
already_present,10844,参茸多鞭酒,tcm,13,13,0.9,补血生精，健脑增髓，滋阴壮阳。用于体质虚弱，神经衰弱，贫血头晕，腰酸背痛，阳虚气弱，阳痿早泄，肾亏等症。,补益剂 | 气血阴阳并补,生殖泌尿系统药物 | 泌尿系统药物 | 补肾药物（勃起机能障碍用药）,,,,https://www.yao86.com/%E4%B8%AD%E6%88%90%E8%8D%AF/%E5%8F%82%E8%8C%B8%E5%A4%9A%E9%9E%AD%E9%85%92,站点明确收录为中成药，未命中更具体项目类别
already_present,10845,山麦口服液,tcm,5,5,0.93,消食健脾，行气和胃。用于饮食积滞所致的小儿厌食症。,消食剂 | 健脾消食,消化系统与代谢药 | 提升食欲、促消化药,,,,https://www.yao86.com/%E4%B8%AD%E6%88%90%E8%8D%AF/%E5%B1%B1%E9%BA%A6%E5%8F%A3%E6%9C%8D%E6%B6%B2,站点药理或 ATC 分类明确为胃肠消化用药
already_present,10846,蛇咬丸,tcm,13,13,0.9,解毒祛风，消肿止痛。用于毒蛇咬伤肿痛，蜈蚣、鼠咬及蜂螫伤等症。,治疮疡剂 | 解毒消肿,,,,,https://www.yao86.com/%E4%B8%AD%E6%88%90%E8%8D%AF/%E8%9B%87%E5%92%AC%E4%B8%B8,站点明确收录为中成药，未命中更具体项目类别
already_present,10847,疏痛安涂膜剂,tcm,9,9,0.94,舒筋活血，消肿止痛。用于跌打损伤所致的局部肿痛，急慢性软组织损伤。,理血剂 | 疗伤止痛,肌肉-骨骼系统药物 | 关节和肌肉疼痛局部用药,,,,https://www.yao86.com/%E4%B8%AD%E6%88%90%E8%8D%AF/%E7%96%8F%E7%97%9B%E5%AE%89%E6%B6%82%E8%86%9C%E5%89%82,剂型或站点分类明确为局部外用药
already_present,10848,参茸延龄片,tcm,13,13,0.9,滋阴壮阳，调补气血。用于身体虚瘦，耗神过度，肾亏阳痿，腰疼背痛，四肢倦怠。,补益剂 | 气血阴阳并补,生殖泌尿系统药物 | 泌尿系统药物 | 补肾药物（勃起机能障碍用药）,,,,https://www.yao86.com/%E4%B8%AD%E6%88%90%E8%8D%AF/%E5%8F%82%E8%8C%B8%E5%BB%B6%E9%BE%84%E7%89%87,站点明确收录为中成药，未命中更具体项目类别
already_present,10849,参茸大补膏,tcm,13,13,0.9,滋阴补肾，益气养血，强壮筋骨。用于成人体虚，腰膝酸软，食减肌瘦，气短心悸。,补益剂 | 气血双补,生殖泌尿系统药物 | 泌尿系统药物 | 补肾药物（勃起机能障碍用药）,,,,https://www.yao86.com/%E4%B8%AD%E6%88%90%E8%8D%AF/%E5%8F%82%E8%8C%B8%E5%A4%A7%E8%A1%A5%E8%86%8F,站点明确收录为中成药，未命中更具体项目类别
review_unclassified,,细菌溶解产物胶囊,western,,,0.0,本品为免疫治疗用药。本品适用于反复性呼吸道感染和慢性支气管炎急性发作的预防。本品也可用于急性呼吸道感染的辅助治疗。,免疫系统用药 | 免疫增强药,免疫促进药 | 免疫增强剂 | 其它免疫增强剂,泛福舒,,,https://www.yao86.com/%E8%A5%BF%E8%8D%AF/%E7%BB%86%E8%8F%8C%E6%BA%B6%E8%A7%A3%E4%BA%A7%E7%89%A9%E8%83%B6%E5%9B%8A,站点分类无法可靠映射到项目现有类别
already_present,1660,西拉普利片,western,12,12,0.95,用于治疗各种程度原发性高血压和肾性高血压，也可与洋地黄和（或）利尿剂合用作为治疗慢性心力衰竭的辅助药物。,心血管系统用药 | 抗心力衰竭药,作用于肾素-血管紧张素系统的药物 | 血管紧张素转化酶抑制药，单方,一平苏Inhibace,,,https://www.yao86.com/%E8%A5%BF%E8%8D%AF/%E8%A5%BF%E6%8B%89%E6%99%AE%E5%88%A9%E7%89%87,保留数据库现有分类；站点药理或 ATC 分类明确为心脑血管用药
already_present,10850,小儿双磺甲氧苄啶颗粒,western,2,2,0.96,用于敏感菌所致的尿路感染、肠道感染、呼吸道感染以及脑膜炎、中耳炎、痈肿及败血症等。,抗微生物药 | 磺胺类,系统用抗细菌药 | 磺胺类和甲氧苄啶 | 磺胺类和甲氧苄啶（含其衍生物）的复方,,,,https://www.yao86.com/%E8%A5%BF%E8%8D%AF/%E5%B0%8F%E5%84%BF%E5%8F%8C%E7%A3%BA%E7%94%B2%E6%B0%A7%E8%8B%84%E5%95%B6%E9%A2%97%E7%B2%92,站点药理或 ATC 分类明确为抗感染药
already_present,10851,小儿双磺甲氧苄啶散,western,2,2,0.96,尿路感染，肠道感染，呼吸道感染，脑膜炎，中耳炎，痈，败血症,抗微生物药 | 磺胺类,系统用抗细菌药 | 磺胺类和甲氧苄啶 | 磺胺类和甲氧苄啶（含其衍生物）的复方,,,,https://www.yao86.com/%E8%A5%BF%E8%8D%AF/%E5%B0%8F%E5%84%BF%E5%8F%8C%E7%A3%BA%E7%94%B2%E6%B0%A7%E8%8B%84%E5%95%B6%E6%95%A3,站点药理或 ATC 分类明确为抗感染药
already_present,10852,小儿双嘧啶片,western,2,2,0.96,适用于应症为敏感菌株所致的下列感染：1.大肠埃希杆菌、克雷伯菌属、奇异变形杆菌、普通变形杆菌和莫根菌属敏感菌株所致的尿路感染。2.肺炎链球菌或流感嗜血杆菌所致的急性中耳炎。3.脑膜类球菌所致脑膜炎的预防。,抗微生物药 | 磺胺类,系统用抗细菌药 | 磺胺类和甲氧苄啶 | 磺胺类和甲氧苄啶（含其衍生物）的复方,,,,https://www.yao86.com/%E8%A5%BF%E8%8D%AF/%E5%B0%8F%E5%84%BF%E5%8F%8C%E5%98%A7%E5%95%B6%E7%89%87,站点药理或 ATC 分类明确为抗感染药
already_present,10853,双嘧啶颗粒,western,2,2,0.96,主要适应症为敏感菌株所致的下列感染。1.大肠埃希杆菌、克雷伯菌属、奇异变形杆菌、普通变形杆菌和莫根菌属敏感菌株所致的尿路感染。2.肺炎链球菌或流感嗜血杆菌所致的急性中耳炎。3.脑膜类球菌所致脑膜炎的预,抗微生物药 | 磺胺类,系统用抗细菌药 | 磺胺类和甲氧苄啶 | 磺胺类和甲氧苄啶（含其衍生物）的复方,,,,https://www.yao86.com/%E8%A5%BF%E8%8D%AF/%E5%8F%8C%E5%98%A7%E5%95%B6%E9%A2%97%E7%B2%92,站点药理或 ATC 分类明确为抗感染药
already_present,10854,香砂养胃片,tcm,5,5,0.93,健胃消食、行气止痛。用于胃肠衰弱、消化不良、胸膈满闷、腹痛呕吐、肠鸣泄泻。,和解剂 | 其它,消化系统与代谢药 | 胃病相关药物,,,,https://www.yao86.com/%E4%B8%AD%E6%88%90%E8%8D%AF/%E9%A6%99%E7%A0%82%E5%85%BB%E8%83%83%E7%89%87,站点药理或 ATC 分类明确为胃肠消化用药
already_present,10855,养胃片,tcm,5,5,0.93,健胃消食，理气止痛。用于胃肠虚弱，消化不良，胸膈满闷，腹痛呕吐，肠鸣泄泻。,和解剂 | 其它,消化系统与代谢药 | 胃病相关药物,,,,https://www.yao86.com/%E4%B8%AD%E6%88%90%E8%8D%AF/%E5%85%BB%E8%83%83%E7%89%87,站点药理或 ATC 分类明确为胃肠消化用药
already_present,10856,小儿消咳片,tcm,1,1,0.95,清肺润燥，化痰止咳，解毒利咽。用于急慢性气管炎，痰热或燥痰咳嗽。,止咳平喘剂 | 止咳,呼吸系统药物 | 咳嗽和感冒用药,,,,https://www.yao86.com/%E4%B8%AD%E6%88%90%E8%8D%AF/%E5%B0%8F%E5%84%BF%E6%B6%88%E5%92%B3%E7%89%87,站点药理分类明确为止咳或祛痰药
already_present,10857,舒血通口服液(原名：血络通口服液),tcm,13,13,0.9,补虚祛风，活血通络。用于肝阳上亢、血络淤滞证所致的头晕眩晕，头风头痛，肢体麻木，血滞痹痛等症。,治风剂 | 平熄内风,,,,,https://www.yao86.com/%E4%B8%AD%E6%88%90%E8%8D%AF/%E8%88%92%E8%A1%80%E9%80%9A%E5%8F%A3%E6%9C%8D%E6%B6%B2%28%E5%8E%9F%E5%90%8D%EF%BC%9A%E8%A1%80%E7%BB%9C%E9%80%9A%E5%8F%A3%E6%9C%8D%E6%B6%B2%29,站点明确收录为中成药，未命中更具体项目类别
already_present,10858,香砂和中丸,tcm,5,5,0.93,健脾燥湿，和中消食。用于脾胃不和，不思饮食，胸满腹胀，恶心呕吐，噫气吞酸。,消食剂 | 健脾消食,消化系统与代谢药 | 胃病相关药物,,,,https://www.yao86.com/%E4%B8%AD%E6%88%90%E8%8D%AF/%E9%A6%99%E7%A0%82%E5%92%8C%E4%B8%AD%E4%B8%B8,站点药理或 ATC 分类明确为胃肠消化用药
already_present,1513,小儿消积止咳口服液,tcm,1,1,0.95,清热肃肺，消积止咳。用于小儿饮食积滞、痰热蕴肺所致的咳嗽、夜间加重、喉间痰鸣、腹胀、口臭。,止咳平喘剂 | 止咳,呼吸系统药物 | 咳嗽和感冒用药,,,,https://www.yao86.com/%E4%B8%AD%E6%88%90%E8%8D%AF/%E5%B0%8F%E5%84%BF%E6%B6%88%E7%A7%AF%E6%AD%A2%E5%92%B3%E5%8F%A3%E6%9C%8D%E6%B6%B2,保留数据库现有分类；站点药理分类明确为止咳或祛痰药
already_present,10859,小儿消积止咳颗粒,tcm,1,1,0.95,清热疏肺，消积止咳。用于小儿食积咳嗽属痰热证，症见：咳嗽，以夜重，喉间痰鸣，腹胀，口臭等。,止咳平喘剂 | 止咳,呼吸系统药物 | 咳嗽和感冒用药,,,,https://www.yao86.com/%E4%B8%AD%E6%88%90%E8%8D%AF/%E5%B0%8F%E5%84%BF%E6%B6%88%E7%A7%AF%E6%AD%A2%E5%92%B3%E9%A2%97%E7%B2%92,站点药理分类明确为止咳或祛痰药
already_present,10860,消食养胃片,tcm,5,5,0.93,和胃止呕，舒气宽胸。用于胃脾虚弱，消化不良引起的两肋胀满，胃脘作疼，饱胀嘈杂，呕吐酸水，面色萎黄，四肢倦怠。,消食剂 | 健脾消食,消化系统与代谢药 | 提升食欲、促消化药,,,,https://www.yao86.com/%E4%B8%AD%E6%88%90%E8%8D%AF/%E6%B6%88%E9%A3%9F%E5%85%BB%E8%83%83%E7%89%87,站点药理或 ATC 分类明确为胃肠消化用药
already_present,10861,香砂和胃丸,tcm,5,5,0.93,健脾开胃，行气化滞。用于脾胃虚弱，消化不良引起的食欲不振，脘腹胀痛，吞酸嘈杂，大便不调。,消食剂 | 健脾消食,消化系统与代谢药 | 胃病相关药物,,,,https://www.yao86.com/%E4%B8%AD%E6%88%90%E8%8D%AF/%E9%A6%99%E7%A0%82%E5%92%8C%E8%83%83%E4%B8%B8,站点药理或 ATC 分类明确为胃肠消化用药
already_present,10862,香通片,tcm,12,12,0.95,活血通脉，益气养阴，芳香宣通。用于心血瘀阻兼气阴两虚型冠心病心绞痛引起的胸痛，胸闷气短，心悸不宁，疲倦乏力、口干口渴等症。,补益剂 | 益气养阴,心脑血管与血液系统药物 | 心血管疾病治疗药,,,,https://www.yao86.com/%E4%B8%AD%E6%88%90%E8%8D%AF/%E9%A6%99%E9%80%9A%E7%89%87,站点药理或 ATC 分类明确为心脑血管用药
already_present,10863,小儿清热利肺口服液,tcm,1,1,0.95,清热宣肺，止咳平喘，用于小儿咳嗽属风热犯肺证，症见：发热，咳嗽或咯痰，流涕或鼻塞，咽痛，口渴，舌红或苔黄等；小儿急性支气管炎具有上述症候者。,止咳平喘剂 | 止咳,呼吸系统药物 | 咳嗽和感冒用药,,,,https://www.yao86.com/%E4%B8%AD%E6%88%90%E8%8D%AF/%E5%B0%8F%E5%84%BF%E6%B8%85%E7%83%AD%E5%88%A9%E8%82%BA%E5%8F%A3%E6%9C%8D%E6%B6%B2,站点药理分类明确为止咳或祛痰药
already_present,10864,香砂枳术丸,tcm,5,5,0.93,健脾开胃，行气消痞。用于脾虚气滞，脘腹痞闷，食欲不振，大便溏软。,和解剂 | 其它,消化系统与代谢药 | 提升食欲、促消化药,,,,https://www.yao86.com/%E4%B8%AD%E6%88%90%E8%8D%AF/%E9%A6%99%E7%A0%82%E6%9E%B3%E6%9C%AF%E4%B8%B8,站点药理或 ATC 分类明确为胃肠消化用药
already_present,10865,右美沙芬愈创甘油醚糖浆,western,1,1,0.95,用于上呼吸道感染(如普通感冒和流行性感冒)、支气管炎等引起的咳嗽、咳痰。,呼吸系统用药 | 祛痰药,咳嗽和感冒用药 | 止咳药和祛痰药的复方 | 其它止咳药和祛痰药,,,,https://www.yao86.com/%E8%A5%BF%E8%8D%AF/%E5%8F%B3%E7%BE%8E%E6%B2%99%E8%8A%AC%E6%84%88%E5%88%9B%E7%94%98%E6%B2%B9%E9%86%9A%E7%B3%96%E6%B5%86,站点药理分类明确为止咳或祛痰药
already_present,10866,愈美片,western,1,1,0.95,本品为中枢镇咳祛痰药，适用于上呼吸道感染、急慢性支气管炎、支气管扩张、肺结核以及感冒引起的咳嗽、痰多等症状。,呼吸系统用药 | 祛痰药,咳嗽和感冒用药 | 止咳药和祛痰药的复方 | 其它止咳药和祛痰药,,,,https://www.yao86.com/%E8%A5%BF%E8%8D%AF/%E6%84%88%E7%BE%8E%E7%89%87,站点药理分类明确为止咳或祛痰药
already_present,10867,愈美胶囊,western,1,1,0.95,本品适用于上呼吸道感染、支气管炎等引起的咳嗽、咳痰。,呼吸系统用药 | 祛痰药,咳嗽和感冒用药 | 止咳药和祛痰药的复方 | 其它止咳药和祛痰药,,,,https://www.yao86.com/%E8%A5%BF%E8%8D%AF/%E6%84%88%E7%BE%8E%E8%83%B6%E5%9B%8A,站点药理分类明确为止咳或祛痰药
already_present,10868,愈美缓释片,western,1,1,0.95,本品为止咳祛痰剂。适用于消除或缓解由于上呼吸道感染(如感冒、咽炎、鼻窦炎等)或支气管炎等疾病引起的咳嗽、咳痰。,呼吸系统用药 | 祛痰药,咳嗽和感冒用药 | 止咳药和祛痰药的复方 | 其它止咳药和祛痰药,华可必,,,https://www.yao86.com/%E8%A5%BF%E8%8D%AF/%E6%84%88%E7%BE%8E%E7%BC%93%E9%87%8A%E7%89%87,站点药理分类明确为止咳或祛痰药
already_present,10869,愈美胶囊（Ⅰ）,western,1,1,0.95,用于上呼吸道感染、支气管炎等疾病引起的咳嗽、咳痰。,呼吸系统用药 | 祛痰药,咳嗽和感冒用药 | 止咳药和祛痰药的复方 | 其它止咳药和祛痰药,,,,https://www.yao86.com/%E8%A5%BF%E8%8D%AF/%E6%84%88%E7%BE%8E%E8%83%B6%E5%9B%8A%EF%BC%88%E2%85%A0%EF%BC%89,站点药理分类明确为止咳或祛痰药
already_present,10870,复方氢溴酸右美沙芬糖浆,western,1,1,0.95,用于上呼吸道感染(如普通感冒和流行性感冒)、支气管炎等引起的咳嗽、咳痰。,呼吸系统用药 | 祛痰药,咳嗽和感冒用药 | 祛痰药，与止咳药的复方除外 | 祛痰药,,,,https://www.yao86.com/%E8%A5%BF%E8%8D%AF/%E5%A4%8D%E6%96%B9%E6%B0%A2%E6%BA%B4%E9%85%B8%E5%8F%B3%E7%BE%8E%E6%B2%99%E8%8A%AC%E7%B3%96%E6%B5%86,站点药理分类明确为止咳或祛痰药
already_present,10871,愈美分散片,western,1,1,0.95,用于上呼吸道感染、急性支气管炎等引起的咳嗽、咳痰。,呼吸系统用药 | 祛痰药,咳嗽和感冒用药 | 止咳药和祛痰药的复方 | 其它止咳药和祛痰药,,,,https://www.yao86.com/%E8%A5%BF%E8%8D%AF/%E6%84%88%E7%BE%8E%E5%88%86%E6%95%A3%E7%89%87,站点药理分类明确为止咳或祛痰药
already_present,10872,愈美颗粒,western,1,1,0.95,用于上呼吸道感染，急性支气管炎等引起的咳嗽、咳痰。,呼吸系统用药 | 祛痰药,咳嗽和感冒用药 | 止咳药和祛痰药的复方 | 其它止咳药和祛痰药,,,,https://www.yao86.com/%E8%A5%BF%E8%8D%AF/%E6%84%88%E7%BE%8E%E9%A2%97%E7%B2%92,站点药理分类明确为止咳或祛痰药
already_present,10873,愈美片(Ⅱ),western,1,1,0.95,用于上呼吸道感染，急性支气管炎等引起的咳嗽、咳痰。,呼吸系统用药 | 祛痰药,咳嗽和感冒用药 | 止咳药和祛痰药的复方 | 其它止咳药和祛痰药,,,,https://www.yao86.com/%E8%A5%BF%E8%8D%AF/%E6%84%88%E7%BE%8E%E7%89%87%28%E2%85%A1%29,站点药理分类明确为止咳或祛痰药
review_unclassified,,依普黄酮片,western,,,0.0,改善骨质疏松症的骨量减少。,激素及影响内分泌药 | 钙代谢调节药及抗骨质疏松药,骨病治疗药 | 影响骨结构与其矿物质化的药物 | 其它影响骨结构与其矿物质化的药物,固苏桉,,,https://www.yao86.com/%E8%A5%BF%E8%8D%AF/%E4%BE%9D%E6%99%AE%E9%BB%84%E9%85%AE%E7%89%87,站点分类无法可靠映射到项目现有类别
review_unclassified,,依普黄酮胶囊,western,,,0.0,改善骨质疏松症的骨量减少。,激素及影响内分泌药 | 钙代谢调节药及抗骨质疏松药,骨病治疗药 | 影响骨结构与其矿物质化的药物 | 其它影响骨结构与其矿物质化的药物,安体芬,,,https://www.yao86.com/%E8%A5%BF%E8%8D%AF/%E4%BE%9D%E6%99%AE%E9%BB%84%E9%85%AE%E8%83%B6%E5%9B%8A,站点分类无法可靠映射到项目现有类别
already_present,10874,愈酚待因口服溶液,western,1,1,0.95,缓解上呼吸道感染引起的咳嗽、咳痰、鼻塞、喘息、喷嚏、发热等症状，特别是对咳嗽效果尤佳。,呼吸系统用药 | 祛痰药,咳嗽和感冒用药 | 止咳药和祛痰药的复方 | 其它止咳药和祛痰药,,,,https://www.yao86.com/%E8%A5%BF%E8%8D%AF/%E6%84%88%E9%85%9A%E5%BE%85%E5%9B%A0%E5%8F%A3%E6%9C%8D%E6%BA%B6%E6%B6%B2,站点药理分类明确为止咳或祛痰药
already_present,10875,益安回生口服液,tcm,13,13,0.9,温补脾肾，宁心安神，脱毒。用于缓解阿片类成瘾者戒毒时的戒断症状，证属脾肾阳虚，邪毒扰心者，症见面色无华，流涕，哈欠，寒战，腰膝酸软疼痛，食欲不振，舌淡脉弱。,安神剂 | 补养安神,神经系统药物 | 其它神经系统药物,,,,https://www.yao86.com/%E4%B8%AD%E6%88%90%E8%8D%AF/%E7%9B%8A%E5%AE%89%E5%9B%9E%E7%94%9F%E5%8F%A3%E6%9C%8D%E6%B6%B2,站点明确收录为中成药，未命中更具体项目类别
already_present,10876,益心舒片,tcm,12,12,0.95,益气复脉，活血化瘀，养阴生津。用于气阴两虚，心悸脉结代，胸闷不舒，胸痛及冠心病心绞痛见有上述症状者。,补益剂 | 益气养阴,心脑血管与血液系统药物 | 心血管疾病治疗药,,,,https://www.yao86.com/%E4%B8%AD%E6%88%90%E8%8D%AF/%E7%9B%8A%E5%BF%83%E8%88%92%E7%89%87,站点药理或 ATC 分类明确为心脑血管用药
already_present,10877,益心舒颗粒,tcm,12,12,0.95,益气复脉，活血化瘀，养阴生津。用于气阴两虚，瘀血阻脉所致的胸痹，症见胸痛胸闷，心悸气短，脉结代；冠心病心绞痛见上述证候者。,补益剂 | 益气养阴,心脑血管与血液系统药物 | 心血管疾病治疗药,,,,https://www.yao86.com/%E4%B8%AD%E6%88%90%E8%8D%AF/%E7%9B%8A%E5%BF%83%E8%88%92%E9%A2%97%E7%B2%92,站点药理或 ATC 分类明确为心脑血管用药
already_present,10878,益心舒胶囊,tcm,12,12,0.95,益气复脉，活血化瘀，养阴生津。用于气阴两虚，瘀血阻脉所致的胸痹，症见胸痛胸闷，心悸气短、脉结代，冠心病心绞痛见上述证候者。,补益剂 | 益气养阴,心脑血管与血液系统药物 | 心血管疾病治疗药,,,,https://www.yao86.com/%E4%B8%AD%E6%88%90%E8%8D%AF/%E7%9B%8A%E5%BF%83%E8%88%92%E8%83%B6%E5%9B%8A,站点药理或 ATC 分类明确为心脑血管用药
already_present,10879,益心舒丸,tcm,12,12,0.95,益气复脉，活血化瘀，养阴生津。用于气阴两虚，心悸脉结代，胸闷不舒、胸痛及冠心病心绞痛见有上述症状者。,补益剂 | 益气养阴,心脑血管与血液系统药物 | 心血管疾病治疗药,,,,https://www.yao86.com/%E4%B8%AD%E6%88%90%E8%8D%AF/%E7%9B%8A%E5%BF%83%E8%88%92%E4%B8%B8,站点药理或 ATC 分类明确为心脑血管用药
already_present,10880,蚁参药酒,tcm,13,13,0.9,补肝肾，益气血，舒筋通络。用于痹证属肝肾气血不足引起的关节酸痛，倦怠乏力等症的辅助治疗。,补益剂 | 气血双补,生殖泌尿系统药物 | 泌尿系统药物 | 补肾药物（勃起机能障碍用药）,,,,https://www.yao86.com/%E4%B8%AD%E6%88%90%E8%8D%AF/%E8%9A%81%E5%8F%82%E8%8D%AF%E9%85%92,站点明确收录为中成药，未命中更具体项目类别
already_present,10881,银翘清热片,tcm,0,0,0.94,疏风解表，清热解毒。用于外感风热所致的流行性感冒，症见发热、头痛、咳嗽、口干、咽喉疼痛。,解表剂 | 辛凉解表,呼吸系统药物 | 咳嗽和感冒用药,,,,https://www.yao86.com/%E4%B8%AD%E6%88%90%E8%8D%AF/%E9%93%B6%E7%BF%98%E6%B8%85%E7%83%AD%E7%89%87,站点药理分类明确为感冒或解表用药
already_present,10882,益安宁丸,tcm,13,13,0.9,补气活血，益肝健肾，养心安神。治疗气血虚弱，肝肾不足所致的胸闷气短，畏寒肢冷，手足麻木，对失眠健忘、神疲乏力、腰膝酸软也有一定疗效。,安神剂 | 补养安神,补气补血药物 | 补气药物,,,,https://www.yao86.com/%E4%B8%AD%E6%88%90%E8%8D%AF/%E7%9B%8A%E5%AE%89%E5%AE%81%E4%B8%B8,站点明确收录为中成药，未命中更具体项目类别
already_present,10883,益心通脉颗粒,tcm,12,12,0.95,益气养阴，活血通络。用于气阴两虚、瘀血阻络所致的胸痹，症见胸闷心痛、心悸气短、倦怠汗出、咽喉干燥；冠心病心绞痛见上述证候者。,补益剂 | 益气养阴,心脑血管与血液系统药物 | 心血管疾病治疗药,,,,https://www.yao86.com/%E4%B8%AD%E6%88%90%E8%8D%AF/%E7%9B%8A%E5%BF%83%E9%80%9A%E8%84%89%E9%A2%97%E7%B2%92,站点药理或 ATC 分类明确为心脑血管用药
already_present,10884,益寿强身膏,tcm,13,13,0.9,补气养血，滋补肝肾，养心安神，强筋健骨，健脾开胃。用于体虚气弱，食欲不振，腰膝酸软，神疲乏力，头晕目眩，失眠健忘，年老体弱。,安神剂 | 补养安神,生殖泌尿系统药物 | 泌尿系统药物 | 补肾药物（勃起机能障碍用药）,,,,https://www.yao86.com/%E4%B8%AD%E6%88%90%E8%8D%AF/%E7%9B%8A%E5%AF%BF%E5%BC%BA%E8%BA%AB%E8%86%8F,站点明确收录为中成药，未命中更具体项目类别
already_present,10885,益气健肾膏,tcm,13,13,0.9,益气养阴，培补脾肾。用于气阴两虚，脾肾不足所致的乏力气短，自汗盗汗，口干咽燥，头晕耳鸣等症。,补益剂 | 益气养阴,生殖泌尿系统药物 | 泌尿系统药物 | 补肾药物（勃起机能障碍用药）,,,,https://www.yao86.com/%E4%B8%AD%E6%88%90%E8%8D%AF/%E7%9B%8A%E6%B0%94%E5%81%A5%E8%82%BE%E8%86%8F,站点明确收录为中成药，未命中更具体项目类别
already_present,10886,益肾十七味丸,tcm,13,13,0.9,清肾热，消“粘”，固精。用于肾寒肾热诸症，腰膝疼痛，梦遗滑精，睾丸肿大。,固涩剂 | 涩精止遗,生殖泌尿系统药物 | 泌尿系统药物 | 抗生殖泌尿系统感染药物,,,,https://www.yao86.com/%E4%B8%AD%E6%88%90%E8%8D%AF/%E7%9B%8A%E8%82%BE%E5%8D%81%E4%B8%83%E5%91%B3%E4%B8%B8,站点明确收录为中成药，未命中更具体项目类别
already_present,10887,益肾十七味丸(萨丽噶日迪),tcm,13,13,0.9,清肾热，消“粘”，固精。用于肾寒肾热诸症，腰膝疼痛，梦遗滑精，睾丸肿大。,固涩剂 | 涩精止遗,,,,,https://www.yao86.com/%E4%B8%AD%E6%88%90%E8%8D%AF/%E7%9B%8A%E8%82%BE%E5%8D%81%E4%B8%83%E5%91%B3%E4%B8%B8%28%E8%90%A8%E4%B8%BD%E5%99%B6%E6%97%A5%E8%BF%AA%29,站点明确收录为中成药，未命中更具体项目类别
already_present,10888,益肾十七味丸(萨丽-嘎日迪),tcm,13,13,0.9,清肾热，消“粘”，固精。用于肾寒肾热诸症，腰膝疼痛，梦遗滑精，睾丸肿大。,固涩剂 | 涩精止遗,,,,,https://www.yao86.com/%E4%B8%AD%E6%88%90%E8%8D%AF/%E7%9B%8A%E8%82%BE%E5%8D%81%E4%B8%83%E5%91%B3%E4%B8%B8%28%E8%90%A8%E4%B8%BD-%E5%98%8E%E6%97%A5%E8%BF%AA%29,站点明确收录为中成药，未命中更具体项目类别
review_unclassified,,马来酸阿法替尼片,western,,,0.0,本品适用于以下患者治疗：1.具有表皮生长因子受体(EGFR)基因敏感突变的局部晚期或转移性非小细胞肺癌(NSCLC)，既往未接受过EGFR酪氨酸激酶抑制剂(TKI)治疗。2.含铂化疗期间或化疗后疾病进展的局部晚期或转移性鳞状组织学类型的非小细胞肺癌(NSCLC),抗肿瘤药 | 抗肿瘤靶向药,抗肿瘤药 | 蛋白激酶抑制剂 | 表皮生长因子受体(EGFR)酪氨酸激酶抑制剂,吉泰瑞,,,https://www.yao86.com/%E8%A5%BF%E8%8D%AF/%E9%A9%AC%E6%9D%A5%E9%85%B8%E9%98%BF%E6%B3%95%E6%9B%BF%E5%B0%BC%E7%89%87,站点分类无法可靠映射到项目现有类别
already_present,8044,小儿对乙酰氨基酚异丙嗪片,western,3,3,0.94,小儿用解热镇痛药。用于发热、疼痛、咳嗽、卡他症状等。,镇痛、解热、抗炎、抗风湿、抗痛风药 | 解热镇痛、抗炎、抗风湿药,镇痛药 | 其它解热镇痛药 | 酰苯胺类,,,,https://www.yao86.com/%E8%A5%BF%E8%8D%AF/%E5%B0%8F%E5%84%BF%E5%AF%B9%E4%B9%99%E9%85%B0%E6%B0%A8%E5%9F%BA%E9%85%9A%E5%BC%82%E4%B8%99%E5%97%AA%E7%89%87,站点药理或 ATC 分类明确为镇痛/抗炎药
already_present,8046,氨来呫诺糊剂,western,9,9,0.94,适用于治疗免疫系统正常的阿弗他口腔溃疡(复发性口腔溃疡)。,耳鼻喉科用药 | 咽喉、口腔疾病用药,口腔疾病药物 | 口腔局部治疗用抗感染药和灭菌药,福瑞斯,,,https://www.yao86.com/%E8%A5%BF%E8%8D%AF/%E6%B0%A8%E6%9D%A5%E5%91%AB%E8%AF%BA%E7%B3%8A%E5%89%82,剂型或站点分类明确为局部外用药
review_unclassified,,氨来呫诺口腔贴片,western,,,0.0,适用于治疗免疫系统正常的成人及12岁以上青少年的口腔溃疡。,耳鼻喉科用药 | 咽喉、口腔疾病用药,口腔疾病药物 | 口腔局部治疗用抗感染药和灭菌药,立克邦,,,https://www.yao86.com/%E8%A5%BF%E8%8D%AF/%E6%B0%A8%E6%9D%A5%E5%91%AB%E8%AF%BA%E5%8F%A3%E8%85%94%E8%B4%B4%E7%89%87,站点分类无法可靠映射到项目现有类别
already_present,8047,氨酚氢可酮片,western,3,3,0.94,本品适用于缓解中度到中重度疼痛。,镇痛、解热、抗炎、抗风湿、抗痛风药 | 解热镇痛、抗炎、抗风湿药,镇痛药 | 其它解热镇痛药 | 酰苯胺类,耐而可,,,https://www.yao86.com/%E8%A5%BF%E8%8D%AF/%E6%B0%A8%E9%85%9A%E6%B0%A2%E5%8F%AF%E9%85%AE%E7%89%87,站点药理或 ATC 分类明确为镇痛/抗炎药
reclassified_existing,8048,小儿氨酚匹林片,western,3,14,0.96,用于普通感冒或流行性感冒引起的发热，也用于缓解轻至中度疼痛如头痛、关节痛、偏头痛、牙痛、肌肉痛、神经痛、痛经。,镇痛、解热、抗炎、抗风湿、抗痛风药 | 解热镇痛、抗炎、抗风湿药,镇痛药 | 其它解热镇痛药 | 水杨酸与其衍生物,,,,https://www.yao86.com/%E8%A5%BF%E8%8D%AF/%E5%B0%8F%E5%84%BF%E6%B0%A8%E9%85%9A%E5%8C%B9%E6%9E%97%E7%89%87,站点药理或 ATC 分类明确为妇科用药
already_present,8049,盐酸氨溴索颗粒,western,1,1,0.95,适用于伴有痰液分泌不正常及排痰功能不良的急性、慢性呼吸道疾病，例如慢性支气管炎急性加重、喘息型支气管炎、支气管扩张及支气管哮喘的祛痰治疗。,呼吸系统用药 | 祛痰药,咳嗽和感冒用药 | 祛痰药，与止咳药的复方除外 | 粘液溶解药,,,,https://www.yao86.com/%E8%A5%BF%E8%8D%AF/%E7%9B%90%E9%85%B8%E6%B0%A8%E6%BA%B4%E7%B4%A2%E9%A2%97%E7%B2%92,站点药理分类明确为止咳或祛痰药
already_present,8050,盐酸氨溴索泡腾片,western,1,1,0.95,适用于痰液粘稠而不易咳出者。,呼吸系统用药 | 祛痰药,咳嗽和感冒用药 | 祛痰药，与止咳药的复方除外 | 粘液溶解药,,,,https://www.yao86.com/%E8%A5%BF%E8%8D%AF/%E7%9B%90%E9%85%B8%E6%B0%A8%E6%BA%B4%E7%B4%A2%E6%B3%A1%E8%85%BE%E7%89%87,站点药理分类明确为止咳或祛痰药
already_present,8051,盐酸氨溴索咀嚼片,western,1,1,0.95,本品为粘液溶解剂，可用于伴有粘性痰的急性和慢性支气管炎或肺疾病的祛痰治疗。,呼吸系统用药 | 祛痰药,咳嗽和感冒用药 | 祛痰药，与止咳药的复方除外 | 粘液溶解药,,,,https://www.yao86.com/%E8%A5%BF%E8%8D%AF/%E7%9B%90%E9%85%B8%E6%B0%A8%E6%BA%B4%E7%B4%A2%E5%92%80%E5%9A%BC%E7%89%87,站点药理分类明确为止咳或祛痰药
already_present,25,盐酸氨溴索口服溶液,western,1,1,0.95,适用于痰液粘稠不易咳出者。,呼吸系统用药 | 祛痰药,咳嗽和感冒用药 | 祛痰药，与止咳药的复方除外 | 粘液溶解药,,,,https://www.yao86.com/%E8%A5%BF%E8%8D%AF/%E7%9B%90%E9%85%B8%E6%B0%A8%E6%BA%B4%E7%B4%A2%E5%8F%A3%E6%9C%8D%E6%BA%B6%E6%B6%B2,保留数据库现有分类；站点药理分类明确为止咳或祛痰药
already_present,8052,盐酸氨溴索胶囊,western,1,1,0.95,适用于伴有痰液分泌不正常及排痰功能不良的急性、慢性呼吸道疾病，例如慢性支气管炎急性加重、喘息型支气管炎、支气管扩张及支气管哮喘的祛痰治疗。,呼吸系统用药 | 祛痰药,咳嗽和感冒用药 | 祛痰药，与止咳药的复方除外 | 粘液溶解药,,,,https://www.yao86.com/%E8%A5%BF%E8%8D%AF/%E7%9B%90%E9%85%B8%E6%B0%A8%E6%BA%B4%E7%B4%A2%E8%83%B6%E5%9B%8A,站点药理分类明确为止咳或祛痰药
already_present,8053,盐酸氨溴索缓释片,western,1,1,0.95,适用急、慢性支气管炎、支气管哮喘、支气管扩张、肺结核等引起的痰液粘稠、咳痰困难。,呼吸系统用药 | 祛痰药,咳嗽和感冒用药 | 祛痰药，与止咳药的复方除外 | 粘液溶解药,,,,https://www.yao86.com/%E8%A5%BF%E8%8D%AF/%E7%9B%90%E9%85%B8%E6%B0%A8%E6%BA%B4%E7%B4%A2%E7%BC%93%E9%87%8A%E7%89%87,站点药理分类明确为止咳或祛痰药
already_present,8054,盐酸氨溴索分散片,western,1,1,0.95,适用于伴有痰液分泌不正常及排痰功能不良的急性、慢性呼吸道疾病，例如慢性支气管炎急性加重、喘息型支气管炎、支气管扩张及支气管哮喘的祛痰治疗。,呼吸系统用药 | 祛痰药,咳嗽和感冒用药 | 祛痰药，与止咳药的复方除外 | 粘液溶解药,恩久平,,,https://www.yao86.com/%E8%A5%BF%E8%8D%AF/%E7%9B%90%E9%85%B8%E6%B0%A8%E6%BA%B4%E7%B4%A2%E5%88%86%E6%95%A3%E7%89%87,站点药理分类明确为止咳或祛痰药
already_present,8055,盐酸氨溴索糖浆,western,1,1,0.95,适用于痰液粘稠而不易咳出者。,呼吸系统用药 | 祛痰药,咳嗽和感冒用药 | 祛痰药，与止咳药的复方除外 | 粘液溶解药,,,,https://www.yao86.com/%E8%A5%BF%E8%8D%AF/%E7%9B%90%E9%85%B8%E6%B0%A8%E6%BA%B4%E7%B4%A2%E7%B3%96%E6%B5%86,站点药理分类明确为止咳或祛痰药
already_present,8056,盐酸氨溴索口腔崩解片,western,1,1,0.95,适用于痰液粘稠不易咳出者。,呼吸系统用药 | 祛痰药,咳嗽和感冒用药 | 祛痰药，与止咳药的复方除外 | 粘液溶解药,,,,https://www.yao86.com/%E8%A5%BF%E8%8D%AF/%E7%9B%90%E9%85%B8%E6%B0%A8%E6%BA%B4%E7%B4%A2%E5%8F%A3%E8%85%94%E5%B4%A9%E8%A7%A3%E7%89%87,站点药理分类明确为止咳或祛痰药
already_present,8057,盐酸氨溴索片,western,1,1,0.95,适用于痰液粘稠而不易咳出者。,呼吸系统用药 | 祛痰药,咳嗽和感冒用药 | 祛痰药，与止咳药的复方除外 | 粘液溶解药,,,,https://www.yao86.com/%E8%A5%BF%E8%8D%AF/%E7%9B%90%E9%85%B8%E6%B0%A8%E6%BA%B4%E7%B4%A2%E7%89%87,站点药理分类明确为止咳或祛痰药
already_present,8058,盐酸氨溴索缓释胶囊,western,1,1,0.95,适用于痰粘稠而不易咳出者。,呼吸系统用药 | 祛痰药,咳嗽和感冒用药 | 祛痰药，与止咳药的复方除外 | 粘液溶解药,,,,https://www.yao86.com/%E8%A5%BF%E8%8D%AF/%E7%9B%90%E9%85%B8%E6%B0%A8%E6%BA%B4%E7%B4%A2%E7%BC%93%E9%87%8A%E8%83%B6%E5%9B%8A,站点药理分类明确为止咳或祛痰药
already_present,8060,吸入用盐酸氨溴索溶液,western,1,1,0.95,用于急慢性呼吸道疾病，如急慢性支气管炎、肺炎等引起的痰液粘稠、排痰困难。,呼吸系统用药 | 祛痰药,咳嗽和感冒用药 | 祛痰药，与止咳药的复方除外 | 粘液溶解药,,,,https://www.yao86.com/%E8%A5%BF%E8%8D%AF/%E5%90%B8%E5%85%A5%E7%94%A8%E7%9B%90%E9%85%B8%E6%B0%A8%E6%BA%B4%E7%B4%A2%E6%BA%B6%E6%B6%B2,吸入剂型且站点分类明确为止咳或祛痰药
already_present,8062,盐酸氨溴索喷雾剂,western,1,1,0.95,适用于 2-6 岁儿童的痰液粘稠及排痰困难,呼吸系统用药 | 祛痰药,咳嗽和感冒用药 | 祛痰药，与止咳药的复方除外 | 粘液溶解药,罗润畅,,,https://www.yao86.com/%E8%A5%BF%E8%8D%AF/%E7%9B%90%E9%85%B8%E6%B0%A8%E6%BA%B4%E7%B4%A2%E5%96%B7%E9%9B%BE%E5%89%82,吸入剂型且站点分类明确为止咳或祛痰药
already_present,8063,盐酸氨溴索滴剂,western,1,1,0.95,适用于痰液粘稠而不易咳出者。,呼吸系统用药 | 祛痰药,咳嗽和感冒用药 | 祛痰药，与止咳药的复方除外 | 粘液溶解药,一品红,,,https://www.yao86.com/%E8%A5%BF%E8%8D%AF/%E7%9B%90%E9%85%B8%E6%B0%A8%E6%BA%B4%E7%B4%A2%E6%BB%B4%E5%89%82,站点药理分类明确为止咳或祛痰药
review_unclassified,,奥布替尼片,western,,,0.0,本品适用于治疗：1) 既往至少接受过一种治疗的成人套细胞淋巴瘤（MCL）患者。2) 既往至少接受过一种治疗的成人慢性淋巴细胞白血病（CLL）/小淋巴细胞淋巴瘤（SLL）患者。上述适应症分别基于一项单臂临床试验的客观缓解率结果给予的附条件批准。本品的完全批准将取决于正在开展中的确证性随机对照临床试验结果。,抗肿瘤药 | 抗肿瘤靶向药,免疫抑制剂 | 选择性免疫抑制剂,宜诺凯,,,https://www.yao86.com/%E8%A5%BF%E8%8D%AF/%E5%A5%A5%E5%B8%83%E6%9B%BF%E5%B0%BC%E7%89%87,站点分类无法可靠映射到项目现有类别
already_present,10889,冰矾清毒生肌散,tcm,5,5,0.93,清热解毒，生肌止痛。适用于缓解口疮局部肿痛症状。,治疮疡剂 | 解毒消肿,消化系统与代谢药 | 口腔疾病药物 | 口腔炎症治疗药,,,,https://www.yao86.com/%E4%B8%AD%E6%88%90%E8%8D%AF/%E5%86%B0%E7%9F%BE%E6%B8%85%E6%AF%92%E7%94%9F%E8%82%8C%E6%95%A3,站点药理或 ATC 分类明确为胃肠消化用药
already_present,10890,板蓝清热颗粒,tcm,13,13,0.9,清热解毒，疏散风热，利咽消肿。用于外感风热，热毒壅盛所致感冒发热，头痛，目赤，咽喉肿痛；流感，急性咽炎，扁桃腺炎，腮腺炎见上述证候者。,治风剂 | 疏散外风,呼吸系统药物 | 清热解毒药物,,,,https://www.yao86.com/%E4%B8%AD%E6%88%90%E8%8D%AF/%E6%9D%BF%E8%93%9D%E6%B8%85%E7%83%AD%E9%A2%97%E7%B2%92,站点明确收录为中成药，未命中更具体项目类别
already_present,10891,冰硼咽喉散,tcm,13,13,0.9,清热解毒、消肿止痛。用于咽部、齿龈肿痛，口舌生疮。,治疮疡剂 | 解毒消肿,呼吸系统药物 | 咽喉疾病治疗药,,,,https://www.yao86.com/%E4%B8%AD%E6%88%90%E8%8D%AF/%E5%86%B0%E7%A1%BC%E5%92%BD%E5%96%89%E6%95%A3,站点明确收录为中成药，未命中更具体项目类别
already_present,10892,保济丸,tcm,5,5,0.93,解表，祛湿，和中。用于暑湿感冒，症见发热头痛，腹痛腹泻、恶心呕吐、肠胃不适；亦可用于晕车晕船。,祛暑剂 | 解暑和中,消化系统与代谢药 | 肠道疾病相关药物,,,,https://www.yao86.com/%E4%B8%AD%E6%88%90%E8%8D%AF/%E4%BF%9D%E6%B5%8E%E4%B8%B8,站点药理或 ATC 分类明确为胃肠消化用药
already_present,10893,保济口服液,tcm,5,5,0.93,解表，祛湿，和中。用于腹痛吐泻，噎食嗳酸，恶心呕吐，肠胃不适，消化不良，舟车晕浪，四时感冒，发热头痛。,祛暑剂 | 解暑和中,消化系统与代谢药 | 肠道疾病相关药物,,,,https://www.yao86.com/%E4%B8%AD%E6%88%90%E8%8D%AF/%E4%BF%9D%E6%B5%8E%E5%8F%A3%E6%9C%8D%E6%B6%B2,站点药理或 ATC 分类明确为胃肠消化用药
already_present,10894,宝宝牛黄散,tcm,1,1,0.95,清热镇惊，祛风，化痰。用于小儿风痰壅盛，腹痛。,祛痰剂 | 治风化痰,神经系统药物 | 精神安定药 | 催眠镇静药,,,,https://www.yao86.com/%E4%B8%AD%E6%88%90%E8%8D%AF/%E5%AE%9D%E5%AE%9D%E7%89%9B%E9%BB%84%E6%95%A3,站点药理分类明确为止咳或祛痰药
already_present,127,鼻渊通窍颗粒,tcm,13,13,0.94,疏风清热，宣肺通窍。用于急鼻渊(急性鼻窦炎)属外邪犯肺证，症见前额或颧骨部压痛，鼻塞时作，流涕黏白或黏黄，或头痛，或发热，苔薄黄或白，脉浮。,解表剂 | 宣肺通窍,呼吸系统药物 | 鼻病治疗药,,,,https://www.yao86.com/%E4%B8%AD%E6%88%90%E8%8D%AF/%E9%BC%BB%E6%B8%8A%E9%80%9A%E7%AA%8D%E9%A2%97%E7%B2%92,保留数据库现有分类；站点药理分类明确为感冒或解表用药
already_present,10895,八味檀香丸,tcm,0,0,0.94,清肺热，化脓血。用于肺热、肺脓肿，咯血，肺结核。,清热剂 | 清脏腑热,呼吸系统药物 | 咳嗽和感冒用药,,,,https://www.yao86.com/%E4%B8%AD%E6%88%90%E8%8D%AF/%E5%85%AB%E5%91%B3%E6%AA%80%E9%A6%99%E4%B8%B8,站点药理分类明确为感冒或解表用药
review_missing_efficacy,,复方水杨酸甲酯搽剂,western,,9,0.94,,,关节和肌肉疼痛局部用药 | 带有水杨酸衍生物的制剂,,,,https://www.yao86.com/%E8%A5%BF%E8%8D%AF/%E5%A4%8D%E6%96%B9%E6%B0%B4%E6%9D%A8%E9%85%B8%E7%94%B2%E9%85%AF%E6%90%BD%E5%89%82,剂型或站点分类明确为局部外用药
review_missing_efficacy,,复方水杨酸甲酯贴剂,western,,9,0.94,,,关节和肌肉疼痛局部用药 | 带有水杨酸衍生物的制剂,,,,https://www.yao86.com/%E8%A5%BF%E8%8D%AF/%E5%A4%8D%E6%96%B9%E6%B0%B4%E6%9D%A8%E9%85%B8%E7%94%B2%E9%85%AF%E8%B4%B4%E5%89%82,剂型或站点分类明确为局部外用药
review_missing_efficacy,,复方间苯二酚苯酚搽剂,western,,9,0.96,,,皮肤病用抗真菌药 | 局部用抗真菌药 | 局部用其它抗真菌药,,,,https://www.yao86.com/%E8%A5%BF%E8%8D%AF/%E5%A4%8D%E6%96%B9%E9%97%B4%E8%8B%AF%E4%BA%8C%E9%85%9A%E8%8B%AF%E9%85%9A%E6%90%BD%E5%89%82,外用剂型且站点 ATC 分类明确为皮肤局部用药
review_missing_efficacy,,薄荷脑-苯甲酸钠-三氯叔丁醇-桉油-八角茴香油,western,,,0.0,,耳鼻喉科用药 | 咽喉、口腔疾病用药,口腔疾病药物 | 口腔局部治疗用其它药物,,,,https://www.yao86.com/%E8%A5%BF%E8%8D%AF/%E8%96%84%E8%8D%B7%E8%84%91-%E8%8B%AF%E7%94%B2%E9%85%B8%E9%92%A0-%E4%B8%89%E6%B0%AF%E5%8F%94%E4%B8%81%E9%86%87-%E6%A1%89%E6%B2%B9-%E5%85%AB%E8%A7%92%E8%8C%B4%E9%A6%99%E6%B2%B9,站点分类无法可靠映射到项目现有类别
review_unclassified,,薄荷喉片,western,,,0.0,有清凉、止痛、防腐作用，用于咽喉炎、扁桃体炎及口臭等。,耳鼻喉科用药 | 咽喉、口腔疾病用药,口腔疾病药物 | 口腔局部治疗用其它药物,,,,https://www.yao86.com/%E8%A5%BF%E8%8D%AF/%E8%96%84%E8%8D%B7%E5%96%89%E7%89%87,站点分类无法可靠映射到项目现有类别
already_present,10896,保泰松片,western,3,3,0.94,主要用于治疗风湿性关节炎、类风湿性关节炎、强直性脊柱炎。本药大剂量可减少肾小管对尿酸盐的再吸收，促进尿酸盐排泄，故可用于治疗急性痛风。,镇痛、解热、抗炎、抗风湿、抗痛风药 | 解热镇痛、抗炎、抗风湿药,抗炎和抗风湿药 | 非甾体抗炎药和抗风湿药 | 丁基吡唑烷类,,,,https://www.yao86.com/%E8%A5%BF%E8%8D%AF/%E4%BF%9D%E6%B3%B0%E6%9D%BE%E7%89%87,站点药理或 ATC 分类明确为镇痛/抗炎药
already_present,83,玻璃酸钠滴眼液,western,9,9,0.94,用于干燥综合征(Sjǒgren's syndrome)﹑斯-约二氏综合征(Stevens-Johnson syndrome)、眼干燥症(dry eye)等内因性疾患及各种外因性疾患(如手术、药物性、外伤、配戴隐形眼镜等)所致的角结膜上皮损伤。尤其适用于干燥综合症和斯-约二氏综合症需长期用药的患者。,眼科用药 | 其他眼科用药,眼科用药 | 其它眼科用药,,,,https://www.yao86.com/%E8%A5%BF%E8%8D%AF/%E7%8E%BB%E7%92%83%E9%85%B8%E9%92%A0%E6%BB%B4%E7%9C%BC%E6%B6%B2,保留数据库现有分类；剂型或站点分类明确为局部外用药
already_present,10897,盐酸巴尼地平缓释胶囊,western,12,12,0.95,原发性高血压，肾性高血压。,心血管系统用药 | 抗高血压药,钙通道阻滞剂 | 主要对血管产生影响的选择性钙通道阻滞剂 | 二氢吡啶衍生物,合普卡Hypoca,,,https://www.yao86.com/%E8%A5%BF%E8%8D%AF/%E7%9B%90%E9%85%B8%E5%B7%B4%E5%B0%BC%E5%9C%B0%E5%B9%B3%E7%BC%93%E9%87%8A%E8%83%B6%E5%9B%8A,站点药理或 ATC 分类明确为心脑血管用药
already_present,10898,苯丙醇软胶囊,western,5,5,0.93,用于慢性胆囊炎的辅助治疗。,消化系统用药 | 利胆药,肝、胆疾病治疗药 | 胆病治疗药 | 胆病的其它治疗药,,,,https://www.yao86.com/%E8%A5%BF%E8%8D%AF/%E8%8B%AF%E4%B8%99%E9%86%87%E8%BD%AF%E8%83%B6%E5%9B%8A,站点药理或 ATC 分类明确为胃肠消化用药
already_present,10899,参苓精口服液,tcm,5,5,0.93,"健脾助运,养心益智。适用于神疲乏力,食欲不振,头晕心悸,失眠健忘,腰膝酸软。",补益剂 | 补气,消化系统与代谢药 | 提升食欲、促消化药,,,,https://www.yao86.com/%E4%B8%AD%E6%88%90%E8%8D%AF/%E5%8F%82%E8%8B%93%E7%B2%BE%E5%8F%A3%E6%9C%8D%E6%B6%B2,站点药理或 ATC 分类明确为胃肠消化用药
already_present,10900,柴连口服液,tcm,0,0,0.94,解表宣肺，化湿和中。用于感冒属风寒、风寒挟湿证者，证见恶寒、发热、头痛、鼻塞、咳嗽、咽干或兼脘闷、恶心等。,解表剂 | 解表祛湿,呼吸系统药物 | 咳嗽和感冒用药,,,,https://www.yao86.com/%E4%B8%AD%E6%88%90%E8%8D%AF/%E6%9F%B4%E8%BF%9E%E5%8F%A3%E6%9C%8D%E6%B6%B2,站点药理分类明确为感冒或解表用药
already_present,10901,苁蓉补肾丸,tcm,13,13,0.9,补肾壮阳。用于肾虚腰痛，阳萎遗精。,补益剂 | 补阳,生殖泌尿系统药物 | 泌尿系统药物 | 补肾药物（勃起机能障碍用药）,,,,https://www.yao86.com/%E4%B8%AD%E6%88%90%E8%8D%AF/%E8%8B%81%E8%93%89%E8%A1%A5%E8%82%BE%E4%B8%B8,站点明确收录为中成药，未命中更具体项目类别
already_present,10902,沉香利气丸,tcm,5,5,0.93,行气舒郁，健胃导滞。用于气郁不舒，消化不良引起的胸胁痞满，嗳气吞酸。胃脘胀痛，大便秘结。,和解剂 | 其它,消化系统与代谢药 | 提升食欲、促消化药,,,,https://www.yao86.com/%E4%B8%AD%E6%88%90%E8%8D%AF/%E6%B2%89%E9%A6%99%E5%88%A9%E6%B0%94%E4%B8%B8,站点药理或 ATC 分类明确为胃肠消化用药
already_present,10903,参鹿健肺胶囊,tcm,13,13,0.9,补气养血，健脾益肺，固肾强身，安神健脑。用于肺、脾、肾不足所致食少纳呆，气短喘促，神疲倦怠，头晕耳鸣等症。,补益剂 | 气血双补,补气补血药物 | 其他补气补血药物,,,,https://www.yao86.com/%E4%B8%AD%E6%88%90%E8%8D%AF/%E5%8F%82%E9%B9%BF%E5%81%A5%E8%82%BA%E8%83%B6%E5%9B%8A,站点明确收录为中成药，未命中更具体项目类别
already_present,10904,参鹿膏,tcm,13,13,0.9,补气养血，调经。用于气血虚弱引起的腰腿疼痛，精神疲倦，经血不调，产后瘀血腹痛。,补益剂 | 气血双补,补气补血药物 | 其他补气补血药物,,,,https://www.yao86.com/%E4%B8%AD%E6%88%90%E8%8D%AF/%E5%8F%82%E9%B9%BF%E8%86%8F,站点明确收录为中成药，未命中更具体项目类别
already_present,10905,春梅颗粒,tcm,13,13,0.9,敛肺，涩肠，生津，安蛔。用于肺虚久咳，口干烦渴，胆道蛔虫症，慢性腹泻等症。,驱虫、止痒剂,,,,,https://www.yao86.com/%E4%B8%AD%E6%88%90%E8%8D%AF/%E6%98%A5%E6%A2%85%E9%A2%97%E7%B2%92,站点明确收录为中成药，未命中更具体项目类别
already_present,10906,醋酸地塞米松乳膏,western,9,9,0.96,用于局限性瘙痒症、神经性皮炎、接触性皮炎、脂溢性皮炎以及慢性湿疹。,激素及影响内分泌药 | 肾上腺皮质激素类药,皮肤病用皮质激素制剂 | 皮质甾体激素类，单方 | 皮质类固醇类，中强（II 组）,,,,https://www.yao86.com/%E8%A5%BF%E8%8D%AF/%E9%86%8B%E9%85%B8%E5%9C%B0%E5%A1%9E%E7%B1%B3%E6%9D%BE%E4%B9%B3%E8%86%8F,外用剂型且站点 ATC 分类明确为皮肤局部用药
review_unclassified,,醋酸地塞米松片,western,,,0.0,主要用于过敏性与自身免疫性炎症性疾病。如结缔组织病，严重的支气管哮喘，皮炎等过敏性疾病，溃疡性结肠炎，急性白血病，恶性淋巴瘤等。此外，本药还用于某些肾上腺皮质疾病的诊断——地塞米松抑制试验。,激素及影响内分泌药 | 肾上腺皮质激素类药,系统用皮质甾体激素类 | 系统用皮质甾体激素类，单方 | 糖肾上腺皮质激素类,,,,https://www.yao86.com/%E8%A5%BF%E8%8D%AF/%E9%86%8B%E9%85%B8%E5%9C%B0%E5%A1%9E%E7%B1%B3%E6%9D%BE%E7%89%87,站点分类无法可靠映射到项目现有类别
review_unclassified,,醋酸地塞米松口腔贴片,western,,,0.0,用于非感染性口腔黏膜溃疡。,激素及影响内分泌药 | 肾上腺皮质激素类药,口腔疾病药物 | 口腔局部治疗用皮质甾体激素类药,意可贴,,,https://www.yao86.com/%E8%A5%BF%E8%8D%AF/%E9%86%8B%E9%85%B8%E5%9C%B0%E5%A1%9E%E7%B1%B3%E6%9D%BE%E5%8F%A3%E8%85%94%E8%B4%B4%E7%89%87,站点分类无法可靠映射到项目现有类别
review_unclassified,,地塞米松片,western,,,0.0,主要适用于过敏性与自身免疫性炎症性疾病，如结缔组织病，严重的支气管哮喘，皮炎等过敏性疾病，溃疡性结肠炎，急性白血病，恶性淋巴瘤等。本药还用于某些肾上腺皮质疾病的诊断-地塞米松抑制试验。,激素及影响内分泌药 | 肾上腺皮质激素类药,系统用皮质甾体激素类 | 系统用皮质甾体激素类，单方 | 糖肾上腺皮质激素类,,,,https://www.yao86.com/%E8%A5%BF%E8%8D%AF/%E5%9C%B0%E5%A1%9E%E7%B1%B3%E6%9D%BE%E7%89%87,站点分类无法可靠映射到项目现有类别
review_missing_efficacy,,醋酸地塞米松软膏,western,,9,0.96,,,皮肤病用皮质激素制剂 | 皮质甾体激素类，单方 | 皮质类固醇类，中强（II 组）,,,,https://www.yao86.com/%E8%A5%BF%E8%8D%AF/%E9%86%8B%E9%85%B8%E5%9C%B0%E5%A1%9E%E7%B1%B3%E6%9D%BE%E8%BD%AF%E8%86%8F,外用剂型且站点 ATC 分类明确为皮肤局部用药
imported,13982,强力碘溶液,western,,14,0.96,用于皮肤感染、外阴瘙痒和细菌性、滴虫性、老年性阴道炎、宫颈糜烂，以及各型肝炎病人或其他传染病人的皮肤及污染物的消毒，还用于个人卫生、器具消毒。,皮肤科用药 | 其他皮肤科药,消毒灭菌药 | 碘制剂,,,,https://www.yao86.com/%E8%A5%BF%E8%8D%AF/%E5%BC%BA%E5%8A%9B%E7%A2%98%E6%BA%B6%E6%B6%B2,站点药理或 ATC 分类明确为妇科用药
already_present,10907,碘酊,western,9,9,0.94,用于皮肤感染和消毒。,皮肤科用药 | 其他皮肤科药,消毒灭菌药 | 碘制剂,,,,https://www.yao86.com/%E8%A5%BF%E8%8D%AF/%E7%A2%98%E9%85%8A,剂型或站点分类明确为局部外用药
review_unclassified,,碘-聚醇醚溶液,western,,,0.0,用于皮肤消毒。粘膜冲洗，医务人员刷手，泡手，注射、手术部位皮肤消毒。也用于治疗皮肤粘膜细菌性感染以及器械、餐具、瓜果的消毒，环境的消毒等。,皮肤科用药 | 其他皮肤科药,消毒灭菌药 | 碘制剂,,,,https://www.yao86.com/%E8%A5%BF%E8%8D%AF/%E7%A2%98-%E8%81%9A%E9%86%87%E9%86%9A%E6%BA%B6%E6%B6%B2,站点分类无法可靠映射到项目现有类别
review_missing_efficacy,,碘糖片,western,,11,0.95,,,甲状腺治疗药 | 碘疗法用药,,,,https://www.yao86.com/%E8%A5%BF%E8%8D%AF/%E7%A2%98%E7%B3%96%E7%89%87,站点药理或 ATC 分类明确为慢性病长期用药
review_missing_efficacy,,碘散,western,,,0.0,,,消毒灭菌药 | 碘制剂,,,,https://www.yao86.com/%E8%A5%BF%E8%8D%AF/%E7%A2%98%E6%95%A3,站点分类无法可靠映射到项目现有类别
review_missing_efficacy,,高效碘溶液,western,,,0.0,,,消毒灭菌药 | 碘制剂,,,,https://www.yao86.com/%E8%A5%BF%E8%8D%AF/%E9%AB%98%E6%95%88%E7%A2%98%E6%BA%B6%E6%B6%B2,站点分类无法可靠映射到项目现有类别
already_present,10908,盐酸丁卡因凝胶,western,9,9,0.94,用于静脉穿刺或静脉插管前的皮肤局部麻醉。,麻醉药 | 局部麻醉药,麻醉药 | 局部麻醉药 | 氨苯甲酸酯类,,,,https://www.yao86.com/%E8%A5%BF%E8%8D%AF/%E7%9B%90%E9%85%B8%E4%B8%81%E5%8D%A1%E5%9B%A0%E5%87%9D%E8%83%B6,剂型或站点分类明确为局部外用药
review_missing_efficacy,,盐酸丁螺环酮片,western,,,0.0,各种焦虑症。,治疗精神障碍药 | 抗焦虑药,精神安定药 | 抗焦虑药 | 氮杂螺癸二酮衍生物类,奇比特,,,https://www.yao86.com/%E8%A5%BF%E8%8D%AF/%E7%9B%90%E9%85%B8%E4%B8%81%E8%9E%BA%E7%8E%AF%E9%85%AE%E7%89%87,站点分类无法可靠映射到项目现有类别
review_unclassified,,达罗他胺片,western,,,0.0,适用于治疗有高危转移风险的非转移性去势抵抗性前列腺癌( NM- CRPC )成年患者。,抗肿瘤药 | 抗肿瘤激素类,内分泌治疗用药 | 激素拮抗药与其相关药物 | 抗雄激素类,诺倍戈,,,https://www.yao86.com/%E8%A5%BF%E8%8D%AF/%E8%BE%BE%E7%BD%97%E4%BB%96%E8%83%BA%E7%89%87,站点分类无法可靠映射到项目现有类别
already_present,10909,盐酸丁咯地尔胶囊,western,12,12,0.95,1．周围血管疾病：间歇性跛行、雷诺综合症、血管闭塞性脉管炎等。2．慢性脑血管供血不足引起的症状：眩晕、耳鸣、智力减退、记忆力下降、注意力不集中、定向障碍等。,神经系统用药 | 脑血管病用药及降颅压药,外周血管扩张剂 | 其它外周血管扩张剂,西丁林胶囊,,,https://www.yao86.com/%E8%A5%BF%E8%8D%AF/%E7%9B%90%E9%85%B8%E4%B8%81%E5%92%AF%E5%9C%B0%E5%B0%94%E8%83%B6%E5%9B%8A,站点药理或 ATC 分类明确为心脑血管用药
already_present,10910,盐酸丁咯地尔缓释片,western,12,12,0.95,盐酸丁咯地尔用于治疗由慢性动脉功能不全引起的间歇性跛行，缺血性静息痛，营养失调或皮肤溃疡，也用于治疗雷诺氏病、雷诺氏综合症，以及其它血管痉挛疾病，如青斑、手足发绀。此外，盐酸丁咯地尔还用于治疗常常与慢性脑血管功能不全或衷老相关的症状和体征。* 眩晕、耳鸣、头晕* 智力减退* 人格改变和社会--家庭行为改变*失眠* 记忆丧失，尤其是近期记忆* 注意力不集中* 定向力障碍,神经系统用药 | 脑血管病用药及降颅压药,外周血管扩张剂 | 其它外周血管扩张剂,意鲁顿,,,https://www.yao86.com/%E8%A5%BF%E8%8D%AF/%E7%9B%90%E9%85%B8%E4%B8%81%E5%92%AF%E5%9C%B0%E5%B0%94%E7%BC%93%E9%87%8A%E7%89%87,站点药理或 ATC 分类明确为心脑血管用药
already_present,10911,盐酸丁咯地尔片,western,12,12,0.95,1.周围血管疾病：雷诺综合症、血栓闭塞性脉管炎、间歇性跛行。2.慢性脑血管供血不足引起的症状：眩晕、耳鸣、智力减退、记忆力下降、注意力不集中、定向力障碍等。,神经系统用药 | 脑血管病用药及降颅压药,外周血管扩张剂 | 其它外周血管扩张剂,绪络菱,,,https://www.yao86.com/%E8%A5%BF%E8%8D%AF/%E7%9B%90%E9%85%B8%E4%B8%81%E5%92%AF%E5%9C%B0%E5%B0%94%E7%89%87,站点药理或 ATC 分类明确为心脑血管用药
already_present,10912,盐酸丁咯地尔口服溶液,western,12,12,0.95,1、周围血管疾病：雷诺综合征、血栓闭塞性脉管炎、间歇性跛行。2、慢性脑血管供血不足引起的症状：眩晕、耳鸣、智力减退、记忆力下降、注意力不集中、定向力障碍等。,神经系统用药 | 脑血管病用药及降颅压药,外周血管扩张剂 | 其它外周血管扩张剂,,,,https://www.yao86.com/%E8%A5%BF%E8%8D%AF/%E7%9B%90%E9%85%B8%E4%B8%81%E5%92%AF%E5%9C%B0%E5%B0%94%E5%8F%A3%E6%9C%8D%E6%BA%B6%E6%B6%B2,站点药理或 ATC 分类明确为心脑血管用药
review_unclassified,,地拉罗司分散片,western,,,0.0,用于治疗年龄大于2岁的β-地中海贫血患者因频繁输血(每月浓缩红细胞的给予量≥7ml/kg)所致慢性铁过载；对于其它输血依赖性疾病所致的铁过载，本品中国患者的安全有效性数据有限，建议遵医嘱使用。也用于治疗10岁及10岁以上非输血依赖性地中海贫血综合征患者的慢性铁过载。,血液系统用药 | 其他血液系统用药,其它各种治疗用药品 | 铁螯合剂类,恩瑞格(Exjade),,,https://www.yao86.com/%E8%A5%BF%E8%8D%AF/%E5%9C%B0%E6%8B%89%E7%BD%97%E5%8F%B8%E5%88%86%E6%95%A3%E7%89%87,站点分类无法可靠映射到项目现有类别
review_missing_efficacy,,地拉罗司片,western,,,0.0,,,其它各种治疗用药品 | 铁螯合剂类,,,,https://www.yao86.com/%E8%A5%BF%E8%8D%AF/%E5%9C%B0%E6%8B%89%E7%BD%97%E5%8F%B8%E7%89%87,站点分类无法可靠映射到项目现有类别
already_present,10913,蛾苓丸,tcm,14,14,0.96,健脾安神、补肝壮肾。用于妇女更年期综合症。,安神剂 | 补养安神,生殖泌尿系统药物 | 妇科用药 | 更年期综合征治疗药,,,,https://www.yao86.com/%E4%B8%AD%E6%88%90%E8%8D%AF/%E8%9B%BE%E8%8B%93%E4%B8%B8,站点药理或 ATC 分类明确为妇科用药
already_present,10914,二十味沉香丸,tcm,12,12,0.95,调和气血、安神镇静。用于偏瘫，高血压，神志紊乱，口眼歪斜，肢体麻木，失眠。,安神剂 | 其它,心脑血管与血液系统药物 | 脑血管疾病治疗药,,,,https://www.yao86.com/%E4%B8%AD%E6%88%90%E8%8D%AF/%E4%BA%8C%E5%8D%81%E5%91%B3%E6%B2%89%E9%A6%99%E4%B8%B8,站点药理或 ATC 分类明确为心脑血管用药
already_present,10915,二夏清心片,tcm,12,12,0.95,健脾祛痰，清心除烦。用于痰浊内阻的心悸，虚烦不眠，惊悸不宁，痰涎壅盛，神疲萎靡等以及冠心病及神经官能症见上述症状者。,祛痰剂 | 清热化痰,心脑血管与血液系统药物 | 心血管疾病治疗药,,,,https://www.yao86.com/%E4%B8%AD%E6%88%90%E8%8D%AF/%E4%BA%8C%E5%A4%8F%E6%B8%85%E5%BF%83%E7%89%87,站点药理或 ATC 分类明确为心脑血管用药
already_present,10916,阿胶远志膏,tcm,13,13,0.9,宁心安神。用于气阴两虚所致的心悸，头晕，失眠，多梦。,安神剂 | 补养安神,神经系统药物 | 精神安定药 | 催眠镇静药,,,,https://www.yao86.com/%E4%B8%AD%E6%88%90%E8%8D%AF/%E9%98%BF%E8%83%B6%E8%BF%9C%E5%BF%97%E8%86%8F,站点明确收录为中成药，未命中更具体项目类别
already_present,10917,阿胶牡蛎口服液,tcm,13,13,0.9,补益肝肾。用于小儿佝偻病，症见毛发欠泽，枕秃，多汗，方颅鸡胸，夜惊或夜啼，烦躁不安。,补益剂 | 其它,肌肉-骨骼系统药物 | 骨病治疗药 | 其他骨病治疗药,,,,https://www.yao86.com/%E4%B8%AD%E6%88%90%E8%8D%AF/%E9%98%BF%E8%83%B6%E7%89%A1%E8%9B%8E%E5%8F%A3%E6%9C%8D%E6%B6%B2,站点明确收录为中成药，未命中更具体项目类别
already_present,10918,二冬膏,tcm,0,0,0.94,养阴润肺。用于肺阴不足引起的燥咳痰少，鼻干咽痛。,补益剂 | 补阴,呼吸系统药物 | 咳嗽和感冒用药,,,,https://www.yao86.com/%E4%B8%AD%E6%88%90%E8%8D%AF/%E4%BA%8C%E5%86%AC%E8%86%8F,站点药理分类明确为感冒或解表用药
already_present,10919,二至益元酒,tcm,13,13,0.9,滋补肝肾。用于肝肾不足所致的腰膝酸痛，目眩失眠。,补益剂 | 补阴,生殖泌尿系统药物 | 泌尿系统药物 | 补肾药物（勃起机能障碍用药）,,,,https://www.yao86.com/%E4%B8%AD%E6%88%90%E8%8D%AF/%E4%BA%8C%E8%87%B3%E7%9B%8A%E5%85%83%E9%85%92,站点明确收录为中成药，未命中更具体项目类别
already_present,10920,二十五味珍珠丸,tcm,12,12,0.95,安神开窍。用于中风；半身不遂，口眼歪斜，昏迷不醒，神志紊乱，谵语发狂等。,安神剂 | 重镇安神,心脑血管与血液系统药物 | 脑血管疾病治疗药,,,,https://www.yao86.com/%E4%B8%AD%E6%88%90%E8%8D%AF/%E4%BA%8C%E5%8D%81%E4%BA%94%E5%91%B3%E7%8F%8D%E7%8F%A0%E4%B8%B8,站点药理或 ATC 分类明确为心脑血管用药
already_present,10921,二十五味珍珠片,tcm,12,12,0.95,安神开窍。用于中风；半身不遂，口眼歪斜，昏迷不醒，神志紊乱，谵语发狂等。,安神剂 | 重镇安神,心脑血管与血液系统药物 | 脑血管疾病治疗药,,,,https://www.yao86.com/%E4%B8%AD%E6%88%90%E8%8D%AF/%E4%BA%8C%E5%8D%81%E4%BA%94%E5%91%B3%E7%8F%8D%E7%8F%A0%E7%89%87,站点药理或 ATC 分类明确为心脑血管用药
already_present,10922,鹅去氧胆酸胶囊,western,5,5,0.93,用于胆固醇性胆结石症，对胆色素性结石和混合性结石也有一定疗效。,消化系统用药 | 利胆药,肝、胆疾病治疗药 | 胆病治疗药 | 胆汁酸及其衍生物,,,,https://www.yao86.com/%E8%A5%BF%E8%8D%AF/%E9%B9%85%E5%8E%BB%E6%B0%A7%E8%83%86%E9%85%B8%E8%83%B6%E5%9B%8A,站点药理或 ATC 分类明确为胃肠消化用药
already_present,10923,儿童复方氨酚肾素片,western,0,0,0.94,适用于缓解普通感冒及流行性感冒引起的发热、头痛、四肢酸痛、打喷嚏、流鼻涕、鼻塞、咽痛等症状。,镇痛、解热、抗炎、抗风湿、抗痛风药 | 解热镇痛、抗炎、抗风湿药,咳嗽和感冒用药 | 其它感冒用药,,,,https://www.yao86.com/%E8%A5%BF%E8%8D%AF/%E5%84%BF%E7%AB%A5%E5%A4%8D%E6%96%B9%E6%B0%A8%E9%85%9A%E8%82%BE%E7%B4%A0%E7%89%87,站点药理分类明确为感冒或解表用药
already_present,10924,二硫化硒洗剂,western,9,9,0.96,用于去头屑、头皮脂溢性皮炎、花斑癣(汗斑)。,抗微生物药 | 抗真菌药,皮肤病用抗真菌药 | 局部用抗真菌药 | 局部用其它抗真菌药,,,,https://www.yao86.com/%E8%A5%BF%E8%8D%AF/%E4%BA%8C%E7%A1%AB%E5%8C%96%E7%A1%92%E6%B4%97%E5%89%82,外用剂型且站点 ATC 分类明确为皮肤局部用药
review_missing_efficacy,,复方二氧化钛软膏,western,,9,0.94,,,润肤药和护肤药 | 紫外线防护药 | 局部用紫外线防护药,,,,https://www.yao86.com/%E8%A5%BF%E8%8D%AF/%E5%A4%8D%E6%96%B9%E4%BA%8C%E6%B0%A7%E5%8C%96%E9%92%9B%E8%BD%AF%E8%86%8F,剂型或站点分类明确为局部外用药
already_present,10925,二维葡钙片,western,7,7,0.96,用于补充妊娠期、哺乳期妇女及儿童、青春发育期青少年(尤其是女性)、老年人的钙质不足。,激素及影响内分泌药 | 钙代谢调节药及抗骨质疏松药,矿物质补充剂 | 钙 | 钙与其它药品的复方,,,,https://www.yao86.com/%E8%A5%BF%E8%8D%AF/%E4%BA%8C%E7%BB%B4%E8%91%A1%E9%92%99%E7%89%87,站点药理或 ATC 分类明确为维生素/矿物质
already_present,10926,二氧丙嗪苯丙哌林片,western,1,1,0.95,镇咳药。具有较强的抗组织胺及抗炎作用。用于咳嗽、过敏性哮喘、荨麻疹及皮肤瘙痒等疾病。,呼吸系统用药 | 镇咳药,咳嗽和感冒用药 | 止咳药，与祛痰药的复方除外 | 其它止咳药,,,,https://www.yao86.com/%E8%A5%BF%E8%8D%AF/%E4%BA%8C%E6%B0%A7%E4%B8%99%E5%97%AA%E8%8B%AF%E4%B8%99%E5%93%8C%E6%9E%97%E7%89%87,站点药理分类明确为止咳或祛痰药
already_present,10927,二维葡磷钙咀嚼片,western,7,7,0.96,用于儿童、孕妇及哺乳期妇女钙质的补充。,激素及影响内分泌药 | 钙代谢调节药及抗骨质疏松药,矿物质补充剂 | 钙 | 钙与其它药品的复方,,,,https://www.yao86.com/%E8%A5%BF%E8%8D%AF/%E4%BA%8C%E7%BB%B4%E8%91%A1%E7%A3%B7%E9%92%99%E5%92%80%E5%9A%BC%E7%89%87,站点药理或 ATC 分类明确为维生素/矿物质
review_missing_efficacy,,二氯乙酸二异丙胺胶囊,western,,5,0.93,,,肝、胆疾病治疗药 | 肝病治疗药，抗脂肪肝药 | 肝病治疗药,,,,https://www.yao86.com/%E8%A5%BF%E8%8D%AF/%E4%BA%8C%E6%B0%AF%E4%B9%99%E9%85%B8%E4%BA%8C%E5%BC%82%E4%B8%99%E8%83%BA%E8%83%B6%E5%9B%8A,站点药理或 ATC 分类明确为胃肠消化用药
already_present,10928,二维呋喃唑酮片,western,5,5,0.93,用于胃、十二指肠溃疡、慢性胃炎。,消化系统用药 | 抗酸药及抗溃疡病药,治疗与胃酸分泌相关疾病的药物 | 消化道溃疡和胃食管返流病治疗药物 | 消化道溃疡和胃食管返流病治疗用其它药物,,,,https://www.yao86.com/%E8%A5%BF%E8%8D%AF/%E4%BA%8C%E7%BB%B4%E5%91%8B%E5%96%83%E5%94%91%E9%85%AE%E7%89%87,站点药理或 ATC 分类明确为胃肠消化用药
already_present,10929,妇阴舒泡腾片,tcm,14,14,0.96,清热燥湿，杀虫止痒。用于湿热下注型霉菌性阴道炎或滴虫性阴道炎，症见阴部瘙痒，带下量多、色白或黄如豆渣状，口苦口干，舌红，苔黄腻，脉弦数或滑数。,祛湿剂 | 清热除湿,生殖泌尿系统药物 | 妇科用药 | 妇科炎症治疗药,,,,https://www.yao86.com/%E4%B8%AD%E6%88%90%E8%8D%AF/%E5%A6%87%E9%98%B4%E8%88%92%E6%B3%A1%E8%85%BE%E7%89%87,站点药理或 ATC 分类明确为妇科用药
already_present,10930,复方南瓜养阴散,tcm,13,13,0.9,益气养阴，活血化瘀。适用于气阴两虚症糖尿病的辅助治疗，可改善多食，多饮，多尿，消瘦，倦怠乏力，自汗盗汗等症状。,补益剂 | 益气养阴,生殖泌尿系统药物 | 泌尿系统药物 | 尿结石药物,,,,https://www.yao86.com/%E4%B8%AD%E6%88%90%E8%8D%AF/%E5%A4%8D%E6%96%B9%E5%8D%97%E7%93%9C%E5%85%BB%E9%98%B4%E6%95%A3,站点明确收录为中成药，未命中更具体项目类别
already_present,10931,复方地茯口服液,tcm,13,13,0.9,补气养心，滋阴生津，益脑安神。适用于气血虚弱，倦怠乏力，病后津伤口渴，可作为更年期综合症辅助治疗药。,补益剂 | 益气养阴,补气补血药物 | 其他补气补血药物,,,,https://www.yao86.com/%E4%B8%AD%E6%88%90%E8%8D%AF/%E5%A4%8D%E6%96%B9%E5%9C%B0%E8%8C%AF%E5%8F%A3%E6%9C%8D%E6%B6%B2,站点明确收录为中成药，未命中更具体项目类别
already_present,10932,肺宁片,tcm,1,1,0.95,清热祛痰，镇咳平喘。用于肺内感染，慢性支气管炎、喘息性支气管炎，急性呼吸道感染等。,止咳平喘剂 | 止咳平喘,呼吸系统药物 | 咳嗽和感冒用药,,,,https://www.yao86.com/%E4%B8%AD%E6%88%90%E8%8D%AF/%E8%82%BA%E5%AE%81%E7%89%87,站点药理分类明确为止咳或祛痰药
already_present,10933,肺宁颗粒,tcm,1,1,0.95,清热祛痰，镇咳平喘。用于肺内感染，慢性支气管炎，喘息性支气管炎，急性呼吸道感染等。,止咳平喘剂 | 止咳平喘,呼吸系统药物 | 咳嗽和感冒用药,,,,https://www.yao86.com/%E4%B8%AD%E6%88%90%E8%8D%AF/%E8%82%BA%E5%AE%81%E9%A2%97%E7%B2%92,站点药理分类明确为止咳或祛痰药
already_present,10934,肺宁胶囊,tcm,1,1,0.95,清热祛痰，镇咳平喘。用于肺内感染，慢性支气管炎，喘息性支气管炎，急性呼吸道感染等。,止咳平喘剂 | 止咳平喘,呼吸系统药物 | 咳嗽和感冒用药,,,,https://www.yao86.com/%E4%B8%AD%E6%88%90%E8%8D%AF/%E8%82%BA%E5%AE%81%E8%83%B6%E5%9B%8A,站点药理分类明确为止咳或祛痰药
already_present,10935,肺宁胶囊(返魂草胶囊),tcm,1,1,0.95,清热祛痰，镇咳平喘。用于肺内感染，慢性支气管炎，喘息性支气管炎，急性呼吸道感染等。,止咳平喘剂 | 止咳平喘,,,,,https://www.yao86.com/%E4%B8%AD%E6%88%90%E8%8D%AF/%E8%82%BA%E5%AE%81%E8%83%B6%E5%9B%8A%28%E8%BF%94%E9%AD%82%E8%8D%89%E8%83%B6%E5%9B%8A%29,站点药理分类明确为止咳或祛痰药
already_present,10936,肺宁口服液,tcm,1,1,0.95,清热祛痰，止咳平喘。用于慢性支气管炎急性发作期痰热咳喘证。证见咳嗽、喘息、咳痰不爽、痰黄粘稠、口渴喜饮等。,止咳平喘剂 | 止咳平喘,呼吸系统药物 | 咳嗽和感冒用药,,,,https://www.yao86.com/%E4%B8%AD%E6%88%90%E8%8D%AF/%E8%82%BA%E5%AE%81%E5%8F%A3%E6%9C%8D%E6%B6%B2,站点药理分类明确为止咳或祛痰药
already_present,10937,肺宁分散片,tcm,1,1,0.95,清热祛痰，镇咳平喘。用于肺内感染，慢性支气管炎，喘息性支气管炎，急性呼吸道感染等。,止咳平喘剂 | 止咳平喘,呼吸系统药物 | 咳嗽和感冒用药,,,,https://www.yao86.com/%E4%B8%AD%E6%88%90%E8%8D%AF/%E8%82%BA%E5%AE%81%E5%88%86%E6%95%A3%E7%89%87,站点药理分类明确为止咳或祛痰药
already_present,10938,肺宁丸,tcm,1,1,0.95,清热祛痰，镇咳平喘。用于肺内感染，慢性支气管炎，喘息性支气管炎，急性呼吸道感染等。,止咳平喘剂 | 止咳平喘,呼吸系统药物 | 咳嗽和感冒用药,,,,https://www.yao86.com/%E4%B8%AD%E6%88%90%E8%8D%AF/%E8%82%BA%E5%AE%81%E4%B8%B8,站点药理分类明确为止咳或祛痰药
already_present,10939,复方片仔癀含片,tcm,13,13,0.9,清热解毒，利咽止痛，生津润喉。用于风热上攻，肺胃热盛所致急、慢性咽喉炎。,清热剂 | 清热解毒,呼吸系统药物 | 清热解毒药物,,,,https://www.yao86.com/%E4%B8%AD%E6%88%90%E8%8D%AF/%E5%A4%8D%E6%96%B9%E7%89%87%E4%BB%94%E7%99%80%E5%90%AB%E7%89%87,站点明确收录为中成药，未命中更具体项目类别
already_present,10940,复方夏天无片,tcm,3,3,0.94,祛风逐湿，舒筋活络，行血止痛。用于风湿淤血阻滞，经络不通引起的关节肿痛、肢体麻木、屈伸不利、步履艰难；风湿性关节炎、坐骨神经痛、脑血栓形成后遗症及小儿麻痹后遗症见上述证候者。,祛湿剂 | 祛风胜湿,肌肉-骨骼系统药物 | 抗炎和抗风湿药,,,,https://www.yao86.com/%E4%B8%AD%E6%88%90%E8%8D%AF/%E5%A4%8D%E6%96%B9%E5%A4%8F%E5%A4%A9%E6%97%A0%E7%89%87,站点药理或 ATC 分类明确为镇痛/抗炎药
already_present,10941,复方珍珠解毒口服液,tcm,13,13,0.9,清热凉血，养阴解毒。适用于因热毒瘀阻肌肤所致的轻型粉刺，症见皮疹以红色丘疹、黑头或白头粉刺为主，伴有少量脓头者。,清热剂 | 清热解毒,皮肤病药物 | 抗痤疮药 | 系统用抗痤疮药,,,,https://www.yao86.com/%E4%B8%AD%E6%88%90%E8%8D%AF/%E5%A4%8D%E6%96%B9%E7%8F%8D%E7%8F%A0%E8%A7%A3%E6%AF%92%E5%8F%A3%E6%9C%8D%E6%B6%B2,站点明确收录为中成药，未命中更具体项目类别
already_present,10942,维肝福泰片,tcm,5,5,0.93,滋补肝肾，益气养阴。用于慢性乙型肝炎、迁延性肝炎、肝硬化，以及各种化学毒物引起的肝损伤。,补益剂 | 益气养阴,消化系统与代谢药 | 肝、胆疾病治疗药 | 肝病治疗药,,,,https://www.yao86.com/%E4%B8%AD%E6%88%90%E8%8D%AF/%E7%BB%B4%E8%82%9D%E7%A6%8F%E6%B3%B0%E7%89%87,站点药理或 ATC 分类明确为胃肠消化用药
review_unclassified,,复方硼砂含漱液,western,,,0.0,用于口腔炎、咽炎等的口腔消毒防腐。,耳鼻喉科用药 | 咽喉、口腔疾病用药,口腔疾病药物 | 口腔局部治疗用其它药物,,,,https://www.yao86.com/%E8%A5%BF%E8%8D%AF/%E5%A4%8D%E6%96%B9%E7%A1%BC%E7%A0%82%E5%90%AB%E6%BC%B1%E6%B6%B2,站点分类无法可靠映射到项目现有类别
already_present,10943,复方甘氨酸茶碱钠胶囊,western,1,1,0.95,适用于支气管哮喘、慢性喘息型支气管炎和慢性阻塞性肺气肿，缓解由其引起的可逆性支气管痉挛。,呼吸系统用药 | 祛痰药,阻塞性气管疾病用药 | 其它阻塞性气管病系统用药,,,,https://www.yao86.com/%E8%A5%BF%E8%8D%AF/%E5%A4%8D%E6%96%B9%E7%94%98%E6%B0%A8%E9%85%B8%E8%8C%B6%E7%A2%B1%E9%92%A0%E8%83%B6%E5%9B%8A,站点药理分类明确为止咳或祛痰药
already_present,10944,复方甘氨酸茶碱钠片,western,1,1,0.95,适用于支气管哮喘、慢性喘息型支气管炎和慢性阻塞性肺气肿，缓解由其引起的可逆性支气管痉挛。,呼吸系统用药 | 祛痰药,阻塞性气管疾病用药 | 其它阻塞性气管病系统用药,,,,https://www.yao86.com/%E8%A5%BF%E8%8D%AF/%E5%A4%8D%E6%96%B9%E7%94%98%E6%B0%A8%E9%85%B8%E8%8C%B6%E7%A2%B1%E9%92%A0%E7%89%87,站点药理分类明确为止咳或祛痰药
already_present,10945,复方雷尼替丁片,western,5,5,0.93,胃溃疡及十二指肠溃疡、幽门螺杆菌感染。,消化系统用药 | 抗酸药及抗溃疡病药,治疗与胃酸分泌相关疾病的药物 | 消化道溃疡和胃食管返流病治疗药物 | H2-受体拮抗药类,,,,https://www.yao86.com/%E8%A5%BF%E8%8D%AF/%E5%A4%8D%E6%96%B9%E9%9B%B7%E5%B0%BC%E6%9B%BF%E4%B8%81%E7%89%87,站点药理或 ATC 分类明确为胃肠消化用药
already_present,10946,复方雷尼替丁胶囊,western,5,5,0.93,治疗十二指肠溃疡及良性胃溃疡。与适宜抗生素合用治疗幽门螺旋杆菌感染。,消化系统用药 | 抗酸药及抗溃疡病药,治疗与胃酸分泌相关疾病的药物 | 消化道溃疡和胃食管返流病治疗药物 | H2-受体拮抗药类,,,,https://www.yao86.com/%E8%A5%BF%E8%8D%AF/%E5%A4%8D%E6%96%B9%E9%9B%B7%E5%B0%BC%E6%9B%BF%E4%B8%81%E8%83%B6%E5%9B%8A,站点药理或 ATC 分类明确为胃肠消化用药
already_present,10947,复方盐酸雷尼替丁片,western,5,5,0.93,胃溃疡及十二指肠溃疡、幽门螺杆菌感染。,消化系统用药 | 抗酸药及抗溃疡病药,治疗与胃酸分泌相关疾病的药物 | 消化道溃疡和胃食管返流病治疗药物 | H2-受体拮抗药类,,,,https://www.yao86.com/%E8%A5%BF%E8%8D%AF/%E5%A4%8D%E6%96%B9%E7%9B%90%E9%85%B8%E9%9B%B7%E5%B0%BC%E6%9B%BF%E4%B8%81%E7%89%87,站点药理或 ATC 分类明确为胃肠消化用药
review_unclassified,,复方阿苯达唑片,western,,,0.0,主要成分为阿苯达唑和双羟萘酸噻嘧啶，为广谱驱虫药，适用于钩虫、蛲虫、蛔虫及鞭虫感染。,抗寄生虫病药 | 驱肠虫药,抗蠕虫药 | 抗线虫药 | 苯并咪唑衍生物类,,,,https://www.yao86.com/%E8%A5%BF%E8%8D%AF/%E5%A4%8D%E6%96%B9%E9%98%BF%E8%8B%AF%E8%BE%BE%E5%94%91%E7%89%87,站点分类无法可靠映射到项目现有类别
review_unclassified,,氟他胺片,western,,,0.0,本品适用于以前未经治疗，或对激素控制疗法无效或失效的晚期前列腺癌症病人，它可被单独使用（睾丸切除或不切除）或与促黄体生成激素释放激素（LHRH）激动剂合用。作为治疗局限性B2-C2（T2b-T4）型前列腺癌症的一部分，本品也可缩小肿瘤体积和加强对肿瘤的控制以及延长无病生存期。,激素及影响内分泌药 | 雄激素及同化激素,内分泌治疗用药 | 激素拮抗药与其相关药物 | 抗雄激素类,福至尔|FUGEREL,,,https://www.yao86.com/%E8%A5%BF%E8%8D%AF/%E6%B0%9F%E4%BB%96%E8%83%BA%E7%89%87,站点分类无法可靠映射到项目现有类别
review_unclassified,,氟他胺胶囊,western,,,0.0,适用于前列腺癌，对初治或复治患者都可有效。,激素及影响内分泌药 | 雄激素及同化激素,内分泌治疗用药 | 激素拮抗药与其相关药物 | 抗雄激素类,,,,https://www.yao86.com/%E8%A5%BF%E8%8D%AF/%E6%B0%9F%E4%BB%96%E8%83%BA%E8%83%B6%E5%9B%8A,站点分类无法可靠映射到项目现有类别
review_unclassified,,复方盐酸普鲁卡因胶囊,western,,,0.0,用于神经衰弱、神经衰弱综合征及植物神经紊乱，如失眠、疲劳、焦虑；脑动脉硬化引起的头痛、头晕、记忆力减退、注意力不集中、反应迟钝及更年期的心悸、失眠、多汗、急躁、潮热等症状的改善。,神经系统用药 | 其他神经系统用药,麻醉药 | 局部麻醉药 | 氨苯甲酸酯类,,,,https://www.yao86.com/%E8%A5%BF%E8%8D%AF/%E5%A4%8D%E6%96%B9%E7%9B%90%E9%85%B8%E6%99%AE%E9%B2%81%E5%8D%A1%E5%9B%A0%E8%83%B6%E5%9B%8A,站点分类无法可靠映射到项目现有类别
review_unclassified,,复方盐酸普鲁卡因片,western,,,0.0,本品用于治疗动脉硬化(包括脑动脉硬化、冠心病等);亦用于治疗神经官能症、更年期综合征、消化不良及体力衰退等症。,神经系统用药 | 其他神经系统用药,麻醉药 | 局部麻醉药 | 氨苯甲酸酯类,,,,https://www.yao86.com/%E8%A5%BF%E8%8D%AF/%E5%A4%8D%E6%96%B9%E7%9B%90%E9%85%B8%E6%99%AE%E9%B2%81%E5%8D%A1%E5%9B%A0%E7%89%87,站点分类无法可靠映射到项目现有类别
already_present,10948,复方嗜酸乳杆菌片,western,5,5,0.96,用于肠道菌群失调引起的肠功能紊乱，如轻型急性腹泻等。,消化系统用药 | 微生态制剂,止泻药、肠道抗炎、抗感染药 | 止泻的微生物,,,,https://www.yao86.com/%E8%A5%BF%E8%8D%AF/%E5%A4%8D%E6%96%B9%E5%97%9C%E9%85%B8%E4%B9%B3%E6%9D%86%E8%8F%8C%E7%89%87,站点分类明确为止泻或肠道吸附药
review_unclassified,,复方五味子片,western,,,0.0,用于改善神经衰弱所致头晕、头痛、乏力、心悸以及失眠等症状。,神经系统用药 | 其他神经系统用药,精神安定药 | 催眠镇静药 | 其它催眠镇静药,,,,https://www.yao86.com/%E8%A5%BF%E8%8D%AF/%E5%A4%8D%E6%96%B9%E4%BA%94%E5%91%B3%E5%AD%90%E7%89%87,站点分类无法可靠映射到项目现有类别
review_unclassified,,复方四环素泼尼松膜,western,,,0.0,用于复发性口疮，扁平苔癣，多形红斑，口腔血泡感染等口腔疾病。,耳鼻喉科用药 | 咽喉、口腔疾病用药,口腔疾病药物 | 口腔局部治疗用皮质甾体激素类药,,,,https://www.yao86.com/%E8%A5%BF%E8%8D%AF/%E5%A4%8D%E6%96%B9%E5%9B%9B%E7%8E%AF%E7%B4%A0%E6%B3%BC%E5%B0%BC%E6%9D%BE%E8%86%9C,站点分类无法可靠映射到项目现有类别
already_present,10949,枸杞药酒,tcm,13,13,0.9,滋肾益肝。用于肝肾不足，虚劳消瘦，腰膝酸软，失眠。,安神剂 | 补养安神,生殖泌尿系统药物 | 泌尿系统药物 | 补肾药物（勃起机能障碍用药）,,,,https://www.yao86.com/%E4%B8%AD%E6%88%90%E8%8D%AF/%E6%9E%B8%E6%9D%9E%E8%8D%AF%E9%85%92,站点明确收录为中成药，未命中更具体项目类别
already_present,10950,枸杞消渴胶囊,tcm,11,11,0.95,益气养阴，生津止渴。用于气阴两虚所致消渴，Ⅱ型糖尿病见上述证候者。,补益剂 | 益气养阴,消化系统与代谢药 | 糖尿病药物,,,,https://www.yao86.com/%E4%B8%AD%E6%88%90%E8%8D%AF/%E6%9E%B8%E6%9D%9E%E6%B6%88%E6%B8%B4%E8%83%B6%E5%9B%8A,站点药理或 ATC 分类明确为慢性病长期用药
already_present,10951,肛康穆库利片,tcm,15,15,0.95,清除异常黑胆质，消肿，止痛，止血。用于治疗痔疮。,治疮疡剂 | 解毒消肿,心脑血管与血液系统药物 | 血管保护剂 | 治疗痔疮和肛裂的药物,,,,https://www.yao86.com/%E4%B8%AD%E6%88%90%E8%8D%AF/%E8%82%9B%E5%BA%B7%E7%A9%86%E5%BA%93%E5%88%A9%E7%89%87,站点分类明确为痔疮或肛肠用药
already_present,10952,更年乐片,tcm,14,14,0.96,养心养肾，调补冲任。用于绝经前后出现的夜寐不安，心悸，耳鸣，多疑善感，烘热汗出，烦躁易怒，腰背酸痛。,补益剂 | 气血阴阳并补,生殖泌尿系统药物 | 妇科用药 | 更年期综合征治疗药,,,,https://www.yao86.com/%E4%B8%AD%E6%88%90%E8%8D%AF/%E6%9B%B4%E5%B9%B4%E4%B9%90%E7%89%87,站点药理或 ATC 分类明确为妇科用药
already_present,10953,更年乐胶囊,tcm,14,14,0.96,养心养肾、调补冲任。用于绝经前后出现的夜寐不安，心悸，耳鸣，多疑善感，烘热汗出，烦躁易怒，腰背酸痛。,补益剂 | 气血阴阳并补,生殖泌尿系统药物 | 妇科用药 | 更年期综合征治疗药,,,,https://www.yao86.com/%E4%B8%AD%E6%88%90%E8%8D%AF/%E6%9B%B4%E5%B9%B4%E4%B9%90%E8%83%B6%E5%9B%8A,站点药理或 ATC 分类明确为妇科用药
already_present,10954,肝舒乐颗粒,tcm,5,5,0.93,疏肝开郁，和解少阳，清热解毒，利黄疸，健脾胃。用于黄疸型及非黄疸型急性肝炎；亦可用于慢性肝炎，迁延性肝炎。,理气剂 | 理气疏肝,消化系统与代谢药 | 肝、胆疾病治疗药 | 肝病治疗药,,,,https://www.yao86.com/%E4%B8%AD%E6%88%90%E8%8D%AF/%E8%82%9D%E8%88%92%E4%B9%90%E9%A2%97%E7%B2%92,站点药理或 ATC 分类明确为胃肠消化用药
already_present,10955,肝络欣丸,tcm,5,5,0.93,益气补肾、活血养肝、行滞化湿。用于慢性乙型肝炎气阴两虚，湿瘀阻络证，症见：胁肋隐痛，经久难愈，腹胀纳差，脘痞泛恶，倦怠乏力，腰膝酸软，口干，面色黯滞等。,理血剂 | 益气活血,消化系统与代谢药 | 肝、胆疾病治疗药 | 肝病治疗药,,,,https://www.yao86.com/%E4%B8%AD%E6%88%90%E8%8D%AF/%E8%82%9D%E7%BB%9C%E6%AC%A3%E4%B8%B8,站点药理或 ATC 分类明确为胃肠消化用药
already_present,10956,泛昔洛韦片,western,2,2,0.96,适用于带状疱疹和原发性生殖器疱疹。,抗微生物药 | 抗病毒药,系统用抗病毒药 | 直接作用的抗病毒药 | 核苷类和核苷酸类药，逆转录酶抑制药除外,,,,https://www.yao86.com/%E8%A5%BF%E8%8D%AF/%E6%B3%9B%E6%98%94%E6%B4%9B%E9%9F%A6%E7%89%87,站点药理或 ATC 分类明确为抗感染药
already_present,10957,泛昔洛韦缓释胶囊,western,2,2,0.96,用于治疗急性带状疱疹。,抗微生物药 | 抗病毒药,系统用抗病毒药 | 直接作用的抗病毒药 | 核苷类和核苷酸类药，逆转录酶抑制药除外,丽优风,,,https://www.yao86.com/%E8%A5%BF%E8%8D%AF/%E6%B3%9B%E6%98%94%E6%B4%9B%E9%9F%A6%E7%BC%93%E9%87%8A%E8%83%B6%E5%9B%8A,站点药理或 ATC 分类明确为抗感染药
already_present,10958,泛昔洛韦颗粒,western,2,2,0.96,适用于带状疱疹和原发性生殖器疱疹。,抗微生物药 | 抗病毒药,系统用抗病毒药 | 直接作用的抗病毒药 | 核苷类和核苷酸类药，逆转录酶抑制药除外,,,,https://www.yao86.com/%E8%A5%BF%E8%8D%AF/%E6%B3%9B%E6%98%94%E6%B4%9B%E9%9F%A6%E9%A2%97%E7%B2%92,站点药理或 ATC 分类明确为抗感染药
already_present,10959,泛昔洛韦分散片,western,2,2,0.96,适用于带状疱疹和原发性生殖器疱疹。,抗微生物药 | 抗病毒药,系统用抗病毒药 | 直接作用的抗病毒药 | 核苷类和核苷酸类药，逆转录酶抑制药除外,,,,https://www.yao86.com/%E8%A5%BF%E8%8D%AF/%E6%B3%9B%E6%98%94%E6%B4%9B%E9%9F%A6%E5%88%86%E6%95%A3%E7%89%87,站点药理或 ATC 分类明确为抗感染药
already_present,10960,泛昔洛韦胶囊,western,2,2,0.96,适用于带状疱疹和原发性生殖器疱疹。,抗微生物药 | 抗病毒药,系统用抗病毒药 | 直接作用的抗病毒药 | 核苷类和核苷酸类药，逆转录酶抑制药除外,,,,https://www.yao86.com/%E8%A5%BF%E8%8D%AF/%E6%B3%9B%E6%98%94%E6%B4%9B%E9%9F%A6%E8%83%B6%E5%9B%8A,站点药理或 ATC 分类明确为抗感染药
already_present,10961,复方消化酶片,western,5,5,0.93,用于食欲缺乏、消化不良，包括腹部不适、嗳气、早饱、餐后腹胀、恶心、排气过多，脂肪便，也可用于胆囊炎和胆结石以及胆囊切除患者的消化不良。,消化系统用药 | 助消化药,消化药，含酶 | 酶制剂,贝尔渭,,,https://www.yao86.com/%E8%A5%BF%E8%8D%AF/%E5%A4%8D%E6%96%B9%E6%B6%88%E5%8C%96%E9%85%B6%E7%89%87,站点药理或 ATC 分类明确为胃肠消化用药
already_present,10962,蜂胶片,western,12,12,0.95,用于高脂血症，亦可用于肿瘤放、化疗后的口腔溃疡。,心血管系统用药 | 调脂及抗动脉粥样硬化药,其它各种治疗用药品 | 其它治疗用药物,,,,https://www.yao86.com/%E8%A5%BF%E8%8D%AF/%E8%9C%82%E8%83%B6%E7%89%87,站点药理或 ATC 分类明确为心脑血管用药
already_present,10963,盐酸伐昔洛韦片,western,2,2,0.96,用于治疗水痘带状疱疹及Ⅰ型、Ⅱ型单纯疱疹病毒感染，包括初发和复发的生殖器疱疹病毒感染。,抗微生物药 | 抗病毒药,系统用抗病毒药 | 直接作用的抗病毒药 | 核苷类和核苷酸类药，逆转录酶抑制药除外,,,,https://www.yao86.com/%E8%A5%BF%E8%8D%AF/%E7%9B%90%E9%85%B8%E4%BC%90%E6%98%94%E6%B4%9B%E9%9F%A6%E7%89%87,站点药理或 ATC 分类明确为抗感染药
already_present,10964,盐酸伐昔洛韦分散片,western,2,2,0.96,用于治疗水痘带状疱疹及Ⅰ型、Ⅱ型单纯疱疹病毒感染，包括初发和复发的生殖器疱疹病毒感染。,抗微生物药 | 抗病毒药,系统用抗病毒药 | 直接作用的抗病毒药 | 核苷类和核苷酸类药，逆转录酶抑制药除外,,,,https://www.yao86.com/%E8%A5%BF%E8%8D%AF/%E7%9B%90%E9%85%B8%E4%BC%90%E6%98%94%E6%B4%9B%E9%9F%A6%E5%88%86%E6%95%A3%E7%89%87,站点药理或 ATC 分类明确为抗感染药
already_present,10965,盐酸伐昔洛韦缓释片,western,2,2,0.96,用于治疗水痘带状疱疹及Ⅰ型、Ⅱ型单纯疱疹病毒感染，包括初发生殖器疱疹病毒感染。,抗微生物药 | 抗病毒药,系统用抗病毒药 | 直接作用的抗病毒药 | 核苷类和核苷酸类药，逆转录酶抑制药除外,阿迈新,,,https://www.yao86.com/%E8%A5%BF%E8%8D%AF/%E7%9B%90%E9%85%B8%E4%BC%90%E6%98%94%E6%B4%9B%E9%9F%A6%E7%BC%93%E9%87%8A%E7%89%87,站点药理或 ATC 分类明确为抗感染药
already_present,10966,盐酸伐昔洛韦颗粒,western,2,2,0.96,用于治疗水痘带状疱疹及Ⅰ型、Ⅱ型单纯疱疹的感染，包括初发和复发的生殖器疱疹。,抗微生物药 | 抗病毒药,系统用抗病毒药 | 直接作用的抗病毒药 | 核苷类和核苷酸类药，逆转录酶抑制药除外,明竹欣,,,https://www.yao86.com/%E8%A5%BF%E8%8D%AF/%E7%9B%90%E9%85%B8%E4%BC%90%E6%98%94%E6%B4%9B%E9%9F%A6%E9%A2%97%E7%B2%92,站点药理或 ATC 分类明确为抗感染药
already_present,10967,盐酸伐昔洛韦胶囊,western,2,2,0.96,用于治疗水痘带状疱疹及Ⅰ型、Ⅱ型单纯疱疹病毒感染，包括初发和复发的生殖器疱疹病毒感染。,抗微生物药 | 抗病毒药,系统用抗病毒药 | 直接作用的抗病毒药 | 核苷类和核苷酸类药，逆转录酶抑制药除外,,,,https://www.yao86.com/%E8%A5%BF%E8%8D%AF/%E7%9B%90%E9%85%B8%E4%BC%90%E6%98%94%E6%B4%9B%E9%9F%A6%E8%83%B6%E5%9B%8A,站点药理或 ATC 分类明确为抗感染药
already_present,10968,复方亚油酸钙片,western,11,11,0.95,用于冠心病及各类动脉粥样硬化的辅助治疗。,心血管系统用药 | 调脂及抗动脉粥样硬化药,血脂调节剂 | 血脂调节剂，复方,,,,https://www.yao86.com/%E8%A5%BF%E8%8D%AF/%E5%A4%8D%E6%96%B9%E4%BA%9A%E6%B2%B9%E9%85%B8%E9%92%99%E7%89%87,站点药理或 ATC 分类明确为慢性病长期用药
review_missing_efficacy,,复方酵母碳酸铋片,western,,5,0.93,助消化。,消化系统用药 | 助消化药,消化药，含酶 | 酶和酸制剂，复方,,,,https://www.yao86.com/%E8%A5%BF%E8%8D%AF/%E5%A4%8D%E6%96%B9%E9%85%B5%E6%AF%8D%E7%A2%B3%E9%85%B8%E9%93%8B%E7%89%87,站点药理或 ATC 分类明确为胃肠消化用药
reclassified_existing,10969,复方四环素片,western,2,14,0.96,适用于立克次体病，包括流行性斑疹伤寒、地方性斑疹伤寒、洛矶山热、恙虫病和Q热；支原体感染；衣原体感染，包括鹦鹉热、性病、淋巴肉牙肿、非特异性尿道炎、输卵管炎、宫颈炎及沙眼；回归热、布鲁菌病、霍乱、兔热病、鼠疫、软下疳。,抗微生物药 | 四环素类,系统用抗细菌药 | 四环素类,,,,https://www.yao86.com/%E8%A5%BF%E8%8D%AF/%E5%A4%8D%E6%96%B9%E5%9B%9B%E7%8E%AF%E7%B4%A0%E7%89%87,站点药理或 ATC 分类明确为妇科用药
already_present,10970,复方地蒽酚软膏,western,9,9,0.94,本品适用于寻常型斑块状银屑病（牛皮癣）。,皮肤科用药 | 角质溶解药,抗银屑病药 | 局部用治疗牛皮癣药 | 蒽衍生物,,,,https://www.yao86.com/%E8%A5%BF%E8%8D%AF/%E5%A4%8D%E6%96%B9%E5%9C%B0%E8%92%BD%E9%85%9A%E8%BD%AF%E8%86%8F,剂型或站点分类明确为局部外用药
already_present,10971,解热止痛散,western,3,3,0.94,用于头痛、关节痛、神经痛、牙痛、经痛等各种疼痛及发热，风湿热和活动性关节炎。,镇痛、解热、抗炎、抗风湿、抗痛风药 | 解热镇痛、抗炎、抗风湿药,镇痛药 | 其它解热镇痛药 | 水杨酸与其衍生物,,,,https://www.yao86.com/%E8%A5%BF%E8%8D%AF/%E8%A7%A3%E7%83%AD%E6%AD%A2%E7%97%9B%E6%95%A3,站点药理或 ATC 分类明确为镇痛/抗炎药
reclassified_existing,10972,复方阿司匹林片,western,3,14,0.96,用于发热、头痛、神经痛、牙痛、月经痛、肌肉痛、关节痛。,镇痛、解热、抗炎、抗风湿、抗痛风药 | 解热镇痛、抗炎、抗风湿药,镇痛药 | 其它解热镇痛药 | 水杨酸与其衍生物,,,,https://www.yao86.com/%E8%A5%BF%E8%8D%AF/%E5%A4%8D%E6%96%B9%E9%98%BF%E5%8F%B8%E5%8C%B9%E6%9E%97%E7%89%87,站点药理或 ATC 分类明确为妇科用药
already_present,10973,解毒护肝颗粒,tcm,5,5,0.93,清热解毒除湿，健脾益气活血。适用于慢性乙型肝炎湿热中阻证，兼脾气亏虚，瘀血阻络者。,理血剂 | 益气活血,消化系统与代谢药 | 肝、胆疾病治疗药 | 肝病治疗药,,,,https://www.yao86.com/%E4%B8%AD%E6%88%90%E8%8D%AF/%E8%A7%A3%E6%AF%92%E6%8A%A4%E8%82%9D%E9%A2%97%E7%B2%92,站点药理或 ATC 分类明确为胃肠消化用药
already_present,10974,精芪双参胶囊,tcm,13,13,0.9,补气养阴，活血化瘀，养心安神。适用于心脑血管疾病之心悸气短，头晕头痛，倦怠乏力，耳鸣眼花，肢体麻木，失眠健忘等症。,安神剂 | 补养安神,补气补血药物 | 补气药物,,,,https://www.yao86.com/%E4%B8%AD%E6%88%90%E8%8D%AF/%E7%B2%BE%E8%8A%AA%E5%8F%8C%E5%8F%82%E8%83%B6%E5%9B%8A,站点明确收录为中成药，未命中更具体项目类别
already_present,10975,经前安片,tcm,14,14,0.96,舒肝理气，活血通络。用于妇女经前期紧张症、中医辨证属于肝郁气滞者，症见经前情绪激动，烦燥易怒，情绪低落，忧郁，乳房胀痛，胸胁胀痛，少腹痛或头痛，或有不同程度水肿，经量或多或少，色暗，舌质暗，脉弦。,理气剂 | 理气疏肝,生殖泌尿系统药物 | 妇科用药 | 调经药物,,,,https://www.yao86.com/%E4%B8%AD%E6%88%90%E8%8D%AF/%E7%BB%8F%E5%89%8D%E5%AE%89%E7%89%87,站点药理或 ATC 分类明确为妇科用药
already_present,10976,金甲排石胶囊,tcm,13,13,0.9,活血化瘀，利尿通淋。用于砂淋、石淋等属于湿热瘀阻证候者。,祛湿剂 | 清热除湿,生殖泌尿系统药物 | 泌尿系统药物 | 尿结石药物,,,,https://www.yao86.com/%E4%B8%AD%E6%88%90%E8%8D%AF/%E9%87%91%E7%94%B2%E6%8E%92%E7%9F%B3%E8%83%B6%E5%9B%8A,站点明确收录为中成药，未命中更具体项目类别
already_present,10977,健胃固肠散,tcm,5,5,0.96,健胃固肠，止泻利湿。用于小儿脾虚，腹泻，消化不良。,和解剂 | 调和胃肠,消化系统与代谢药 | 止泻药、肠道抗炎、抗感染药,,,,https://www.yao86.com/%E4%B8%AD%E6%88%90%E8%8D%AF/%E5%81%A5%E8%83%83%E5%9B%BA%E8%82%A0%E6%95%A3,站点分类明确为止泻或肠道吸附药
already_present,10978,京万红软膏,tcm,9,9,0.94,活血解毒，消肿止痛，去腐生肌。用于轻度水、火烫伤，疮疡肿痛，创面溃烂。,治疮疡剂 | 去腐生肌,皮肤病药物 | 创伤和溃疡治疗药 | 烧烫伤药物,,,,https://www.yao86.com/%E4%B8%AD%E6%88%90%E8%8D%AF/%E4%BA%AC%E4%B8%87%E7%BA%A2%E8%BD%AF%E8%86%8F,剂型或站点分类明确为局部外用药
already_present,10979,颈通颗粒,tcm,13,13,0.9,补益气血，活血化瘀，散风利湿。用于颈椎病引起的颈项疼痛，活动不利，肩痛。,理血剂 | 疗伤止痛,肌肉-骨骼系统药物 | 关节和肌肉疼痛局部用药,,,,https://www.yao86.com/%E4%B8%AD%E6%88%90%E8%8D%AF/%E9%A2%88%E9%80%9A%E9%A2%97%E7%B2%92,站点明确收录为中成药，未命中更具体项目类别
already_present,10980,金百洗剂,tcm,14,14,0.96,清热解毒，祛风除湿，活血止痒。适用于滴虫性阴道炎所致的带下量多及外阴瘙痒。,祛湿剂 | 清热除湿,生殖泌尿系统药物 | 妇科用药 | 妇科炎症治疗药,君福安,,,https://www.yao86.com/%E4%B8%AD%E6%88%90%E8%8D%AF/%E9%87%91%E7%99%BE%E6%B4%97%E5%89%82,站点药理或 ATC 分类明确为妇科用药
already_present,10981,海博麦布片,western,11,11,0.95,海博麦布片作为饮食控制以外的辅助治疗，可单独或与HMG-CoA还原酶抑制剂（他汀类）联合用于治疗原发性（杂合子家族性或非家族性）高胆固醇血症，可降低总胆固醇（TC）、低密度脂蛋白胆固醇（LDL-C）、载脂蛋白B（Apo B）水平。,心血管系统用药 | 调脂及抗动脉粥样硬化药,血脂调节剂 | 血脂调节剂，单方 | 其它血脂调节剂,赛斯美,,,https://www.yao86.com/%E8%A5%BF%E8%8D%AF/%E6%B5%B7%E5%8D%9A%E9%BA%A6%E5%B8%83%E7%89%87,站点药理或 ATC 分类明确为慢性病长期用药
review_missing_efficacy,,磺胺索嘧啶片,western,,2,0.96,,,系统用抗细菌药 | 磺胺类和甲氧苄啶 | 短效磺胺类,,,,https://www.yao86.com/%E8%A5%BF%E8%8D%AF/%E7%A3%BA%E8%83%BA%E7%B4%A2%E5%98%A7%E5%95%B6%E7%89%87,站点药理或 ATC 分类明确为抗感染药
review_unclassified,,哈西奈德溶液,western,,,0.0,接触性湿疹、异位性皮炎、神经性皮炎、面积不大的银屑病、硬化性萎缩性苔藓、扁平苔藓、盘状红斑性狼疮、脂溢性皮炎(非面部)、肥厚性瘢痕。,皮肤科用药 | 肾上腺皮质激素类药,皮肤病用皮质激素制剂 | 皮质甾体激素类，单方 | 皮质类固醇类，高强（IV 组）,,,,https://www.yao86.com/%E8%A5%BF%E8%8D%AF/%E5%93%88%E8%A5%BF%E5%A5%88%E5%BE%B7%E6%BA%B6%E6%B6%B2,站点分类无法可靠映射到项目现有类别
already_present,10982,哈西奈德乳膏,western,9,9,0.96,接触性湿疹、异位性皮炎、神经性皮炎、面积不大的银屑病、硬化性萎缩性苔藓、扁平苔藓、盘状红斑性狼疮、脂溢性皮炎(非面部)肥厚性瘢痕。,皮肤科用药 | 肾上腺皮质激素类药,皮肤病用皮质激素制剂 | 皮质甾体激素类，单方 | 皮质类固醇类，高强（IV 组）,,,,https://www.yao86.com/%E8%A5%BF%E8%8D%AF/%E5%93%88%E8%A5%BF%E5%A5%88%E5%BE%B7%E4%B9%B3%E8%86%8F,外用剂型且站点 ATC 分类明确为皮肤局部用药
already_present,10983,哈西奈德软膏,western,9,9,0.96,接触性湿疹、异位性皮炎、神经性皮炎、面积不大的银屑病、硬化性萎缩性苔藓、扁平苔藓、盘状红斑性狼疮、脂溢性皮炎（非面部）肥厚性瘢痕。,皮肤科用药 | 肾上腺皮质激素类药,皮肤病用皮质激素制剂 | 皮质甾体激素类，单方 | 皮质类固醇类，高强（IV 组）,,,,https://www.yao86.com/%E8%A5%BF%E8%8D%AF/%E5%93%88%E8%A5%BF%E5%A5%88%E5%BE%B7%E8%BD%AF%E8%86%8F,外用剂型且站点 ATC 分类明确为皮肤局部用药
review_missing_efficacy,,哈西奈德涂膜,western,,9,0.96,,,皮肤病用皮质激素制剂 | 皮质甾体激素类，单方 | 皮质类固醇类，高强（IV 组）,,,,https://www.yao86.com/%E8%A5%BF%E8%8D%AF/%E5%93%88%E8%A5%BF%E5%A5%88%E5%BE%B7%E6%B6%82%E8%86%9C,外用剂型且站点 ATC 分类明确为皮肤局部用药
already_present,10984,洁肤净洗剂,tcm,14,14,0.96,清热燥湿，杀虫止痒。用于治疗湿热下注所致的阴痒，带下，症见阴部瘙痒，带下量多，色黄有味等；也适用于非特异性外阴炎、滴虫性阴道炎、念珠菌性阴道炎见上述症状者。,祛湿剂 | 清热除湿,生殖泌尿系统药物 | 妇科用药 | 妇科炎症治疗药,,,,https://www.yao86.com/%E4%B8%AD%E6%88%90%E8%8D%AF/%E6%B4%81%E8%82%A4%E5%87%80%E6%B4%97%E5%89%82,站点药理或 ATC 分类明确为妇科用药
already_present,10985,金嗓清音片,tcm,13,13,0.9,养阴清肺，化痰利咽。用于阴虚肺热而致的咽喉肿痛，慢性咽炎、慢性喉炎。,治燥剂 | 滋阴润燥,呼吸系统药物 | 咽喉疾病治疗药,,,,https://www.yao86.com/%E4%B8%AD%E6%88%90%E8%8D%AF/%E9%87%91%E5%97%93%E6%B8%85%E9%9F%B3%E7%89%87,站点明确收录为中成药，未命中更具体项目类别
already_present,10986,金嗓清音颗粒,tcm,13,13,0.9,养阴清肺，化痰利咽。用于阴虚肺热而致的咽喉肿痛，慢性咽炎、慢性喉炎。,治燥剂 | 滋阴润燥,呼吸系统药物 | 咽喉疾病治疗药,,,,https://www.yao86.com/%E4%B8%AD%E6%88%90%E8%8D%AF/%E9%87%91%E5%97%93%E6%B8%85%E9%9F%B3%E9%A2%97%E7%B2%92,站点明确收录为中成药，未命中更具体项目类别
already_present,10987,金嗓清音丸,tcm,13,13,0.9,养阴清肺，化痰利咽。用于阴虚肺热而致的咽喉肿痛，慢性咽炎、喉炎。,治燥剂 | 滋阴润燥,呼吸系统药物 | 咽喉疾病治疗药,,,,https://www.yao86.com/%E4%B8%AD%E6%88%90%E8%8D%AF/%E9%87%91%E5%97%93%E6%B8%85%E9%9F%B3%E4%B8%B8,站点明确收录为中成药，未命中更具体项目类别
already_present,10988,金嗓清音胶囊,tcm,13,13,0.9,养阴清肺，化痰利咽。用于肺热阴虚所致的慢喉瘖，慢喉痹，症见声音嘶哑，咽喉肿痛，干燥；慢性喉炎、慢性咽炎见上述证候者。,治燥剂 | 滋阴润燥,呼吸系统药物 | 咽喉疾病治疗药,,,,https://www.yao86.com/%E4%B8%AD%E6%88%90%E8%8D%AF/%E9%87%91%E5%97%93%E6%B8%85%E9%9F%B3%E8%83%B6%E5%9B%8A,站点明确收录为中成药，未命中更具体项目类别
already_present,10989,菊花七味胶囊（乌达巴拉-7）,tcm,13,13,0.9,凉血，清“协日”。用于胃“协日”，胃酸口苦，食欲不振，血热头痛。,清热剂 | 清营凉血,,,,,https://www.yao86.com/%E4%B8%AD%E6%88%90%E8%8D%AF/%E8%8F%8A%E8%8A%B1%E4%B8%83%E5%91%B3%E8%83%B6%E5%9B%8A%EF%BC%88%E4%B9%8C%E8%BE%BE%E5%B7%B4%E6%8B%89-7%EF%BC%89,站点明确收录为中成药，未命中更具体项目类别
already_present,10990,菊花七味胶囊,tcm,5,5,0.93,凉血，清“协日”。用于胃“协日”，胃酸口苦，食欲不振，血热头痛。,清热剂 | 清营凉血,消化系统与代谢药 | 胃病相关药物,,,,https://www.yao86.com/%E4%B8%AD%E6%88%90%E8%8D%AF/%E8%8F%8A%E8%8A%B1%E4%B8%83%E5%91%B3%E8%83%B6%E5%9B%8A,站点药理或 ATC 分类明确为胃肠消化用药
already_present,10991,颈痛片,tcm,13,13,0.9,活血化瘀，行气止痛。用于神经根型颈椎病属血瘀气滞、脉络闭阻证。症见：颈、肩及上肢疼痛，发僵或窜麻、窜痛。,理气剂 | 其它,肌肉-骨骼系统药物 | 关节和肌肉疼痛局部用药,,,,https://www.yao86.com/%E4%B8%AD%E6%88%90%E8%8D%AF/%E9%A2%88%E7%97%9B%E7%89%87,站点明确收录为中成药，未命中更具体项目类别
already_present,10992,颈痛胶囊,tcm,13,13,0.9,活血化瘀，行气止痛。用于神经根型颈椎病属血瘀气滞、脉胳闭阻证。症见：颈、肩及上肢疼痛，发僵或窜麻、窜痛。,理气剂 | 其它,肌肉-骨骼系统药物 | 关节和肌肉疼痛局部用药,,,,https://www.yao86.com/%E4%B8%AD%E6%88%90%E8%8D%AF/%E9%A2%88%E7%97%9B%E8%83%B6%E5%9B%8A,站点明确收录为中成药，未命中更具体项目类别
already_present,10993,颈痛颗粒,tcm,13,13,0.9,活血化瘀，行气止痛。用于神经根型颈椎病属血瘀气滞、脉胳闭阻证。症见：颈、肩及上肢疼痛，发僵或窜麻、窜痛。,理气剂 | 其它,肌肉-骨骼系统药物 | 关节和肌肉疼痛局部用药,,,,https://www.yao86.com/%E4%B8%AD%E6%88%90%E8%8D%AF/%E9%A2%88%E7%97%9B%E9%A2%97%E7%B2%92,站点明确收录为中成药，未命中更具体项目类别
already_present,10994,洁身洗液,tcm,14,14,0.96,清热解毒，燥湿杀虫。适用于湿热蕴结所致湿疹，阴痒带下。,祛湿剂 | 清热除湿,生殖泌尿系统药物 | 妇科用药 | 妇科炎症治疗药,,,,https://www.yao86.com/%E4%B8%AD%E6%88%90%E8%8D%AF/%E6%B4%81%E8%BA%AB%E6%B4%97%E6%B6%B2,站点药理或 ATC 分类明确为妇科用药
already_present,10995,金果饮咽喉片,tcm,13,13,0.9,养阴生津，清热利咽。用于肺热阴伤所致的咽部红肿、咽痛、口干咽燥；急、慢性咽炎见上述证候者。亦可用于放疗引起的咽干不适。,治燥剂 | 滋阴润燥,呼吸系统药物 | 咽喉疾病治疗药,,,,https://www.yao86.com/%E4%B8%AD%E6%88%90%E8%8D%AF/%E9%87%91%E6%9E%9C%E9%A5%AE%E5%92%BD%E5%96%89%E7%89%87,站点明确收录为中成药，未命中更具体项目类别
already_present,10996,金果含片,tcm,13,13,0.9,养阴生津，清热利咽。用于肺热阴伤所致的咽部红肿、咽痛、口干咽燥；急、慢性咽炎见上述证候者。,治燥剂 | 滋阴润燥,呼吸系统药物 | 咽喉疾病治疗药,,,,https://www.yao86.com/%E4%B8%AD%E6%88%90%E8%8D%AF/%E9%87%91%E6%9E%9C%E5%90%AB%E7%89%87,站点明确收录为中成药，未命中更具体项目类别
already_present,10997,洁阴康洗液,tcm,14,14,0.96,清热解毒，燥湿止带，杀虫止痒。用于念珠菌阴道炎、滴虫阴道炎、细菌性阴道病，中医辨证属湿热下注者，症见阴部瘙痒或痒痛，带下量多，色黄稠粘，其气臭秽，舌质红，苔黄腻，脉滑数或弦数。,祛湿剂 | 清热除湿,生殖泌尿系统药物 | 妇科用药 | 妇科炎症治疗药,,,,https://www.yao86.com/%E4%B8%AD%E6%88%90%E8%8D%AF/%E6%B4%81%E9%98%B4%E5%BA%B7%E6%B4%97%E6%B6%B2,站点药理或 ATC 分类明确为妇科用药
already_present,10998,金鳝消渴颗粒,tcm,11,11,0.95,苗医：怡渥曲靳，拉怡任早：科夭罗，卡欧，暗习凶替聋，坳瓦罗岗蛙，仰溪秀切。中医：滋阴清热，生津止渴。用于阴虚燥热所致的消渴，以及2型糖尿病见上述证候者。,治燥剂 | 滋阴润燥,消化系统与代谢药 | 糖尿病药物,,,,https://www.yao86.com/%E4%B8%AD%E6%88%90%E8%8D%AF/%E9%87%91%E9%B3%9D%E6%B6%88%E6%B8%B4%E9%A2%97%E7%B2%92,站点药理或 ATC 分类明确为慢性病长期用药
already_present,10999,洁阴止痒洗液,tcm,14,14,0.96,清热解毒，祛风止痒。用于阴道炎因湿热下注所致带下增多、外阴瘙痒。,祛湿剂 | 清热除湿,生殖泌尿系统药物 | 妇科用药 | 妇科炎症治疗药,,,,https://www.yao86.com/%E4%B8%AD%E6%88%90%E8%8D%AF/%E6%B4%81%E9%98%B4%E6%AD%A2%E7%97%92%E6%B4%97%E6%B6%B2,站点药理或 ATC 分类明确为妇科用药
already_present,11000,金凤丸,tcm,14,14,0.96,温肾益阳，活血和血。用于肾阳虚引起的畏寒怯冷，月经量少、后错，带下量多，虚寒痛经。,补益剂 | 补阳,生殖泌尿系统药物 | 妇科用药 | 调经药物,,,,https://www.yao86.com/%E4%B8%AD%E6%88%90%E8%8D%AF/%E9%87%91%E5%87%A4%E4%B8%B8,站点药理或 ATC 分类明确为妇科用药
already_present,11001,卡比马唑片,western,11,11,0.95,适用于各种类型的甲状腺功能亢进症，尤其适用于：1.病情较轻，甲状腺轻至中度肿大患者；2.青少年及儿童、老年患者；3.甲状腺手术后复发，又不适于用放射性131I治疗者；4.手术前准备；5.作为131I放疗的辅助治疗。,激素及影响内分泌药 | 甲状腺激素及抗甲状腺药,甲状腺治疗药 | 抗甲状腺药 | 含硫咪唑衍生物,,,,https://www.yao86.com/%E8%A5%BF%E8%8D%AF/%E5%8D%A1%E6%AF%94%E9%A9%AC%E5%94%91%E7%89%87,站点药理或 ATC 分类明确为慢性病长期用药
already_present,11002,克霉唑阴道泡腾片,western,14,14,0.96,用于念珠菌性外阴阴道炎。,妇产科用药 | 其他妇产科用药,妇科用抗感染药和灭菌药 | 抗感染药和灭菌药，与皮质甾体激素类的复方除外 | 咪唑衍生物类,,,,https://www.yao86.com/%E8%A5%BF%E8%8D%AF/%E5%85%8B%E9%9C%89%E5%94%91%E9%98%B4%E9%81%93%E6%B3%A1%E8%85%BE%E7%89%87,站点药理或 ATC 分类明确为妇科用药
already_present,11003,克霉唑喷雾剂,western,9,9,0.94,用于体癣、股癣、手癣、足癣、头癣以及皮肤念珠菌感染。,抗微生物药 | 抗真菌药,口腔疾病药物 | 口腔局部治疗用抗感染药和灭菌药,,,,https://www.yao86.com/%E8%A5%BF%E8%8D%AF/%E5%85%8B%E9%9C%89%E5%94%91%E5%96%B7%E9%9B%BE%E5%89%82,剂型或站点分类明确为局部外用药
already_present,11004,克霉唑乳膏,western,9,9,0.96,用于体癣、股癣、手癣、足癣、花斑癣、头癣以及念珠菌性甲沟炎和念珠菌性外阴阴道炎。,抗微生物药 | 抗真菌药,皮肤病用抗真菌药 | 局部用抗真菌药 | 咪唑和三唑衍生物,,,,https://www.yao86.com/%E8%A5%BF%E8%8D%AF/%E5%85%8B%E9%9C%89%E5%94%91%E4%B9%B3%E8%86%8F,外用剂型且站点 ATC 分类明确为皮肤局部用药
already_present,11005,克霉唑药膜,western,14,14,0.96,用于念珠菌性外阴阴道病。,妇产科用药 | 其他妇产科用药,妇科用抗感染药和灭菌药 | 抗感染药和灭菌药，与皮质甾体激素类的复方除外 | 咪唑衍生物类,,,,https://www.yao86.com/%E8%A5%BF%E8%8D%AF/%E5%85%8B%E9%9C%89%E5%94%91%E8%8D%AF%E8%86%9C,站点药理或 ATC 分类明确为妇科用药
already_present,11006,克霉唑溶液,western,2,2,0.96,用于体癣、股癣、手癣、足癣、花斑癣、头癣以及念珠菌性甲沟炎。,抗微生物药 | 抗真菌药,皮肤病用抗真菌药 | 局部用抗真菌药 | 咪唑和三唑衍生物,,,,https://www.yao86.com/%E8%A5%BF%E8%8D%AF/%E5%85%8B%E9%9C%89%E5%94%91%E6%BA%B6%E6%B6%B2,站点药理或 ATC 分类明确为抗感染药
already_present,11007,克霉唑涂膜,western,9,9,0.96,用于体癣、股癣、手癣、足癣。,妇产科用药 | 其他妇产科用药,皮肤病用抗真菌药 | 局部用抗真菌药 | 咪唑和三唑衍生物,诺亚涂膜,,,https://www.yao86.com/%E8%A5%BF%E8%8D%AF/%E5%85%8B%E9%9C%89%E5%94%91%E6%B6%82%E8%86%9C,外用剂型且站点 ATC 分类明确为皮肤局部用药
already_present,11008,克霉唑片,western,2,2,0.96,预防和治疗免疫抑制病人口腔和食管念珠菌感染，但由于本品口服吸收差，治疗真菌感染疗效差，不良反应又多见，现已很少应用，仅作局部用药。,抗微生物药 | 抗真菌药,妇科用抗感染药和灭菌药 | 抗感染药和灭菌药，与皮质甾体激素类的复方除外 | 咪唑衍生物类,,,,https://www.yao86.com/%E8%A5%BF%E8%8D%AF/%E5%85%8B%E9%9C%89%E5%94%91%E7%89%87,站点药理或 ATC 分类明确为抗感染药
already_present,11009,克霉唑阴道片,western,14,14,0.96,用于念珠菌性外阴阴道炎及酵母菌引起的感染性白带。,妇产科用药 | 其他妇产科用药,妇科用抗感染药和灭菌药 | 抗感染药和灭菌药，与皮质甾体激素类的复方除外 | 咪唑衍生物类,,,,https://www.yao86.com/%E8%A5%BF%E8%8D%AF/%E5%85%8B%E9%9C%89%E5%94%91%E9%98%B4%E9%81%93%E7%89%87,站点药理或 ATC 分类明确为妇科用药
already_present,11010,克霉唑阴道膨胀栓,western,14,14,0.96,用于念珠菌性外阴阴道病。,妇产科用药 | 其他妇产科用药,妇科用抗感染药和灭菌药 | 抗感染药和灭菌药，与皮质甾体激素类的复方除外 | 咪唑衍生物类,,,,https://www.yao86.com/%E8%A5%BF%E8%8D%AF/%E5%85%8B%E9%9C%89%E5%94%91%E9%98%B4%E9%81%93%E8%86%A8%E8%83%80%E6%A0%93,站点药理或 ATC 分类明确为妇科用药
already_present,11011,克霉唑栓,western,14,14,0.96,用于念珠菌性外阴阴道病。,妇产科用药 | 其他妇产科用药,妇科用抗感染药和灭菌药 | 抗感染药和灭菌药，与皮质甾体激素类的复方除外 | 咪唑衍生物类,,,,https://www.yao86.com/%E8%A5%BF%E8%8D%AF/%E5%85%8B%E9%9C%89%E5%94%91%E6%A0%93,站点药理或 ATC 分类明确为妇科用药
review_missing_efficacy,,克霉唑软膏,western,,9,0.96,,,皮肤病用抗真菌药 | 局部用抗真菌药 | 咪唑和三唑衍生物,,,,https://www.yao86.com/%E8%A5%BF%E8%8D%AF/%E5%85%8B%E9%9C%89%E5%94%91%E8%BD%AF%E8%86%8F,外用剂型且站点 ATC 分类明确为皮肤局部用药
review_missing_efficacy,,复方克霉唑软膏,western,,9,0.96,,,皮肤病用抗真菌药 | 局部用抗真菌药 | 咪唑和三唑衍生物,,,,https://www.yao86.com/%E8%A5%BF%E8%8D%AF/%E5%A4%8D%E6%96%B9%E5%85%8B%E9%9C%89%E5%94%91%E8%BD%AF%E8%86%8F,外用剂型且站点 ATC 分类明确为皮肤局部用药
review_missing_efficacy,,克霉唑阴道乳膏,western,,14,0.96,,,妇科用抗感染药和灭菌药 | 抗感染药和灭菌药，与皮质甾体激素类的复方除外 | 咪唑衍生物类,,,,https://www.yao86.com/%E8%A5%BF%E8%8D%AF/%E5%85%8B%E9%9C%89%E5%94%91%E9%98%B4%E9%81%93%E4%B9%B3%E8%86%8F,站点药理或 ATC 分类明确为妇科用药
review_missing_efficacy,,双唑泰阴道膨胀栓,western,,14,0.96,,,妇科用抗感染药和灭菌药 | 抗感染药和灭菌药，与皮质甾体激素类的复方除外 | 咪唑衍生物类,,,,https://www.yao86.com/%E8%A5%BF%E8%8D%AF/%E5%8F%8C%E5%94%91%E6%B3%B0%E9%98%B4%E9%81%93%E8%86%A8%E8%83%80%E6%A0%93,站点药理或 ATC 分类明确为妇科用药
review_missing_efficacy,,盐酸卡替洛尔滴眼液,western,,9,0.94,青光眼，高眼压症。,眼科用药 | 青光眼用药,眼科用药 | 抗青光眼药和缩瞳药 | β-受体阻滞药,美开朗,,,https://www.yao86.com/%E8%A5%BF%E8%8D%AF/%E7%9B%90%E9%85%B8%E5%8D%A1%E6%9B%BF%E6%B4%9B%E5%B0%94%E6%BB%B4%E7%9C%BC%E6%B6%B2,剂型或站点分类明确为局部外用药
already_present,11012,盐酸克林霉素阴道泡腾片,western,14,14,0.96,主要用于细菌性阴道病。,妇产科用药 | 其他妇产科用药,妇科用抗感染药和灭菌药 | 抗感染药和灭菌药，与皮质甾体激素类的复方除外 | 抗生素,,,,https://www.yao86.com/%E8%A5%BF%E8%8D%AF/%E7%9B%90%E9%85%B8%E5%85%8B%E6%9E%97%E9%9C%89%E7%B4%A0%E9%98%B4%E9%81%93%E6%B3%A1%E8%85%BE%E7%89%87,站点药理或 ATC 分类明确为妇科用药
review_missing_efficacy,,盐酸克林霉素乳膏,western,,9,0.94,寻常性痤疮。,抗微生物药 | 其他抗生素,抗痤疮药 | 局部用抗痤疮药 | 治疗痤疮用的抗感染药,,,,https://www.yao86.com/%E8%A5%BF%E8%8D%AF/%E7%9B%90%E9%85%B8%E5%85%8B%E6%9E%97%E9%9C%89%E7%B4%A0%E4%B9%B3%E8%86%8F,剂型或站点分类明确为局部外用药
already_present,35,盐酸克林霉素胶囊,western,2,2,0.96,本品适用于由链球菌属、葡萄球菌属及厌氧菌等敏感菌株所致的下述感染：中耳炎、鼻窦炎、化脓性扁桃体炎、肺炎；皮肤软组织感染；在治疗骨和关节感染、腹腔感染、盆腔感染、脓胸、肺脓肿、骨髓炎、败血症等疾病时，可根据情况单用或与其他抗菌药联合应用。,抗微生物药 | 其他抗生素,系统用抗细菌药 | 大环内酯类、林可酰胺类和链霉杀阳菌素类 | 林可酰胺类,,,,https://www.yao86.com/%E8%A5%BF%E8%8D%AF/%E7%9B%90%E9%85%B8%E5%85%8B%E6%9E%97%E9%9C%89%E7%B4%A0%E8%83%B6%E5%9B%8A,保留数据库现有分类；站点药理或 ATC 分类明确为抗感染药
review_missing_efficacy,,盐酸克林霉素凝胶,western,,9,0.94,寻常性痤疮。,抗微生物药 | 其他抗生素,抗痤疮药 | 局部用抗痤疮药 | 治疗痤疮用的抗感染药,,,,https://www.yao86.com/%E8%A5%BF%E8%8D%AF/%E7%9B%90%E9%85%B8%E5%85%8B%E6%9E%97%E9%9C%89%E7%B4%A0%E5%87%9D%E8%83%B6,剂型或站点分类明确为局部外用药
already_present,11013,盐酸克林霉素片,western,2,2,0.96,本品适用于由链球菌属、葡萄球菌属及厌氧菌等敏感菌株所致的下述感染：中耳炎、鼻窦炎、化脓性扁桃体炎、肺炎；皮肤软组织感染；在治疗骨和关节感染、腹腔感染、盆腔感染、脓胸、肺脓肿、骨髓炎、败血症等疾病时，可根据情况单用或与其他抗菌药联合应用。,抗微生物药 | 其他抗生素,系统用抗细菌药 | 大环内酯类、林可酰胺类和链霉杀阳菌素类 | 林可酰胺类,,,,https://www.yao86.com/%E8%A5%BF%E8%8D%AF/%E7%9B%90%E9%85%B8%E5%85%8B%E6%9E%97%E9%9C%89%E7%B4%A0%E7%89%87,站点药理或 ATC 分类明确为抗感染药
already_present,11014,盐酸克林霉素棕榈酸酯干混悬剂,western,2,2,0.96,革兰阳性菌引起的下列各种感染性疾病：1.扁桃体炎、化脓性中耳炎、鼻窦炎等；2.急性支气管炎、慢性支气管炎急性发作、肺炎、肺脓肿和支气管扩张合并感染等；3.皮肤和软组织感染：疖、痈、脓肿、蜂窝组织炎、创伤、烧伤和手术后感染等；4.泌尿系统感染：急性尿道炎、急性肾盂肾炎、前列腺炎等；5.其它：骨髓炎、败血症、腹膜炎和口腔感染等。厌氧菌引起的下列各种感染性疾病：1.脓胸、肺脓肿、厌氧菌性肺炎；2.皮肤和软组织感染、败血症；3.腹内感染：腹膜炎、腹腔内脓肿。,抗微生物药 | 其他抗生素,系统用抗细菌药 | 大环内酯类、林可酰胺类和链霉杀阳菌素类 | 林可酰胺类,,,,https://www.yao86.com/%E8%A5%BF%E8%8D%AF/%E7%9B%90%E9%85%B8%E5%85%8B%E6%9E%97%E9%9C%89%E7%B4%A0%E6%A3%95%E6%A6%88%E9%85%B8%E9%85%AF%E5%B9%B2%E6%B7%B7%E6%82%AC%E5%89%82,站点药理或 ATC 分类明确为抗感染药
reclassified_existing,11015,盐酸克林霉素棕榈酸酯分散片,western,2,14,0.96,革兰阳性菌引起的下列各种感染性疾病：1.扁桃体炎、化脓性中耳炎、鼻窦炎等；2.急性支气管炎、慢性支气管炎急性发作、肺炎、肺脓肿和支气管扩张合并感染等；3.皮肤和软组织感染：疖、痈、脓肿、蜂窝组织炎、创伤和手术后感染等；4.泌尿系统感染：急性尿道炎、急性肾盂肾炎、前列腺炎等；5.其他：骨髓炎、败血症、腹膜炎和口腔感染等；厌氧菌引起的各种感染性疾病：1.脓胸、肺脓肿、厌氧菌性肺炎；2.皮肤和软组织感染、败血症；3.腹内感染：腹膜炎、腹腔内脓肿；4.女性盆腔及生殖器感染：子宫内膜炎、非淋球菌性输卵管及卵巢脓肿、盆腔蜂窝组织炎及妇科手术后感染等。,抗微生物药 | 其他抗生素,系统用抗细菌药 | 大环内酯类、林可酰胺类和链霉杀阳菌素类 | 林可酰胺类,,,,https://www.yao86.com/%E8%A5%BF%E8%8D%AF/%E7%9B%90%E9%85%B8%E5%85%8B%E6%9E%97%E9%9C%89%E7%B4%A0%E6%A3%95%E6%A6%88%E9%85%B8%E9%85%AF%E5%88%86%E6%95%A3%E7%89%87,站点药理或 ATC 分类明确为妇科用药
reclassified_existing,11016,盐酸克林霉素棕榈酸酯颗粒,western,2,14,0.96,1.用于革兰阳性菌引起的下列各种感染性疾病：(1)扁桃体炎、化脓性中耳炎、鼻窦炎等。(2)急性支气管炎、慢性支气管炎急性发作、肺炎、肺脓肿和支气管扩张合并感染等。(3)皮肤和软组织感染：疖、痈、脓肿、蜂窝组织炎、创伤、烧伤和手术后感染等。(4)泌尿系统感染：急性尿道炎、急性肾盂肾炎、前列腺炎等。(5)其它：骨髓炎、败血症、腹膜炎和口腔感染等。2.用于厌氧菌引起的各种感染性疾病：(1)脓胸、肺脓肿、厌氧菌性肺炎。(2)皮肤和软组织感染、败血症。(3)腹内感染：腹膜炎、腹腔内脓肿。(4)女性盆腔及生殖器感染：子宫内膜炎、非淋球菌性输卵管及卵巢脓肿、盆腔蜂窝组织炎及妇科手术后感染等。,抗微生物药 | 其他抗生素,系统用抗细菌药 | 大环内酯类、林可酰胺类和链霉杀阳菌素类 | 林可酰胺类,可尔生,,,https://www.yao86.com/%E8%A5%BF%E8%8D%AF/%E7%9B%90%E9%85%B8%E5%85%8B%E6%9E%97%E9%9C%89%E7%B4%A0%E6%A3%95%E6%A6%88%E9%85%B8%E9%85%AF%E9%A2%97%E7%B2%92,站点药理或 ATC 分类明确为妇科用药
reclassified_existing,11017,卡巴匹林钙颗粒,western,3,14,0.96,用于普通感冒或流行性感冒引起的发热，也用于缓解轻至中度疼痛如头痛、关节痛、偏头痛、牙痛、肌肉痛、神经痛、痛经。,镇痛、解热、抗炎、抗风湿、抗痛风药 | 解热镇痛、抗炎、抗风湿药,镇痛药 | 其它解热镇痛药 | 水杨酸与其衍生物,,,,https://www.yao86.com/%E8%A5%BF%E8%8D%AF/%E5%8D%A1%E5%B7%B4%E5%8C%B9%E6%9E%97%E9%92%99%E9%A2%97%E7%B2%92,站点药理或 ATC 分类明确为妇科用药
review_unclassified,,重酒石酸卡巴拉汀胶囊,western,,,0.0,用于治疗轻、中度阿尔茨海默型痴呆的症状。,神经系统用药 | 抗痴呆药,精神兴奋药 | 抗痴呆药 | 抗胆碱酯酶类,艾斯能,,,https://www.yao86.com/%E8%A5%BF%E8%8D%AF/%E9%87%8D%E9%85%92%E7%9F%B3%E9%85%B8%E5%8D%A1%E5%B7%B4%E6%8B%89%E6%B1%80%E8%83%B6%E5%9B%8A,站点分类无法可靠映射到项目现有类别
review_unclassified,,重酒石酸卡巴拉汀片,western,,,0.0,用于治疗轻、中度阿尔茨海默型痴呆的症状。,神经系统用药 | 抗痴呆药,精神兴奋药 | 抗痴呆药 | 抗胆碱酯酶类,,,,https://www.yao86.com/%E8%A5%BF%E8%8D%AF/%E9%87%8D%E9%85%92%E7%9F%B3%E9%85%B8%E5%8D%A1%E5%B7%B4%E6%8B%89%E6%B1%80%E7%89%87,站点分类无法可靠映射到项目现有类别
review_missing_efficacy,,卡巴拉汀透皮贴剂,western,,9,0.94,,,精神兴奋药 | 抗痴呆药 | 抗胆碱酯酶类,,,,https://www.yao86.com/%E8%A5%BF%E8%8D%AF/%E5%8D%A1%E5%B7%B4%E6%8B%89%E6%B1%80%E9%80%8F%E7%9A%AE%E8%B4%B4%E5%89%82,剂型或站点分类明确为局部外用药
already_present,11018,枯草杆菌二联活菌肠溶胶囊,western,5,5,0.96,治疗肠道菌群失调(抗生素、化疗药物等)引起的腹泻、便秘、肠炎、腹胀，消化不良，食欲不振等。,消化系统用药 | 微生态制剂,止泻药、肠道抗炎、抗感染药 | 肠道抗感染药 | 抗生素,美常安,,,https://www.yao86.com/%E8%A5%BF%E8%8D%AF/%E6%9E%AF%E8%8D%89%E6%9D%86%E8%8F%8C%E4%BA%8C%E8%81%94%E6%B4%BB%E8%8F%8C%E8%82%A0%E6%BA%B6%E8%83%B6%E5%9B%8A,站点分类明确为止泻或肠道吸附药
review_unclassified,,糠甾醇片,western,,,0.0,用于牙周病引起的牙龈出血，牙周脓肿等病症。,耳鼻喉科用药 | 咽喉、口腔疾病用药,口腔疾病药物 | 口腔局部治疗用抗感染药和灭菌药,,,,https://www.yao86.com/%E8%A5%BF%E8%8D%AF/%E7%B3%A0%E7%94%BE%E9%86%87%E7%89%87,站点分类无法可靠映射到项目现有类别
reclassified_existing,11019,六味安消散,tcm,5,14,0.96,和胃健脾，消积导滞，活血止痛。用于脾胃不和、积滞内停所致的胃痛胀满、消化不良、便秘、痛经。,消食剂 | 健脾消食,消化系统与代谢药 | 胃病相关药物,,,,https://www.yao86.com/%E4%B8%AD%E6%88%90%E8%8D%AF/%E5%85%AD%E5%91%B3%E5%AE%89%E6%B6%88%E6%95%A3,站点药理或 ATC 分类明确为妇科用药
reclassified_existing,11020,六味安消丸,tcm,5,14,0.96,健脾和胃，导滞消积，行血止痛。用于胃痛胀满，消化不良，大便秘结，痛经。,消食剂 | 健脾消食,消化系统与代谢药 | 胃病相关药物,,,,https://www.yao86.com/%E4%B8%AD%E6%88%90%E8%8D%AF/%E5%85%AD%E5%91%B3%E5%AE%89%E6%B6%88%E4%B8%B8,站点药理或 ATC 分类明确为妇科用药
reclassified_existing,11021,六味安消胶囊,tcm,5,14,0.96,和胃健脾，消积导滞，活血止痛。用于胃痛胀满，消化不良，便秘、痛经。,消食剂 | 健脾消食,消化系统与代谢药 | 胃病相关药物,,,,https://www.yao86.com/%E4%B8%AD%E6%88%90%E8%8D%AF/%E5%85%AD%E5%91%B3%E5%AE%89%E6%B6%88%E8%83%B6%E5%9B%8A,站点药理或 ATC 分类明确为妇科用药
reclassified_existing,11022,六味安消片,tcm,5,14,0.96,和胃健脾，导滞消积，行血止痛。用于胃痛胀满，消化不良，便秘，痛经。,消食剂 | 健脾消食,消化系统与代谢药 | 胃病相关药物,,,,https://www.yao86.com/%E4%B8%AD%E6%88%90%E8%8D%AF/%E5%85%AD%E5%91%B3%E5%AE%89%E6%B6%88%E7%89%87,站点药理或 ATC 分类明确为妇科用药
already_present,11023,罗汉果玉竹颗粒,tcm,1,1,0.95,养阴润肺，止咳生津。用于肺燥咳嗽，咽喉干痛。,止咳平喘剂 | 止咳,呼吸系统药物 | 咳嗽和感冒用药,,,,https://www.yao86.com/%E4%B8%AD%E6%88%90%E8%8D%AF/%E7%BD%97%E6%B1%89%E6%9E%9C%E7%8E%89%E7%AB%B9%E9%A2%97%E7%B2%92,站点药理分类明确为止咳或祛痰药
already_present,11024,罗汉果玉竹冲剂,tcm,1,1,0.95,养阴润肺，止咳生津。用于肺燥咳嗽，咽喉干痛。,止咳平喘剂 | 止咳,,,,,https://www.yao86.com/%E4%B8%AD%E6%88%90%E8%8D%AF/%E7%BD%97%E6%B1%89%E6%9E%9C%E7%8E%89%E7%AB%B9%E5%86%B2%E5%89%82,站点药理分类明确为止咳或祛痰药
review_missing_efficacy,,陆英颗粒,tcm,,5,0.93,,和解剂 | 调和肝脾,消化系统与代谢药 | 肝、胆疾病治疗药 | 肝病治疗药,,,,https://www.yao86.com/%E4%B8%AD%E6%88%90%E8%8D%AF/%E9%99%86%E8%8B%B1%E9%A2%97%E7%B2%92,站点药理或 ATC 分类明确为胃肠消化用药
already_present,11025,陆英糖浆,tcm,5,5,0.93,疏肝健脾，活血化瘀，利尿消肿。用于急性病毒性肝炎。,和解剂 | 调和肝脾,消化系统与代谢药 | 肝、胆疾病治疗药 | 肝病治疗药,,,,https://www.yao86.com/%E4%B8%AD%E6%88%90%E8%8D%AF/%E9%99%86%E8%8B%B1%E7%B3%96%E6%B5%86,站点药理或 ATC 分类明确为胃肠消化用药
already_present,11026,陆英片,tcm,5,5,0.93,疏肝健脾，活血化瘀，利尿消肿。用于急性病毒性肝炎。,和解剂 | 调和肝脾,消化系统与代谢药 | 肝、胆疾病治疗药 | 肝病治疗药,,,,https://www.yao86.com/%E4%B8%AD%E6%88%90%E8%8D%AF/%E9%99%86%E8%8B%B1%E7%89%87,站点药理或 ATC 分类明确为胃肠消化用药
already_present,11027,陆英胶囊,tcm,5,5,0.93,疏肝健脾，活血化瘀，利尿消肿。用于急性病毒性肝炎。,和解剂 | 调和肝脾,消化系统与代谢药 | 肝、胆疾病治疗药 | 肝病治疗药,,,,https://www.yao86.com/%E4%B8%AD%E6%88%90%E8%8D%AF/%E9%99%86%E8%8B%B1%E8%83%B6%E5%9B%8A,站点药理或 ATC 分类明确为胃肠消化用药
already_present,11028,罗汉果菊花颗粒,tcm,1,1,0.95,清热润肺，止咳，明目。用于肺热燥咳，口渴，目赤。,止咳平喘剂 | 止咳,呼吸系统药物 | 清热解毒药物,,,,https://www.yao86.com/%E4%B8%AD%E6%88%90%E8%8D%AF/%E7%BD%97%E6%B1%89%E6%9E%9C%E8%8F%8A%E8%8A%B1%E9%A2%97%E7%B2%92,站点药理分类明确为止咳或祛痰药
already_present,11029,羚羊清肺颗粒,tcm,1,1,0.95,清肺利咽，清瘟止嗽。用于肺胃热盛，感受时邪，身热头晕，四肢酸懒，咳嗽痰盛，咽喉肿痛，鼻衄咳血，口干舌燥。,止咳平喘剂 | 止咳,呼吸系统药物 | 清热解毒药物,,,,https://www.yao86.com/%E4%B8%AD%E6%88%90%E8%8D%AF/%E7%BE%9A%E7%BE%8A%E6%B8%85%E8%82%BA%E9%A2%97%E7%B2%92,站点药理分类明确为止咳或祛痰药
already_present,11030,羚羊清肺丸,tcm,1,1,0.95,清肺利咽，清瘟止嗽。用于肺胃热盛，感受时邪，身热头晕，四肢酸懒，咳嗽痰盛，咽喉肿痛，鼻衄咳血，口干舌燥。,止咳平喘剂 | 止咳,呼吸系统药物 | 清热解毒药物,,,,https://www.yao86.com/%E4%B8%AD%E6%88%90%E8%8D%AF/%E7%BE%9A%E7%BE%8A%E6%B8%85%E8%82%BA%E4%B8%B8,站点药理分类明确为止咳或祛痰药
already_present,11031,羚羊清肺胶囊,tcm,1,1,0.95,清肺利咽，清瘟止嗽。用于肺胃热盛，感受时邪，身热头晕，四肢酸懒，咳嗽痰盛，咽喉肿痛，鼻衄咳血，口干舌燥。,止咳平喘剂 | 止咳,呼吸系统药物 | 清热解毒药物,,,,https://www.yao86.com/%E4%B8%AD%E6%88%90%E8%8D%AF/%E7%BE%9A%E7%BE%8A%E6%B8%85%E8%82%BA%E8%83%B6%E5%9B%8A,站点药理分类明确为止咳或祛痰药
already_present,11032,羚羊清肺散,tcm,1,1,0.95,清热泻火，凉血解毒，化痰息风。用于温热病，高热神昏，烦燥口渴，痉厥抽搐及小儿肺热咳嗽。,止咳平喘剂 | 止咳,呼吸系统药物 | 清热解毒药物,,,,https://www.yao86.com/%E4%B8%AD%E6%88%90%E8%8D%AF/%E7%BE%9A%E7%BE%8A%E6%B8%85%E8%82%BA%E6%95%A3,站点药理分类明确为止咳或祛痰药
already_present,11033,利儿康合剂,tcm,5,5,0.93,健脾，消食，开胃。主治小儿疳积。用于脾虚所致的小儿体弱、厌食、多汗、性情焦躁、大便异常。,消食剂 | 健脾消食,消化系统与代谢药 | 提升食欲、促消化药,,,,https://www.yao86.com/%E4%B8%AD%E6%88%90%E8%8D%AF/%E5%88%A9%E5%84%BF%E5%BA%B7%E5%90%88%E5%89%82,站点药理或 ATC 分类明确为胃肠消化用药
already_present,11034,利儿康口服液,tcm,5,5,0.93,健脾，消食，开胃。主治小儿苻积。用于牌虚所致的小儿体弱、厌食、多汗、性情焦躁、大便异常。,消食剂 | 健脾消食,消化系统与代谢药 | 提升食欲、促消化药,,,,https://www.yao86.com/%E4%B8%AD%E6%88%90%E8%8D%AF/%E5%88%A9%E5%84%BF%E5%BA%B7%E5%8F%A3%E6%9C%8D%E6%B6%B2,站点药理或 ATC 分类明确为胃肠消化用药
already_present,11035,林可霉素利多卡因凝胶,western,9,9,0.96,用于程度较轻的烧伤(Ⅰ°或浅Ⅱ°)、创伤及蚊虫叮咬引起的各种皮肤感染。,皮肤科用药 | 皮肤抗感染药,皮肤病用抗生素和化学治疗药物 | 抗生素和化疗药，复方,,,,https://www.yao86.com/%E8%A5%BF%E8%8D%AF/%E6%9E%97%E5%8F%AF%E9%9C%89%E7%B4%A0%E5%88%A9%E5%A4%9A%E5%8D%A1%E5%9B%A0%E5%87%9D%E8%83%B6,外用剂型且站点 ATC 分类明确为皮肤局部用药
already_present,11036,磷酸特地唑胺片,western,2,2,0.96,急性细菌性皮肤及皮肤软组织感染适用于治疗由下列革兰氏阳性菌的敏感分离株引起的急性细菌性皮肤及皮肤软组织感染(ABSSSI)：金黄色葡萄球菌(包括甲氧西林耐药金黄色葡萄球菌[MRSA]和甲氧西林敏感金黄色葡萄球菌[MSSA]的分离株)、化脓性链球菌、无乳链球菌、咽峡炎链球菌群(包括咽峡炎链球菌、中间链球菌和星座链球菌)和粪肠球菌。用法为降低耐药菌的形成和维持磷酸特地唑胺及其他抗菌药物的有效性，磷酸特地唑胺只能用于治疗已证实或高度疑似由敏感菌引起的急性细菌性皮肤及皮肤软组织感染。如有培养和药敏信息，在选择或调整抗菌疗法时应考虑这些信息。若无此类数据，可根据当地流行病学和药敏模式经验性选择疗法。,皮肤科用药 | 皮肤抗感染药,系统用抗细菌药 | 其它抗菌药,赛威乐(Sivextro),,,https://www.yao86.com/%E8%A5%BF%E8%8D%AF/%E7%A3%B7%E9%85%B8%E7%89%B9%E5%9C%B0%E5%94%91%E8%83%BA%E7%89%87,站点药理或 ATC 分类明确为抗感染药
imported,13983,氯烯雌醚滴丸,western,,14,0.96,用于治疗妇女更年期综合征及手术后因雌激素缺乏所引起的症状；青春期功能失调性子宫出血；妇女性腺功能不全的雌激素替代治疗；男性前列腺增生。,激素及影响内分泌药 | 雌激素、孕激素及抗孕激素,性激素和生殖系统调节药 | 雌激素类 | 天然和半合成的雌激素类，单方,,,,https://www.yao86.com/%E8%A5%BF%E8%8D%AF/%E6%B0%AF%E7%83%AF%E9%9B%8C%E9%86%9A%E6%BB%B4%E4%B8%B8,站点药理或 ATC 分类明确为妇科用药
already_present,11037,利多卡因氯己定气雾剂(成膜型),western,9,9,0.94,用于轻度割伤、擦伤、软组织损伤、灼伤、晒伤、以及蚊虫叮咬、瘙痒、痱子等。,皮肤科用药 | 皮肤抗感染药,止痒药，含抗组胺药、麻醉药等 | 局部麻醉药,,,,https://www.yao86.com/%E8%A5%BF%E8%8D%AF/%E5%88%A9%E5%A4%9A%E5%8D%A1%E5%9B%A0%E6%B0%AF%E5%B7%B1%E5%AE%9A%E6%B0%94%E9%9B%BE%E5%89%82%28%E6%88%90%E8%86%9C%E5%9E%8B%29,剂型或站点分类明确为局部外用药
already_present,11038,利多卡因氯己定气雾剂,western,9,9,0.94,用于轻度割伤、擦伤、软组织损伤，灼伤、晒伤、以及蚊虫叮咬、瘙痒、痱子等。,皮肤科用药 | 皮肤抗感染药,止痒药，含抗组胺药、麻醉药等 | 局部麻醉药,,,,https://www.yao86.com/%E8%A5%BF%E8%8D%AF/%E5%88%A9%E5%A4%9A%E5%8D%A1%E5%9B%A0%E6%B0%AF%E5%B7%B1%E5%AE%9A%E6%B0%94%E9%9B%BE%E5%89%82,剂型或站点分类明确为局部外用药
already_present,11039,硫酸锌尿囊素滴眼液,western,9,9,0.94,用于慢性结膜炎、眦部睑缘炎、眦部结膜炎、春季结膜炎、沙眼。,眼科用药 | 其他眼科用药,眼科用药 | 减充血药和抗变态反应药 | 其它抗变态反应药,,,,https://www.yao86.com/%E8%A5%BF%E8%8D%AF/%E7%A1%AB%E9%85%B8%E9%94%8C%E5%B0%BF%E5%9B%8A%E7%B4%A0%E6%BB%B4%E7%9C%BC%E6%B6%B2,剂型或站点分类明确为局部外用药
already_present,11040,芦笋菠萝蛋白酶胶囊,western,14,14,0.96,适用于乳腺囊性增生病和男性乳腺发育症。,妇产科用药 | 其他妇产科用药,其它妇科用药,,,,https://www.yao86.com/%E8%A5%BF%E8%8D%AF/%E8%8A%A6%E7%AC%8B%E8%8F%A0%E8%90%9D%E8%9B%8B%E7%99%BD%E9%85%B6%E8%83%B6%E5%9B%8A,站点药理或 ATC 分类明确为妇科用药
already_present,11041,磷酸铝凝胶,western,9,9,0.94,本品能缓解胃酸过多引起的反酸等症状，适用于胃及十二指肠溃疡及反流性食管炎等酸相关性疾病的抗酸治疗。,消化系统用药 | 抗酸药及抗溃疡病药,治疗与胃酸分泌相关疾病的药物 | 治酸药 | 铝化合物类,洁维乐,,,https://www.yao86.com/%E8%A5%BF%E8%8D%AF/%E7%A3%B7%E9%85%B8%E9%93%9D%E5%87%9D%E8%83%B6,剂型或站点分类明确为局部外用药
already_present,11042,芪棱片,tcm,12,12,0.95,益气养阴，活血通络。用于气阴两虚、瘀血阻络所致的中风中经络，症见半身不遂，口舌歪斜，舌强言蹇或不语，偏身麻木；缺血性中风（脑梗塞）见上述证候者。,补益剂 | 益气养阴,心脑血管与血液系统药物 | 脑血管疾病治疗药,,,,https://www.yao86.com/%E4%B8%AD%E6%88%90%E8%8D%AF/%E8%8A%AA%E6%A3%B1%E7%89%87,站点药理或 ATC 分类明确为心脑血管用药
already_present,11043,清凉止痒搽剂,tcm,9,9,0.94,清热除湿，祛风止痒。用于风湿热邪引起的皮肤瘙痒及蚊虫叮咬。,祛湿剂 | 清热除湿,皮肤病药物 | 止痒药,,,,https://www.yao86.com/%E4%B8%AD%E6%88%90%E8%8D%AF/%E6%B8%85%E5%87%89%E6%AD%A2%E7%97%92%E6%90%BD%E5%89%82,剂型或站点分类明确为局部外用药
already_present,11044,前列消胶囊,tcm,13,13,0.9,清热利湿。用于前列腺炎属下焦湿热证者，症见：尿频，尿急，尿涩痛，小便淋漓不尽，腰膝酸软等。,祛湿剂 | 清热除湿,生殖泌尿系统药物 | 泌尿系统药物 | 前列腺疾病治疗药,,,,https://www.yao86.com/%E4%B8%AD%E6%88%90%E8%8D%AF/%E5%89%8D%E5%88%97%E6%B6%88%E8%83%B6%E5%9B%8A,站点明确收录为中成药，未命中更具体项目类别
already_present,11045,清热消炎宁胶囊,tcm,13,13,0.9,清热解毒，消炎止痛，舒筋活络。适用于流行性感冒，咽喉炎，肺炎，细菌性痢疾，急性胃肠炎，阑尾炎，烧伤，疮疡脓肿，蜂窝组织炎。,清热剂 | 清热解毒,呼吸系统药物 | 清热解毒药物,敬修堂,,,https://www.yao86.com/%E4%B8%AD%E6%88%90%E8%8D%AF/%E6%B8%85%E7%83%AD%E6%B6%88%E7%82%8E%E5%AE%81%E8%83%B6%E5%9B%8A,站点明确收录为中成药，未命中更具体项目类别
already_present,11046,清热消炎宁片,tcm,13,13,0.9,清热解毒，消炎止痛，舒筋活络。用于流行性感冒，咽喉炎，肺炎，菌痢，急性胃肠炎，阑尾炎，烧伤，疮疡脓肿，蜂窝织炎。,清热剂 | 清热解毒,呼吸系统药物 | 清热解毒药物,明善堂,,,https://www.yao86.com/%E4%B8%AD%E6%88%90%E8%8D%AF/%E6%B8%85%E7%83%AD%E6%B6%88%E7%82%8E%E5%AE%81%E7%89%87,站点明确收录为中成药，未命中更具体项目类别
already_present,11047,清热消炎宁软胶囊,tcm,13,13,0.9,"清热解毒，消炎止痛，舒筋活络。用于流行性感冒，咽喉炎，肺炎，菌痢，急性胃肠炎，阑尾炎，烧伤，疮疡脓肿,蜂窝织炎。",清热剂 | 清热解毒,呼吸系统药物 | 清热解毒药物,,,,https://www.yao86.com/%E4%B8%AD%E6%88%90%E8%8D%AF/%E6%B8%85%E7%83%AD%E6%B6%88%E7%82%8E%E5%AE%81%E8%BD%AF%E8%83%B6%E5%9B%8A,站点明确收录为中成药，未命中更具体项目类别
already_present,11048,丹益片,tcm,13,13,0.9,活血化瘀，清热利湿。用于慢性非细菌性前列腺炎瘀血阻滞湿热下注证，症见尿痛、尿频、尿急、尿道灼热、尿后滴沥，舌红苔黄或黄腻或舌质黯或有瘀点瘀斑，脉弦或涩或滑。,祛湿剂 | 清热除湿,生殖泌尿系统药物 | 泌尿系统药物 | 前列腺疾病治疗药,,,,https://www.yao86.com/%E4%B8%AD%E6%88%90%E8%8D%AF/%E4%B8%B9%E7%9B%8A%E7%89%87,站点明确收录为中成药，未命中更具体项目类别
already_present,11049,芪药消渴胶囊,tcm,11,11,0.95,益气养阴，健脾补肾。用于非胰岛素依赖型糖尿病(属气阴不足、脾肾两虚证)的辅助治疗。证见：气短乏力、腰膝酸软、口干咽燥、小便数多；或自汗、手足心热、头眩耳鸣、肌肉消瘦、舌红少苔或舌淡体胖等。,补益剂 | 益气养阴,消化系统与代谢药 | 糖尿病药物,,,,https://www.yao86.com/%E4%B8%AD%E6%88%90%E8%8D%AF/%E8%8A%AA%E8%8D%AF%E6%B6%88%E6%B8%B4%E8%83%B6%E5%9B%8A,站点药理或 ATC 分类明确为慢性病长期用药
already_present,11050,清热治痢丸,tcm,5,5,0.93,清热止痢。用于湿热痢(菌痢)，热泻。,祛湿剂 | 清热除湿,消化系统与代谢药 | 肠道疾病相关药物,,,,https://www.yao86.com/%E4%B8%AD%E6%88%90%E8%8D%AF/%E6%B8%85%E7%83%AD%E6%B2%BB%E7%97%A2%E4%B8%B8,站点药理或 ATC 分类明确为胃肠消化用药
already_present,11051,羌月乳膏,tcm,9,9,0.94,祛风，除湿，止痒，消肿。适用于亚急性湿疹，慢性湿疹。,祛湿剂 | 祛风胜湿,皮肤病药物 | 抗湿疹药,,,,https://www.yao86.com/%E4%B8%AD%E6%88%90%E8%8D%AF/%E7%BE%8C%E6%9C%88%E4%B9%B3%E8%86%8F,剂型或站点分类明确为局部外用药
already_present,11052,清宫寿桃丸,tcm,13,13,0.9,补肾生精，益元强壮。用于肾虚衰老所致头晕疲倦，记忆力衰退，腰膝酸软，耳鸣耳聋，眼花流泪，夜尿多，尿有余沥。,补益剂 | 阴阳并补,生殖泌尿系统药物 | 泌尿系统药物 | 补肾药物（勃起机能障碍用药）,,,,https://www.yao86.com/%E4%B8%AD%E6%88%90%E8%8D%AF/%E6%B8%85%E5%AE%AB%E5%AF%BF%E6%A1%83%E4%B8%B8,站点明确收录为中成药，未命中更具体项目类别
review_unclassified,,盐酸马普替林片,western,,,0.0,用于各型抑郁症。对精神分裂症后抑郁也有效。,治疗精神障碍药 | 抗抑郁药,精神兴奋药 | 抗抑郁药 | 非选择性单胺再吸收抑制药,,,,https://www.yao86.com/%E8%A5%BF%E8%8D%AF/%E7%9B%90%E9%85%B8%E9%A9%AC%E6%99%AE%E6%9B%BF%E6%9E%97%E7%89%87,站点分类无法可靠映射到项目现有类别
reclassified_existing,11053,盐酸美他环素片,western,2,14,0.96,1、本品作为首选或选用药物可用于下列疾病：(1)立克次体病，包括流行性斑疹伤寒、地方性斑疹伤寒、洛矶山热、恙虫病和Q热。(2)支原体属感染。(3)衣原体属感染，包括鹦鹉热、性病性淋巴肉芽肿、非淋菌性尿道炎、输卵管炎、宫颈炎及沙眼。(4)回归热。(5)布鲁菌病。(6)霍乱。(7)兔热病。(8)鼠疫。(9)软下疳。治疗布鲁菌病和鼠疫时需与氨基糖苷类联合应用。2、由于目前常见致病菌对四环素类耐药现象严重，仅在病原菌对此类药物敏感时，方有指征选用该类药物。本品不宜用于溶血性链球菌感染及葡萄球菌感染。3、本品可用于对青霉素类过敏患者的破伤风、气性坏疽、雅司、梅毒、淋菌性尿道炎、宫颈炎和钩端螺旋体病以及放线菌属和李斯特菌感染。4、可用于中、重度痤疮的辅助治疗。,抗微生物药 | 四环素类,系统用抗细菌药 | 四环素类,,,,https://www.yao86.com/%E8%A5%BF%E8%8D%AF/%E7%9B%90%E9%85%B8%E7%BE%8E%E4%BB%96%E7%8E%AF%E7%B4%A0%E7%89%87,站点药理或 ATC 分类明确为妇科用药
reclassified_existing,11054,盐酸美他环素胶囊,western,2,14,0.96,1.本品作为首选或选用药物可用于下列疾病：（1）立克次体病，包括流行性斑疹伤寒、地方性斑疹伤寒、洛矾山热、恙虫病和Q热。（2）支原体属感染。（3）衣原体属感染，包括鹦鹉热、性病性淋巴肉芽肿、非淋菌性尿道炎、输卵管炎、宫颈炎及沙眼。（4）回归热。（5）布鲁菌病。（6）霍乱。（7）兔热病。（8）鼠疫。（9）软下疳。治疗布鲁菌病和鼠疫时需与氨基糖苷类联合应用。2.由于目前常见致病菌对四环素类耐药现象严重，仅在病原菌对此类药物敏感时，方有指征选用该类药物。本品不宜用于溶血性链球菌感染及葡萄球菌感染。3.本品可用于对青霉素类过敏患者的破伤风、气性坏疽、雅司、梅毒、淋菌性尿道炎、宫颈炎和钩端螺旋体病以及放线菌属和李斯特菌感染。4.可用于中、重度痤疮的辅助治疗,抗微生物药 | 四环素类,系统用抗细菌药 | 四环素类,,,,https://www.yao86.com/%E8%A5%BF%E8%8D%AF/%E7%9B%90%E9%85%B8%E7%BE%8E%E4%BB%96%E7%8E%AF%E7%B4%A0%E8%83%B6%E5%9B%8A,站点药理或 ATC 分类明确为妇科用药
reclassified_existing,11055,盐酸美他环素分散片,western,2,14,0.96,1．本品作为首选或选用药物可用于下列疾病：(1)立克次体病，包括流行性斑疹伤寒、地方性斑疹伤寒、洛矶山热、恙虫病和Q热。(2)支原体属感染。(3)衣原体属感染，包括鹦鹉热、性病性淋巴肉芽肿、非淋菌性尿道炎、输卵管炎、宫颈炎及沙眼。(4)回归热。(5)布鲁菌病。(6)霍乱。(7)兔热病。(8)鼠疫。(9)软下疳。治疗布鲁菌病和鼠疫时需与氨基糖苷类联合应用。2．由于目前常见致病菌对四环素类耐药现象严重，仅在病原菌对此类药物敏感时，方有指征选用该类药物。本品不宜用于溶血性链球菌感染及葡萄球菌感染。3．本品可用于对青霉素类药物过敏患者的破伤风、气性坏疽、雅司、梅毒、淋菌性尿道炎、宫颈炎和钩端螺旋体病以及放线菌属和李斯特菌感染。4．可用于中、重度痤疮的辅助治疗。,抗微生物药 | 四环素类,系统用抗细菌药 | 四环素类,,,,https://www.yao86.com/%E8%A5%BF%E8%8D%AF/%E7%9B%90%E9%85%B8%E7%BE%8E%E4%BB%96%E7%8E%AF%E7%B4%A0%E5%88%86%E6%95%A3%E7%89%87,站点药理或 ATC 分类明确为妇科用药
review_unclassified,,盐酸米安色林片,western,,,0.0,适用于药物治疗的各型抑郁症患者，能解除其抑郁症状。,治疗精神障碍药 | 抗抑郁药,精神兴奋药 | 抗抑郁药 | 其它抗抑郁药,,,,https://www.yao86.com/%E8%A5%BF%E8%8D%AF/%E7%9B%90%E9%85%B8%E7%B1%B3%E5%AE%89%E8%89%B2%E6%9E%97%E7%89%87,站点分类无法可靠映射到项目现有类别
already_present,11056,咪康唑氯倍他索乳膏,western,9,9,0.96,用于真菌引起的皮炎、湿疹、手足癣、股癣及过敏性皮炎。,皮肤科用药 | 肾上腺皮质激素类药,皮肤病用抗真菌药 | 局部用抗真菌药 | 咪唑和三唑衍生物,,,,https://www.yao86.com/%E8%A5%BF%E8%8D%AF/%E5%92%AA%E5%BA%B7%E5%94%91%E6%B0%AF%E5%80%8D%E4%BB%96%E7%B4%A2%E4%B9%B3%E8%86%8F,外用剂型且站点 ATC 分类明确为皮肤局部用药
already_present,11057,枸橼酸莫沙必利分散片,western,5,5,0.93,本品为消化道促动力剂，主要用于功能性消化不良、慢性胃炎伴有烧心、嗳气、恶心、呕吐、早饱、上腹胀、上腹痛等消化道症状者。,消化系统用药 | 胃肠解痉药及胃动力药,治疗功能性胃肠疾病的药物 | 胃肠动力药,新络纳,,,https://www.yao86.com/%E8%A5%BF%E8%8D%AF/%E6%9E%B8%E6%A9%BC%E9%85%B8%E8%8E%AB%E6%B2%99%E5%BF%85%E5%88%A9%E5%88%86%E6%95%A3%E7%89%87,站点药理或 ATC 分类明确为胃肠消化用药
already_present,11058,枸橼酸莫沙必利片,western,5,5,0.93,本品为消化道促动力剂，主要用于功能性消化不良伴有胃灼热、嗳气、恶心、呕吐、早饱、上腹胀等消化道症状者。,消化系统用药 | 胃肠解痉药及胃动力药,治疗功能性胃肠疾病的药物 | 胃肠动力药,,,,https://www.yao86.com/%E8%A5%BF%E8%8D%AF/%E6%9E%B8%E6%A9%BC%E9%85%B8%E8%8E%AB%E6%B2%99%E5%BF%85%E5%88%A9%E7%89%87,站点药理或 ATC 分类明确为胃肠消化用药
already_present,11059,枸橼酸莫沙必利胶囊,western,5,5,0.93,本品为消化道促动力剂。主要用于功能性消化不良伴有胃灼热、嗳气、恶心、呕吐、早饱、上腹胀、上腹痛等消化道症状者。,消化系统用药 | 胃肠解痉药及胃动力药,治疗功能性胃肠疾病的药物 | 胃肠动力药,美唯宁,,,https://www.yao86.com/%E8%A5%BF%E8%8D%AF/%E6%9E%B8%E6%A9%BC%E9%85%B8%E8%8E%AB%E6%B2%99%E5%BF%85%E5%88%A9%E8%83%B6%E5%9B%8A,站点药理或 ATC 分类明确为胃肠消化用药
already_present,11060,枸橼酸莫沙必利口服溶液,western,5,5,0.93,本品为消化道促动力剂，主要用于功能性消化不良伴有胃灼热、嗳气、恶心、呕吐、早饱、上腹胀、上腹痛等消化道症状者。,消化系统用药 | 胃肠解痉药及胃动力药,治疗功能性胃肠疾病的药物 | 胃肠动力药,,,,https://www.yao86.com/%E8%A5%BF%E8%8D%AF/%E6%9E%B8%E6%A9%BC%E9%85%B8%E8%8E%AB%E6%B2%99%E5%BF%85%E5%88%A9%E5%8F%A3%E6%9C%8D%E6%BA%B6%E6%B6%B2,站点药理或 ATC 分类明确为胃肠消化用药
already_present,11061,木瓜酶肠溶片,western,3,3,0.94,适用于抗炎症和炎性水肿，对各种感染性炎症有治疗作用。,镇痛、解热、抗炎、抗风湿、抗痛风药 | 解热镇痛、抗炎、抗风湿药,其它治疗肌肉-骨骼系统疾病的药物 | 酶类,,,,https://www.yao86.com/%E8%A5%BF%E8%8D%AF/%E6%9C%A8%E7%93%9C%E9%85%B6%E8%82%A0%E6%BA%B6%E7%89%87,站点药理或 ATC 分类明确为镇痛/抗炎药
already_present,11062,木瓜酶肠溶胶囊,western,3,3,0.94,适用于抗炎症和炎性水肿，对各种感染性炎症有治疗作用。,镇痛、解热、抗炎、抗风湿、抗痛风药 | 解热镇痛、抗炎、抗风湿药,其它治疗肌肉-骨骼系统疾病的药物 | 酶类,,,,https://www.yao86.com/%E8%A5%BF%E8%8D%AF/%E6%9C%A8%E7%93%9C%E9%85%B6%E8%82%A0%E6%BA%B6%E8%83%B6%E5%9B%8A,站点药理或 ATC 分类明确为镇痛/抗炎药
review_missing_efficacy,,米托坦片,western,,,0.0,,,抗肿瘤药 | 其它抗肿瘤药物 | 其它抗肿瘤药,,,,https://www.yao86.com/%E8%A5%BF%E8%8D%AF/%E7%B1%B3%E6%89%98%E5%9D%A6%E7%89%87,站点分类无法可靠映射到项目现有类别
already_present,11063,人参鳖甲煎丸,tcm,5,5,0.93,活血化瘀，软坚散结。适用于胁下徵块。,理血剂 | 活血化瘀,消化系统与代谢药 | 肝、胆疾病治疗药 | 肝病治疗药,,,,https://www.yao86.com/%E4%B8%AD%E6%88%90%E8%8D%AF/%E4%BA%BA%E5%8F%82%E9%B3%96%E7%94%B2%E7%85%8E%E4%B8%B8,站点药理或 ATC 分类明确为胃肠消化用药
already_present,11064,荣发胶囊,tcm,13,13,0.9,滋补肝肾，养阴清热，益气养血。用于肝肾不足，气血亏虚，血热风燥引起的干性脂溢性脱发及斑秃。,补益剂 | 滋阴养血,皮肤病药物 | 其它治疗皮肤病药物,,,,https://www.yao86.com/%E4%B8%AD%E6%88%90%E8%8D%AF/%E8%8D%A3%E5%8F%91%E8%83%B6%E5%9B%8A,站点明确收录为中成药，未命中更具体项目类别
already_present,11065,乳香风湿气雾剂,tcm,9,9,0.94,驱风活血、消肿止痛。用于风湿痛，关节痛，腰腿痛及跌打损伤。,理血剂 | 疗伤止痛,肌肉-骨骼系统药物 | 抗炎和抗风湿药,,,,https://www.yao86.com/%E4%B8%AD%E6%88%90%E8%8D%AF/%E4%B9%B3%E9%A6%99%E9%A3%8E%E6%B9%BF%E6%B0%94%E9%9B%BE%E5%89%82,剂型或站点分类明确为局部外用药
already_present,11066,人参再造丸,tcm,12,12,0.95,益气养血，祛风化痰，活血通络。用于气虚血瘀、风痰阻络所致的中风，症见口眼歪斜、半身不遂、手足麻木、疼痛、拘挛、言语不清。,理血剂 | 益气活血,心脑血管与血液系统药物 | 脑血管疾病治疗药,,,,https://www.yao86.com/%E4%B8%AD%E6%88%90%E8%8D%AF/%E4%BA%BA%E5%8F%82%E5%86%8D%E9%80%A0%E4%B8%B8,站点药理或 ATC 分类明确为心脑血管用药
already_present,11067,人参再造丸(浓缩丸),tcm,13,13,0.9,祛风化痰，活血通络。用于中风口眼歪斜，半身不遂，手足麻木，疼痛，拘挛，言语不清。,理血剂 | 益气活血,,,,,https://www.yao86.com/%E4%B8%AD%E6%88%90%E8%8D%AF/%E4%BA%BA%E5%8F%82%E5%86%8D%E9%80%A0%E4%B8%B8%28%E6%B5%93%E7%BC%A9%E4%B8%B8%29,站点明确收录为中成药，未命中更具体项目类别
already_present,11068,人参天麻药酒,tcm,13,13,0.9,益气活血，舒筋止痛。用于各种关节痛，腰腿痛，四肢麻木。,理血剂 | 益气活血,肌肉-骨骼系统药物 | 关节和肌肉疼痛局部用药,,,,https://www.yao86.com/%E4%B8%AD%E6%88%90%E8%8D%AF/%E4%BA%BA%E5%8F%82%E5%A4%A9%E9%BA%BB%E8%8D%AF%E9%85%92,站点明确收录为中成药，未命中更具体项目类别
review_unclassified,,曲美替尼片,western,,,0.0,BRAF V600突变阳性不可切除或转移性黑色素瘤本品联合甲磺酸达拉非尼适用于治疗BRAF V600突变阳性的不可切除或转移性黑色素瘤患者。BRAF V600突变阳性黑色素瘤的术后辅助治疗本品联合甲磺酸达拉非尼适用于BRAF V600突变阳性的Ⅲ期黑色素瘤患者完全切除后的辅助治疗。,抗肿瘤药 | 抗肿瘤靶向药,抗肿瘤药 | 蛋白激酶抑制剂 | 丝裂原活化蛋白激酶(MEK)抑制剂,迈吉宁(MEKINIST),,,https://www.yao86.com/%E8%A5%BF%E8%8D%AF/%E6%9B%B2%E7%BE%8E%E6%9B%BF%E5%B0%BC%E7%89%87,站点分类无法可靠映射到项目现有类别
already_present,11069,硫酸庆大霉素氟米龙滴眼液,western,9,9,0.94,●对庆大霉素易感的细菌引起的眼前段细菌性感染(如细菌性结膜炎)。●眼前段炎症，有发生细菌性感染的危险(如眼科术后治疗)。,眼科用药 | 眼科抗感染药,眼科用药 | 抗炎药和抗感染药复方 | 复方中的皮质甾体激素类药和抗感染药,,,,https://www.yao86.com/%E8%A5%BF%E8%8D%AF/%E7%A1%AB%E9%85%B8%E5%BA%86%E5%A4%A7%E9%9C%89%E7%B4%A0%E6%B0%9F%E7%B1%B3%E9%BE%99%E6%BB%B4%E7%9C%BC%E6%B6%B2,剂型或站点分类明确为局部外用药
already_present,11070,庆大霉素双氯芬酸钠滴眼液,western,9,9,0.94,眼前段的炎症及预防眼部细菌性感染（如手术后，轻微创伤）。,眼科用药 | 眼科抗感染药,眼科用药 | 抗炎药和抗感染药复方 | 非甾体抗炎药和抗感染药复方,,,,https://www.yao86.com/%E8%A5%BF%E8%8D%AF/%E5%BA%86%E5%A4%A7%E9%9C%89%E7%B4%A0%E5%8F%8C%E6%B0%AF%E8%8A%AC%E9%85%B8%E9%92%A0%E6%BB%B4%E7%9C%BC%E6%B6%B2,剂型或站点分类明确为局部外用药
review_unclassified,,巯嘌呤片,western,,,0.0,适用于绒毛膜上皮癌，恶性葡萄胎，急性淋巴细胞白血病及急性非淋巴细胞白血病，慢性粒细胞白血病的急变期。,抗肿瘤药 | 抗代谢药,抗肿瘤药 | 代谢拮抗药 | 嘌呤同系物类,,,,https://www.yao86.com/%E8%A5%BF%E8%8D%AF/%E5%B7%AF%E5%98%8C%E5%91%A4%E7%89%87,站点分类无法可靠映射到项目现有类别
review_missing_efficacy,,氢氯噻嗪可乐定片,western,,12,0.95,抗高血压药,心血管系统用药 | 抗高血压药,抗高血压药 | 抗高血压药和利尿剂的复方 | 咪唑啉受体激动药与利尿剂复方,,,,https://www.yao86.com/%E8%A5%BF%E8%8D%AF/%E6%B0%A2%E6%B0%AF%E5%99%BB%E5%97%AA%E5%8F%AF%E4%B9%90%E5%AE%9A%E7%89%87,站点药理或 ATC 分类明确为心脑血管用药
already_present,11071,松石散,tcm,5,5,0.93,清热解毒，舒肝利胆。用于肝郁气滞血瘀及热性肝病。,清热剂 | 清热解毒,消化系统与代谢药 | 肝、胆疾病治疗药 | 肝病治疗药,,,,https://www.yao86.com/%E4%B8%AD%E6%88%90%E8%8D%AF/%E6%9D%BE%E7%9F%B3%E6%95%A3,站点药理或 ATC 分类明确为胃肠消化用药
already_present,11072,浓缩水牛角片,tcm,13,13,0.9,清热解毒，凉血，定惊。用于温病高热，神昏谵语，发斑发疹，吐血，衄血，惊风，癫狂。,清热剂 | 清热解毒,呼吸系统药物 | 清热解毒药物,,,,https://www.yao86.com/%E4%B8%AD%E6%88%90%E8%8D%AF/%E6%B5%93%E7%BC%A9%E6%B0%B4%E7%89%9B%E8%A7%92%E7%89%87,站点明确收录为中成药，未命中更具体项目类别
already_present,11073,水牛角浓缩粉,tcm,13,13,0.9,清热解毒，凉血，定惊。用于温病高热，神昏谵语，发斑发疹，吐血衄血，惊风，癫狂。,清热剂 | 清热解毒,呼吸系统药物 | 清热解毒药物,,,,https://www.yao86.com/%E4%B8%AD%E6%88%90%E8%8D%AF/%E6%B0%B4%E7%89%9B%E8%A7%92%E6%B5%93%E7%BC%A9%E7%B2%89,站点明确收录为中成药，未命中更具体项目类别
already_present,11074,浓缩水牛角颗粒,tcm,13,13,0.9,清热解毒，凉血，定惊。用于温病高热，神昏谵语，发斑发疹，叶血，衄血，惊风，癫狂。,清热剂 | 清热解毒,呼吸系统药物 | 清热解毒药物,,,,https://www.yao86.com/%E4%B8%AD%E6%88%90%E8%8D%AF/%E6%B5%93%E7%BC%A9%E6%B0%B4%E7%89%9B%E8%A7%92%E9%A2%97%E7%B2%92,站点明确收录为中成药，未命中更具体项目类别
already_present,11075,山莨菪麝香膏,tcm,13,13,0.9,活血镇痛，祛风除湿。用于风湿痹痛，关节炎、类风湿关节炎，跌打损伤等症的疼痛。,局部用止痛剂,呼吸系统药物 | 咽喉疾病治疗药,,,,https://www.yao86.com/%E4%B8%AD%E6%88%90%E8%8D%AF/%E5%B1%B1%E8%8E%A8%E8%8F%AA%E9%BA%9D%E9%A6%99%E8%86%8F,站点明确收录为中成药，未命中更具体项目类别
already_present,11076,散寒解热口服液,tcm,1,1,0.95,散寒解表，宣肺止咳。用于感冒风寒证，症见恶寒重，发热轻，无汗头痛，肢体酸楚，鼻塞声重，时流清涕，喉痒咳嗽，项强；急性上呼吸道感染见上述症状者。,止咳平喘剂 | 止咳,呼吸系统药物 | 咳嗽和感冒用药,,,,https://www.yao86.com/%E4%B8%AD%E6%88%90%E8%8D%AF/%E6%95%A3%E5%AF%92%E8%A7%A3%E7%83%AD%E5%8F%A3%E6%9C%8D%E6%B6%B2,站点药理分类明确为止咳或祛痰药
already_present,11077,升阳十一味丸(那仁满都拉),tcm,13,13,0.9,温肾，利水，消食，燥“协日乌素”。用于胃寒，消化不良，肾寒腰痛，寒性腹泻。,温里剂 | 其它,,,,,https://www.yao86.com/%E4%B8%AD%E6%88%90%E8%8D%AF/%E5%8D%87%E9%98%B3%E5%8D%81%E4%B8%80%E5%91%B3%E4%B8%B8%28%E9%82%A3%E4%BB%81%E6%BB%A1%E9%83%BD%E6%8B%89%29,站点明确收录为中成药，未命中更具体项目类别
already_present,11078,升阳十一味丸,tcm,13,13,0.9,温肾，利水，消食，燥“协日乌素”。用于胃寒，消化不良，肾寒腰痛，寒性腹泻。,温里剂 | 其它,生殖泌尿系统药物 | 泌尿系统药物 | 补肾药物（勃起机能障碍用药）,,,,https://www.yao86.com/%E4%B8%AD%E6%88%90%E8%8D%AF/%E5%8D%87%E9%98%B3%E5%8D%81%E4%B8%80%E5%91%B3%E4%B8%B8,站点明确收录为中成药，未命中更具体项目类别
already_present,11079,双龙风湿跌打膏,tcm,3,3,0.94,镇痛，消肿，去瘀。用于跌打挫伤红肿，积瘀疼痛，关节痛，风湿骨痛。,理血剂 | 疗伤止痛,肌肉-骨骼系统药物 | 抗炎和抗风湿药,,,,https://www.yao86.com/%E4%B8%AD%E6%88%90%E8%8D%AF/%E5%8F%8C%E9%BE%99%E9%A3%8E%E6%B9%BF%E8%B7%8C%E6%89%93%E8%86%8F,站点药理或 ATC 分类明确为镇痛/抗炎药
already_present,11080,时疫清瘟丸,tcm,13,13,0.9,清热透表，散瘟解毒。用于外感时疫瘟引起的头痛身痛，恶寒发热，四肢倦怠，喉痛咽干，痄腮红肿。,清热剂 | 清热解毒,呼吸系统药物 | 清热解毒药物,,,,https://www.yao86.com/%E4%B8%AD%E6%88%90%E8%8D%AF/%E6%97%B6%E7%96%AB%E6%B8%85%E7%98%9F%E4%B8%B8,站点明确收录为中成药，未命中更具体项目类别
already_present,11081,麝雄至宝丸,tcm,3,3,0.94,祛暑辟秽，和中止痛。用于中暑中寒，水土不服，寒温失调，呕吐腹痛，绞肠霍乱，院腹胀闷。,祛暑剂 | 祛暑辟秽,神经系统药物 | 镇痛药 | 解热镇痛药,,,,https://www.yao86.com/%E4%B8%AD%E6%88%90%E8%8D%AF/%E9%BA%9D%E9%9B%84%E8%87%B3%E5%AE%9D%E4%B8%B8,站点药理或 ATC 分类明确为镇痛/抗炎药
already_present,11082,暑症片,tcm,3,3,0.94,祛寒辟瘟，化浊开窍。用于夏令中恶昏厥，牙关紧闭，腹痛吐泻，四肢发麻。,祛暑剂 | 祛暑散寒,神经系统药物 | 镇痛药 | 解热镇痛药,,,,https://www.yao86.com/%E4%B8%AD%E6%88%90%E8%8D%AF/%E6%9A%91%E7%97%87%E7%89%87,站点药理或 ATC 分类明确为镇痛/抗炎药
already_present,11083,双歧杆菌活菌胶囊,western,5,5,0.96,用于肠道菌群失调引起的肠功能紊乱，如急、慢性腹泻、便秘等。,消化系统用药 | 微生态制剂,止泻药、肠道抗炎、抗感染药 | 止泻的微生物,丽珠肠乐,,丽珠肠乐（多药共用）,https://www.yao86.com/%E8%A5%BF%E8%8D%AF/%E5%8F%8C%E6%AD%A7%E6%9D%86%E8%8F%8C%E6%B4%BB%E8%8F%8C%E8%83%B6%E5%9B%8A,站点分类明确为止泻或肠道吸附药
already_present,11084,双歧杆菌活菌散,western,5,5,0.96,用于肠菌群失调引起的肠功能紊乱，如急、慢性腹泻、便秘等。,消化系统用药 | 微生态制剂,止泻药、肠道抗炎、抗感染药 | 止泻的微生物,丽珠肠乐,,丽珠肠乐（多药共用）,https://www.yao86.com/%E8%A5%BF%E8%8D%AF/%E5%8F%8C%E6%AD%A7%E6%9D%86%E8%8F%8C%E6%B4%BB%E8%8F%8C%E6%95%A3,站点分类明确为止泻或肠道吸附药
review_unclassified,,三维樟柳碱膜,western,,,0.0,扁平苔癣，白斑和盘状狼疮的口腔损害,耳鼻喉科用药 | 咽喉、口腔疾病用药,口腔疾病药物 | 口腔局部治疗用其它药物,,,,https://www.yao86.com/%E8%A5%BF%E8%8D%AF/%E4%B8%89%E7%BB%B4%E6%A8%9F%E6%9F%B3%E7%A2%B1%E8%86%9C,站点分类无法可靠映射到项目现有类别
review_unclassified,,司坦唑醇片,western,,,0.0,(1)遗传性血管神经性水肿的预防和治疗；(2)严重创伤，慢性感染、营养不良等消耗性疾病。,激素及影响内分泌药 | 雄激素及同化激素,系统用蛋白同化药物 | 同化甾体激素类 | 雄甾烷衍生物,,,,https://www.yao86.com/%E8%A5%BF%E8%8D%AF/%E5%8F%B8%E5%9D%A6%E5%94%91%E9%86%87%E7%89%87,站点分类无法可靠映射到项目现有类别
already_present,11085,盐酸四环素醋酸可的松眼膏,western,9,9,0.94,临床用于结膜炎、沙眼等眼病。对过敏性眼炎及术后的虹膜炎有显效。,眼科用药 | 其他眼科用药,眼科用药 | 抗感染药 | 抗生素类,,,,https://www.yao86.com/%E8%A5%BF%E8%8D%AF/%E7%9B%90%E9%85%B8%E5%9B%9B%E7%8E%AF%E7%B4%A0%E9%86%8B%E9%85%B8%E5%8F%AF%E7%9A%84%E6%9D%BE%E7%9C%BC%E8%86%8F,剂型或站点分类明确为局部外用药
already_present,11086,双歧杆菌四联活菌片,western,5,5,0.96,本品用于治疗与肠道菌群失调相关的腹泻、便秘、功能性消化不良。,消化系统用药 | 微生态制剂,止泻药、肠道抗炎、抗感染药 | 止泻的微生物,思连康,,,https://www.yao86.com/%E8%A5%BF%E8%8D%AF/%E5%8F%8C%E6%AD%A7%E6%9D%86%E8%8F%8C%E5%9B%9B%E8%81%94%E6%B4%BB%E8%8F%8C%E7%89%87,站点分类明确为止泻或肠道吸附药
already_present,11087,舍雷肽酶肠溶片,western,1,1,0.95,1．缓解由手术、外伤、慢性副鼻窦炎、乳汁淤积等所引起的肿胀。2．治疗由支气管炎、肺炎、支气管哮喘、支气管扩张等所引起的痰液粘稠、咯痰困难。3．也可用于麻醉术后的痰液粘稠、咯痰困难。,呼吸系统用药 | 祛痰药,咳嗽和感冒用药 | 祛痰药，与止咳药的复方除外 | 粘液溶解药,,,,https://www.yao86.com/%E8%A5%BF%E8%8D%AF/%E8%88%8D%E9%9B%B7%E8%82%BD%E9%85%B6%E8%82%A0%E6%BA%B6%E7%89%87,站点药理分类明确为止咳或祛痰药
review_missing_efficacy,,中性蛋白酶片,western,,,0.0,,,阻塞性气管疾病用药 | 其它阻塞性气管病系统用药,,,,https://www.yao86.com/%E8%A5%BF%E8%8D%AF/%E4%B8%AD%E6%80%A7%E8%9B%8B%E7%99%BD%E9%85%B6%E7%89%87,站点分类无法可靠映射到项目现有类别
review_missing_efficacy,,舍雷肽酶片,western,,1,0.95,,,咳嗽和感冒用药 | 祛痰药，与止咳药的复方除外 | 祛痰药,,,,https://www.yao86.com/%E8%A5%BF%E8%8D%AF/%E8%88%8D%E9%9B%B7%E8%82%BD%E9%85%B6%E7%89%87,站点药理分类明确为止咳或祛痰药
review_unclassified,,十一酸睾酮软胶囊,western,,,0.0,男性：通过临床特征和生化试验确认为睾酮缺乏症时，原发性或继发性性腺功能低下的睾酮补充疗法，例如：·睾丸切除后；·无睾症；·垂体功能低下；·内分泌性阳萎；·由于精子生成障碍所引起的不育症；·男性更年期症状，例如：性欲减退，脑力和体力下降等。女性：男性性别转换：·使女性男性化。,激素及影响内分泌药 | 雄激素及同化激素,性激素和生殖系统调节药 | 雄激素类 | 3-氧代雄甾-4-烯衍生物类,安特尔 Andriol Testocaps,,,https://www.yao86.com/%E8%A5%BF%E8%8D%AF/%E5%8D%81%E4%B8%80%E9%85%B8%E7%9D%BE%E9%85%AE%E8%BD%AF%E8%83%B6%E5%9B%8A,站点分类无法可靠映射到项目现有类别
review_missing_efficacy,,十一酸睾酮胶丸,western,,,0.0,,,性激素和生殖系统调节药 | 雄激素类 | 3-氧代雄甾-4-烯衍生物类,,,,https://www.yao86.com/%E8%A5%BF%E8%8D%AF/%E5%8D%81%E4%B8%80%E9%85%B8%E7%9D%BE%E9%85%AE%E8%83%B6%E4%B8%B8,站点分类无法可靠映射到项目现有类别
already_present,11088,双氯芬酸含漱液,western,3,3,0.94,口咽部伴有疼痛的刺激性炎症的对症治疗(例如：牙龈炎、口腔炎、咽炎)，也作为传统牙科治疗或拔牙的后续治疗。,镇痛、解热、抗炎、抗风湿、抗痛风药 | 解热镇痛、抗炎、抗风湿药,口腔疾病药物 | 口腔局部治疗用其它药物,,,,https://www.yao86.com/%E8%A5%BF%E8%8D%AF/%E5%8F%8C%E6%B0%AF%E8%8A%AC%E9%85%B8%E5%90%AB%E6%BC%B1%E6%B6%B2,站点药理或 ATC 分类明确为镇痛/抗炎药
reclassified_existing,11089,双氯芬酸钠肠溶胶囊,western,3,14,0.96,1、急慢性风湿性或类风湿性关节炎、急慢性关节炎、急慢性强直性脊椎炎。2、肩周炎、滑囊炎、肌腱炎及腱鞘炎。3、腰背痛、扭伤、劳损及其它软组织损伤。4、急性痛风。5、痛经、牙痛和术后疼痛。,镇痛、解热、抗炎、抗风湿、抗痛风药 | 解热镇痛、抗炎、抗风湿药,抗炎和抗风湿药 | 非甾体抗炎药和抗风湿药 | 乙酸衍生物与其相关药物,,,,https://www.yao86.com/%E8%A5%BF%E8%8D%AF/%E5%8F%8C%E6%B0%AF%E8%8A%AC%E9%85%B8%E9%92%A0%E8%82%A0%E6%BA%B6%E8%83%B6%E5%9B%8A,站点药理或 ATC 分类明确为妇科用药
already_present,11090,双氯芬酸钠气雾剂,western,9,9,0.94,用于缓解肌肉、软组织和关节的轻至中度疼痛。如缓解肌肉、软组织的扭伤、拉伤、挫伤、劳损、腰背部损伤引起的疼痛以及关节疼痛等。也可用于骨关节炎的对症治疗。,镇痛、解热、抗炎、抗风湿、抗痛风药 | 解热镇痛、抗炎、抗风湿药,关节和肌肉疼痛局部用药 | 局部用非甾体消抗炎药,,,,https://www.yao86.com/%E8%A5%BF%E8%8D%AF/%E5%8F%8C%E6%B0%AF%E8%8A%AC%E9%85%B8%E9%92%A0%E6%B0%94%E9%9B%BE%E5%89%82,剂型或站点分类明确为局部外用药
already_present,11091,双氯芬酸钠贴,western,3,3,0.94,用于缓解各种肌肉、软组织和关节的中度疼痛。如：缓解由肌肉、软组织的扭伤、拉伤、挫伤、劳损、腰背部损伤等引起的疼痛以及各种关节疼痛等。,镇痛、解热、抗炎、抗风湿、抗痛风药 | 解热镇痛、抗炎、抗风湿药,关节和肌肉疼痛局部用药 | 局部用非甾体消抗炎药,来比新,,,https://www.yao86.com/%E8%A5%BF%E8%8D%AF/%E5%8F%8C%E6%B0%AF%E8%8A%AC%E9%85%B8%E9%92%A0%E8%B4%B4,站点药理或 ATC 分类明确为镇痛/抗炎药
already_present,11092,双氯芬酸钠缓释片,western,3,3,0.94,用于风湿性或类风湿关节炎、骨关节炎、强直性脊椎炎、慢性腰腿痛以及软组织损伤等。,镇痛、解热、抗炎、抗风湿、抗痛风药 | 解热镇痛、抗炎、抗风湿药,抗炎和抗风湿药 | 非甾体抗炎药和抗风湿药 | 乙酸衍生物与其相关药物,,,,https://www.yao86.com/%E8%A5%BF%E8%8D%AF/%E5%8F%8C%E6%B0%AF%E8%8A%AC%E9%85%B8%E9%92%A0%E7%BC%93%E9%87%8A%E7%89%87,站点药理或 ATC 分类明确为镇痛/抗炎药
already_present,11093,双氯芬酸钠滴眼液,western,9,9,0.94,用于治疗葡萄膜炎、角膜炎、巩膜炎，抑制角膜新生血管的形成，治疗眼内手术后、激光滤帘成形术后或各种眼部损伤的炎症反应，抑制白内障手术中缩瞳反应；用于准分子激光角膜切削术后止痛及消炎；春季结膜炎、季节过敏性结膜炎等过敏性眼病，预防和治疗白内障及人工晶体术后炎症及黄斑囊样水肿，以及青光眼滤过术后促进滤过泡形成等。,眼科用药 | 其他眼科用药,眼科用药 | 抗炎药 | 非甾体抗炎药,,,,https://www.yao86.com/%E8%A5%BF%E8%8D%AF/%E5%8F%8C%E6%B0%AF%E8%8A%AC%E9%85%B8%E9%92%A0%E6%BB%B4%E7%9C%BC%E6%B6%B2,剂型或站点分类明确为局部外用药
already_present,11094,双氯芬酸钠凝胶,western,9,9,0.94,用于缓解肌肉、软组织和关节的轻至中度疼痛。如缓解肌肉、软组织的扭伤、拉伤、挫伤、劳损、腰背部损伤引起的疼痛以及关节疼痛等。也可用于骨关节炎的对症治疗。,镇痛、解热、抗炎、抗风湿、抗痛风药 | 解热镇痛、抗炎、抗风湿药,抗炎和抗风湿药 | 非甾体抗炎药和抗风湿药 | 乙酸衍生物与其相关药物,芬那克,,,https://www.yao86.com/%E8%A5%BF%E8%8D%AF/%E5%8F%8C%E6%B0%AF%E8%8A%AC%E9%85%B8%E9%92%A0%E5%87%9D%E8%83%B6,剂型或站点分类明确为局部外用药
already_present,1547,双氯芬酸钠肠溶片,western,3,3,0.96,用于：①缓解类风湿关节炎、骨关节炎、脊柱关节病、痛风性关节炎、风湿性关节炎等各种关节炎的关节肿痛症状；②治疗非关节性的各种软组织风湿性疼痛，如肩痛、腱鞘炎、滑囊炎、肌痛及运动后损伤性疼痛等；③急性的轻、中度疼痛如：手术后、创伤后、劳损后、痛经、牙痛、头痛等；④对成人和儿童的发热有解热作用。,镇痛、解热、抗炎、抗风湿、抗痛风药 | 解热镇痛、抗炎、抗风湿药,抗炎和抗风湿药 | 非甾体抗炎药和抗风湿药 | 乙酸衍生物与其相关药物,,,,https://www.yao86.com/%E8%A5%BF%E8%8D%AF/%E5%8F%8C%E6%B0%AF%E8%8A%AC%E9%85%B8%E9%92%A0%E8%82%A0%E6%BA%B6%E7%89%87,保留数据库现有分类；站点药理或 ATC 分类明确为妇科用药
already_present,42,双氯芬酸钠缓释胶囊,western,3,3,0.96,用于：①缓解类风湿关节炎、骨关节炎。脊柱关节病、痛风性关节炎、风湿性关节炎等各种慢性关节的急性发作期或持续性的关节肿痛症状；②各种软组织风湿性疼痛，如肩痛、腱鞘炎、滑囊炎肌痛及运动后损伤性疼痛等；③急性的轻、中度疼痛如：手术、创伤、劳损后等的疼痛，原发性痛经，牙痛，头痛等。,镇痛、解热、抗炎、抗风湿、抗痛风药 | 解热镇痛、抗炎、抗风湿药,抗炎和抗风湿药 | 非甾体抗炎药和抗风湿药 | 乙酸衍生物与其相关药物,,,,https://www.yao86.com/%E8%A5%BF%E8%8D%AF/%E5%8F%8C%E6%B0%AF%E8%8A%AC%E9%85%B8%E9%92%A0%E7%BC%93%E9%87%8A%E8%83%B6%E5%9B%8A,保留数据库现有分类；站点药理或 ATC 分类明确为妇科用药
reclassified_existing,11095,双氯芬酸钠肠溶缓释胶囊,western,3,14,0.96,(1)急慢性风湿性或类风湿性关节炎，急慢性关节炎、急慢性强直性脊椎炎。(2)肩周炎、滑囊炎、肌腱炎及腱鞘炎。(3)腰背痛、扭伤、劳损及其它软组织损伤。(4)急性痛风。(5)痛经、牙痛和术后疼痛。,镇痛、解热、抗炎、抗风湿、抗痛风药 | 解热镇痛、抗炎、抗风湿药,抗炎和抗风湿药 | 非甾体抗炎药和抗风湿药 | 乙酸衍生物与其相关药物,诺福丁,,,https://www.yao86.com/%E8%A5%BF%E8%8D%AF/%E5%8F%8C%E6%B0%AF%E8%8A%AC%E9%85%B8%E9%92%A0%E8%82%A0%E6%BA%B6%E7%BC%93%E9%87%8A%E8%83%B6%E5%9B%8A,站点药理或 ATC 分类明确为妇科用药
already_present,11096,双氯芬酸钠乳膏,western,9,9,0.94,用于缓解肌肉、软组织和关节的轻至中度疼痛。如缓解肌肉、软组织的扭伤、拉伤、挫伤、劳损、腰背部损伤引起的疼痛以及关节疼痛等。也可用于骨关节炎的对症治疗。,镇痛、解热、抗炎、抗风湿、抗痛风药 | 解热镇痛、抗炎、抗风湿药,关节和肌肉疼痛局部用药 | 局部用非甾体消抗炎药,,,,https://www.yao86.com/%E8%A5%BF%E8%8D%AF/%E5%8F%8C%E6%B0%AF%E8%8A%AC%E9%85%B8%E9%92%A0%E4%B9%B3%E8%86%8F,剂型或站点分类明确为局部外用药
reclassified_existing,11097,双氯芬酸钠缓释片(Ⅳ),western,3,14,0.96,1、急慢性风湿性关节炎、急慢性关节炎、急慢性强直性脊椎炎、骨关节炎。2、肩周炎、滑囊炎、肌腱炎及腱鞘炎。3、腰背痛、扭伤、劳损及其他软组织损伤。4、急性痛风。5、痛经或附件炎、牙痛和术后疼痛。6、创伤后的疼痛与炎症，如扭伤、肌肉拉伤等。7、耳鼻喉严重的感染性疼痛和炎症(如扁桃体炎、耳炎、鼻窦炎等)，应同时使用抗感染药物。,镇痛、解热、抗炎、抗风湿、抗痛风药 | 解热镇痛、抗炎、抗风湿药,抗炎和抗风湿药 | 非甾体抗炎药和抗风湿药 | 乙酸衍生物与其相关药物,迪克乐克,,,https://www.yao86.com/%E8%A5%BF%E8%8D%AF/%E5%8F%8C%E6%B0%AF%E8%8A%AC%E9%85%B8%E9%92%A0%E7%BC%93%E9%87%8A%E7%89%87%28%E2%85%A3%29,站点药理或 ATC 分类明确为妇科用药
already_present,11098,双氯芬酸钠喷雾剂,western,9,9,0.94,用于复发性口腔溃疡及扁桃体切除术后局部止痛。,镇痛、解热、抗炎、抗风湿、抗痛风药 | 解热镇痛、抗炎、抗风湿药,关节和肌肉疼痛局部用药 | 局部用非甾体消抗炎药,,,,https://www.yao86.com/%E8%A5%BF%E8%8D%AF/%E5%8F%8C%E6%B0%AF%E8%8A%AC%E9%85%B8%E9%92%A0%E5%96%B7%E9%9B%BE%E5%89%82,剂型或站点分类明确为局部外用药
reclassified_existing,11099,双氯芬酸钠缓释胶囊(Ⅰ),western,3,14,0.96,用于：①缓解类风湿关节炎、骨关节炎、脊柱关节病、痛风性关节炎、风湿性关节炎等各种慢性关节炎的急性发作期或持续性的关节肿痛症状；②各种软组织风湿性疼痛，如肩痛、腱鞘炎、滑囊炎肌痛及运动后损伤性疼痛等；③急性的轻、中度疼痛如：手术、创伤、劳损后等的疼痛，原发性痛经，牙痛，头痛等。,镇痛、解热、抗炎、抗风湿、抗痛风药 | 解热镇痛、抗炎、抗风湿药,抗炎和抗风湿药 | 非甾体抗炎药和抗风湿药 | 乙酸衍生物与其相关药物,,,,https://www.yao86.com/%E8%A5%BF%E8%8D%AF/%E5%8F%8C%E6%B0%AF%E8%8A%AC%E9%85%B8%E9%92%A0%E7%BC%93%E9%87%8A%E8%83%B6%E5%9B%8A%28%E2%85%A0%29,站点药理或 ATC 分类明确为妇科用药
already_present,11100,双氯芬酸钠栓(Ⅱ),western,3,3,0.94,消炎镇痛类药。用于类风湿性关节炎，手术后疼痛及各种原因所致的发热。,镇痛、解热、抗炎、抗风湿、抗痛风药 | 解热镇痛、抗炎、抗风湿药,抗炎和抗风湿药 | 非甾体抗炎药和抗风湿药 | 乙酸衍生物与其相关药物,同杜叮,,,https://www.yao86.com/%E8%A5%BF%E8%8D%AF/%E5%8F%8C%E6%B0%AF%E8%8A%AC%E9%85%B8%E9%92%A0%E6%A0%93%28%E2%85%A1%29,站点药理或 ATC 分类明确为镇痛/抗炎药
already_present,11101,双氯芬酸钠栓,western,3,3,0.94,消炎镇痛类药。用于类风湿性关节炎，手术后疼痛及各种原因所致的发热。,镇痛、解热、抗炎、抗风湿、抗痛风药 | 解热镇痛、抗炎、抗风湿药,抗炎和抗风湿药 | 非甾体抗炎药和抗风湿药 | 乙酸衍生物与其相关药物,,,,https://www.yao86.com/%E8%A5%BF%E8%8D%AF/%E5%8F%8C%E6%B0%AF%E8%8A%AC%E9%85%B8%E9%92%A0%E6%A0%93,站点药理或 ATC 分类明确为镇痛/抗炎药
reclassified_existing,11102,双氯芬酸钠缓释胶囊（Ⅲ）,western,3,14,0.96,适用于：①缓解类风湿关节炎、骨关节炎、脊柱关节病、痛风性关节炎、风湿性关节炎等各种慢性关节炎的急性发作期或持续性的关节肿痛症状；②各种软组织风湿性疼痛，如肩痛、腱鞘炎、滑囊炎肌痛及运动后损伤性疼痛等；③急性的轻、中度疼痛如：手术、创伤、劳损后等的疼痛，原发性痛经，牙痛，头痛等。,镇痛、解热、抗炎、抗风湿、抗痛风药 | 解热镇痛、抗炎、抗风湿药,抗炎和抗风湿药 | 非甾体抗炎药和抗风湿药 | 乙酸衍生物与其相关药物,迪弗纳,,,https://www.yao86.com/%E8%A5%BF%E8%8D%AF/%E5%8F%8C%E6%B0%AF%E8%8A%AC%E9%85%B8%E9%92%A0%E7%BC%93%E9%87%8A%E8%83%B6%E5%9B%8A%EF%BC%88%E2%85%A2%EF%BC%89,站点药理或 ATC 分类明确为妇科用药
reclassified_existing,11103,双氯芬酸钠缓释片(Ⅰ),western,3,14,0.96,1.急慢性风湿性、急慢性关节炎、急慢性强直性脊椎炎、骨关节炎。2.肩周炎、滑囊炎、肌腱炎及腱鞘炎。3.腰背痛、扭伤、劳损及其他软组织损伤。4.急性痛风。5.痛经或附件炎、牙痛和术后疼痛。6.创伤后的疼痛与炎症，如扭伤、肌肉拉伤等；7.耳鼻喉严重的感染性疼痛和炎症(如扁桃体炎、耳炎、鼻窦炎等)，应同时使用抗感染药物。,镇痛、解热、抗炎、抗风湿、抗痛风药 | 解热镇痛、抗炎、抗风湿药,抗炎和抗风湿药 | 非甾体抗炎药和抗风湿药 | 乙酸衍生物与其相关药物,,,,https://www.yao86.com/%E8%A5%BF%E8%8D%AF/%E5%8F%8C%E6%B0%AF%E8%8A%AC%E9%85%B8%E9%92%A0%E7%BC%93%E9%87%8A%E7%89%87%28%E2%85%A0%29,站点药理或 ATC 分类明确为妇科用药
reclassified_existing,11104,双氯芬酸钠双释放肠溶胶囊,western,3,14,0.96,急性关节炎症和痛风发作、慢性关节炎症、类风湿关节炎，强直性脊柱关节炎和脊柱的其他炎性风湿性疾病、与关节和脊柱的退行性疾病有关的疼痛、软组织风湿病、创伤或手术后的肿痛或炎症，治疗痛经和由整形、牙科手术或其他外科小手术引起的术后痛和炎症。,镇痛、解热、抗炎、抗风湿、抗痛风药 | 解热镇痛、抗炎、抗风湿药,抗炎和抗风湿药 | 非甾体抗炎药和抗风湿药 | 乙酸衍生物与其相关药物,,,,https://www.yao86.com/%E8%A5%BF%E8%8D%AF/%E5%8F%8C%E6%B0%AF%E8%8A%AC%E9%85%B8%E9%92%A0%E5%8F%8C%E9%87%8A%E6%94%BE%E8%82%A0%E6%BA%B6%E8%83%B6%E5%9B%8A,站点药理或 ATC 分类明确为妇科用药
reclassified_existing,11105,双氯芬酸钠缓释片(Ⅴ),western,3,14,0.96,1、急慢性风湿性、急慢性关节炎、急慢性强直性脊椎炎、骨关节炎。2、肩周炎、滑囊炎、肌腱炎及腱鞘炎。3、腰背痛、扭伤、劳损及其他软组织损伤。4、急性痛风。5、痛经或附件炎、牙痛和术后疼痛。6、创伤后的疼痛与炎症，如扭伤、肌肉拉伤等。7、耳鼻喉严重的感染性疼痛和炎症(如扁桃体炎、耳炎、鼻窦炎等)，应同时使用抗感染药物。,镇痛、解热、抗炎、抗风湿、抗痛风药 | 解热镇痛、抗炎、抗风湿药,抗炎和抗风湿药 | 非甾体抗炎药和抗风湿药 | 乙酸衍生物与其相关药物,天新利德,,,https://www.yao86.com/%E8%A5%BF%E8%8D%AF/%E5%8F%8C%E6%B0%AF%E8%8A%AC%E9%85%B8%E9%92%A0%E7%BC%93%E9%87%8A%E7%89%87%28%E2%85%A4%29,站点药理或 ATC 分类明确为妇科用药
reclassified_existing,11106,双氯芬酸钠片,western,3,14,0.96,1.急慢性风湿性关节炎、急慢性强直性脊椎炎、骨关节炎。2.肩周炎、滑囊炎、肌腱炎及腱鞘炎。3.腰背痛、扭伤、劳损及其他软组织损伤。4.急性痛风。5.痛经或子宫附件炎、牙痛和术后疼痛。6.创伤后的疼痛与炎症，如扭伤、肌肉拉伤等。7.耳鼻喉严重的感染性疼痛和炎症（如扁桃体炎、耳炎、鼻窦炎等），应同时使用抗感染药物。,镇痛、解热、抗炎、抗风湿、抗痛风药 | 解热镇痛、抗炎、抗风湿药,抗炎和抗风湿药 | 非甾体抗炎药和抗风湿药 | 乙酸衍生物与其相关药物,,,,https://www.yao86.com/%E8%A5%BF%E8%8D%AF/%E5%8F%8C%E6%B0%AF%E8%8A%AC%E9%85%B8%E9%92%A0%E7%89%87,站点药理或 ATC 分类明确为妇科用药
already_present,11107,双氯芬酸钠搽剂,western,9,9,0.94,用于缓解局部的疼痛及炎症。1．软组织损伤如扭伤、劳损、腰背痛等以及肩周炎、肌腱炎等。2．类风湿性关节炎及骨关节炎。,镇痛、解热、抗炎、抗风湿、抗痛风药 | 镇痛药,关节和肌肉疼痛局部用药 | 局部用非甾体消抗炎药,瑞培恩,,,https://www.yao86.com/%E8%A5%BF%E8%8D%AF/%E5%8F%8C%E6%B0%AF%E8%8A%AC%E9%85%B8%E9%92%A0%E6%90%BD%E5%89%82,剂型或站点分类明确为局部外用药
review_missing_efficacy,,双氯芬酸钠小丸,western,,,0.0,,,,,,,https://www.yao86.com/%E8%A5%BF%E8%8D%AF/%E5%8F%8C%E6%B0%AF%E8%8A%AC%E9%85%B8%E9%92%A0%E5%B0%8F%E4%B8%B8,站点分类无法可靠映射到项目现有类别
review_missing_efficacy,,双氯芬酸钠米索前列醇片,western,,3,0.94,,,抗炎和抗风湿药 | 非甾体抗炎药和抗风湿药 | 乙酸衍生物与其相关药物,,,,https://www.yao86.com/%E8%A5%BF%E8%8D%AF/%E5%8F%8C%E6%B0%AF%E8%8A%AC%E9%85%B8%E9%92%A0%E7%B1%B3%E7%B4%A2%E5%89%8D%E5%88%97%E9%86%87%E7%89%87,站点药理或 ATC 分类明确为镇痛/抗炎药
review_missing_efficacy,,双氯芬酸钠缓释小丸(制剂中间体),western,,,0.0,,,,,,,https://www.yao86.com/%E8%A5%BF%E8%8D%AF/%E5%8F%8C%E6%B0%AF%E8%8A%AC%E9%85%B8%E9%92%A0%E7%BC%93%E9%87%8A%E5%B0%8F%E4%B8%B8%28%E5%88%B6%E5%89%82%E4%B8%AD%E9%97%B4%E4%BD%93%29,站点分类无法可靠映射到项目现有类别
review_missing_efficacy,,双氯芬酸钠含片,western,,,0.0,,,口腔疾病药物 | 口腔局部治疗用其它药物,,,,https://www.yao86.com/%E8%A5%BF%E8%8D%AF/%E5%8F%8C%E6%B0%AF%E8%8A%AC%E9%85%B8%E9%92%A0%E5%90%AB%E7%89%87,站点分类无法可靠映射到项目现有类别
already_present,11108,三味止咳片,tcm,1,1,0.95,镇咳，祛痰，平喘。用于急、慢性支气管炎等呼吸系统疾病。,止咳平喘剂 | 止咳平喘,呼吸系统药物 | 咳嗽和感冒用药,,,,https://www.yao86.com/%E4%B8%AD%E6%88%90%E8%8D%AF/%E4%B8%89%E5%91%B3%E6%AD%A2%E5%92%B3%E7%89%87,站点药理分类明确为止咳或祛痰药
already_present,11109,锁阳固精丸,tcm,13,13,0.9,温肾固精。用于肾阳不足所致的腰膝酸软、头晕耳鸣、遗精早泄。,固涩剂 | 涩精止遗,生殖泌尿系统药物 | 泌尿系统药物 | 补肾药物（勃起机能障碍用药）,,,,https://www.yao86.com/%E4%B8%AD%E6%88%90%E8%8D%AF/%E9%94%81%E9%98%B3%E5%9B%BA%E7%B2%BE%E4%B8%B8,站点明确收录为中成药，未命中更具体项目类别
already_present,11110,参茸强肾片,tcm,13,13,0.9,补肾壮阳，填精益髓。用于肾阳不足，精血亏损而致的肢倦神疲，眩晕健忘，阳痿早泄，不育不孕，腰膝冷痛等症。,补益剂 | 补阳,生殖泌尿系统药物 | 泌尿系统药物 | 补肾药物（勃起机能障碍用药）,,,,https://www.yao86.com/%E4%B8%AD%E6%88%90%E8%8D%AF/%E5%8F%82%E8%8C%B8%E5%BC%BA%E8%82%BE%E7%89%87,站点明确收录为中成药，未命中更具体项目类别
already_present,11111,三味甘露散,tcm,13,13,0.9,制酸，接骨。用于骨折及“培根木布”引起的胃酸过多等。,制酸止痛解痉剂,肌肉-骨骼系统药物 | 关节和肌肉疼痛局部用药,,,,https://www.yao86.com/%E4%B8%AD%E6%88%90%E8%8D%AF/%E4%B8%89%E5%91%B3%E7%94%98%E9%9C%B2%E6%95%A3,站点明确收录为中成药，未命中更具体项目类别
already_present,11112,锁阳补肾胶囊,tcm,13,13,0.9,补肾壮阳，填精固真。用于肾阳虚或肾阴虚引起的阳萎、遗精、早泄等症。,固涩剂 | 涩精止遗,生殖泌尿系统药物 | 泌尿系统药物 | 补肾药物（勃起机能障碍用药）,,,,https://www.yao86.com/%E4%B8%AD%E6%88%90%E8%8D%AF/%E9%94%81%E9%98%B3%E8%A1%A5%E8%82%BE%E8%83%B6%E5%9B%8A,站点明确收录为中成药，未命中更具体项目类别
already_present,11113,十八味党参丸,tcm,3,3,0.94,消炎止痛，愈疮疡，除黄水。用于痹病，“冈巴”病，四肢关节红肿疼痛，伸屈不利，湿疹，牛皮癣，陷蚀癣，疠痛，亚玛虫病及麻风病。,治疮疡剂 | 其它,肌肉-骨骼系统药物 | 抗炎和抗风湿药,,,,https://www.yao86.com/%E4%B8%AD%E6%88%90%E8%8D%AF/%E5%8D%81%E5%85%AB%E5%91%B3%E5%85%9A%E5%8F%82%E4%B8%B8,站点药理或 ATC 分类明确为镇痛/抗炎药
already_present,11114,散结镇痛胶囊,tcm,14,14,0.96,软坚散结，化瘀定痛。用于痰瘀互结兼气滞所致的继发性痛经、月经不调、盆腔包块、不孕；子宫内膜异位症见上述证候者。,理血剂 | 理血调经,生殖泌尿系统药物 | 妇科用药 | 调经药物,,,,https://www.yao86.com/%E4%B8%AD%E6%88%90%E8%8D%AF/%E6%95%A3%E7%BB%93%E9%95%87%E7%97%9B%E8%83%B6%E5%9B%8A,站点药理或 ATC 分类明确为妇科用药
review_missing_efficacy,,头孢布烯胶囊,western,,2,0.96,,,系统用抗细菌药 | 其它β-内酰胺类抗菌药 | 第三代头孢菌素,,,,https://www.yao86.com/%E8%A5%BF%E8%8D%AF/%E5%A4%B4%E5%AD%A2%E5%B8%83%E7%83%AF%E8%83%B6%E5%9B%8A,站点药理或 ATC 分类明确为抗感染药
review_missing_efficacy,,头孢布烯干混悬剂,western,,2,0.96,,,系统用抗细菌药 | 其它β-内酰胺类抗菌药 | 第三代头孢菌素,,,,https://www.yao86.com/%E8%A5%BF%E8%8D%AF/%E5%A4%B4%E5%AD%A2%E5%B8%83%E7%83%AF%E5%B9%B2%E6%B7%B7%E6%82%AC%E5%89%82,站点药理或 ATC 分类明确为抗感染药
review_missing_efficacy,,妥拉美替尼胶囊,western,,,0.0,,,抗肿瘤药 | 蛋白激酶抑制剂 | 丝裂原活化蛋白激酶(MEK)抑制剂,,,,https://www.yao86.com/%E8%A5%BF%E8%8D%AF/%E5%A6%A5%E6%8B%89%E7%BE%8E%E6%9B%BF%E5%B0%BC%E8%83%B6%E5%9B%8A,站点分类无法可靠映射到项目现有类别
imported,13984,枸橼酸他莫昔芬片,western,,14,0.96,1、复发或转移性乳腺癌。2、用于早期乳腺癌术后的辅助治疗。,抗肿瘤药 | 抗肿瘤激素类,内分泌治疗用药 | 激素拮抗药与其相关药物 | 抗雌激素类,,,,https://www.yao86.com/%E8%A5%BF%E8%8D%AF/%E6%9E%B8%E6%A9%BC%E9%85%B8%E4%BB%96%E8%8E%AB%E6%98%94%E8%8A%AC%E7%89%87,站点药理或 ATC 分类明确为妇科用药
imported,13985,枸橼酸他莫昔芬口服溶液,western,,14,0.96,治疗女性复发转移乳腺癌，用作乳腺癌手术后转移的辅助治疗，预防复发。,抗肿瘤药 | 抗肿瘤激素类,内分泌治疗用药 | 激素拮抗药与其相关药物 | 抗雌激素类,德孚伶,德孚伶,,https://www.yao86.com/%E8%A5%BF%E8%8D%AF/%E6%9E%B8%E6%A9%BC%E9%85%B8%E4%BB%96%E8%8E%AB%E6%98%94%E8%8A%AC%E5%8F%A3%E6%9C%8D%E6%BA%B6%E6%B6%B2,站点药理或 ATC 分类明确为妇科用药
already_present,11115,维生素C丸,western,7,7,0.96,用于预防和治疗维生素C缺乏症。,维生素、矿物质类药 | 维生素,维生素类 | 抗坏血酸（维生素C），含其复方 | 抗坏血酸（维生素C），单方,,,,https://www.yao86.com/%E8%A5%BF%E8%8D%AF/%E7%BB%B4%E7%94%9F%E7%B4%A0C%E4%B8%B8,站点药理或 ATC 分类明确为维生素/矿物质
review_existing_alias,66,维生素C片,western,,7,0.96,用于预防坏血病，也可用于各种急慢性传染疾病及紫癜等的辅助治疗。,维生素、矿物质类药 | 维生素,,,,,https://www.yao86.com/%E8%A5%BF%E8%8D%AF/%E7%BB%B4%E7%94%9F%E7%B4%A0C%E7%89%87,该名称已是另一个药品的别名，未自动改写归属
already_present,11116,维生素C泡腾颗粒,western,7,7,0.96,用于预防和治疗坏血病，也可用于慢性传染性疾病及紫癜的辅助治疗。,维生素、矿物质类药 | 维生素,维生素类 | 抗坏血酸（维生素C），含其复方 | 抗坏血酸（维生素C），单方,,,,https://www.yao86.com/%E8%A5%BF%E8%8D%AF/%E7%BB%B4%E7%94%9F%E7%B4%A0C%E6%B3%A1%E8%85%BE%E9%A2%97%E7%B2%92,站点药理或 ATC 分类明确为维生素/矿物质
already_present,1605,维生素C泡腾片,western,7,7,0.96,1.增强机体抵抗力，用于预防和治疗各种急、慢性传染性疾病或其他疾病。2.用于病后恢复期，创伤愈合期及过敏性疾病的辅助治疗。3.用于预防和治疗坏血病。,维生素、矿物质类药 | 维生素,维生素类 | 抗坏血酸（维生素C），含其复方 | 抗坏血酸（维生素C），单方,,,,https://www.yao86.com/%E8%A5%BF%E8%8D%AF/%E7%BB%B4%E7%94%9F%E7%B4%A0C%E6%B3%A1%E8%85%BE%E7%89%87,保留数据库现有分类；站点药理或 ATC 分类明确为维生素/矿物质
already_present,11117,维生素C颗粒,western,7,7,0.96,用于预防坏血病，也可用于各种急慢性传染疾病及紫癜等的辅助治疗。,维生素、矿物质类药 | 维生素,维生素类 | 抗坏血酸（维生素C），含其复方 | 抗坏血酸（维生素C），单方,,,,https://www.yao86.com/%E8%A5%BF%E8%8D%AF/%E7%BB%B4%E7%94%9F%E7%B4%A0C%E9%A2%97%E7%B2%92,站点药理或 ATC 分类明确为维生素/矿物质
already_present,11118,维生素C咀嚼片,western,7,7,0.96,用于预防坏血病，也可用于各种急慢性传染疾病及紫癜等的辅助治疗。,维生素、矿物质类药 | 维生素,维生素类 | 抗坏血酸（维生素C），含其复方 | 抗坏血酸（维生素C），单方,,,,https://www.yao86.com/%E8%A5%BF%E8%8D%AF/%E7%BB%B4%E7%94%9F%E7%B4%A0C%E5%92%80%E5%9A%BC%E7%89%87,站点药理或 ATC 分类明确为维生素/矿物质
already_present,11119,维生素C钙胶囊,western,7,7,0.96,本品为维生素C补充剂。1、治疗维生素C缺乏症。2、提供人体免疫系统所需的高含量维生素C，以减少病毒性感染的持续时间和发病次数。3、满足人体孕期、哺乳期、手术后、抗生素治疗阶段，消化吸收功能紊乱者，经常吸烟者对维生素C的额外需求。,维生素、矿物质类药 | 维生素,维生素类 | 抗坏血酸（维生素C），含其复方 | 抗坏血酸（维生素C），单方,维体因,,,https://www.yao86.com/%E8%A5%BF%E8%8D%AF/%E7%BB%B4%E7%94%9F%E7%B4%A0C%E9%92%99%E8%83%B6%E5%9B%8A,站点药理或 ATC 分类明确为维生素/矿物质
already_present,11120,维生素C钠胶囊,western,7,7,0.96,维生素C补充剂。用于预防和治疗坏血病以及各种急、慢性传染疾病或其他疾病以增强机体抵抗力，病后恢复期、创伤愈合期及过敏性疾病的辅助治疗。,维生素、矿物质类药 | 维生素,维生素类 | 抗坏血酸（维生素C），含其复方 | 抗坏血酸（维生素C），单方,新维熹,,,https://www.yao86.com/%E8%A5%BF%E8%8D%AF/%E7%BB%B4%E7%94%9F%E7%B4%A0C%E9%92%A0%E8%83%B6%E5%9B%8A,站点药理或 ATC 分类明确为维生素/矿物质
already_present,11121,果味维生素C片,western,7,7,0.96,提高免疫力，预防癌症、心脏病、中风，保护牙齿和牙龈等。另外，坚持按时服用维生素c还可以使皮肤黑色素沉着减少，从而减少黑斑和雀斑，使皮肤白皙。,维生素、矿物质类药 | 维生素,维生素类 | 抗坏血酸（维生素C），含其复方 | 抗坏血酸（维生素C），单方,,,,https://www.yao86.com/%E8%A5%BF%E8%8D%AF/%E6%9E%9C%E5%91%B3%E7%BB%B4%E7%94%9F%E7%B4%A0C%E7%89%87,站点药理或 ATC 分类明确为维生素/矿物质
review_missing_efficacy,,维生素C含片,western,,7,0.96,,,维生素类 | 抗坏血酸（维生素C），含其复方 | 抗坏血酸（维生素C），单方,,,,https://www.yao86.com/%E8%A5%BF%E8%8D%AF/%E7%BB%B4%E7%94%9F%E7%B4%A0C%E5%90%AB%E7%89%87,站点药理或 ATC 分类明确为维生素/矿物质
review_missing_efficacy,,阿司匹林维生素C肠溶胶囊,western,,3,0.94,,,镇痛药 | 其它解热镇痛药 | 水杨酸与其衍生物,,,,https://www.yao86.com/%E8%A5%BF%E8%8D%AF/%E9%98%BF%E5%8F%B8%E5%8C%B9%E6%9E%97%E7%BB%B4%E7%94%9F%E7%B4%A0C%E8%82%A0%E6%BA%B6%E8%83%B6%E5%9B%8A,站点药理或 ATC 分类明确为镇痛/抗炎药
review_missing_efficacy,,稀戊二醛溶液,western,,,0.0,消毒防腐药。,体外药物,其它所有的非治疗用品 | 工业消毒剂,,,,https://www.yao86.com/%E8%A5%BF%E8%8D%AF/%E7%A8%80%E6%88%8A%E4%BA%8C%E9%86%9B%E6%BA%B6%E6%B6%B2,站点分类无法可靠映射到项目现有类别
review_unclassified,,浓戊二醛溶液,western,,,0.0,消毒防腐药。用于动物厩舍及器具消毒。,体外药物,其它所有的非治疗用品 | 工业消毒剂,,,,https://www.yao86.com/%E8%A5%BF%E8%8D%AF/%E6%B5%93%E6%88%8A%E4%BA%8C%E9%86%9B%E6%BA%B6%E6%B6%B2,站点分类无法可靠映射到项目现有类别
review_unclassified,,乌苯美司胶囊,western,,,0.0,本品可增强免疫功能，用于抗癌化疗、放疗的辅助治疗，老年性免疫功能缺陷等。可配合化疗、放疗及联合应用于白血病、多发性骨髓瘤、骨髓增生异常综合症及造血干细胞移植后，以及其它实体瘤患者。,免疫系统用药 | 免疫增强药,抗肿瘤药 | 蛋白激酶抑制剂 | 其他蛋白激酶抑制剂,,,,https://www.yao86.com/%E8%A5%BF%E8%8D%AF/%E4%B9%8C%E8%8B%AF%E7%BE%8E%E5%8F%B8%E8%83%B6%E5%9B%8A,站点分类无法可靠映射到项目现有类别
review_unclassified,,乌苯美司片,western,,,0.0,本品可增强免疫功能，用于抗癌化疗、放疗的辅助治疗，老年性免疫功能缺陷等。可配合化疗、放疗及联合应用于白血病、多发性骨髓瘤、骨髓增生异常综合症及造血干细胞移植后，以及其它实体瘤患者。,免疫系统用药 | 免疫增强药,抗肿瘤药 | 蛋白激酶抑制剂 | 其他蛋白激酶抑制剂,,,,https://www.yao86.com/%E8%A5%BF%E8%8D%AF/%E4%B9%8C%E8%8B%AF%E7%BE%8E%E5%8F%B8%E7%89%87,站点分类无法可靠映射到项目现有类别
review_missing_efficacy,,维U颠茄铝胶囊(Ⅱ),western,,,0.0,,,治疗与胃酸分泌相关疾病的药物 | 消化道溃疡和胃食管返流病治疗药物 | 消化道溃疡和胃食管返流病治疗用其它药物,,,,https://www.yao86.com/%E8%A5%BF%E8%8D%AF/%E7%BB%B4U%E9%A2%A0%E8%8C%84%E9%93%9D%E8%83%B6%E5%9B%8A%28%E2%85%A1%29,站点分类无法可靠映射到项目现有类别
review_missing_efficacy,,维U颠茄铝胶囊(Ⅰ),western,,,0.0,,,治疗与胃酸分泌相关疾病的药物 | 消化道溃疡和胃食管返流病治疗药物 | 消化道溃疡和胃食管返流病治疗用其它药物,,,,https://www.yao86.com/%E8%A5%BF%E8%8D%AF/%E7%BB%B4U%E9%A2%A0%E8%8C%84%E9%93%9D%E8%83%B6%E5%9B%8A%28%E2%85%A0%29,站点分类无法可靠映射到项目现有类别
already_present,11122,五味獐牙菜汤散,tcm,5,5,0.93,利胆，清热。用于胆囊炎，黄疸型肝炎。,清热剂 | 清热解毒,消化系统与代谢药 | 肝、胆疾病治疗药 | 肝、胆病共治药,,,,https://www.yao86.com/%E4%B8%AD%E6%88%90%E8%8D%AF/%E4%BA%94%E5%91%B3%E7%8D%90%E7%89%99%E8%8F%9C%E6%B1%A4%E6%95%A3,站点药理或 ATC 分类明确为胃肠消化用药
already_present,11123,五味通栓口服液,tcm,12,12,0.95,益气活血，化瘀通络。用于脑梗塞（急性期）中风中经络气虚血瘀证，症见半身不遂，偏身麻木，口眼歪斜，语言不利，面色㿠白，气短乏力等。益气活血，化瘀通络。用于脑梗塞（急性期）中风中经络气虚血瘀证，症见半身不遂，偏身麻木，口眼歪斜，语言不利，面色㿠白，气短乏力等。,理血剂 | 活血化瘀,心脑血管与血液系统药物 | 脑血管疾病治疗药,,,,https://www.yao86.com/%E4%B8%AD%E6%88%90%E8%8D%AF/%E4%BA%94%E5%91%B3%E9%80%9A%E6%A0%93%E5%8F%A3%E6%9C%8D%E6%B6%B2,站点药理或 ATC 分类明确为心脑血管用药
already_present,11124,胃肠灵片,tcm,5,5,0.93,温中祛寒，健脾止泻。用于中焦虚寒，寒湿内盛，脘腹冷痛，大便稀溏或泄泻。,温里剂 | 温中祛寒,消化系统与代谢药 | 肠道疾病相关药物,,,,https://www.yao86.com/%E4%B8%AD%E6%88%90%E8%8D%AF/%E8%83%83%E8%82%A0%E7%81%B5%E7%89%87,站点药理或 ATC 分类明确为胃肠消化用药
already_present,11125,胃肠灵胶囊,tcm,5,5,0.93,温中祛寒，健脾止泻。用于中焦虚寒，寒湿内盛，脘腹冷痛，大便稀溏或泄泻。,温里剂 | 温中祛寒,消化系统与代谢药 | 肠道疾病相关药物,,,,https://www.yao86.com/%E4%B8%AD%E6%88%90%E8%8D%AF/%E8%83%83%E8%82%A0%E7%81%B5%E8%83%B6%E5%9B%8A,站点药理或 ATC 分类明确为胃肠消化用药
already_present,11126,五仁醇软胶囊,tcm,5,5,0.93,滋补肝肾，用于急慢性肝炎（丙氨酸氨基转移酶偏高）而具有肝肾阴虚之症者。,补益剂 | 益气养阴,消化系统与代谢药 | 肝、胆疾病治疗药 | 肝病治疗药,,,,https://www.yao86.com/%E4%B8%AD%E6%88%90%E8%8D%AF/%E4%BA%94%E4%BB%81%E9%86%87%E8%BD%AF%E8%83%B6%E5%9B%8A,站点药理或 ATC 分类明确为胃肠消化用药
already_present,11127,胃肠健胶囊,tcm,5,5,0.93,温中散寒，行气和胃。适用于脾胃虚寒所致的胃脘疼痛，纳少腹胀，少气懒言，便溏。,温里剂 | 温中祛寒,消化系统与代谢药 | 胃病相关药物,,,,https://www.yao86.com/%E4%B8%AD%E6%88%90%E8%8D%AF/%E8%83%83%E8%82%A0%E5%81%A5%E8%83%B6%E5%9B%8A,站点药理或 ATC 分类明确为胃肠消化用药
already_present,11128,乌苓苁蓉合剂,tcm,13,13,0.9,补肝肾，益脾胃，安心神。用于肝肾不足所致的头晕目眩，耳鸣健忘，腰膝酸软，心悸气短，四肢无力。,安神剂 | 补养安神,生殖泌尿系统药物 | 泌尿系统药物 | 补肾药物（勃起机能障碍用药）,,,,https://www.yao86.com/%E4%B8%AD%E6%88%90%E8%8D%AF/%E4%B9%8C%E8%8B%93%E8%8B%81%E8%93%89%E5%90%88%E5%89%82,站点明确收录为中成药，未命中更具体项目类别
already_present,11129,武红灵散,tcm,3,3,0.94,开窍解毒，祛暑避瘟。用于暑邪蒙闭心窍引起：神志昏迷，关窍不通，牙关紧闭，四肢厥逆。,开窍剂 | 凉开,神经系统药物 | 镇痛药 | 解热镇痛药,,,,https://www.yao86.com/%E4%B8%AD%E6%88%90%E8%8D%AF/%E6%AD%A6%E7%BA%A2%E7%81%B5%E6%95%A3,站点药理或 ATC 分类明确为镇痛/抗炎药
already_present,11130,稳压胶囊,tcm,12,12,0.95,高血压属阴虚阳亢者。,补益剂 | 滋阴养血,心脑血管与血液系统药物 | 抗高血压药,,,,https://www.yao86.com/%E4%B8%AD%E6%88%90%E8%8D%AF/%E7%A8%B3%E5%8E%8B%E8%83%B6%E5%9B%8A,站点药理或 ATC 分类明确为心脑血管用药
already_present,11131,五加茸血口服液,tcm,13,13,0.9,温补肾阳。用于肾阳亏虚引起的腰酸腿软，畏寒肢冷，精冷等。,补益剂 | 补阳,生殖泌尿系统药物 | 泌尿系统药物 | 补肾药物（勃起机能障碍用药）,,,,https://www.yao86.com/%E4%B8%AD%E6%88%90%E8%8D%AF/%E4%BA%94%E5%8A%A0%E8%8C%B8%E8%A1%80%E5%8F%A3%E6%9C%8D%E6%B6%B2,站点明确收录为中成药，未命中更具体项目类别
imported,13986,依西美坦片,western,,14,0.96,适用于以他莫昔芬治疗后病情进展的绝经后晚期乳腺癌患者。,抗肿瘤药 | 抗肿瘤激素类,内分泌治疗用药 | 激素拮抗药与其相关药物 | 芳香酶抑制剂,优可依,优可依,,https://www.yao86.com/%E8%A5%BF%E8%8D%AF/%E4%BE%9D%E8%A5%BF%E7%BE%8E%E5%9D%A6%E7%89%87,站点药理或 ATC 分类明确为妇科用药
imported,13987,依西美坦胶囊,western,,14,0.96,适用于以他莫昔芬治疗后病情进展的绝经后晚期乳腺癌患者。,抗肿瘤药 | 抗肿瘤激素类,内分泌治疗用药 | 激素拮抗药与其相关药物 | 芳香酶抑制剂,尤尼坦,尤尼坦,,https://www.yao86.com/%E8%A5%BF%E8%8D%AF/%E4%BE%9D%E8%A5%BF%E7%BE%8E%E5%9D%A6%E8%83%B6%E5%9B%8A,站点药理或 ATC 分类明确为妇科用药
review_missing_efficacy,,盐酸奈福泮缓释片,western,,3,0.94,,,镇痛药 | 其它解热镇痛药,,,,https://www.yao86.com/%E8%A5%BF%E8%8D%AF/%E7%9B%90%E9%85%B8%E5%A5%88%E7%A6%8F%E6%B3%AE%E7%BC%93%E9%87%8A%E7%89%87,站点药理或 ATC 分类明确为镇痛/抗炎药
review_unclassified,,银耳孢糖肠溶胶囊,western,,,0.0,用于化、放疗和其他原因所致的白细胞减少症。亦可用于慢性迁延性肝炎和慢性活动性肝炎的辅助治疗。,免疫系统用药 | 免疫增强药,免疫促进药 | 免疫增强剂 | 其它免疫增强剂,,,,https://www.yao86.com/%E8%A5%BF%E8%8D%AF/%E9%93%B6%E8%80%B3%E5%AD%A2%E7%B3%96%E8%82%A0%E6%BA%B6%E8%83%B6%E5%9B%8A,站点分类无法可靠映射到项目现有类别
already_present,11132,马来酸茚达特罗吸入粉雾剂,western,17,17,0.96,本品为支气管扩张剂，适用于成人慢性阻塞性肺疾病(COPD)患者的维持治疗。,呼吸系统用药 | 平喘药,阻塞性气管疾病用药 | 肾上腺素能药，吸入剂 | 选择性β2-肾上腺素受体促效药,昂润 比斯海乐,,,https://www.yao86.com/%E8%A5%BF%E8%8D%AF/%E9%A9%AC%E6%9D%A5%E9%85%B8%E8%8C%9A%E8%BE%BE%E7%89%B9%E7%BD%97%E5%90%B8%E5%85%A5%E7%B2%89%E9%9B%BE%E5%89%82,人工分类边界：西药支气管扩张剂归其它
review_missing_efficacy,,盐酸帕洛诺司琼软胶囊,western,,,0.0,,,镇吐药和止呕药 | 5-羟色胺拮抗药,,,,https://www.yao86.com/%E8%A5%BF%E8%8D%AF/%E7%9B%90%E9%85%B8%E5%B8%95%E6%B4%9B%E8%AF%BA%E5%8F%B8%E7%90%BC%E8%BD%AF%E8%83%B6%E5%9B%8A,站点分类无法可靠映射到项目现有类别
already_present,11133,小儿清热感冒片,tcm,0,0,0.94,发汗解肌，清热透表。用于脏腑积热引起的发热怕冷，肌表无汗，头痛口渴，鼻塞咳嗽。,清热剂 | 清脏腑热,呼吸系统药物 | 咳嗽和感冒用药,,,,https://www.yao86.com/%E4%B8%AD%E6%88%90%E8%8D%AF/%E5%B0%8F%E5%84%BF%E6%B8%85%E7%83%AD%E6%84%9F%E5%86%92%E7%89%87,站点药理分类明确为感冒或解表用药
already_present,11134,血栓心脉宁胶囊,tcm,12,12,0.95,益气活血，开窍止痛。用于气虚血瘀所致的中风、胸痹，症见头晕目眩、半身不遂、胸闷心痛、心悸气短；缺血性中风恢复期、冠心病心绞痛见上述证候者。,开窍剂 | 其它,心脑血管与血液系统药物 | 心血管疾病治疗药,,,,https://www.yao86.com/%E4%B8%AD%E6%88%90%E8%8D%AF/%E8%A1%80%E6%A0%93%E5%BF%83%E8%84%89%E5%AE%81%E8%83%B6%E5%9B%8A,站点药理或 ATC 分类明确为心脑血管用药
already_present,11135,血栓心脉宁片,tcm,12,12,0.95,益气活血，开窍止痛。用于气虚血瘀所致的中风、胸痹，症见头晕目眩、半身不遂、胸闷心痛、心悸气短；缺血性中风恢复期、冠心病心绞痛见上述证候者。,开窍剂 | 其它,心脑血管与血液系统药物 | 心血管疾病治疗药,,,,https://www.yao86.com/%E4%B8%AD%E6%88%90%E8%8D%AF/%E8%A1%80%E6%A0%93%E5%BF%83%E8%84%89%E5%AE%81%E7%89%87,站点药理或 ATC 分类明确为心脑血管用药
already_present,11136,小儿利湿止泻颗粒,tcm,5,5,0.96,利湿健脾止泻。用于湿邪困脾所致的小儿泄泻。,祛湿剂 | 化湿和胃,消化系统与代谢药 | 止泻药、肠道抗炎、抗感染药,,,,https://www.yao86.com/%E4%B8%AD%E6%88%90%E8%8D%AF/%E5%B0%8F%E5%84%BF%E5%88%A9%E6%B9%BF%E6%AD%A2%E6%B3%BB%E9%A2%97%E7%B2%92,站点分类明确为止泻或肠道吸附药
already_present,11137,小儿清肺丸,tcm,1,1,0.95,宣肺解表，止咳化痰。用于急性气管炎、风热感冒、咳嗽、吐白粘痰或黄稠痰。,解表剂 | 宣肺止咳化痰,呼吸系统药物 | 咳嗽和感冒用药,,,,https://www.yao86.com/%E4%B8%AD%E6%88%90%E8%8D%AF/%E5%B0%8F%E5%84%BF%E6%B8%85%E8%82%BA%E4%B8%B8,站点药理分类明确为止咳或祛痰药
already_present,11138,豨莶通栓胶囊,tcm,12,12,0.95,活血祛瘀，祛风化痰，舒筋活络，醒脑开窍。用于缺血性中风风痰痹阻脉络证引起的半身不遂、偏身麻木、口舌歪斜，语言蹇涩。,开窍剂 | 其它,心脑血管与血液系统药物 | 脑血管疾病治疗药,,,,https://www.yao86.com/%E4%B8%AD%E6%88%90%E8%8D%AF/%E8%B1%A8%E8%8E%B6%E9%80%9A%E6%A0%93%E8%83%B6%E5%9B%8A,站点药理或 ATC 分类明确为心脑血管用药
already_present,11139,豨莶通栓丸,tcm,12,12,0.95,活血祛瘀，祛风化痰，舒筋活络，醒脑开窍。用于缺血性中风风痰痹阻脉络引起的中经络，症见半身不遂，偏身麻木，口舌歪斜，语言謇涩。,开窍剂 | 其它,心脑血管与血液系统药物 | 脑血管疾病治疗药,,,,https://www.yao86.com/%E4%B8%AD%E6%88%90%E8%8D%AF/%E8%B1%A8%E8%8E%B6%E9%80%9A%E6%A0%93%E4%B8%B8,站点药理或 ATC 分类明确为心脑血管用药
already_present,11140,小儿广朴止泻口服液,tcm,5,5,0.96,祛湿止泻，和中运脾。用于湿困脾土所致的小儿泄泻。症见：泄泻、大便稀溏或水样、腹胀、腹痛、纳差、呕吐、或见发热、舌淡苔白腻、以及轮状病毒性肠炎或非感染性腹泻见上述证候者。,祛湿剂 | 化湿和胃,消化系统与代谢药 | 止泻药、肠道抗炎、抗感染药,,,,https://www.yao86.com/%E4%B8%AD%E6%88%90%E8%8D%AF/%E5%B0%8F%E5%84%BF%E5%B9%BF%E6%9C%B4%E6%AD%A2%E6%B3%BB%E5%8F%A3%E6%9C%8D%E6%B6%B2,站点分类明确为止泻或肠道吸附药
already_present,11141,小儿七珍丸,tcm,1,1,0.95,消积导滞，通便泻火，镇惊退热，化痰息风。本品用于小儿感冒发热，夹食夹惊，乳食停滞，大便不通，惊风抽搐，痰涎壅盛。,祛痰剂 | 清热化痰,神经系统药物 | 精神安定药 | 催眠镇静药,,,,https://www.yao86.com/%E4%B8%AD%E6%88%90%E8%8D%AF/%E5%B0%8F%E5%84%BF%E4%B8%83%E7%8F%8D%E4%B8%B8,站点药理分类明确为止咳或祛痰药
already_present,11142,血康口服液,tcm,13,13,0.9,活血化瘀，消肿散结，凉血止血。用于血热妄行，皮肤紫斑；原发性及继发性血小板减少性紫癜。,理血剂 | 止血,补气补血药物 | 补血药物,,,,https://www.yao86.com/%E4%B8%AD%E6%88%90%E8%8D%AF/%E8%A1%80%E5%BA%B7%E5%8F%A3%E6%9C%8D%E6%B6%B2,站点明确收录为中成药，未命中更具体项目类别
already_present,11143,血康胶囊,tcm,13,13,0.9,活血化瘀，消肿散结，凉血止血。用于血热妄行，皮肤紫斑；原发性及继发性血小板减少性紫癜。,理血剂 | 止血,补气补血药物 | 补血药物,,,,https://www.yao86.com/%E4%B8%AD%E6%88%90%E8%8D%AF/%E8%A1%80%E5%BA%B7%E8%83%B6%E5%9B%8A,站点明确收录为中成药，未命中更具体项目类别
already_present,11144,血康颗粒,tcm,14,14,0.96,活血化瘀、消肿散结、凉血止血。用于血热妄行，皮肤紫斑；原发性及继发性血小板减少性紫癜。,理血剂 | 止血,生殖泌尿系统药物 | 妇科用药 | 调经药物,,,,https://www.yao86.com/%E4%B8%AD%E6%88%90%E8%8D%AF/%E8%A1%80%E5%BA%B7%E9%A2%97%E7%B2%92,站点药理或 ATC 分类明确为妇科用药
review_missing_efficacy,,盐酸哌甲酯口服缓释干混悬剂,western,,,0.0,,,精神兴奋药 | 精神兴奋药，用于治疗注意力缺陷多动症药和益智药 | 中心作用的拟交感神经药,,,,https://www.yao86.com/%E8%A5%BF%E8%8D%AF/%E7%9B%90%E9%85%B8%E5%93%8C%E7%94%B2%E9%85%AF%E5%8F%A3%E6%9C%8D%E7%BC%93%E9%87%8A%E5%B9%B2%E6%B7%B7%E6%82%AC%E5%89%82,站点分类无法可靠映射到项目现有类别
review_missing_efficacy,,盐酸哌甲酯缓释咀嚼片,western,,,0.0,,,精神兴奋药 | 精神兴奋药，用于治疗注意力缺陷多动症药和益智药 | 中心作用的拟交感神经药,,,,https://www.yao86.com/%E8%A5%BF%E8%8D%AF/%E7%9B%90%E9%85%B8%E5%93%8C%E7%94%B2%E9%85%AF%E7%BC%93%E9%87%8A%E5%92%80%E5%9A%BC%E7%89%87,站点分类无法可靠映射到项目现有类别
reclassified_existing,11145,硝酸益康唑气雾剂,western,9,14,0.96,用于念珠菌、酵母杆菌等真菌感染引起的阴道病。,抗微生物药 | 抗真菌药,皮肤病用抗真菌药 | 局部用抗真菌药 | 咪唑和三唑衍生物,,,,https://www.yao86.com/%E8%A5%BF%E8%8D%AF/%E7%A1%9D%E9%85%B8%E7%9B%8A%E5%BA%B7%E5%94%91%E6%B0%94%E9%9B%BE%E5%89%82,站点药理或 ATC 分类明确为妇科用药
already_present,11146,硝酸益康唑癣药水,western,2,2,0.96,本品适用于皮肤念珠菌病的治疗；亦可用于治疗体癣、股癣、足癣、花斑癣等。,抗微生物药 | 抗真菌药,皮肤病用抗真菌药 | 局部用抗真菌药 | 局部用其它抗真菌药,,,,https://www.yao86.com/%E8%A5%BF%E8%8D%AF/%E7%A1%9D%E9%85%B8%E7%9B%8A%E5%BA%B7%E5%94%91%E7%99%A3%E8%8D%AF%E6%B0%B4,站点药理或 ATC 分类明确为抗感染药
already_present,11147,硝酸益康唑乳膏,western,9,9,0.96,用于皮肤念珠菌病的治疗；亦可用于治疗体癣、股癣、足癣、花斑癣。,抗微生物药 | 抗真菌药,皮肤病用抗真菌药 | 局部用抗真菌药 | 咪唑和三唑衍生物,,,,https://www.yao86.com/%E8%A5%BF%E8%8D%AF/%E7%A1%9D%E9%85%B8%E7%9B%8A%E5%BA%B7%E5%94%91%E4%B9%B3%E8%86%8F,外用剂型且站点 ATC 分类明确为皮肤局部用药
already_present,11148,硝酸益康唑喷雾剂,western,9,9,0.94,用于皮肤念珠菌病的治疗；亦可用于治疗体癣、股癣、足癣、花斑癣。,抗微生物药 | 抗真菌药,皮肤病用抗真菌药 | 局部用抗真菌药 | 咪唑和三唑衍生物,,,,https://www.yao86.com/%E8%A5%BF%E8%8D%AF/%E7%A1%9D%E9%85%B8%E7%9B%8A%E5%BA%B7%E5%94%91%E5%96%B7%E9%9B%BE%E5%89%82,剂型或站点分类明确为局部外用药
already_present,11149,硝酸益康唑溶液,western,2,2,0.96,用于皮肤念珠菌病的治疗；亦可用于治疗体癣、股癣、足癣、花斑癣。,抗微生物药 | 抗真菌药,皮肤病用抗真菌药 | 局部用抗真菌药 | 咪唑和三唑衍生物,,,,https://www.yao86.com/%E8%A5%BF%E8%8D%AF/%E7%A1%9D%E9%85%B8%E7%9B%8A%E5%BA%B7%E5%94%91%E6%BA%B6%E6%B6%B2,站点药理或 ATC 分类明确为抗感染药
already_present,11150,硝酸益康唑栓,western,14,14,0.96,用于念珠菌性外阴阴道病。,妇产科用药 | 其他妇产科用药,妇科用抗感染药和灭菌药 | 抗感染药和灭菌药，与皮质甾体激素类的复方除外 | 咪唑衍生物类,,,,https://www.yao86.com/%E8%A5%BF%E8%8D%AF/%E7%A1%9D%E9%85%B8%E7%9B%8A%E5%BA%B7%E5%94%91%E6%A0%93,站点药理或 ATC 分类明确为妇科用药
already_present,11151,依托泊苷软胶囊,western,2,2,0.96,主要用于治疗小细胞肺癌，恶性淋巴瘤，恶性生殖细胞瘤，白血病，对神经母细胞瘤，横纹肌肉瘤，卵巢癌，非小细胞肺癌，胃癌和食管癌等有一定疗效。,抗肿瘤药 | 抗肿瘤抗生素,抗肿瘤药 | 植物生物碱和其它天然药物 | 鬼臼毒素衍生物类,,,,https://www.yao86.com/%E8%A5%BF%E8%8D%AF/%E4%BE%9D%E6%89%98%E6%B3%8A%E8%8B%B7%E8%BD%AF%E8%83%B6%E5%9B%8A,站点药理或 ATC 分类明确为抗感染药
already_present,11152,硝酸异康唑阴道片,western,14,14,0.96,外阴阴道念珠菌病。,妇产科用药 | 其他妇产科用药,妇科用抗感染药和灭菌药 | 抗感染药和灭菌药，与皮质甾体激素类的复方除外 | 咪唑衍生物类,澳可修,,,https://www.yao86.com/%E8%A5%BF%E8%8D%AF/%E7%A1%9D%E9%85%B8%E5%BC%82%E5%BA%B7%E5%94%91%E9%98%B4%E9%81%93%E7%89%87,站点药理或 ATC 分类明确为妇科用药
already_present,11153,硝酸异康唑乳膏,western,9,9,0.96,主要用于皮肤浅表真菌感染，如手癬、足癬；体癣、股癣等。,抗微生物药 | 抗真菌药,皮肤病用抗真菌药 | 局部用抗真菌药 | 咪唑和三唑衍生物,,,,https://www.yao86.com/%E8%A5%BF%E8%8D%AF/%E7%A1%9D%E9%85%B8%E5%BC%82%E5%BA%B7%E5%94%91%E4%B9%B3%E8%86%8F,外用剂型且站点 ATC 分类明确为皮肤局部用药
review_missing_efficacy,,伐昔洛韦片,western,,2,0.96,,,系统用抗病毒药 | 直接作用的抗病毒药 | 核苷类和核苷酸类药，逆转录酶抑制药除外,,,,https://www.yao86.com/%E8%A5%BF%E8%8D%AF/%E4%BC%90%E6%98%94%E6%B4%9B%E9%9F%A6%E7%89%87,站点药理或 ATC 分类明确为抗感染药
already_present,11154,异丙嗪胆汁片,western,8,8,0.96,用于感冒引起的咳嗽、百日咳及其阵发性、痉挛性咳嗽。,呼吸系统用药 | 祛痰药,系统用抗组胺药 | 吩噻嗪衍生物类,,,,https://www.yao86.com/%E8%A5%BF%E8%8D%AF/%E5%BC%82%E4%B8%99%E5%97%AA%E8%83%86%E6%B1%81%E7%89%87,站点药理分类明确为抗过敏药
already_present,11155,盐蛇散,tcm,13,13,0.9,定惊解痉，清热除痰。用于小儿惊风，痰涎壅盛。,治风剂 | 疏散外风,神经系统药物 | 精神安定药 | 催眠镇静药,,,,https://www.yao86.com/%E4%B8%AD%E6%88%90%E8%8D%AF/%E7%9B%90%E8%9B%87%E6%95%A3,站点明确收录为中成药，未命中更具体项目类别
already_present,11156,椰露止咳合剂,tcm,1,1,0.95,清肺化痰，止咳利咽。用于肺热久咳挟风所致的咳嗽痰稠，咽痒，喉痛，口干。,止咳平喘剂 | 止咳,呼吸系统药物 | 咳嗽和感冒用药,,,,https://www.yao86.com/%E4%B8%AD%E6%88%90%E8%8D%AF/%E6%A4%B0%E9%9C%B2%E6%AD%A2%E5%92%B3%E5%90%88%E5%89%82,站点药理分类明确为止咳或祛痰药
already_present,11157,益肺胶囊,tcm,1,1,0.95,补肾益肺、清热化痰、止咳平喘。用于久病咳喘，胸满多痰。,止咳平喘剂 | 止咳平喘,呼吸系统药物 | 咳嗽和感冒用药,,,,https://www.yao86.com/%E4%B8%AD%E6%88%90%E8%8D%AF/%E7%9B%8A%E8%82%BA%E8%83%B6%E5%9B%8A,站点药理分类明确为止咳或祛痰药
already_present,11158,愈风宁心胶囊,tcm,12,12,0.95,解痉止痛，增强脑及冠脉血流量。用于高血压头晕，头痛，颈项疼痛，冠心病，心绞痛，神经性头痛，早期突发性耳聋。,理血剂 | 活血化瘀,心脑血管与血液系统药物 | 心血管疾病治疗药,,,,https://www.yao86.com/%E4%B8%AD%E6%88%90%E8%8D%AF/%E6%84%88%E9%A3%8E%E5%AE%81%E5%BF%83%E8%83%B6%E5%9B%8A,站点药理或 ATC 分类明确为心脑血管用药
already_present,11159,愈风宁心颗粒,tcm,12,12,0.95,解痉止痛，增强脑及冠脉血流量。用于高血压头晕，头痛，颈项疼痛，冠心病，心绞痛，神经性头痛，早期突发性耳聋。,理血剂 | 活血化瘀,心脑血管与血液系统药物 | 心血管疾病治疗药,,,,https://www.yao86.com/%E4%B8%AD%E6%88%90%E8%8D%AF/%E6%84%88%E9%A3%8E%E5%AE%81%E5%BF%83%E9%A2%97%E7%B2%92,站点药理或 ATC 分类明确为心脑血管用药
already_present,11160,愈风宁心滴丸,tcm,12,12,0.95,解痉止痛，增强脑及冠脉血流量。用于高血压头晕，头痛，颈项疼痛，冠心病，心绞痛，神经性头痛，早期突发性耳聋等症。,理血剂 | 活血化瘀,心脑血管与血液系统药物 | 心血管疾病治疗药,,,,https://www.yao86.com/%E4%B8%AD%E6%88%90%E8%8D%AF/%E6%84%88%E9%A3%8E%E5%AE%81%E5%BF%83%E6%BB%B4%E4%B8%B8,站点药理或 ATC 分类明确为心脑血管用药
already_present,11161,愈风宁心片,tcm,12,12,0.95,解痉止痛，增强脑及冠脉血流量。用于高血压头晕，头痛，颈项疼痛，冠心病，心绞痛，神经性头痛，早期突发性耳聋。,理血剂 | 活血化瘀,心脑血管与血液系统药物 | 心血管疾病治疗药,,,,https://www.yao86.com/%E4%B8%AD%E6%88%90%E8%8D%AF/%E6%84%88%E9%A3%8E%E5%AE%81%E5%BF%83%E7%89%87,站点药理或 ATC 分类明确为心脑血管用药
already_present,11162,愈风宁心软胶囊,tcm,12,12,0.95,解痉止痛，增强脑及冠脉血流量。用于高血压头晕，头痛，颈项疼痛，冠心病，心绞痛，神经性头痛，早期突发性耳聋等症。,理血剂 | 活血化瘀,心脑血管与血液系统药物 | 心血管疾病治疗药,,,,https://www.yao86.com/%E4%B8%AD%E6%88%90%E8%8D%AF/%E6%84%88%E9%A3%8E%E5%AE%81%E5%BF%83%E8%BD%AF%E8%83%B6%E5%9B%8A,站点药理或 ATC 分类明确为心脑血管用药
already_present,11163,愈风宁心丸,tcm,12,12,0.95,解痉止痛，增强脑及冠脉血流量。用于高血压头晕，头痛，颈项疼痛，冠心病，心绞痛，神经性头痛，早期突发性耳聋。,理血剂 | 活血化瘀,心脑血管与血液系统药物 | 心血管疾病治疗药,,,,https://www.yao86.com/%E4%B8%AD%E6%88%90%E8%8D%AF/%E6%84%88%E9%A3%8E%E5%AE%81%E5%BF%83%E4%B8%B8,站点药理或 ATC 分类明确为心脑血管用药
already_present,11164,愈风宁心口服液,tcm,12,12,0.95,解痉止痛，增强脑及冠脉血流量。用于高血压头晕，头痛，颈项疼痛，冠心病，心绞痛，神经性头痛，早期突发性耳聋等病症。,理血剂 | 活血化瘀,心脑血管与血液系统药物 | 心血管疾病治疗药,,,,https://www.yao86.com/%E4%B8%AD%E6%88%90%E8%8D%AF/%E6%84%88%E9%A3%8E%E5%AE%81%E5%BF%83%E5%8F%A3%E6%9C%8D%E6%B6%B2,站点药理或 ATC 分类明确为心脑血管用药
already_present,11165,愈风宁心颗粒(无糖型),tcm,13,13,0.9,解痉止痛，增强脑及冠脉血流量。用于高血压头晕，头痛，颈项疼痛，冠心病，心绞痛，神经性头痛，早期突发性耳聋等症。,理血剂 | 活血化瘀,,,,,https://www.yao86.com/%E4%B8%AD%E6%88%90%E8%8D%AF/%E6%84%88%E9%A3%8E%E5%AE%81%E5%BF%83%E9%A2%97%E7%B2%92%28%E6%97%A0%E7%B3%96%E5%9E%8B%29,站点明确收录为中成药，未命中更具体项目类别
already_present,11166,牙痛停滴丸,tcm,5,5,0.93,止痛消肿。用于风火牙痛；牙周炎及冠周炎引起的牙痛。,局部用止痛剂,消化系统与代谢药 | 口腔疾病药物 | 牙病药物,,,,https://www.yao86.com/%E4%B8%AD%E6%88%90%E8%8D%AF/%E7%89%99%E7%97%9B%E5%81%9C%E6%BB%B4%E4%B8%B8,站点药理或 ATC 分类明确为胃肠消化用药
already_present,11167,牙痛药水,tcm,5,5,0.93,止痛杀菌，防蛀。用于风火牙痛，牙龈红肿，虫蛀牙痛及一切神经牙痛。,局部用止痛剂,消化系统与代谢药 | 口腔疾病药物 | 牙病药物,,,,https://www.yao86.com/%E4%B8%AD%E6%88%90%E8%8D%AF/%E7%89%99%E7%97%9B%E8%8D%AF%E6%B0%B4,站点药理或 ATC 分类明确为胃肠消化用药
already_present,11168,婴儿安片,tcm,13,13,0.9,祛风镇惊，消食，化痰，退热。用于小儿发热，咳嗽，食水不化，痰热惊风。,消食剂 | 消食导滞,神经系统药物 | 精神安定药 | 催眠镇静药,,,,https://www.yao86.com/%E4%B8%AD%E6%88%90%E8%8D%AF/%E5%A9%B4%E5%84%BF%E5%AE%89%E7%89%87,站点明确收录为中成药，未命中更具体项目类别
already_present,11169,鸢都寒痹液,tcm,3,3,0.94,祛风散寒，舒筋活络。用于风寒湿痹，腰腿肩背疼痛，手足麻木等症。,温里剂 | 温经散寒,肌肉-骨骼系统药物 | 抗炎和抗风湿药,,,,https://www.yao86.com/%E4%B8%AD%E6%88%90%E8%8D%AF/%E9%B8%A2%E9%83%BD%E5%AF%92%E7%97%B9%E6%B6%B2,站点药理或 ATC 分类明确为镇痛/抗炎药
already_present,11170,银杏蜜环口服溶液,western,12,12,0.95,用于冠心病、心绞痛、缺血性脑血疾病，可改善心、脑缺血症状。,心血管系统用药 | 抗心绞痛药,心脏病治疗用药 | 其它治疗心脏病药,,,,https://www.yao86.com/%E8%A5%BF%E8%8D%AF/%E9%93%B6%E6%9D%8F%E8%9C%9C%E7%8E%AF%E5%8F%A3%E6%9C%8D%E6%BA%B6%E6%B6%B2,站点药理或 ATC 分类明确为心脑血管用药
already_present,11171,盐酸地拉卓胶囊,western,12,12,0.95,用于缺血性心脏病、陈旧性心肌梗死及心绞痛。,心血管系统用药 | 抗心绞痛药,心脏病治疗用药 | 治疗心脏病用血管舒张药 | 治疗心脏病用其它血管舒张药,,,,https://www.yao86.com/%E8%A5%BF%E8%8D%AF/%E7%9B%90%E9%85%B8%E5%9C%B0%E6%8B%89%E5%8D%93%E8%83%B6%E5%9B%8A,站点药理或 ATC 分类明确为心脑血管用药
review_missing_efficacy,,盐酸地拉卓片,western,,,0.0,,,心脏病治疗用药 | 治疗心脏病用血管舒张药 | 治疗心脏病用其它血管舒张药,,,,https://www.yao86.com/%E8%A5%BF%E8%8D%AF/%E7%9B%90%E9%85%B8%E5%9C%B0%E6%8B%89%E5%8D%93%E7%89%87,站点分类无法可靠映射到项目现有类别
review_missing_efficacy,,盐酸丁咯地尔控释片,western,,,0.0,,,外周血管扩张剂 | 其它外周血管扩张剂,,,,https://www.yao86.com/%E8%A5%BF%E8%8D%AF/%E7%9B%90%E9%85%B8%E4%B8%81%E5%92%AF%E5%9C%B0%E5%B0%94%E6%8E%A7%E9%87%8A%E7%89%87,站点分类无法可靠映射到项目现有类别
review_missing_efficacy,,盐酸丁咯地尔糖衣片,western,,,0.0,,,外周血管扩张剂 | 其它外周血管扩张剂,,,,https://www.yao86.com/%E8%A5%BF%E8%8D%AF/%E7%9B%90%E9%85%B8%E4%B8%81%E5%92%AF%E5%9C%B0%E5%B0%94%E7%B3%96%E8%A1%A3%E7%89%87,站点分类无法可靠映射到项目现有类别
already_present,11172,磷酸依米他韦胶囊,western,2,2,0.96,磷酸依米他韦胶囊治疗成人基因1型非肝硬化慢性丙型肝炎（HCV）。,抗微生物药 | 抗病毒药,系统用抗病毒药 | 直接作用的抗病毒药 | 治疗丙肝病毒感染的抗病毒药物,东卫恩,,,https://www.yao86.com/%E8%A5%BF%E8%8D%AF/%E7%A3%B7%E9%85%B8%E4%BE%9D%E7%B1%B3%E4%BB%96%E9%9F%A6%E8%83%B6%E5%9B%8A,站点药理或 ATC 分类明确为抗感染药
already_present,11173,扎鲁司特片,western,17,17,0.96,适用于哮喘的预防和长期治疗。,呼吸系统用药 | 平喘药,阻塞性气管疾病用药 | 其它阻塞性气管病系统用药 | 白三烯受体拮抗药,安可来,,,https://www.yao86.com/%E8%A5%BF%E8%8D%AF/%E6%89%8E%E9%B2%81%E5%8F%B8%E7%89%B9%E7%89%87,人工分类边界：西药支气管扩张剂归其它
already_present,11174,痔血丸,tcm,15,15,0.95,消肿解毒，通便止血。用于内痔出血，外痔肿痛。,治疮疡剂 | 解毒消肿,心脑血管与血液系统药物 | 血管保护剂 | 治疗痔疮和肛裂的药物,,,,https://www.yao86.com/%E4%B8%AD%E6%88%90%E8%8D%AF/%E7%97%94%E8%A1%80%E4%B8%B8,站点分类明确为痔疮或肛肠用药
already_present,11175,珍宝解毒胶囊,tcm,5,5,0.93,清热解毒，化浊和胃。用于浊毒中阻所致的恶心呕吐，泄泻腹痛，消化性溃疡，食物中毒。,清热剂 | 清热解毒,消化系统与代谢药 | 胃病相关药物,,,,https://www.yao86.com/%E4%B8%AD%E6%88%90%E8%8D%AF/%E7%8F%8D%E5%AE%9D%E8%A7%A3%E6%AF%92%E8%83%B6%E5%9B%8A,站点药理或 ATC 分类明确为胃肠消化用药
review_missing_efficacy,,紫草丸,tcm,,13,0.9,,,,,,,https://www.yao86.com/%E4%B8%AD%E6%88%90%E8%8D%AF/%E7%B4%AB%E8%8D%89%E4%B8%B8,站点明确收录为中成药，未命中更具体项目类别
already_present,11176,枳术丸,tcm,5,5,0.93,健脾消食，行气化湿。用于脾胃虚弱，食少不化，脘腹痞满。,消食剂 | 健脾消食,消化系统与代谢药 | 提升食欲、促消化药,,,,https://www.yao86.com/%E4%B8%AD%E6%88%90%E8%8D%AF/%E6%9E%B3%E6%9C%AF%E4%B8%B8,站点药理或 ATC 分类明确为胃肠消化用药
already_present,11177,珍珠层粉,tcm,13,13,0.9,安神，清热，解毒。用于神经衰弱，咽炎，外治口舌肿痛。,清热剂 | 清热解毒,神经系统药物 | 精神安定药 | 催眠镇静药,,,,https://www.yao86.com/%E4%B8%AD%E6%88%90%E8%8D%AF/%E7%8F%8D%E7%8F%A0%E5%B1%82%E7%B2%89,站点明确收录为中成药，未命中更具体项目类别
already_present,11178,止泻利颗粒(冲剂),tcm,13,13,0.9,清热解毒，燥湿导滞，理气止痛。用于急性肠胃炎，止呕止泻，退热止痛。,清热剂 | 清热解毒,,止泻利颗粒(昆中药,,,https://www.yao86.com/%E4%B8%AD%E6%88%90%E8%8D%AF/%E6%AD%A2%E6%B3%BB%E5%88%A9%E9%A2%97%E7%B2%92%28%E5%86%B2%E5%89%82%29,站点明确收录为中成药，未命中更具体项目类别
already_present,11179,贞杞肝泰片,tcm,5,5,0.93,滋补肝肾，益气养血。用于肝肾阴虚、气血不足引起的头晕目眩，腰膝酸软，神疲乏力，少气懒言，胁肋隐痛等症的辅助治疗。,补益剂 | 气血双补,消化系统与代谢药 | 肝、胆疾病治疗药 | 肝病治疗药,,,,https://www.yao86.com/%E4%B8%AD%E6%88%90%E8%8D%AF/%E8%B4%9E%E6%9D%9E%E8%82%9D%E6%B3%B0%E7%89%87,站点药理或 ATC 分类明确为胃肠消化用药
already_present,11180,贞杞肝泰颗粒,tcm,5,5,0.93,滋补肝肾，益气养血。用于肝肾阴虚、气血不足引起的头晕目眩，腰膝酸软，神疲乏力，少气懒言，胁肋隐痛等症的辅助治疗。,补益剂 | 气血双补,消化系统与代谢药 | 肝、胆疾病治疗药 | 肝病治疗药,,,,https://www.yao86.com/%E4%B8%AD%E6%88%90%E8%8D%AF/%E8%B4%9E%E6%9D%9E%E8%82%9D%E6%B3%B0%E9%A2%97%E7%B2%92,站点药理或 ATC 分类明确为胃肠消化用药
already_present,7914,艾尔巴韦格拉瑞韦片,western,2,2,0.96,本品用于治疗成人慢性丙型肝炎(CHC)感染(参见【用法用量】、【注意事项】)。,抗微生物药 | 抗病毒药,系统用抗病毒药 | 直接作用的抗病毒药 | 治疗丙肝病毒感染的抗病毒药物,择必达(ZEPATIER),,,https://www.yao86.com/%E8%A5%BF%E8%8D%AF/%E8%89%BE%E5%B0%94%E5%B7%B4%E9%9F%A6%E6%A0%BC%E6%8B%89%E7%91%9E%E9%9F%A6%E7%89%87,站点药理或 ATC 分类明确为抗感染药
review_missing_efficacy,,安络痛浸膏,western,,,0.0,,,,,,,https://www.yao86.com/%E8%A5%BF%E8%8D%AF/%E5%AE%89%E7%BB%9C%E7%97%9B%E6%B5%B8%E8%86%8F,站点分类无法可靠映射到项目现有类别
already_present,7915,氨肽素片,western,17,17,0.99,用于原发性血小板减少性紫癜，再生障碍性贫血，白细胞减少症。亦可用于银屑病。,皮肤科用药 | 其他皮肤科药,抗贫血药 | 其它抗贫血药,,,,https://www.yao86.com/%E8%A5%BF%E8%8D%AF/%E6%B0%A8%E8%82%BD%E7%B4%A0%E7%89%87,人工审阅：不属于项目现有专用类别
review_unclassified,,盐酸阿扎司琼片,western,,,0.0,适用于治疗由服用抗恶性肿瘤药（顺铂等）引起的恶心、呕吐等消化道症状。,抗肿瘤药 | 抗肿瘤辅助药,镇吐药和止呕药 | 5-羟色胺拮抗药,,,,https://www.yao86.com/%E8%A5%BF%E8%8D%AF/%E7%9B%90%E9%85%B8%E9%98%BF%E6%89%8E%E5%8F%B8%E7%90%BC%E7%89%87,站点分类无法可靠映射到项目现有类别
review_unclassified,,阿瑞匹坦胶囊,western,,,0.0,阿瑞匹坦胶囊与其它止吐药物联合给药，适用于预防高度致吐性抗肿瘤化疗的初次和重复治疗过程中出现的急性和迟发性恶心和呕吐(参见“用法用量”)。,抗肿瘤药 | 抗肿瘤辅助药,镇吐药和止呕药 | 其它镇吐药,,,,https://www.yao86.com/%E8%A5%BF%E8%8D%AF/%E9%98%BF%E7%91%9E%E5%8C%B9%E5%9D%A6%E8%83%B6%E5%9B%8A,站点分类无法可靠映射到项目现有类别
review_missing_efficacy,,艾司奥美拉唑镁肠溶口服干混悬剂,western,,,0.0,,,治疗与胃酸分泌相关疾病的药物 | 消化道溃疡和胃食管返流病治疗药物 | 质子泵抑制药,,,,https://www.yao86.com/%E8%A5%BF%E8%8D%AF/%E8%89%BE%E5%8F%B8%E5%A5%A5%E7%BE%8E%E6%8B%89%E5%94%91%E9%95%81%E8%82%A0%E6%BA%B6%E5%8F%A3%E6%9C%8D%E5%B9%B2%E6%B7%B7%E6%82%AC%E5%89%82,站点分类无法可靠映射到项目现有类别
review_missing_efficacy,,艾司奥美拉唑镁碳酸氢钠胶囊,western,,,0.0,,,治疗与胃酸分泌相关疾病的药物 | 消化道溃疡和胃食管返流病治疗药物 | 质子泵抑制药,,,,https://www.yao86.com/%E8%A5%BF%E8%8D%AF/%E8%89%BE%E5%8F%B8%E5%A5%A5%E7%BE%8E%E6%8B%89%E5%94%91%E9%95%81%E7%A2%B3%E9%85%B8%E6%B0%A2%E9%92%A0%E8%83%B6%E5%9B%8A,站点分类无法可靠映射到项目现有类别
already_present,7916,奥达特罗吸入喷雾剂,western,17,17,0.96,本品适用于慢性阻塞性肺疾病(COPD，简称慢阻肺，包括慢性支气管炎和/或肺气肿)患者长期支气管舒张的维持治疗。,呼吸系统用药 | 平喘药,阻塞性气管疾病用药 | 肾上腺素能药，吸入剂 | 选择性β2-肾上腺素受体促效药,思富迪,,,https://www.yao86.com/%E8%A5%BF%E8%8D%AF/%E5%A5%A5%E8%BE%BE%E7%89%B9%E7%BD%97%E5%90%B8%E5%85%A5%E5%96%B7%E9%9B%BE%E5%89%82,人工分类边界：西药支气管扩张剂归其它
already_present,8036,八味锡类散,tcm,13,13,0.9,清热解毒，消肿止痛。用于内有蕴热，外感时邪引起的瘟疫白喉，咽喉肿痛，喉闭乳蛾，兼治结肠溃疡。,清热剂 | 清热解毒,呼吸系统药物 | 清热解毒药物,,,,https://www.yao86.com/%E4%B8%AD%E6%88%90%E8%8D%AF/%E5%85%AB%E5%91%B3%E9%94%A1%E7%B1%BB%E6%95%A3,站点明确收录为中成药，未命中更具体项目类别
already_present,8037,补血调经片,tcm,14,14,0.96,补血理气，调经。用于妇女贫血，面色痿黄，经少后错，白带量多，经痛。,理血剂 | 理血调经,生殖泌尿系统药物 | 妇科用药 | 调经药物,,,,https://www.yao86.com/%E4%B8%AD%E6%88%90%E8%8D%AF/%E8%A1%A5%E8%A1%80%E8%B0%83%E7%BB%8F%E7%89%87,站点药理或 ATC 分类明确为妇科用药
already_present,8038,补脾益肠丸,tcm,5,5,0.93,益气养血，温阳行气，涩肠止泻。用于脾虚气滞所致的泄泻，症见腹胀疼痛、肠鸣泄泻。,固涩剂 | 涩肠止泻,消化系统与代谢药 | 肠道疾病相关药物,,,,https://www.yao86.com/%E4%B8%AD%E6%88%90%E8%8D%AF/%E8%A1%A5%E8%84%BE%E7%9B%8A%E8%82%A0%E4%B8%B8,站点药理或 ATC 分类明确为胃肠消化用药
already_present,8039,补肾安神口服液,tcm,13,13,0.9,补肾，宁心，安神。用于失眠健忘，头晕耳鸣，心慌，腰膝酸软。,安神剂 | 补养安神,神经系统药物 | 精神安定药 | 催眠镇静药,,,,https://www.yao86.com/%E4%B8%AD%E6%88%90%E8%8D%AF/%E8%A1%A5%E8%82%BE%E5%AE%89%E7%A5%9E%E5%8F%A3%E6%9C%8D%E6%B6%B2,站点明确收录为中成药，未命中更具体项目类别
already_present,8040,八宝拨云散,tcm,13,13,0.9,清热散瘀，消云退翳。用于胬肉攀睛，云翳湿痒。,清目剂,,,,,https://www.yao86.com/%E4%B8%AD%E6%88%90%E8%8D%AF/%E5%85%AB%E5%AE%9D%E6%8B%A8%E4%BA%91%E6%95%A3,站点明确收录为中成药，未命中更具体项目类别
already_present,8041,斑秃丸,tcm,13,13,0.9,滋补肝肾，益精养血，祛风生发。用于斑秃、全秃、普秃。,补益剂 | 滋阴养血,皮肤病药物 | 其它治疗皮肤病药物,,,,https://www.yao86.com/%E4%B8%AD%E6%88%90%E8%8D%AF/%E6%96%91%E7%A7%83%E4%B8%B8,站点明确收录为中成药，未命中更具体项目类别
already_present,8042,保赤一粒金丸,tcm,1,1,0.95,解热镇惊，止咳化痰，通便，助消化。用于内热感冒，咳嗽发烧，消化不良，夜啼不眠。,祛痰剂 | 清热化痰,呼吸系统药物 | 咳嗽和感冒用药,,,,https://www.yao86.com/%E4%B8%AD%E6%88%90%E8%8D%AF/%E4%BF%9D%E8%B5%A4%E4%B8%80%E7%B2%92%E9%87%91%E4%B8%B8,站点药理分类明确为止咳或祛痰药
already_present,8043,保赤一粒金散,tcm,1,1,0.95,解热镇惊，止咳化痰，通便，助消化。用于内热感冒，咳嗽发烧，消化不良，夜啼不眠。,祛痰剂 | 清热化痰,呼吸系统药物 | 咳嗽和感冒用药,,,,https://www.yao86.com/%E4%B8%AD%E6%88%90%E8%8D%AF/%E4%BF%9D%E8%B5%A4%E4%B8%80%E7%B2%92%E9%87%91%E6%95%A3,站点药理分类明确为止咳或祛痰药
already_present,11181,氨苄西林颗粒,western,2,2,0.96,适用于敏感致病菌所致的呼吸道感染、泌尿系统感染、消化道感染、耳鼻喉感染、皮肤和软组织感染以及淋病等。,抗微生物药 | 青霉素类,系统用抗细菌药 | β-内酰胺抗菌药，青霉素类 | 广谱青霉素类,,,,https://www.yao86.com/%E8%A5%BF%E8%8D%AF/%E6%B0%A8%E8%8B%84%E8%A5%BF%E6%9E%97%E9%A2%97%E7%B2%92,站点药理或 ATC 分类明确为抗感染药
already_present,11182,氨苄西林片,western,2,2,0.96,用于敏感大肠杆菌、沙门氏菌、痢疾杆菌、变形杆菌、产气荚膜杆菌及流感杆菌等感染。,抗微生物药 | 青霉素类,系统用抗细菌药 | β-内酰胺抗菌药，青霉素类 | 广谱青霉素类,,,,https://www.yao86.com/%E8%A5%BF%E8%8D%AF/%E6%B0%A8%E8%8B%84%E8%A5%BF%E6%9E%97%E7%89%87,站点药理或 ATC 分类明确为抗感染药
already_present,11183,氨苄西林胶囊,western,2,2,0.96,用于敏感致病菌所致呼吸道感染、泌尿系统感染、消化道感染、耳鼻喉感染、皮肤、软组织感染。,抗微生物药 | 青霉素类,系统用抗细菌药 | β-内酰胺抗菌药，青霉素类 | 广谱青霉素类,,,,https://www.yao86.com/%E8%A5%BF%E8%8D%AF/%E6%B0%A8%E8%8B%84%E8%A5%BF%E6%9E%97%E8%83%B6%E5%9B%8A,站点药理或 ATC 分类明确为抗感染药
already_present,11184,氨苄西林干混悬剂,western,2,2,0.96,本品适用于敏感致病菌所致的下列感染:1.呼吸道感染:上呼吸道感染、细菌性肺炎、支气管炎等;2.泌尿系统感染:膀胱炎、尿道炎、肾盂肾炎、前列腺炎等;3.消化道感染:细菌性痢疾等;4.耳鼻喉感染:急性咽炎、扁桃体炎、中耳炎、鼻窦炎等;5.皮肤、软组织感染;6.淋病。,抗微生物药 | 青霉素类,系统用抗细菌药 | β-内酰胺抗菌药，青霉素类 | 广谱青霉素类,,,,https://www.yao86.com/%E8%A5%BF%E8%8D%AF/%E6%B0%A8%E8%8B%84%E8%A5%BF%E6%9E%97%E5%B9%B2%E6%B7%B7%E6%82%AC%E5%89%82,站点药理或 ATC 分类明确为抗感染药
reclassified_existing,11185,盐酸仑氨西林片,western,2,14,0.96,本品主要治疗敏感菌引起的感染，如：1.呼吸系统感染：扁桃体炎、咽炎、急性支气管炎、肺炎等；2.泌尿系统感染：单纯性膀胱炎、淋菌性尿道炎；3.妇科感染：子宫内感染、子宫附件炎、前庭大腺炎；4.皮肤软组织感染：毛囊炎（脓疱性痤疮）、疖、痈、丹毒、峰窝织炎、淋巴管（结）炎、化脓性甲沟炎、皮下脓肿、汗腺炎、簇状痤疮、皮脂性囊肿合并感染、肛周脓肿等；5.外伤、手术创口等的浅表性继发感染；6.耳鼻科感染：中耳炎、副鼻窦炎；泪囊炎、角膜溃疡；7.口腔科感染：牙周组织炎、冠周炎等。,抗微生物药 | 青霉素类,系统用抗细菌药 | β-内酰胺抗菌药，青霉素类 | 广谱青霉素类,,,,https://www.yao86.com/%E8%A5%BF%E8%8D%AF/%E7%9B%90%E9%85%B8%E4%BB%91%E6%B0%A8%E8%A5%BF%E6%9E%97%E7%89%87,站点药理或 ATC 分类明确为妇科用药
already_present,11186,氨苄西林丙磺舒颗粒,western,2,2,0.96,本品适用于敏感致病菌所致的呼吸道感染，泌尿系统感染，消化道感染，耳鼻喉感染，皮肤、软组织感染。,抗微生物药 | 青霉素类,系统用抗细菌药 | β-内酰胺抗菌药，青霉素类 | 广谱青霉素类,,,,https://www.yao86.com/%E8%A5%BF%E8%8D%AF/%E6%B0%A8%E8%8B%84%E8%A5%BF%E6%9E%97%E4%B8%99%E7%A3%BA%E8%88%92%E9%A2%97%E7%B2%92,站点药理或 ATC 分类明确为抗感染药
review_missing_efficacy,,氨苄青霉素干糖浆,western,,2,0.96,,,系统用抗细菌药 | β-内酰胺抗菌药，青霉素类 | 广谱青霉素类,,,,https://www.yao86.com/%E8%A5%BF%E8%8D%AF/%E6%B0%A8%E8%8B%84%E9%9D%92%E9%9C%89%E7%B4%A0%E5%B9%B2%E7%B3%96%E6%B5%86,站点药理或 ATC 分类明确为抗感染药
already_present,11187,阿莫西林分散片,western,2,2,0.96,本品为抗生素，其抗菌谱与氨苄青霉素相同，对敏感的革兰氏阳性球菌和杆菌及革兰氏阴性菌均有明显的抑制作用。适用于敏感菌所致呼吸道感染、尿路感染、胃肠道感染、败血症、皮肤及软组织感染。,抗微生物药 | 青霉素类,系统用抗细菌药 | β-内酰胺抗菌药，青霉素类 | 广谱青霉素类,,,,https://www.yao86.com/%E8%A5%BF%E8%8D%AF/%E9%98%BF%E8%8E%AB%E8%A5%BF%E6%9E%97%E5%88%86%E6%95%A3%E7%89%87,站点药理或 ATC 分类明确为抗感染药
already_present,26,阿莫西林颗粒,western,2,2,0.96,用于敏感菌(不产β-内酰胺酶菌株)所致呼吸道感染、伤寒及尿路感染等。,抗微生物药 | 青霉素类,系统用抗细菌药 | β-内酰胺抗菌药，青霉素类 | 广谱青霉素类,,,,https://www.yao86.com/%E8%A5%BF%E8%8D%AF/%E9%98%BF%E8%8E%AB%E8%A5%BF%E6%9E%97%E9%A2%97%E7%B2%92,保留数据库现有分类；站点药理或 ATC 分类明确为抗感染药
already_present,1521,阿莫西林片,western,2,2,0.96,阿莫西林适用于敏感菌(不产β内酰胺酶菌株)所致的下列感染：1.溶血链球菌、肺炎链球菌、葡萄球菌或流感嗜血杆菌所致中耳炎、鼻窦炎、咽炎、扁桃体炎等上呼吸道感染。2.大肠埃希菌、奇异变形杆菌或粪肠球菌所致的泌尿生殖道感染。3.溶血链球菌、葡萄球菌或大肠埃希菌所致的皮肤软组织感染。4.溶血链球菌、肺炎链球菌、葡萄球菌或流感嗜血杆菌所致急性支气管炎、肺炎等下呼吸道感染。5.急性单纯性淋病。6.本品尚可用于治疗伤寒、伤寒带菌者及钩端螺旋体病；阿莫西林亦可与克拉霉素、兰索拉唑三联用药根除胃、十二指肠幽门螺杆菌，降低消化道溃疡复发率。,抗微生物药 | 青霉素类,系统用抗细菌药 | β-内酰胺抗菌药，青霉素类 | 广谱青霉素类,,,,https://www.yao86.com/%E8%A5%BF%E8%8D%AF/%E9%98%BF%E8%8E%AB%E8%A5%BF%E6%9E%97%E7%89%87,保留数据库现有分类；站点药理或 ATC 分类明确为抗感染药
already_present,11188,阿莫西林干混悬剂,western,2,2,0.96,适用于敏感菌(不产β-内酰胺酶菌株)所致的下列感染：1.溶血链球菌、肺炎链球菌、葡萄球菌或流感嗜血杆菌所致中耳炎、鼻窦炎、咽炎、扁桃体炎等上呼吸道感染。2.大肠埃希菌、奇异变形杆菌或粪肠球菌所致的泌尿生殖道感染。3.溶血链球菌、葡萄球菌或大肠埃希菌所致的皮肤软组织感染。4.溶血链球菌、肺炎链球菌、葡萄球菌或流感嗜血杆菌所致急性支气管炎、肺炎等下呼吸道感染。5.急性单纯性淋病。6.本品尚可用于治疗伤寒、伤寒带菌者及钩端螺旋体病，亦可与克拉霉素、兰索拉唑三联用药根除胃、十二指肠幽门螺杆菌，降低消化道溃疡复发率。,抗微生物药 | 青霉素类,系统用抗细菌药 | β-内酰胺抗菌药，青霉素类 | 广谱青霉素类,,,,https://www.yao86.com/%E8%A5%BF%E8%8D%AF/%E9%98%BF%E8%8E%AB%E8%A5%BF%E6%9E%97%E5%B9%B2%E6%B7%B7%E6%82%AC%E5%89%82,站点药理或 ATC 分类明确为抗感染药
already_present,11189,阿莫西林胶囊,western,2,2,0.96,阿莫西林适用于敏感菌(不产β内酰胺酶菌株)所致的下列感染：1.溶血链球菌、肺炎链球菌、葡萄球菌或流感嗜血杆菌所致中耳炎、鼻窦炎、咽炎、扁桃体炎等上呼吸道感染。2.大肠埃希菌、奇异变形杆菌或粪肠球菌所致的泌尿生殖道感染。3.溶血链球菌、葡萄球菌或大肠埃希菌所致的皮肤软组织感染。4.溶血链球菌、肺炎链球菌、葡萄球菌或流感嗜血杆菌所致急性支气管炎、肺炎等下呼吸道感染。5.急性单纯性淋病。6.本品尚可用于治疗伤寒、伤寒带菌者及钩端螺旋体病；阿莫西林亦可与克拉霉素、兰索拉唑三联用药根除胃、十二指肠幽门螺杆菌，降低消化道溃疡复发率。,抗微生物药 | 青霉素类,系统用抗细菌药 | β-内酰胺抗菌药，青霉素类 | 广谱青霉素类,,,,https://www.yao86.com/%E8%A5%BF%E8%8D%AF/%E9%98%BF%E8%8E%AB%E8%A5%BF%E6%9E%97%E8%83%B6%E5%9B%8A,站点药理或 ATC 分类明确为抗感染药
already_present,11190,阿莫西林口腔崩解片,western,2,2,0.96,本品为抗生素，其抗菌谱与氨苄青霉素相同，对敏感的革兰阳性球菌和杆菌及革兰阴性菌均有明显的抑制作用。适用于敏感菌所致呼吸道感染、尿路感染、胃肠道感染、败血症、皮肤及软组织感染。,抗微生物药 | 青霉素类,系统用抗细菌药 | β-内酰胺抗菌药，青霉素类 | 广谱青霉素类,,,,https://www.yao86.com/%E8%A5%BF%E8%8D%AF/%E9%98%BF%E8%8E%AB%E8%A5%BF%E6%9E%97%E5%8F%A3%E8%85%94%E5%B4%A9%E8%A7%A3%E7%89%87,站点药理或 ATC 分类明确为抗感染药
already_present,11191,阿莫西林咀嚼片,western,2,2,0.96,对本品敏感细菌引起的上呼吸道感染、咽炎、扁桃体炎、急慢性支气管炎、肺炎、支气管扩张症、尿路感染、皮肤及软组织感染等。,抗微生物药 | 青霉素类,系统用抗细菌药 | β-内酰胺抗菌药，青霉素类 | 广谱青霉素类,,,,https://www.yao86.com/%E8%A5%BF%E8%8D%AF/%E9%98%BF%E8%8E%AB%E8%A5%BF%E6%9E%97%E5%92%80%E5%9A%BC%E7%89%87,站点药理或 ATC 分类明确为抗感染药
review_missing_efficacy,,阿莫西林克拉维酸钾干混悬剂(4:1),western,,2,0.96,,,系统用抗细菌药 | β-内酰胺抗菌药，青霉素类 | 青霉素（含β-内酰胺酶抑制剂）类的复方,,,,https://www.yao86.com/%E8%A5%BF%E8%8D%AF/%E9%98%BF%E8%8E%AB%E8%A5%BF%E6%9E%97%E5%85%8B%E6%8B%89%E7%BB%B4%E9%85%B8%E9%92%BE%E5%B9%B2%E6%B7%B7%E6%82%AC%E5%89%82%284:1%29,站点药理或 ATC 分类明确为抗感染药
review_missing_efficacy,,阿莫西林克拉维酸钾咀嚼片(2:1),western,,2,0.96,,,系统用抗细菌药 | β-内酰胺抗菌药，青霉素类 | 青霉素（含β-内酰胺酶抑制剂）类的复方,,,,https://www.yao86.com/%E8%A5%BF%E8%8D%AF/%E9%98%BF%E8%8E%AB%E8%A5%BF%E6%9E%97%E5%85%8B%E6%8B%89%E7%BB%B4%E9%85%B8%E9%92%BE%E5%92%80%E5%9A%BC%E7%89%87%282:1%29,站点药理或 ATC 分类明确为抗感染药
review_missing_efficacy,,阿莫西林氟氯西林钠胶囊,western,,2,0.96,,,系统用抗细菌药 | β-内酰胺抗菌药，青霉素类 | 青霉素（含β-内酰胺酶抑制剂）类的复方,,,,https://www.yao86.com/%E8%A5%BF%E8%8D%AF/%E9%98%BF%E8%8E%AB%E8%A5%BF%E6%9E%97%E6%B0%9F%E6%B0%AF%E8%A5%BF%E6%9E%97%E9%92%A0%E8%83%B6%E5%9B%8A,站点药理或 ATC 分类明确为抗感染药
review_missing_efficacy,,阿莫西林克拉维酸钾(1:2)颗粒,western,,2,0.96,,,系统用抗细菌药 | β-内酰胺抗菌药，青霉素类 | 青霉素（含β-内酰胺酶抑制剂）类的复方,,,,https://www.yao86.com/%E8%A5%BF%E8%8D%AF/%E9%98%BF%E8%8E%AB%E8%A5%BF%E6%9E%97%E5%85%8B%E6%8B%89%E7%BB%B4%E9%85%B8%E9%92%BE%281:2%29%E9%A2%97%E7%B2%92,站点药理或 ATC 分类明确为抗感染药
review_missing_efficacy,,阿莫西林克拉维酸钾(4:1)咀嚼片,western,,2,0.96,,,系统用抗细菌药 | β-内酰胺抗菌药，青霉素类 | 青霉素（含β-内酰胺酶抑制剂）类的复方,,,,https://www.yao86.com/%E8%A5%BF%E8%8D%AF/%E9%98%BF%E8%8E%AB%E8%A5%BF%E6%9E%97%E5%85%8B%E6%8B%89%E7%BB%B4%E9%85%B8%E9%92%BE%284:1%29%E5%92%80%E5%9A%BC%E7%89%87,站点药理或 ATC 分类明确为抗感染药
review_missing_efficacy,,阿莫西林克拉维酸钾咀嚼片,western,,2,0.96,,,系统用抗细菌药 | β-内酰胺抗菌药，青霉素类 | 青霉素（含β-内酰胺酶抑制剂）类的复方,,,,https://www.yao86.com/%E8%A5%BF%E8%8D%AF/%E9%98%BF%E8%8E%AB%E8%A5%BF%E6%9E%97%E5%85%8B%E6%8B%89%E7%BB%B4%E9%85%B8%E9%92%BE%E5%92%80%E5%9A%BC%E7%89%87,站点药理或 ATC 分类明确为抗感染药
review_missing_efficacy,,阿莫西林克拉维酸钾干混悬剂(14:1),western,,2,0.96,,,系统用抗细菌药 | β-内酰胺抗菌药，青霉素类 | 青霉素（含β-内酰胺酶抑制剂）类的复方,,,,https://www.yao86.com/%E8%A5%BF%E8%8D%AF/%E9%98%BF%E8%8E%AB%E8%A5%BF%E6%9E%97%E5%85%8B%E6%8B%89%E7%BB%B4%E9%85%B8%E9%92%BE%E5%B9%B2%E6%B7%B7%E6%82%AC%E5%89%82%2814:1%29,站点药理或 ATC 分类明确为抗感染药
review_missing_efficacy,,阿莫西林肠溶片,western,,2,0.96,,,系统用抗细菌药 | β-内酰胺抗菌药，青霉素类 | 广谱青霉素类,,,,https://www.yao86.com/%E8%A5%BF%E8%8D%AF/%E9%98%BF%E8%8E%AB%E8%A5%BF%E6%9E%97%E8%82%A0%E6%BA%B6%E7%89%87,站点药理或 ATC 分类明确为抗感染药
review_missing_efficacy,,阿莫西林舒巴坦片,western,,2,0.96,,,系统用抗细菌药 | 抗菌药复方,,,,https://www.yao86.com/%E8%A5%BF%E8%8D%AF/%E9%98%BF%E8%8E%AB%E8%A5%BF%E6%9E%97%E8%88%92%E5%B7%B4%E5%9D%A6%E7%89%87,站点药理或 ATC 分类明确为抗感染药
review_missing_efficacy,,阿莫西林钠克拉维酸钾无菌粉(5:1),western,,,0.0,,,,,,,https://www.yao86.com/%E8%A5%BF%E8%8D%AF/%E9%98%BF%E8%8E%AB%E8%A5%BF%E6%9E%97%E9%92%A0%E5%85%8B%E6%8B%89%E7%BB%B4%E9%85%B8%E9%92%BE%E6%97%A0%E8%8F%8C%E7%B2%89%285:1%29,站点分类无法可靠映射到项目现有类别
already_present,11889,氨碘肽滴眼液,western,9,9,0.94,本品用于早期老年性白内障，玻璃体浑浊等眼病的治疗。,眼科用药 | 其他眼科用药,眼科用药 | 其它眼科用药,,,,https://www.yao86.com/%E8%A5%BF%E8%8D%AF/%E6%B0%A8%E7%A2%98%E8%82%BD%E6%BB%B4%E7%9C%BC%E6%B6%B2,剂型或站点分类明确为局部外用药
already_present,11890,阿桔片,western,1,1,0.95,有镇咳、祛痰作用。用于急性支气管炎及慢性支气管炎等有痰的咳嗽。,呼吸系统用药 | 祛痰药,咳嗽和感冒用药 | 止咳药和祛痰药的复方 | 阿片衍生物和祛痰药类,,,,https://www.yao86.com/%E8%A5%BF%E8%8D%AF/%E9%98%BF%E6%A1%94%E7%89%87,站点药理分类明确为止咳或祛痰药
already_present,27,阿莫西林克拉维酸钾片,western,2,2,0.96,本品用于怀疑由产β-内酰胺酶的耐阿莫西林的细菌造成的感染的短期治疗，其他情况下应考虑单独使用阿莫西林：-上呼吸道感染(包括耳、鼻、喉)：如鼻窦炎、中耳炎、复发性扁桃腺炎。-下呼吸道感染：如慢性支气管炎急性发作(特别是严重者)及支气管肺炎。-生殖泌尿道及腹腔感染：如膀胱炎(特别是感染反复发作或复杂感染，不包括前列腺炎)、流产感染、盆腔炎或产后脓血症，腹腔脓毒症。-皮肤及软组织感染：如蜂窝组织炎、动物咬伤、严重的齿龈脓肿合并蜂窝组织炎。*上述疾病的致病菌属中某些菌株产生β-内酰胺酶，使之对单独使用阿莫西林不敏感。本品可用于治疗阿莫西林敏感菌及产β-内酰胺酶的阿莫西林敏感菌引起的混合感染。这些感染无需增加其他抗β-内酰胺酶的抗生素。,抗微生物药 | 青霉素类,系统用抗细菌药 | β-内酰胺抗菌药，青霉素类 | 青霉素（含β-内酰胺酶抑制剂）类的复方,,,,https://www.yao86.com/%E8%A5%BF%E8%8D%AF/%E9%98%BF%E8%8E%AB%E8%A5%BF%E6%9E%97%E5%85%8B%E6%8B%89%E7%BB%B4%E9%85%B8%E9%92%BE%E7%89%87,保留数据库现有分类；站点药理或 ATC 分类明确为抗感染药
already_present,11891,阿莫西林克拉维酸钾分散片,western,2,2,0.96,本品用于治疗如下条件中指明的微生物的敏感菌株引起的感染：1.下呼吸道感染：由β-内酰胺酶产生菌嗜血杆菌或摩拉克菌引起。2.中耳炎：由β-内酰胺酶产生菌嗜血杆菌或摩拉克菌引起。3.窦炎：由β-内酰胺酶产生菌嗜血杆菌或摩拉克菌引起。4.皮肤及皮肤软组织感染：由β-内酰胺酶产生菌葡萄球菌、大肠杆菌或克雷白杆菌引起。5.尿路感染：由大肠杆菌、克雷白杆菌或肠杆菌引起。尽管本品对以上各种感染有效，但由氨苄青霉素敏感菌引起的感染也可用于本品治疗，其原因是本品含有阿莫西林成分。因此对氨苄青霉素敏感的微生物和产生β-内酰胺酶的微生物引发的复合感染均对本品敏感，不需要再另用其他的抗生素。因为阿莫西林在体外对肺炎链球菌比氨苄青霉素和青霉素更有效，因此对氨苄青霉素或青霉素中性敏感的绝大多数的肺炎链球菌对阿莫西林和本品是完全敏感的。为检测致病菌及其对本品的敏感性，应和外科手术一起进行细菌学试验。当感染可能涉及上述的产生β-内酰胺酶的微生物，通过细菌学和敏感试验得到结果前须开始治疗，以便测得致病菌和其对本品的敏感性。一旦知道结果，如需要，应及时调整治疗方案。,抗微生物药 | 青霉素类,系统用抗细菌药 | β-内酰胺抗菌药，青霉素类 | 青霉素（含β-内酰胺酶抑制剂）类的复方,,,,https://www.yao86.com/%E8%A5%BF%E8%8D%AF/%E9%98%BF%E8%8E%AB%E8%A5%BF%E6%9E%97%E5%85%8B%E6%8B%89%E7%BB%B4%E9%85%B8%E9%92%BE%E5%88%86%E6%95%A3%E7%89%87,站点药理或 ATC 分类明确为抗感染药
already_present,11892,阿莫西林克拉维酸钾咀嚼片(7:1),western,2,2,0.96,本品可用于治疗如下条件中指明的微生物的敏感菌株引起的感染：1、下呼吸系统感染：由β-内酰胺酶产生菌嗜血杆菌或摩拉克菌引起。2、中耳炎：由β-内酰胺酶产生菌嗜血杆菌或摩拉克菌引起。3、窦炎：由β-内酰胺酶产生菌嗜血杆菌或摩拉克菌引起。4、皮肤及皮肤软组织感染：由β-内酰胺酶产生菌葡萄球菌、大肠杆菌或克雷白杆菌引起。5、尿路感染：由大肠杆菌、克雷白杆菌或肠杆菌引起。尽管本品对以上各种感染有效，但由氨苄青霉素敏感菌引起的感染也可用本品治疗，其原因是本品含有阿莫西林成分。因此对氨苄青霉素敏感的微生物和产生β-内酰胺酶的微生物引发的复合感染均对本品敏感，不需要再另用其它他的抗生素。因为阿莫西林在体外对肺炎链球菌比氨苄青霉素和青霉素更有效，因此对氨苄青霉素或青霉素中性敏感的绝大多数的肺炎链球菌对阿莫西林和本品是完全敏感的。为检测致病菌及其对本品的敏感性，应和外科手术一起进行细菌学试验。当感染可能涉及上述的产生β-内酰胺酶的微生物，在细菌学和敏感试验得到结果前须开始治疗，以便测得致病菌和其对本品的敏感性。一旦知道结果，如需要，应及时调整治疗方案。,抗微生物药 | 青霉素类,系统用抗细菌药 | β-内酰胺抗菌药，青霉素类 | 青霉素（含β-内酰胺酶抑制剂）类的复方,,,,https://www.yao86.com/%E8%A5%BF%E8%8D%AF/%E9%98%BF%E8%8E%AB%E8%A5%BF%E6%9E%97%E5%85%8B%E6%8B%89%E7%BB%B4%E9%85%B8%E9%92%BE%E5%92%80%E5%9A%BC%E7%89%87%287:1%29,站点药理或 ATC 分类明确为抗感染药
already_present,11893,阿莫西林克拉维酸钾干混悬剂(7:1),western,2,2,0.96,本品可用于治疗如下条件中指明的微生物的敏感菌株引起的感染：1.下呼吸系统感染：由产生β-内酰胺酶的嗜血杆菌或摩拉克菌引起。2.中耳炎：由产生β-内酰胺酶的嗜血杆菌或摩拉克菌引起。3.鼻窦炎：由产生β-内酰胺酶的嗜血杆菌或摩拉克菌引起。4.皮肤或皮肤软组织感染：由产生β-内酰胺酶的葡萄球菌、大肠杆菌或克雷伯杆菌引起。5.尿路感染：由大肠杆菌、克雷伯杆菌或肠杆菌引起。尽管本品对以上各种感染有效，但由氨苄青霉素敏感菌引起的感染也可用本品治疗，其原因是本品含有阿莫西林成份。因此对氨苄青霉素敏感的微生物和产生β-内酰胺酶的微生物引发的复合感染均对本品敏感，不需要再另用其它的抗生素。因为阿莫西林在体外对肺炎链球菌比氨苄青霉素和青霉素更有效，因此对氨苄青霉素或青霉素中性敏感的绝大多数的肺炎链球菌对阿莫西林和本品是完全敏感的。为检测致病菌及其对本品的敏感性，应进行细菌学试验。当感染可能涉及上述的产生β-内酰胺酶的微生物，在细菌学和敏感试验得到结果前须开始治疗。一旦知道结果，如需要，应及时调整治疗方案。,抗微生物药 | 青霉素类,系统用抗细菌药 | β-内酰胺抗菌药，青霉素类 | 青霉素（含β-内酰胺酶抑制剂）类的复方,,,,https://www.yao86.com/%E8%A5%BF%E8%8D%AF/%E9%98%BF%E8%8E%AB%E8%A5%BF%E6%9E%97%E5%85%8B%E6%8B%89%E7%BB%B4%E9%85%B8%E9%92%BE%E5%B9%B2%E6%B7%B7%E6%82%AC%E5%89%82%287:1%29,站点药理或 ATC 分类明确为抗感染药
already_present,11894,阿莫西林克拉维酸钾胶囊(4:1),western,2,2,0.96,本品适用于敏感菌引起的各种感染，如：1.上呼吸道感染：鼻窦炎、扁桃体炎、咽炎、中耳炎等。2.下呼吸道感染：急性支气管炎、慢性支气管炎急性发作、肺炎、肺脓肿和支气管扩张合并感染等。3.泌尿系统感染：膀胱炎、尿道炎、肾盂肾炎、前列腺炎、盆腔炎、淋球菌尿路感染及软性下疳等。4.皮肤和软组织感染：疖、脓肿、蜂窝组织炎、伤口感染等。5.其他感染：骨髓炎、败血症、腹膜炎和手术后感染等。,抗微生物药 | 青霉素类,系统用抗细菌药 | β-内酰胺抗菌药，青霉素类 | 青霉素（含β-内酰胺酶抑制剂）类的复方,,,,https://www.yao86.com/%E8%A5%BF%E8%8D%AF/%E9%98%BF%E8%8E%AB%E8%A5%BF%E6%9E%97%E5%85%8B%E6%8B%89%E7%BB%B4%E9%85%B8%E9%92%BE%E8%83%B6%E5%9B%8A%284:1%29,站点药理或 ATC 分类明确为抗感染药
already_present,11895,阿莫西林克拉维酸钾分散片（4：1）,western,2,2,0.96,本品可用于治疗如下的敏感菌株引起的感染：1、下呼吸道感染：由产生β-内酰胺酶的嗜血杆菌或摩拉克菌引起。如急性支气管炎、慢性支气管炎急性发作、肺炎、肺脓肿和支气管扩张合并感染；2、耳鼻喉感染：由产生β-内酰胺酶的嗜血杆菌或摩拉克菌引起。如鼻窦炎，中耳炎，扁桃体炎，咽炎；3、皮肤及软组织感染：由产生β-内酰胺酶的葡萄球菌、大肠杆菌或克雷伯杆菌引起。如疖、脓肿、蜂窝组织炎、伤口感染、腹内脓毒症；4、泌尿生殖系统感染：由大肠杆菌、克雷伯杆菌或肠杆菌引起。膀胱炎、尿道炎、肾盂肾炎、盆腔炎、淋球菌性尿路感染及软性下疳等；5、其他感染：骨髓炎、败血症、腹膜炎和手术后感染。由氨苄青霉素敏感菌引起的感染也可用本品治疗，其原因是本品含有阿莫西林成分。因此对氨苄青霉素敏感的微生物和产生β-内酰胺酶的微生物引发的复合感染均对本品敏感，不需要再另用其它的抗生素。因为阿莫西林在体外对肺炎链球菌比氨苄青霉素和青霉素更有效，因此对氨苄青霉素或青霉素中度敏感的绝大多数的肺炎链球菌对阿莫西林和本品是完全敏感的。为检测致病菌及其对本品的敏感性，治疗前应进行细菌学试验。当感染可能涉及上述的产生β-内酰胺酶的微生物，在细菌学和敏感试验得到结果前须开始治疗。一旦知道结果，如需要，应及时调整治疗方案。,抗微生物药 | 青霉素类,系统用抗细菌药 | β-内酰胺抗菌药，青霉素类 | 青霉素（含β-内酰胺酶抑制剂）类的复方,,,,https://www.yao86.com/%E8%A5%BF%E8%8D%AF/%E9%98%BF%E8%8E%AB%E8%A5%BF%E6%9E%97%E5%85%8B%E6%8B%89%E7%BB%B4%E9%85%B8%E9%92%BE%E5%88%86%E6%95%A3%E7%89%87%EF%BC%884%EF%BC%9A1%EF%BC%89,站点药理或 ATC 分类明确为抗感染药
already_present,11896,阿莫西林克拉维酸钾干混悬剂,western,2,2,0.96,本品可用于治疗如下的敏感菌株引起的感染：1.下呼吸道感染：由产生β-内酰胺酶的嗜血杆菌或摩拉克菌引起。如急性支气管炎、慢性支气管炎急性发作、肺炎、肺脓肿和支气管扩张合并感染；2.耳鼻喉感染：由产生β-内酰胺酶的嗜血杆菌或摩拉克菌引起。如鼻窦炎、中耳炎、扁桃体炎、咽炎；3.皮肤和软组织感染：由产生β-内酰胺酶的葡萄球菌、大肠杆菌或克雷伯杆菌引起，如疖、脓肿、蜂窝组织炎、伤口感染、腹内脓毒症；4.泌尿生殖系统感染：由大肠杆菌、克雷伯杆菌或肠杆菌引起。膀胱炎、尿道炎、肾盂肾炎、盆腔炎、淋球菌性尿路感染及软性下疳等；5.其他感染：骨髓炎、败血症、腹膜炎和手术感染。由氨苄青霉素敏感菌引起的感染也可用本品治疗，其原因是本品含有阿莫西林成分。因此对氨苄青霉素敏感的微生物和产生β-内酰胺酶的微生物引发的混合感染对本品敏感，不需要再另用其它的抗生素。因为阿莫西林对体外肺炎链球菌比氨苄青霉素和青霉素更有效，因此对氨苄青霉素或青霉素中度敏感的绝大多数的肺炎链球菌对阿莫西林和本品是完全敏感的。为检测致病菌及其对本品的敏感性，治疗前应进行细菌学试验。当感染可能涉及上述的产生β-内酰胺酶的微生物，在细菌学和敏感试验得到结果前须开始治疗。一旦知道结果，如需要，应及时调整治疗方案。,抗微生物药 | 青霉素类,系统用抗细菌药 | β-内酰胺抗菌药，青霉素类 | 青霉素（含β-内酰胺酶抑制剂）类的复方,,,,https://www.yao86.com/%E8%A5%BF%E8%8D%AF/%E9%98%BF%E8%8E%AB%E8%A5%BF%E6%9E%97%E5%85%8B%E6%8B%89%E7%BB%B4%E9%85%B8%E9%92%BE%E5%B9%B2%E6%B7%B7%E6%82%AC%E5%89%82,站点药理或 ATC 分类明确为抗感染药
already_present,11897,阿莫西林克拉维酸钾片（7:1）,western,2,2,0.96,本品适用于敏感菌引起的各种感染。如：1．上呼吸道感染：扁桃体炎、鼻窦炎、中耳炎等；2．下呼吸道感染：急性及慢性支气管炎、大叶性肺炎、支气管肺炎等；3．生殖泌尿道感染：膀胱炎、尿道炎、肾盂肾炎等；4．皮肤及软组织感染：疖、脓肿、峰窝组织炎、外伤感染等：5．其他感染：牙槽脓肿：骨髓炎；腹腔感染等。,抗微生物药 | 青霉素类,系统用抗细菌药 | β-内酰胺抗菌药，青霉素类 | 青霉素（含β-内酰胺酶抑制剂）类的复方,,,,https://www.yao86.com/%E8%A5%BF%E8%8D%AF/%E9%98%BF%E8%8E%AB%E8%A5%BF%E6%9E%97%E5%85%8B%E6%8B%89%E7%BB%B4%E9%85%B8%E9%92%BE%E7%89%87%EF%BC%887:1%EF%BC%89,站点药理或 ATC 分类明确为抗感染药
already_present,11898,阿莫西林克拉维酸钾咀嚼片(8:1),western,2,2,0.96,本品适用于敏感菌引起的各种中、重度感染，如：1.上呼吸道感染：鼻窦炎、扁桃体炎、咽炎等。2.下呼吸道感染：急性支气管炎、慢性支气管炎急性发作、肺炎、肺脓肿和支气管扩张合并感染等。3.泌尿系统感染：膀胱炎、尿道炎、肾盂肾炎、前列腺炎、盆腔炎、淋球菌尿路感染及软性下疳等。4.皮肤和软组织感染：疖、脓肿、蜂窝组织炎、伤口感染、腹内脓毒症等。5.其他感染：菌血症、骨髓炎、败血症、脑膜炎、腹膜炎、中耳炎和术后感染、血液病或恶性肿瘤病人的合并感染以及监护病房病人的特殊问题如烧伤感染等。,抗微生物药 | 青霉素类,系统用抗细菌药 | β-内酰胺抗菌药，青霉素类 | 青霉素（含β-内酰胺酶抑制剂）类的复方,,,,https://www.yao86.com/%E8%A5%BF%E8%8D%AF/%E9%98%BF%E8%8E%AB%E8%A5%BF%E6%9E%97%E5%85%8B%E6%8B%89%E7%BB%B4%E9%85%B8%E9%92%BE%E5%92%80%E5%9A%BC%E7%89%87%288:1%29,站点药理或 ATC 分类明确为抗感染药
already_present,11899,阿莫西林克拉维酸钾颗粒,western,2,2,0.96,本品可用于治疗如下的敏感菌株引起的感染：1、下呼吸道感染：由产生β-内酰胺酶的嗜血杆菌或摩拉克菌引起。如急性支气管炎、慢性支气管炎急性发作、肺炎、肺脓肿和支气管扩张合并感染；2、耳鼻喉感染：由产生β-内酰胺酶的嗜血杆菌或摩拉克菌引起。如鼻窦炎、中耳炎、扁桃体炎、咽炎；3、皮肤和软组织感染：由产生β-内酰胺酶的葡萄球菌、大肠杆菌或克雷伯杆菌引起。如疖、脓肿、蜂窝组织炎、伤口感染、腹内脓毒症；4、泌尿生殖系统感染：由大肠杆菌、克雷伯杆菌或肠杆菌引起。膀胱炎、尿道炎、肾盂肾炎、盆腔炎、淋球菌性尿路感染及软性下疳等。5、其他感染：骨髓炎、败血症、腹膜炎和手术后感染。由氨苄青霉素敏感菌引起的感染也可用本品治疗，其原因是本品含有阿莫西林成分。因此对氨苄青霉素敏感的微生物和产生β-内酰胺酶的微生物引发的混合感染对本品敏感，不需要再另用其它的抗生素。因为阿莫西林在体外肺炎链球菌比氨苄青霉素和青霉素更有效，因此对氨苄青霉素或青霉素中度敏感的绝大多数的肺炎链球菌对阿莫西林和本品是完全敏感的。为检测致病菌及其对本品的敏感性，治疗前应进行细菌学试验。当感染可能涉及上述的产生β-内酰胺酶的微生物，在细菌学和敏感试验得到结果前须开始治疗。一旦知道结果，如需要，应及时调整治疗方案。,抗微生物药 | 青霉素类,系统用抗细菌药 | β-内酰胺抗菌药，青霉素类 | 青霉素（含β-内酰胺酶抑制剂）类的复方,,,,https://www.yao86.com/%E8%A5%BF%E8%8D%AF/%E9%98%BF%E8%8E%AB%E8%A5%BF%E6%9E%97%E5%85%8B%E6%8B%89%E7%BB%B4%E9%85%B8%E9%92%BE%E9%A2%97%E7%B2%92,站点药理或 ATC 分类明确为抗感染药
already_present,11900,阿莫西林克拉维酸钾咀嚼片(14:1),western,2,2,0.96,1.本品适用于产酶流感嗜血杆菌和卡他莫拉菌所致的下呼吸道感染、中耳炎、鼻窦炎；产酶金黄色葡萄球菌和产酶肠杆菌科细菌如大肠杆菌、克雷伯菌属所致的呼吸道、尿路和皮肤软组织感染等；亦可用于肠球菌所致的轻中度感染。2.本品也可用于敏感不产酶菌所致的上述各种感染。,抗微生物药 | 青霉素类,系统用抗细菌药 | β-内酰胺抗菌药，青霉素类 | 青霉素（含β-内酰胺酶抑制剂）类的复方,,,,https://www.yao86.com/%E8%A5%BF%E8%8D%AF/%E9%98%BF%E8%8E%AB%E8%A5%BF%E6%9E%97%E5%85%8B%E6%8B%89%E7%BB%B4%E9%85%B8%E9%92%BE%E5%92%80%E5%9A%BC%E7%89%87%2814:1%29,站点药理或 ATC 分类明确为抗感染药
already_present,11901,阿莫西林克拉维酸钾分散片(14：1),western,2,2,0.96,本品适用于肺炎链球菌、流感嗜血杆菌（包括产β－内酰胺酶菌株）、卡他莫拉菌（包括产β－内酰胺酶菌株）引起的反复发作或难治性急性小儿中耳炎。,抗微生物药 | 青霉素类,系统用抗细菌药 | β-内酰胺抗菌药，青霉素类 | 青霉素（含β-内酰胺酶抑制剂）类的复方,,,,https://www.yao86.com/%E8%A5%BF%E8%8D%AF/%E9%98%BF%E8%8E%AB%E8%A5%BF%E6%9E%97%E5%85%8B%E6%8B%89%E7%BB%B4%E9%85%B8%E9%92%BE%E5%88%86%E6%95%A3%E7%89%87%2814%EF%BC%9A1%29,站点药理或 ATC 分类明确为抗感染药
already_present,11902,阿莫西林克拉维酸钾分散片(7：1),western,2,2,0.96,本品适用于敏感菌引起的各种感染，如：1.上呼吸道感染：鼻窦炎、扁桃体炎、咽炎等。2.下呼吸道感染：急性支气管炎、慢性支气管炎急性发作、肺炎、肺脓肿和支气管合并感染等。3.泌尿系统感染：膀胱炎、尿道炎、肾盂肾炎、前列腺炎、盆腔炎、淋病奈瑟菌尿路感染及软性下疳等。4.皮肤和软组织感染：疖、脓肿、蜂窝组织炎、伤口感染、腹内脓毒症等。5.其他感染：中耳炎、骨髓炎、败血症、腹膜炎和手术后感染等。,抗微生物药 | 青霉素类,系统用抗细菌药 | β-内酰胺抗菌药，青霉素类 | 青霉素（含β-内酰胺酶抑制剂）类的复方,,,,https://www.yao86.com/%E8%A5%BF%E8%8D%AF/%E9%98%BF%E8%8E%AB%E8%A5%BF%E6%9E%97%E5%85%8B%E6%8B%89%E7%BB%B4%E9%85%B8%E9%92%BE%E5%88%86%E6%95%A3%E7%89%87%287%EF%BC%9A1%29,站点药理或 ATC 分类明确为抗感染药
imported,13988,阿贝西利片,western,,14,0.96,用于激素受体(HR)阳性、人表皮生长因子受体2(HER2)阴性的局部晚期或转移性乳腺癌：(1)与芳香化酶抑制剂联合使用作为绝经后女性患者的初始内分泌治疗。(2)唯择阿贝西利片与氟维司群联合用于既往曾接受内分泌治疗后出现疾病进展的患者。,抗肿瘤药 | 抗肿瘤靶向药,抗肿瘤药 | 蛋白激酶抑制剂 | 细胞周期蛋白依赖性激酶(CDK)抑制剂,,,,https://www.yao86.com/%E8%A5%BF%E8%8D%AF/%E9%98%BF%E8%B4%9D%E8%A5%BF%E5%88%A9%E7%89%87,站点药理或 ATC 分类明确为妇科用药
review_unclassified,,阿仑膦酸钠维D3片(Ⅱ),western,,,0.0,本品适用于：·治疗绝经后妇女骨质疏松症以增加骨量，并降低骨折发生率，包括髋部和椎骨骨折(椎体压缩性骨折)。·治疗男性骨质疏松症以增加骨量。,激素及影响内分泌药 | 钙代谢调节药及抗骨质疏松药,骨病治疗药 | 影响骨结构与其矿物质化的药物 | 双膦酸盐类，复方,,,,https://www.yao86.com/%E8%A5%BF%E8%8D%AF/%E9%98%BF%E4%BB%91%E8%86%A6%E9%85%B8%E9%92%A0%E7%BB%B4D3%E7%89%87%28%E2%85%A1%29,站点分类无法可靠映射到项目现有类别
review_unclassified,,阿仑膦酸钠维D3片,western,,,0.0,本品适用于：•治疗绝经后妇女骨质疏松症以增加骨量，并降低骨折发生率，包括髋部和椎骨骨折(椎体压缩性骨折)。•治疗男性骨质疏松症以增加骨量。,激素及影响内分泌药 | 钙代谢调节药及抗骨质疏松药,骨病治疗药 | 影响骨结构与其矿物质化的药物 | 双膦酸盐类，复方,,,,https://www.yao86.com/%E8%A5%BF%E8%8D%AF/%E9%98%BF%E4%BB%91%E8%86%A6%E9%85%B8%E9%92%A0%E7%BB%B4D3%E7%89%87,站点分类无法可靠映射到项目现有类别
already_present,11903,阿司匹林维生素C咀嚼片,western,3,3,0.94,用于感冒或流感引起的发热、头痛、周身酸痛。,镇痛、解热、抗炎、抗风湿、抗痛风药 | 解热镇痛、抗炎、抗风湿药,镇痛药 | 其它解热镇痛药 | 水杨酸与其衍生物,,,,https://www.yao86.com/%E8%A5%BF%E8%8D%AF/%E9%98%BF%E5%8F%B8%E5%8C%B9%E6%9E%97%E7%BB%B4%E7%94%9F%E7%B4%A0C%E5%92%80%E5%9A%BC%E7%89%87,站点药理或 ATC 分类明确为镇痛/抗炎药
reclassified_existing,11904,阿司匹林维生素C分散片,western,3,14,0.96,用于缓解普通感冒或流行性感冒引起的发热，也可缓解轻至中度疼痛如头痛、关节痛、偏头痛、牙痛、肌肉痛、神经痛、痛经。,镇痛、解热、抗炎、抗风湿、抗痛风药 | 解热镇痛、抗炎、抗风湿药,镇痛药 | 其它解热镇痛药 | 水杨酸与其衍生物,,,,https://www.yao86.com/%E8%A5%BF%E8%8D%AF/%E9%98%BF%E5%8F%B8%E5%8C%B9%E6%9E%97%E7%BB%B4%E7%94%9F%E7%B4%A0C%E5%88%86%E6%95%A3%E7%89%87,站点药理或 ATC 分类明确为妇科用药
already_present,11905,阿司匹林维生素C肠溶片,western,3,3,0.94,用于缓解感冒或流感引起的发热、头痛、周身酸痛。,镇痛、解热、抗炎、抗风湿、抗痛风药 | 解热镇痛、抗炎、抗风湿药,镇痛药 | 其它解热镇痛药 | 水杨酸与其衍生物,,,,https://www.yao86.com/%E8%A5%BF%E8%8D%AF/%E9%98%BF%E5%8F%B8%E5%8C%B9%E6%9E%97%E7%BB%B4%E7%94%9F%E7%B4%A0C%E8%82%A0%E6%BA%B6%E7%89%87,站点药理或 ATC 分类明确为镇痛/抗炎药
reclassified_existing,11906,阿司匹林维生素C泡腾片,western,3,14,0.96,用于普通感冒或流感引起的发热，也用于缓解轻至中度疼痛如头痛、关节痛、偏头痛、牙痛、肌肉痛、神经痛、痛经。,镇痛、解热、抗炎、抗风湿、抗痛风药 | 解热镇痛、抗炎、抗风湿药,镇痛药 | 其它解热镇痛药 | 水杨酸与其衍生物,,,,https://www.yao86.com/%E8%A5%BF%E8%8D%AF/%E9%98%BF%E5%8F%B8%E5%8C%B9%E6%9E%97%E7%BB%B4%E7%94%9F%E7%B4%A0C%E6%B3%A1%E8%85%BE%E7%89%87,站点药理或 ATC 分类明确为妇科用药
already_present,11907,盐酸阿莫罗芬搽剂,western,9,9,0.96,本品用于治疗敏感真菌引起的指(趾)甲感染。,抗微生物药 | 抗真菌药,皮肤病用抗真菌药 | 局部用抗真菌药 | 局部用其它抗真菌药,,,,https://www.yao86.com/%E8%A5%BF%E8%8D%AF/%E7%9B%90%E9%85%B8%E9%98%BF%E8%8E%AB%E7%BD%97%E8%8A%AC%E6%90%BD%E5%89%82,外用剂型且站点 ATC 分类明确为皮肤局部用药
already_present,11908,盐酸阿莫罗芬乳膏,western,9,9,0.96,由敏感皮肤真菌引起的皮肤真菌病：足癣(脚癣，运动员脚)，股癣，体癣，皮肤念珠菌病。,抗微生物药 | 抗真菌药,皮肤病用抗真菌药 | 局部用抗真菌药 | 局部用其它抗真菌药,,,,https://www.yao86.com/%E8%A5%BF%E8%8D%AF/%E7%9B%90%E9%85%B8%E9%98%BF%E8%8E%AB%E7%BD%97%E8%8A%AC%E4%B9%B3%E8%86%8F,外用剂型且站点 ATC 分类明确为皮肤局部用药
already_present,11909,八厘散,tcm,13,13,0.9,活血消肿，舒筋接骨。用于跌打损伤，内折筋伤，瘀血作痛，外用止血。,理血剂 | 活血化瘀,肌肉-骨骼系统药物 | 关节和肌肉疼痛局部用药,,,,https://www.yao86.com/%E4%B8%AD%E6%88%90%E8%8D%AF/%E5%85%AB%E5%8E%98%E6%95%A3,站点明确收录为中成药，未命中更具体项目类别
already_present,11910,八宝玉枢丸,tcm,13,13,0.9,时疫传染，伤寒郁热，烦乱狂言，胸膈滞寒，山岚瘴气。,安神剂 | 重镇安神,神经系统药物 | 精神安定药 | 抗焦虑药,,,,https://www.yao86.com/%E4%B8%AD%E6%88%90%E8%8D%AF/%E5%85%AB%E5%AE%9D%E7%8E%89%E6%9E%A2%E4%B8%B8,站点明确收录为中成药，未命中更具体项目类别
already_present,11911,柏子仁丸,tcm,13,13,0.9,养心安神，和胃固卫。用于阴虚火旺，夜寐不安，盗汗。,安神剂 | 补养安神,神经系统药物 | 精神安定药 | 催眠镇静药,,,,https://www.yao86.com/%E4%B8%AD%E6%88%90%E8%8D%AF/%E6%9F%8F%E5%AD%90%E4%BB%81%E4%B8%B8,站点明确收录为中成药，未命中更具体项目类别
already_present,11912,八角茴香水,tcm,5,5,0.93,矫味，驱风等。用于健胃止呕，呕吐腹痛等症。,治风剂 | 祛风止痛,消化系统与代谢药 | 胃病相关药物,,,,https://www.yao86.com/%E4%B8%AD%E6%88%90%E8%8D%AF/%E5%85%AB%E8%A7%92%E8%8C%B4%E9%A6%99%E6%B0%B4,站点药理或 ATC 分类明确为胃肠消化用药
already_present,11913,八味小檗皮胶囊,tcm,13,13,0.9,消炎止痛，固精止血。用于尿道感染、尿痛、白浊、血尿、滑精等。,固涩剂 | 其它,生殖泌尿系统药物 | 泌尿系统药物 | 抗生殖泌尿系统感染药物,,,,https://www.yao86.com/%E4%B8%AD%E6%88%90%E8%8D%AF/%E5%85%AB%E5%91%B3%E5%B0%8F%E6%AA%97%E7%9A%AE%E8%83%B6%E5%9B%8A,站点明确收录为中成药，未命中更具体项目类别
already_present,11914,八味小檗皮散,tcm,13,13,0.9,消炎止痛，固精止血。用于尿道感染引起的尿频、尿急、尿痛、血尿，亦可用于白浊、滑精。,固涩剂 | 其它,生殖泌尿系统药物 | 泌尿系统药物 | 抗生殖泌尿系统感染药物,,,,https://www.yao86.com/%E4%B8%AD%E6%88%90%E8%8D%AF/%E5%85%AB%E5%91%B3%E5%B0%8F%E6%AA%97%E7%9A%AE%E6%95%A3,站点明确收录为中成药，未命中更具体项目类别
already_present,11915,八味痛经胶囊,tcm,14,14,0.96,活血调经，化瘀止痛。用于经行不畅，色紫成块，行经腹痛。,理血剂 | 理血调经,生殖泌尿系统药物 | 妇科用药 | 调经药物,,,,https://www.yao86.com/%E4%B8%AD%E6%88%90%E8%8D%AF/%E5%85%AB%E5%91%B3%E7%97%9B%E7%BB%8F%E8%83%B6%E5%9B%8A,站点药理或 ATC 分类明确为妇科用药
already_present,11916,八味痛经颗粒,tcm,14,14,0.96,活血调经，化瘀止痛。用于经行不畅，色紫成块，行经腹痛。,理血剂 | 理血调经,生殖泌尿系统药物 | 妇科用药 | 调经药物,,,,https://www.yao86.com/%E4%B8%AD%E6%88%90%E8%8D%AF/%E5%85%AB%E5%91%B3%E7%97%9B%E7%BB%8F%E9%A2%97%E7%B2%92,站点药理或 ATC 分类明确为妇科用药
already_present,11917,八味痛经片,tcm,14,14,0.96,活血调经，化瘀止痛。用于经行不畅，色紫成块，行经腹痛。,理血剂 | 理血调经,生殖泌尿系统药物 | 妇科用药 | 调经药物,,,,https://www.yao86.com/%E4%B8%AD%E6%88%90%E8%8D%AF/%E5%85%AB%E5%91%B3%E7%97%9B%E7%BB%8F%E7%89%87,站点药理或 ATC 分类明确为妇科用药
already_present,11918,苯甲酸阿格列汀片,western,11,11,0.95,本品适用于治疗2型糖尿病。单药治疗本品作为饮食控制和运动的辅助治疗，用于改善2型糖尿病患者的血糖控制。与盐酸二甲双胍联合使用当单独使用盐酸二甲双胍仍不能有效控制血糖时，本品可与盐酸二甲双胍联合使用，在饮食和运动基础上改善2型糖尿病患者的血糖控制。重要的使用限制由于对1型糖尿病和糖尿病酮症酸中毒的有效性尚未确定，故本品不用于1型糖尿病或糖尿病酮症酸中毒的患者。,激素及影响内分泌药 | 胰岛素及口服降血糖药,糖尿病用药 | 非胰岛素类降血糖药 | 二肽基肽酶4(DPP-4)抑制剂,,,,https://www.yao86.com/%E8%A5%BF%E8%8D%AF/%E8%8B%AF%E7%94%B2%E9%85%B8%E9%98%BF%E6%A0%BC%E5%88%97%E6%B1%80%E7%89%87,站点药理或 ATC 分类明确为慢性病长期用药
already_present,11919,苯噻啶片,western,3,3,0.94,主要用于先兆性和非先兆性偏头痛的预防和治疗，能减轻症状及发作次数。也可试用于红斑性肢痛症、血管神经性水肿、慢性荨麻疹、皮肤划痕症以及房性、室性早搏等。,镇痛、解热、抗炎、抗风湿、抗痛风药 | 镇痛药,镇痛药 | 抗偏头痛药 | 其它抗偏头痛药,,,,https://www.yao86.com/%E8%A5%BF%E8%8D%AF/%E8%8B%AF%E5%99%BB%E5%95%B6%E7%89%87,站点药理或 ATC 分类明确为镇痛/抗炎药
already_present,11920,吡嘧司特钾滴眼液,western,9,9,0.94,本品用于过敏性结膜炎、春季卡他性结膜炎。,呼吸系统用药 | 平喘药,眼科用药 | 减充血药和抗变态反应药 | 其它抗变态反应药,,,,https://www.yao86.com/%E8%A5%BF%E8%8D%AF/%E5%90%A1%E5%98%A7%E5%8F%B8%E7%89%B9%E9%92%BE%E6%BB%B4%E7%9C%BC%E6%B6%B2,剂型或站点分类明确为局部外用药
already_present,11921,吡嘧司特钾片,western,17,17,0.96,用于过敏性鼻炎、支气管哮喘。,呼吸系统用药 | 平喘药,阻塞性气管疾病用药 | 其它阻塞性气管病系统用药 | 白三烯受体拮抗药,,,,https://www.yao86.com/%E8%A5%BF%E8%8D%AF/%E5%90%A1%E5%98%A7%E5%8F%B8%E7%89%B9%E9%92%BE%E7%89%87,人工分类边界：西药支气管扩张剂归其它
already_present,11922,吡嘧司特钾分散片,western,17,17,0.96,用于过敏性鼻炎、支气管哮喘。,呼吸系统用药 | 平喘药,阻塞性气管疾病用药 | 其它阻塞性气管病系统用药 | 白三烯受体拮抗药,尼尔平,,,https://www.yao86.com/%E8%A5%BF%E8%8D%AF/%E5%90%A1%E5%98%A7%E5%8F%B8%E7%89%B9%E9%92%BE%E5%88%86%E6%95%A3%E7%89%87,人工分类边界：西药支气管扩张剂归其它
already_present,11923,盐酸苯乙双胍片,western,11,11,0.95,用于单纯饮食控制不满意的2型糖尿病人，尤其是肥胖者和伴高胰岛素血症者，用本品不仅有降血糖作用，还可能有助于减轻体重和高胰岛素血症的效果。对某些经磺酰脲类治疗效差的糖尿病患者，本品与磺酰脲类降血糖药合用，可产生协同作用，较分别单用的效果更好。,激素及影响内分泌药 | 胰岛素及口服降血糖药,糖尿病用药 | 非胰岛素类降血糖药 | 双胍类,,,,https://www.yao86.com/%E8%A5%BF%E8%8D%AF/%E7%9B%90%E9%85%B8%E8%8B%AF%E4%B9%99%E5%8F%8C%E8%83%8D%E7%89%87,站点药理或 ATC 分类明确为慢性病长期用药
already_present,11924,苯甲酸苄酯搽剂,western,9,9,0.94,用于疥疮，也用于体虱、头虱和阴虱。,皮肤科用药 | 其他皮肤科药,抗原虫药 | 抗阿米巴病和其它原虫病用药 | 其它抗阿米巴病和其它原虫病用药,,,,https://www.yao86.com/%E8%A5%BF%E8%8D%AF/%E8%8B%AF%E7%94%B2%E9%85%B8%E8%8B%84%E9%85%AF%E6%90%BD%E5%89%82,剂型或站点分类明确为局部外用药
review_missing_efficacy,,苯甲酸苄酯凝胶,western,,9,0.94,,,抗体外寄生虫药（包括杀疥虫药、杀虫剂及驱虫剂） | 抗体外寄生虫药（含杀疥螨药） | 其它抗体外寄生虫药，含杀疥螨药,,,,https://www.yao86.com/%E8%A5%BF%E8%8D%AF/%E8%8B%AF%E7%94%B2%E9%85%B8%E8%8B%84%E9%85%AF%E5%87%9D%E8%83%B6,剂型或站点分类明确为局部外用药
already_present,11925,苯磺贝他斯汀片,western,8,8,0.96,1.过敏性鼻炎；2.荨麻疹；3.皮肤疾病引起的瘙痒(湿疹·皮炎、痒疹、皮肤瘙痒症)。,抗变态反应药 | 抗组胺药,系统用抗组胺药 | 系统用其它抗组胺药,,,,https://www.yao86.com/%E8%A5%BF%E8%8D%AF/%E8%8B%AF%E7%A3%BA%E8%B4%9D%E4%BB%96%E6%96%AF%E6%B1%80%E7%89%87,站点药理分类明确为抗过敏药
already_present,11926,穿金益肝片,tcm,5,5,0.93,清热利湿、解毒退黄。用于黄疸、胁痛及急慢性肝炎属肝胆湿热证者。,祛湿剂 | 清热除湿,消化系统与代谢药 | 肝、胆疾病治疗药 | 肝病治疗药,,,,https://www.yao86.com/%E4%B8%AD%E6%88%90%E8%8D%AF/%E7%A9%BF%E9%87%91%E7%9B%8A%E8%82%9D%E7%89%87,站点药理或 ATC 分类明确为胃肠消化用药
already_present,11927,催乳颗粒,tcm,14,14,0.96,益气养血，通络下乳。用于产后气血虚弱所致的缺乳、少乳。,补益剂 | 气血双补,生殖泌尿系统药物 | 妇科用药 | 催乳药物,,,,https://www.yao86.com/%E4%B8%AD%E6%88%90%E8%8D%AF/%E5%82%AC%E4%B9%B3%E9%A2%97%E7%B2%92,站点药理或 ATC 分类明确为妇科用药
already_present,11928,参茯益气安神合剂,tcm,13,13,0.9,益气健脾，养心安神。适用于心脾两虚所致的心悸怔忡，失眠健忘，头晕眼花，面色萎黄，食少倦怠等症。,安神剂 | 补养安神,神经系统药物 | 精神安定药 | 催眠镇静药,,,,https://www.yao86.com/%E4%B8%AD%E6%88%90%E8%8D%AF/%E5%8F%82%E8%8C%AF%E7%9B%8A%E6%B0%94%E5%AE%89%E7%A5%9E%E5%90%88%E5%89%82,站点明确收录为中成药，未命中更具体项目类别
already_present,11929,参棘软膏,tcm,9,9,0.94,益气，活血。用于改善气虚血瘀所致黄褐斑，兼见倦怠乏力，面色少华。,理血剂 | 益气活血,皮肤病药物 | 其它治疗皮肤病药物,,,,https://www.yao86.com/%E4%B8%AD%E6%88%90%E8%8D%AF/%E5%8F%82%E6%A3%98%E8%BD%AF%E8%86%8F,剂型或站点分类明确为局部外用药
review_missing_efficacy,,参牛胶囊,tcm,,13,0.9,暂无数据,理血剂 | 益气活血,补气补血药物 | 其他补气补血药物,,,,https://www.yao86.com/%E4%B8%AD%E6%88%90%E8%8D%AF/%E5%8F%82%E7%89%9B%E8%83%B6%E5%9B%8A,站点明确收录为中成药，未命中更具体项目类别
review_missing_efficacy,,虫草壮元酒,tcm,,13,0.9,,,,,,,https://www.yao86.com/%E4%B8%AD%E6%88%90%E8%8D%AF/%E8%99%AB%E8%8D%89%E5%A3%AE%E5%85%83%E9%85%92,站点明确收录为中成药，未命中更具体项目类别
already_present,11930,菖蒲四味胶囊（述达格-4）,tcm,13,13,0.9,镇“巴达干赫依”，消喘止痛。用于隔肌痉挛，胸闷气短，胸肋刺痛，消化不良。,理气剂 | 理气和中,,,,,https://www.yao86.com/%E4%B8%AD%E6%88%90%E8%8D%AF/%E8%8F%96%E8%92%B2%E5%9B%9B%E5%91%B3%E8%83%B6%E5%9B%8A%EF%BC%88%E8%BF%B0%E8%BE%BE%E6%A0%BC-4%EF%BC%89,站点明确收录为中成药，未命中更具体项目类别
already_present,11931,菖蒲四味丸,tcm,5,5,0.93,镇“巴达于赫依”，消喘止痛。用于隔肌痉挛，胸闷气短，胸肋刺痛。消化不良。,消食剂 | 健脾消食,消化系统与代谢药 | 提升食欲、促消化药,,,,https://www.yao86.com/%E4%B8%AD%E6%88%90%E8%8D%AF/%E8%8F%96%E8%92%B2%E5%9B%9B%E5%91%B3%E4%B8%B8,站点药理或 ATC 分类明确为胃肠消化用药
already_present,11932,菖蒲四味胶囊,tcm,5,5,0.93,镇“巴达干赫依”，消喘止痛。用于隔肌痉挛，胸闷气短，胸肋刺痛，消化不良。,消食剂 | 健脾消食,消化系统与代谢药 | 提升食欲、促消化药,,,,https://www.yao86.com/%E4%B8%AD%E6%88%90%E8%8D%AF/%E8%8F%96%E8%92%B2%E5%9B%9B%E5%91%B3%E8%83%B6%E5%9B%8A,站点药理或 ATC 分类明确为胃肠消化用药
already_present,11933,苯扎贝特片,western,11,11,0.95,用于治疗高甘油三酯血症、高胆固醇血症、混合型高脂血症。,心血管系统用药 | 调脂及抗动脉粥样硬化药,血脂调节剂 | 血脂调节剂，单方 | 贝特类,阿贝他,,,https://www.yao86.com/%E8%A5%BF%E8%8D%AF/%E8%8B%AF%E6%89%8E%E8%B4%9D%E7%89%B9%E7%89%87,站点药理或 ATC 分类明确为慢性病长期用药
already_present,11934,苯扎贝特胶囊,western,11,11,0.95,用于治疗高甘油三酯血症、高胆固醇血症、混合型高脂血症。,心血管系统用药 | 调脂及抗动脉粥样硬化药,血脂调节剂 | 血脂调节剂，单方 | 贝特类,,,,https://www.yao86.com/%E8%A5%BF%E8%8D%AF/%E8%8B%AF%E6%89%8E%E8%B4%9D%E7%89%B9%E8%83%B6%E5%9B%8A,站点药理或 ATC 分类明确为慢性病长期用药
already_present,11935,苯扎贝特分散片,western,11,11,0.95,用于治疗高甘油三酯血症、高胆固醇血症、混合型高脂血症。,心血管系统用药 | 调脂及抗动脉粥样硬化药,血脂调节剂 | 血脂调节剂，单方 | 贝特类,,,,https://www.yao86.com/%E8%A5%BF%E8%8D%AF/%E8%8B%AF%E6%89%8E%E8%B4%9D%E7%89%B9%E5%88%86%E6%95%A3%E7%89%87,站点药理或 ATC 分类明确为慢性病长期用药
review_missing_efficacy,,苯扎贝特缓释片,western,,11,0.95,,,血脂调节剂 | 血脂调节剂，单方 | 贝特类,,,,https://www.yao86.com/%E8%A5%BF%E8%8D%AF/%E8%8B%AF%E6%89%8E%E8%B4%9D%E7%89%B9%E7%BC%93%E9%87%8A%E7%89%87,站点药理或 ATC 分类明确为慢性病长期用药
review_unclassified,,盐酸苯海索片,western,,,0.0,用于帕金森病、帕金森综合征。也可用于药物引起的锥体外系疾患。,神经系统用药 | 抗震颤麻痹药,抗震颤麻痹药 | 抗胆碱能药 | 叔胺类,,,,https://www.yao86.com/%E8%A5%BF%E8%8D%AF/%E7%9B%90%E9%85%B8%E8%8B%AF%E6%B5%B7%E7%B4%A2%E7%89%87,站点分类无法可靠映射到项目现有类别
already_present,11936,铋镁豆蔻胶囊,western,5,5,0.93,制酸药，用于胃酸过多而引起的胃痛。,消化系统用药 | 抗酸药及抗溃疡病药,治疗与胃酸分泌相关疾病的药物 | 治酸药 | 镁化合物类,,,,https://www.yao86.com/%E8%A5%BF%E8%8D%AF/%E9%93%8B%E9%95%81%E8%B1%86%E8%94%BB%E8%83%B6%E5%9B%8A,站点药理或 ATC 分类明确为胃肠消化用药
review_unclassified,,吡贝地尔缓释片,western,,,0.0,-用于帕金森病的治疗：·作为单药治疗·与左旋多巴联合用药,神经系统用药 | 抗震颤麻痹药,抗震颤麻痹药 | 多巴胺能类药 | 多巴胺促效药类,泰舒达 Trastal,,,https://www.yao86.com/%E8%A5%BF%E8%8D%AF/%E5%90%A1%E8%B4%9D%E5%9C%B0%E5%B0%94%E7%BC%93%E9%87%8A%E7%89%87,站点分类无法可靠映射到项目现有类别
review_missing_efficacy,,丙氧氨酚复方片,western,,3,0.94,,,镇痛药 | 阿片碱类 | 二苯丙胺衍生物,,,,https://www.yao86.com/%E8%A5%BF%E8%8D%AF/%E4%B8%99%E6%B0%A7%E6%B0%A8%E9%85%9A%E5%A4%8D%E6%96%B9%E7%89%87,站点药理或 ATC 分类明确为镇痛/抗炎药
review_missing_efficacy,,丙氧匹林片,western,,3,0.94,,,镇痛药 | 阿片碱类 | 二苯丙胺衍生物,,,,https://www.yao86.com/%E8%A5%BF%E8%8D%AF/%E4%B8%99%E6%B0%A7%E5%8C%B9%E6%9E%97%E7%89%87,站点药理或 ATC 分类明确为镇痛/抗炎药
review_missing_efficacy,,薄荷尿素贴膏,western,,9,0.94,用于手、足皲裂。,皮肤科用药 | 角质溶解药,润肤药和护肤药 | 脲类,,,,https://www.yao86.com/%E8%A5%BF%E8%8D%AF/%E8%96%84%E8%8D%B7%E5%B0%BF%E7%B4%A0%E8%B4%B4%E8%86%8F,剂型或站点分类明确为局部外用药
already_present,11937,倍他胡萝卜素软胶囊,western,7,7,0.96,用于红细胞生成性原卟啉症。,维生素、矿物质类药 | 维生素,维生素类 | 维生素A和维生素D，含两者的复方 | 维生素A，单方,克瑞特,,,https://www.yao86.com/%E8%A5%BF%E8%8D%AF/%E5%80%8D%E4%BB%96%E8%83%A1%E8%90%9D%E5%8D%9C%E7%B4%A0%E8%BD%AF%E8%83%B6%E5%9B%8A,站点药理或 ATC 分类明确为维生素/矿物质
already_present,11938,倍他胡萝卜素胶囊,western,7,7,0.96,用于各种原因所致的倍他胡萝卜素不足、缺乏症或需求增加。,维生素、矿物质类药 | 维生素,维生素类 | 维生素A和维生素D，含两者的复方 | 维生素A，单方,贝西迪®,,,https://www.yao86.com/%E8%A5%BF%E8%8D%AF/%E5%80%8D%E4%BB%96%E8%83%A1%E8%90%9D%E5%8D%9C%E7%B4%A0%E8%83%B6%E5%9B%8A,站点药理或 ATC 分类明确为维生素/矿物质
already_present,11939,倍他胡萝卜素咀嚼片,western,7,7,0.96,用于红细胞生成性原卜啉症。,维生素、矿物质类药 | 维生素,维生素类 | 维生素A和维生素D，含两者的复方 | 维生素A，单方,,,,https://www.yao86.com/%E8%A5%BF%E8%8D%AF/%E5%80%8D%E4%BB%96%E8%83%A1%E8%90%9D%E5%8D%9C%E7%B4%A0%E5%92%80%E5%9A%BC%E7%89%87,站点药理或 ATC 分类明确为维生素/矿物质
already_present,11940,比索洛尔氢氯噻嗪片,western,12,12,0.95,轻、中度原发性高血压。,心血管系统用药 | 抗心绞痛药,β-受体阻断药 | β-受体阻断药和噻嗪类利尿剂的复方 | 选择性β-受体阻断药和噻嗪类利尿剂的复方,,,,https://www.yao86.com/%E8%A5%BF%E8%8D%AF/%E6%AF%94%E7%B4%A2%E6%B4%9B%E5%B0%94%E6%B0%A2%E6%B0%AF%E5%99%BB%E5%97%AA%E7%89%87,站点药理或 ATC 分类明确为心脑血管用药
reclassified_existing,11941,参丹散结胶囊,tcm,1,14,0.96,益气健脾、理气化痰、活血祛瘀。合并化疗具有改善原发性非小细胞肺癌、胃肠癌、乳腺癌中医脾虚痰瘀证所致的气短、面色晄白、胸痛、纳谷少馨、胸胁胀满等症状的作用，可提高患者化疗期间的生活质量。对原发性非小细胞肺癌合并NP(NVB、PDD)及MVP(MMC、VDS、PDD)方案化疗时，在抑制肿瘤方面具有一定的辅助治疗作用。,祛痰剂 | 化痰散结,肿瘤药物 | 肿瘤辅助药物,,,,https://www.yao86.com/%E4%B8%AD%E6%88%90%E8%8D%AF/%E5%8F%82%E4%B8%B9%E6%95%A3%E7%BB%93%E8%83%B6%E5%9B%8A,站点药理或 ATC 分类明确为妇科用药
already_present,11942,长春宝口服液,tcm,13,13,0.9,补益气血，调和阴阳，滋肝肾，健脾胃，强筋骨。用于中老年人身体虚弱，肝肾亏损所致的精神疲乏，头晕目眩，腰腿酸软，眼花耳鸣，健忘失眠，心悸，气短，浮肿，夜多小便等症；也可作为高脂血症的高血压病人的辅助治疗。,补益剂 | 气血阴阳并补,生殖泌尿系统药物 | 泌尿系统药物 | 补肾药物（勃起机能障碍用药）,,,,https://www.yao86.com/%E4%B8%AD%E6%88%90%E8%8D%AF/%E9%95%BF%E6%98%A5%E5%AE%9D%E5%8F%A3%E6%9C%8D%E6%B6%B2,站点明确收录为中成药，未命中更具体项目类别
already_present,11943,长春宝丸,tcm,13,13,0.9,补益气血，调和阴阳，滋肝肾，健脾胃，强筋骨。用于中老年人身体虚弱，肝肾亏损所致的精神疲乏，头晕目眩，腰腿酸软，眼花耳鸣，健忘失眠，心悸，气短，浮肿，夜多小便等症；也可作为高脂血症及高血压病人的辅助治疗药。,补益剂 | 气血阴阳并补,生殖泌尿系统药物 | 泌尿系统药物 | 补肾药物（勃起机能障碍用药）,,,,https://www.yao86.com/%E4%B8%AD%E6%88%90%E8%8D%AF/%E9%95%BF%E6%98%A5%E5%AE%9D%E4%B8%B8,站点明确收录为中成药，未命中更具体项目类别
already_present,11944,沉香化气胶囊,tcm,5,5,0.93,理气疏肝，消积和胃。用于肝胃气滞，脘腹胀痛，胸膈痞满，不思饮食，嗳气泛酸。,理气剂 | 理气疏肝,消化系统与代谢药 | 提升食欲、促消化药,,,,https://www.yao86.com/%E4%B8%AD%E6%88%90%E8%8D%AF/%E6%B2%89%E9%A6%99%E5%8C%96%E6%B0%94%E8%83%B6%E5%9B%8A,站点药理或 ATC 分类明确为胃肠消化用药
already_present,11945,沉香化气片,tcm,5,5,0.93,理气疏肝，消积和胃。用于肝胃气滞，脘腹胀痛，胸膈痞满，不思饮食，嗳气泛酸。,理气剂 | 理气疏肝,消化系统与代谢药 | 提升食欲、促消化药,,,,https://www.yao86.com/%E4%B8%AD%E6%88%90%E8%8D%AF/%E6%B2%89%E9%A6%99%E5%8C%96%E6%B0%94%E7%89%87,站点药理或 ATC 分类明确为胃肠消化用药
already_present,11946,沉香化气丸,tcm,5,5,0.93,理气疏肝，消积和胃。用于肝胃气滞，脘腹胀痛，胸膈痞满，不思饮食，嗳气泛酸。,理气剂 | 理气疏肝,消化系统与代谢药 | 提升食欲、促消化药,,,,https://www.yao86.com/%E4%B8%AD%E6%88%90%E8%8D%AF/%E6%B2%89%E9%A6%99%E5%8C%96%E6%B0%94%E4%B8%B8,站点药理或 ATC 分类明确为胃肠消化用药
already_present,11947,沉香化气丸(浓缩丸),tcm,13,13,0.9,理气疏肝，消积和胃。用于肝胃气滞所致的脘腹胀痛，胸膈痞满，不思饮食，嗳气泛酸。,消食剂 | 消食导滞,,沉香化气丸(佛慈,,,https://www.yao86.com/%E4%B8%AD%E6%88%90%E8%8D%AF/%E6%B2%89%E9%A6%99%E5%8C%96%E6%B0%94%E4%B8%B8%28%E6%B5%93%E7%BC%A9%E4%B8%B8%29,站点明确收录为中成药，未命中更具体项目类别
already_present,11948,参蟾消解胶囊,tcm,1,1,0.95,化瘀解毒，豁痰消肿。用于肺、胃腺癌辅助治疗。,祛痰剂 | 化痰散结,肿瘤药物 | 抗肿瘤药,,,,https://www.yao86.com/%E4%B8%AD%E6%88%90%E8%8D%AF/%E5%8F%82%E8%9F%BE%E6%B6%88%E8%A7%A3%E8%83%B6%E5%9B%8A,站点药理分类明确为止咳或祛痰药
already_present,11949,长春益寿膏,tcm,13,13,0.9,补五脏，调阴阳，益气血，壮筋骨。适用于体虚易倦，心悸失眠，头晕目眩，腰膝酸软。,补益剂 | 气血阴阳并补,生殖泌尿系统药物 | 泌尿系统药物 | 补肾药物（勃起机能障碍用药）,,,,https://www.yao86.com/%E4%B8%AD%E6%88%90%E8%8D%AF/%E9%95%BF%E6%98%A5%E7%9B%8A%E5%AF%BF%E8%86%8F,站点明确收录为中成药，未命中更具体项目类别
already_present,11950,沉香降气丸,tcm,5,5,0.93,理气消胀。用于肝胃气滞所致的胸膈胀满，气滞腹痛。,理气剂 | 理气疏肝,消化系统与代谢药 | 提升食欲、促消化药,,,,https://www.yao86.com/%E4%B8%AD%E6%88%90%E8%8D%AF/%E6%B2%89%E9%A6%99%E9%99%8D%E6%B0%94%E4%B8%B8,站点药理或 ATC 分类明确为胃肠消化用药
already_present,11951,参仙升脉口服液,tcm,12,12,0.95,温补心肾，活血化瘀。本品用于阳虚脉迟证，症见脉迟、脉结、心悸、胸闷、畏寒肢冷、腰膝酸软、气短乏力或头晕、舌质暗淡或有齿痕、或舌有瘀斑、瘀点。相当于轻、中度窦性心动过缓(心率>50次)和轻度病态窦房结综合征不合并室上性快速心律失常的心肾阳虚，寒凝血脉证。,补益剂 | 补阳,心脑血管与血液系统药物 | 心血管疾病治疗药,,,,https://www.yao86.com/%E4%B8%AD%E6%88%90%E8%8D%AF/%E5%8F%82%E4%BB%99%E5%8D%87%E8%84%89%E5%8F%A3%E6%9C%8D%E6%B6%B2,站点药理或 ATC 分类明确为心脑血管用药
already_present,11952,参仙壮肾胶囊,tcm,13,13,0.9,补肾填精。用于肾精不足或兼肾阳不足所引起的腰膝酸软，神疲气怯，肢冷，遗精，眩晕等；或年老体弱见上述表现者。,补益剂 | 补阳,生殖泌尿系统药物 | 泌尿系统药物 | 补肾药物（勃起机能障碍用药）,,,,https://www.yao86.com/%E4%B8%AD%E6%88%90%E8%8D%AF/%E5%8F%82%E4%BB%99%E5%A3%AE%E8%82%BE%E8%83%B6%E5%9B%8A,站点明确收录为中成药，未命中更具体项目类别
already_present,11953,复方雌二醇贴片,western,14,14,0.96,适用于各种原因引起的雌激素缺乏所致的下述症状：潮热、出汗、睡眠障碍、头晕、生殖器萎缩、萎缩性阴道炎、阴道干涩等。并预防绝经后加速骨质丢失而致的骨质疏松。,激素及影响内分泌药 | 雌激素、孕激素及抗孕激素,性激素和生殖系统调节药 | 系统用激素类避孕药 | 孕激素和雌激素，连续变化的配方,贴贴舒,,,https://www.yao86.com/%E8%A5%BF%E8%8D%AF/%E5%A4%8D%E6%96%B9%E9%9B%8C%E4%BA%8C%E9%86%87%E8%B4%B4%E7%89%87,站点药理或 ATC 分类明确为妇科用药
imported,13989,雌二醇片,western,,14,0.96,诺坤复1mg用于治疗雌激素缺乏综合征，包括预防有发生骨折危险妇女的骨矿物质含量的丢失。有完整子宫的妇女应同时使用对抗治疗。,激素及影响内分泌药 | 雌激素、孕激素及抗孕激素,性激素和生殖系统调节药 | 雌激素类 | 天然和半合成的雌激素类，单方,诺坤复,诺坤复,,https://www.yao86.com/%E8%A5%BF%E8%8D%AF/%E9%9B%8C%E4%BA%8C%E9%86%87%E7%89%87,站点药理或 ATC 分类明确为妇科用药
already_present,11954,雌二醇凝胶,western,9,9,0.94,1、绝经期综合症如潮热、出汗、失眠、急燥等症状。(自然绝经、手术或药物绝经)。2、各种原因所致卵巢功能失调、雌激素水平低落。3、对雌激素水平下降的妇女有预防尿钙丢失、保护骨量、减少骨质疏松发生和降低骨折率的作用。,激素及影响内分泌药 | 雌激素、孕激素及抗孕激素,性激素和生殖系统调节药 | 雌激素类 | 天然和半合成的雌激素类，单方,,,,https://www.yao86.com/%E8%A5%BF%E8%8D%AF/%E9%9B%8C%E4%BA%8C%E9%86%87%E5%87%9D%E8%83%B6,剂型或站点分类明确为局部外用药
imported,13990,雌二醇缓释贴片,western,,14,0.96,本品适用于各种原因引起的雌激素缺乏所致的下述症状：潮热、出汗、睡眠障碍、头晕、生殖器萎缩、萎缩性阴道炎、阴道干涩等。,激素及影响内分泌药 | 雌激素、孕激素及抗孕激素,性激素和生殖系统调节药 | 雌激素类 | 天然和半合成的雌激素类，单方,,,,https://www.yao86.com/%E8%A5%BF%E8%8D%AF/%E9%9B%8C%E4%BA%8C%E9%86%87%E7%BC%93%E9%87%8A%E8%B4%B4%E7%89%87,站点药理或 ATC 分类明确为妇科用药
review_missing_efficacy,,雌二醇贴片,western,,,0.0,,,性激素和生殖系统调节药 | 雌激素类 | 天然和半合成的雌激素类，单方,,,,https://www.yao86.com/%E8%A5%BF%E8%8D%AF/%E9%9B%8C%E4%BA%8C%E9%86%87%E8%B4%B4%E7%89%87,站点分类无法可靠映射到项目现有类别
review_missing_efficacy,,半水合雌二醇贴片,western,,,0.0,,,性激素和生殖系统调节药 | 雌激素类 | 天然和半合成的雌激素类，单方,,,,https://www.yao86.com/%E8%A5%BF%E8%8D%AF/%E5%8D%8A%E6%B0%B4%E5%90%88%E9%9B%8C%E4%BA%8C%E9%86%87%E8%B4%B4%E7%89%87,站点分类无法可靠映射到项目现有类别
review_missing_efficacy,,雌二醇炔诺酮片,western,,14,0.96,,,性激素和生殖系统调节药 | 系统用激素类避孕药 | 孕激素和雌激素，固定复方,,,,https://www.yao86.com/%E8%A5%BF%E8%8D%AF/%E9%9B%8C%E4%BA%8C%E9%86%87%E7%82%94%E8%AF%BA%E9%85%AE%E7%89%87,站点药理或 ATC 分类明确为妇科用药
review_missing_efficacy,,雌二醇醋酸炔诺酮片,western,,,0.0,,,性激素和生殖系统调节药 | 雌激素类 | 天然和半合成的雌激素类，单方,,,,https://www.yao86.com/%E8%A5%BF%E8%8D%AF/%E9%9B%8C%E4%BA%8C%E9%86%87%E9%86%8B%E9%85%B8%E7%82%94%E8%AF%BA%E9%85%AE%E7%89%87,站点分类无法可靠映射到项目现有类别
review_missing_efficacy,,雌二醇阴道片,western,,14,0.96,,,性激素和生殖系统调节药 | 雌激素类 | 天然和半合成的雌激素类，单方,,,,https://www.yao86.com/%E8%A5%BF%E8%8D%AF/%E9%9B%8C%E4%BA%8C%E9%86%87%E9%98%B4%E9%81%93%E7%89%87,站点药理或 ATC 分类明确为妇科用药
review_missing_efficacy,,雌二醇缓释透皮贴片,western,,,0.0,,,性激素和生殖系统调节药 | 雌激素类 | 天然和半合成的雌激素类，单方,,,,https://www.yao86.com/%E8%A5%BF%E8%8D%AF/%E9%9B%8C%E4%BA%8C%E9%86%87%E7%BC%93%E9%87%8A%E9%80%8F%E7%9A%AE%E8%B4%B4%E7%89%87,站点分类无法可靠映射到项目现有类别
already_present,11955,雌二醇屈螺酮片,western,14,14,0.96,用于绝经超过一年的女性所出现的雌激素缺乏症状的激素替代治疗。,激素及影响内分泌药 | 雌激素、孕激素及抗孕激素,性激素和生殖系统调节药 | 系统用激素类避孕药 | 孕激素和雌激素，固定复方,安今益|Angeliq,,,https://www.yao86.com/%E8%A5%BF%E8%8D%AF/%E9%9B%8C%E4%BA%8C%E9%86%87%E5%B1%88%E8%9E%BA%E9%85%AE%E7%89%87,站点药理或 ATC 分类明确为妇科用药
review_unclassified,,酒石酸长春瑞滨软胶囊,western,,,0.0,本品可用于ⅢB～Ⅳ期非小细胞肺癌，伴肺外转移，且不能耐受静脉给药的患者。,抗肿瘤药 | 抗肿瘤植物成分药,抗肿瘤药 | 植物生物碱和其它天然药物 | 长春花属生物碱与其同系物类,,,,https://www.yao86.com/%E8%A5%BF%E8%8D%AF/%E9%85%92%E7%9F%B3%E9%85%B8%E9%95%BF%E6%98%A5%E7%91%9E%E6%BB%A8%E8%BD%AF%E8%83%B6%E5%9B%8A,站点分类无法可靠映射到项目现有类别
already_present,11956,重组人表皮生长因子衍生物滴眼液,western,9,9,0.94,各种原因引起的角膜上皮缺损，包括角膜机械性损伤、各种角膜手术后、轻度干眼症伴浅层点状角膜病变、轻度化学烧伤等。,眼科用药 | 其他眼科用药,眼科用药 | 其它眼科用药,金因舒,,,https://www.yao86.com/%E8%A5%BF%E8%8D%AF/%E9%87%8D%E7%BB%84%E4%BA%BA%E8%A1%A8%E7%9A%AE%E7%94%9F%E9%95%BF%E5%9B%A0%E5%AD%90%E8%A1%8D%E7%94%9F%E7%89%A9%E6%BB%B4%E7%9C%BC%E6%B6%B2,剂型或站点分类明确为局部外用药
review_missing_efficacy,,醋酸去氨加压素口服溶液,western,,,0.0,,,垂体和下丘脑激素与其类似药物 | 垂体后叶激素 | 加压素与其类似药物,,,,https://www.yao86.com/%E8%A5%BF%E8%8D%AF/%E9%86%8B%E9%85%B8%E5%8E%BB%E6%B0%A8%E5%8A%A0%E5%8E%8B%E7%B4%A0%E5%8F%A3%E6%9C%8D%E6%BA%B6%E6%B6%B2,站点分类无法可靠映射到项目现有类别
review_missing_efficacy,,的确神药酒,tcm,,13,0.9,,,,,,,https://www.yao86.com/%E4%B8%AD%E6%88%90%E8%8D%AF/%E7%9A%84%E7%A1%AE%E7%A5%9E%E8%8D%AF%E9%85%92,站点明确收录为中成药，未命中更具体项目类别
already_present,11957,大枫子油,tcm,13,13,0.9,祛风除湿，润肤止痒。用于血躁风湿，红肿疙瘩，雀斑粉刺，酒糟鼻子，风湿疥癣，鹅掌风。,祛湿剂 | 祛风胜湿,皮肤病药物 | 其它治疗皮肤病药物,,,,https://www.yao86.com/%E4%B8%AD%E6%88%90%E8%8D%AF/%E5%A4%A7%E6%9E%AB%E5%AD%90%E6%B2%B9,站点明确收录为中成药，未命中更具体项目类别
review_missing_efficacy,,帝王春药酒,tcm,,13,0.9,,,,,,,https://www.yao86.com/%E4%B8%AD%E6%88%90%E8%8D%AF/%E5%B8%9D%E7%8E%8B%E6%98%A5%E8%8D%AF%E9%85%92,站点明确收录为中成药，未命中更具体项目类别
already_present,11958,癫狂龙虎丸,tcm,1,1,0.95,痰迷心窍，神识皆乱，叫骂不寐，毁物殴人，或精神抑郁，哭笑无常。,祛痰剂 | 治风化痰,神经系统药物 | 抗癫痫药,,,,https://www.yao86.com/%E4%B8%AD%E6%88%90%E8%8D%AF/%E7%99%AB%E7%8B%82%E9%BE%99%E8%99%8E%E4%B8%B8,站点药理分类明确为止咳或祛痰药
already_present,11959,独角莲膏,tcm,13,13,0.9,消肿拔毒，用于疔毒疮疖，手足皲裂。,治疮疡剂 | 解毒消肿,皮肤病药物 | 创伤和溃疡治疗药 | 其他创伤和溃疡治疗药,,,,https://www.yao86.com/%E4%B8%AD%E6%88%90%E8%8D%AF/%E7%8B%AC%E8%A7%92%E8%8E%B2%E8%86%8F,站点明确收录为中成药，未命中更具体项目类别
already_present,11960,调中四消丸,tcm,5,5,0.93,消食化滞，利水止痛。用于停食腹胀脘痛，二便不利。,消食剂 | 消食导滞,消化系统与代谢药 | 提升食欲、促消化药,,,,https://www.yao86.com/%E4%B8%AD%E6%88%90%E8%8D%AF/%E8%B0%83%E4%B8%AD%E5%9B%9B%E6%B6%88%E4%B8%B8,站点药理或 ATC 分类明确为胃肠消化用药
already_present,11961,得生胶囊,tcm,14,14,0.96,调经养血，理气化瘀。用于月经不调，经期腹痛，血瘀气滞，癥瘕痞块。,理气剂 | 其它,生殖泌尿系统药物 | 妇科用药 | 调经药物,,,,https://www.yao86.com/%E4%B8%AD%E6%88%90%E8%8D%AF/%E5%BE%97%E7%94%9F%E8%83%B6%E5%9B%8A,站点药理或 ATC 分类明确为妇科用药
already_present,11962,得生片,tcm,14,14,0.96,调经养血，理气化瘀。用于月经不调，经期腹痛，血瘀气滞，症瘕痞块。,理气剂 | 其它,生殖泌尿系统药物 | 妇科用药 | 调经药物,,,,https://www.yao86.com/%E4%B8%AD%E6%88%90%E8%8D%AF/%E5%BE%97%E7%94%9F%E7%89%87,站点药理或 ATC 分类明确为妇科用药
already_present,11963,得生丸,tcm,14,14,0.96,养血化瘀，舒肝调经。用于气滞血瘀所致的月经不调，痛经，症见月经量少有血块、经行后期或前后不定、经行小腹胀痛。,理气剂 | 其它,生殖泌尿系统药物 | 妇科用药 | 调经药物,达仁堂,,达仁堂（多药共用）,https://www.yao86.com/%E4%B8%AD%E6%88%90%E8%8D%AF/%E5%BE%97%E7%94%9F%E4%B8%B8,站点药理或 ATC 分类明确为妇科用药
already_present,11964,肚痛丸,tcm,5,5,0.93,温中散寒，理气止痛。用于寒凝气滞所致的腹中冷痛，胸胁胀闷，呕逆吐酸。,温里剂 | 温中祛寒,消化系统与代谢药 | 胃病相关药物,,,,https://www.yao86.com/%E4%B8%AD%E6%88%90%E8%8D%AF/%E8%82%9A%E7%97%9B%E4%B8%B8,站点药理或 ATC 分类明确为胃肠消化用药
already_present,11965,大卫颗粒,tcm,0,0,0.94,清热解毒，疏风透表。用于感冒发热，头痛，咳嗽，鼻塞流涕，咽喉肿痛，及病毒性感冒见上述证候者。,清热剂 | 清热解毒,呼吸系统药物 | 咳嗽和感冒用药,,,,https://www.yao86.com/%E4%B8%AD%E6%88%90%E8%8D%AF/%E5%A4%A7%E5%8D%AB%E9%A2%97%E7%B2%92,站点药理分类明确为感冒或解表用药
already_present,11966,大败毒胶囊,tcm,13,13,0.9,清血败毒，消肿止痛。用于脏腑毒热，血液不清引起的梅毒，血淋，白浊，尿道刺痛，大便秘结，疥疮，痈疽疮疡，红肿疼痛。,清热剂 | 清热解毒,生殖泌尿系统药物 | 泌尿系统药物 | 抗生殖泌尿系统感染药物,,,,https://www.yao86.com/%E4%B8%AD%E6%88%90%E8%8D%AF/%E5%A4%A7%E8%B4%A5%E6%AF%92%E8%83%B6%E5%9B%8A,站点明确收录为中成药，未命中更具体项目类别
review_missing_efficacy,,丁苯羟酸乳膏,western,,9,0.94,,,关节和肌肉疼痛局部用药 | 局部用非甾体消抗炎药,,,,https://www.yao86.com/%E8%A5%BF%E8%8D%AF/%E4%B8%81%E8%8B%AF%E7%BE%9F%E9%85%B8%E4%B9%B3%E8%86%8F,剂型或站点分类明确为局部外用药
already_present,11967,单氯芬那酸片,western,3,3,0.94,用于类风湿关节炎、骨关节炎及其他原因关节炎的关节肿痛，并可缓解其他疾病所致的轻、中度疼痛。,镇痛、解热、抗炎、抗风湿、抗痛风药 | 解热镇痛、抗炎、抗风湿药,抗炎和抗风湿药 | 非甾体抗炎药和抗风湿药 | 芬那酸类,,,,https://www.yao86.com/%E8%A5%BF%E8%8D%AF/%E5%8D%95%E6%B0%AF%E8%8A%AC%E9%82%A3%E9%85%B8%E7%89%87,站点药理或 ATC 分类明确为镇痛/抗炎药
review_unclassified,,碘番酸片,western,,,0.0,X线诊断用阳性造影剂，用于胆囊及胆管造影。,诊断用药 | 造影剂,造影剂 | X射线造影剂，碘化剂 | 水溶性、亲肝的X射线造影剂,,,,https://www.yao86.com/%E8%A5%BF%E8%8D%AF/%E7%A2%98%E7%95%AA%E9%85%B8%E7%89%87,站点分类无法可靠映射到项目现有类别
already_present,11968,大黄碳酸氢钠片,western,5,5,0.93,用于食欲缺乏、胃酸过多。,消化系统用药 | 助消化药,治疗与胃酸分泌相关疾病的药物 | 治酸药 | 配有碳酸氢钠的治酸药,,,,https://www.yao86.com/%E8%A5%BF%E8%8D%AF/%E5%A4%A7%E9%BB%84%E7%A2%B3%E9%85%B8%E6%B0%A2%E9%92%A0%E7%89%87,站点药理或 ATC 分类明确为胃肠消化用药
already_present,11969,小儿大黄碳酸氢钠片,western,5,5,0.93,用于消化不良、食欲不振及反酸等。,消化系统用药 | 助消化药,治疗与胃酸分泌相关疾病的药物 | 治酸药 | 配有碳酸氢钠的治酸药,,,,https://www.yao86.com/%E8%A5%BF%E8%8D%AF/%E5%B0%8F%E5%84%BF%E5%A4%A7%E9%BB%84%E7%A2%B3%E9%85%B8%E6%B0%A2%E9%92%A0%E7%89%87,站点药理或 ATC 分类明确为胃肠消化用药
already_present,11970,斧标正红花油,tcm,13,13,0.9,温经散寒，活血止痛。用于风湿骨痛，筋骨酸痛，扭伤瘀肿，跌打损伤，蚊虫叮咬。,温里剂 | 温经散寒,肌肉-骨骼系统药物 | 关节和肌肉疼痛局部用药,,,,https://www.yao86.com/%E4%B8%AD%E6%88%90%E8%8D%AF/%E6%96%A7%E6%A0%87%E6%AD%A3%E7%BA%A2%E8%8A%B1%E6%B2%B9,站点明确收录为中成药，未命中更具体项目类别
already_present,11971,复方柴胡安神颗粒,tcm,13,13,0.9,交通心肾，化痰安神。适用于神经衰弱属痰浊扰心、心肾不交者，症见失眠多梦、心烦易怒等。,安神剂 | 补养安神,神经系统药物 | 精神安定药 | 催眠镇静药,,,,https://www.yao86.com/%E4%B8%AD%E6%88%90%E8%8D%AF/%E5%A4%8D%E6%96%B9%E6%9F%B4%E8%83%A1%E5%AE%89%E7%A5%9E%E9%A2%97%E7%B2%92,站点明确收录为中成药，未命中更具体项目类别
already_present,11972,肤痒颗粒,tcm,13,13,0.9,祛风活血，除湿止痒。用于皮肤瘙痒病，荨麻疹。,祛湿剂 | 祛风胜湿,皮肤病药物 | 止痒药,,,,https://www.yao86.com/%E4%B8%AD%E6%88%90%E8%8D%AF/%E8%82%A4%E7%97%92%E9%A2%97%E7%B2%92,站点明确收录为中成药，未命中更具体项目类别
already_present,11973,肤痒胶囊,tcm,13,13,0.9,祛风活血，除湿止痒。用于皮肤瘙痒症，湿疹，荨麻疹等瘙痒性皮肤病。,祛湿剂 | 祛风胜湿,皮肤病药物 | 止痒药,,,,https://www.yao86.com/%E4%B8%AD%E6%88%90%E8%8D%AF/%E8%82%A4%E7%97%92%E8%83%B6%E5%9B%8A,站点明确收录为中成药，未命中更具体项目类别
already_present,11974,蜂皇胎胶囊,tcm,13,13,0.9,养血宁神，益肝健脾。用于体虚乏力，神经哀弱，失眠多梦，食少纳呆；亦可用于因放射性引起的白细胞减少。,安神剂 | 补养安神,神经系统药物 | 精神安定药 | 催眠镇静药,,,,https://www.yao86.com/%E4%B8%AD%E6%88%90%E8%8D%AF/%E8%9C%82%E7%9A%87%E8%83%8E%E8%83%B6%E5%9B%8A,站点明确收录为中成药，未命中更具体项目类别
already_present,11975,复方咳喘胶囊,tcm,1,1,0.95,降气祛痰。用于治疗慢性支气管炎咳嗽。,止咳平喘剂 | 止咳平喘,呼吸系统药物 | 咳嗽和感冒用药,,,,https://www.yao86.com/%E4%B8%AD%E6%88%90%E8%8D%AF/%E5%A4%8D%E6%96%B9%E5%92%B3%E5%96%98%E8%83%B6%E5%9B%8A,站点药理分类明确为止咳或祛痰药
already_present,11976,淀粉酶口服溶液,western,5,5,0.93,用于消化不良、食欲缺乏。,消化系统用药 | 助消化药,消化药，含酶 | 酶制剂,,,,https://www.yao86.com/%E8%A5%BF%E8%8D%AF/%E6%B7%80%E7%B2%89%E9%85%B6%E5%8F%A3%E6%9C%8D%E6%BA%B6%E6%B6%B2,站点药理或 ATC 分类明确为胃肠消化用药
review_missing_efficacy,,胰酶胆汁肠溶片,western,,,0.0,,,消化药，含酶 | 酶制剂,,,,https://www.yao86.com/%E8%A5%BF%E8%8D%AF/%E8%83%B0%E9%85%B6%E8%83%86%E6%B1%81%E8%82%A0%E6%BA%B6%E7%89%87,站点分类无法可靠映射到项目现有类别
review_missing_efficacy,,复方淀粉酶口服溶液,western,,,0.0,,,消化药，含酶 | 酶制剂,,,,https://www.yao86.com/%E8%A5%BF%E8%8D%AF/%E5%A4%8D%E6%96%B9%E6%B7%80%E7%B2%89%E9%85%B6%E5%8F%A3%E6%9C%8D%E6%BA%B6%E6%B6%B2,站点分类无法可靠映射到项目现有类别
review_unclassified,,盐酸多塞平片,western,,,0.0,用于治疗抑郁症及焦虑性神经症。,治疗精神障碍药 | 抗抑郁药,精神兴奋药 | 抗抑郁药 | 非选择性单胺再吸收抑制药,,,,https://www.yao86.com/%E8%A5%BF%E8%8D%AF/%E7%9B%90%E9%85%B8%E5%A4%9A%E5%A1%9E%E5%B9%B3%E7%89%87,站点分类无法可靠映射到项目现有类别
already_present,11977,盐酸多塞平乳膏,western,9,9,0.94,用于异位性皮炎，慢性单纯性苔癣和过敏性接触性皮炎等皮肤病引起的成人轻度瘙痒的短期治疗。,治疗精神障碍药 | 抗抑郁药,止痒药，含抗组胺药、麻醉药等 | 其它止痒药,丽科宁,,,https://www.yao86.com/%E8%A5%BF%E8%8D%AF/%E7%9B%90%E9%85%B8%E5%A4%9A%E5%A1%9E%E5%B9%B3%E4%B9%B3%E8%86%8F,剂型或站点分类明确为局部外用药
already_present,11978,多替拉韦钠片,western,2,2,0.96,本品联合其它抗逆转录病毒药物，用于治疗人类免疫缺陷病毒(HIV)感染的成人、青少年和年满6岁的儿童患者。,抗微生物药 | 抗病毒药,系统用抗病毒药 | 直接作用的抗病毒药 | 其它抗病毒药,特威凯TIVICAY,,,https://www.yao86.com/%E8%A5%BF%E8%8D%AF/%E5%A4%9A%E6%9B%BF%E6%8B%89%E9%9F%A6%E9%92%A0%E7%89%87,站点药理或 ATC 分类明确为抗感染药
review_missing_efficacy,,多替拉韦利匹韦林片,western,,2,0.96,,,系统用抗病毒药 | 直接作用的抗病毒药 | 治疗HIV感染的抗病毒药，复方,,,,https://www.yao86.com/%E8%A5%BF%E8%8D%AF/%E5%A4%9A%E6%9B%BF%E6%8B%89%E9%9F%A6%E5%88%A9%E5%8C%B9%E9%9F%A6%E6%9E%97%E7%89%87,站点药理或 ATC 分类明确为抗感染药
review_missing_efficacy,,多替拉韦钠分散片,western,,2,0.96,,,系统用抗病毒药 | 直接作用的抗病毒药 | 其它抗病毒药,,,,https://www.yao86.com/%E8%A5%BF%E8%8D%AF/%E5%A4%9A%E6%9B%BF%E6%8B%89%E9%9F%A6%E9%92%A0%E5%88%86%E6%95%A3%E7%89%87,站点药理或 ATC 分类明确为抗感染药
review_unclassified,,甲磺酸达拉非尼胶囊,western,,,0.0,BRAF V600突变阳性不可切除或转移性黑色素瘤本品联合曲美替尼适用于治疗BRAF V600突变阳性的不可切除或转移性黑色素瘤患者。BRAF V600突变阳性黑色素瘤的术后辅助治疗本品联合曲美替尼适用于BRAF V600突变阳性的Ⅲ期黑色素瘤患者完全切除后的辅助治疗。,抗肿瘤药 | 其他抗肿瘤药,抗肿瘤药 | 蛋白激酶抑制剂 | B-Raf丝氨酸-苏氨酸激酶(BRAF)抑制剂,泰菲乐Tafinlar,,,https://www.yao86.com/%E8%A5%BF%E8%8D%AF/%E7%94%B2%E7%A3%BA%E9%85%B8%E8%BE%BE%E6%8B%89%E9%9D%9E%E5%B0%BC%E8%83%B6%E5%9B%8A,站点分类无法可靠映射到项目现有类别
already_present,11979,丹皮酚片,western,8,8,0.96,用于发热、头痛、神经痛、肌肉痛、风湿性关节炎和类风湿性关节炎。,镇痛、解热、抗炎、抗风湿、抗痛风药 | 解热镇痛、抗炎、抗风湿药,止痒药，含抗组胺药、麻醉药等 | 其它止痒药,,,,https://www.yao86.com/%E8%A5%BF%E8%8D%AF/%E4%B8%B9%E7%9A%AE%E9%85%9A%E7%89%87,站点药理分类明确为抗过敏药
already_present,1723,复方黄松洗液,tcm,14,14,0.96,清热燥湿，祛风止痒。用于湿热下注所致的阴部瘙痒，或灼热痛，带下量多，色黄；霉菌性、滴虫性阴道炎及外阴炎见以上证候者。,祛湿剂 | 清热除湿,生殖泌尿系统药物 | 妇科用药 | 妇科炎症治疗药,,,,https://www.yao86.com/%E4%B8%AD%E6%88%90%E8%8D%AF/%E5%A4%8D%E6%96%B9%E9%BB%84%E6%9D%BE%E6%B4%97%E6%B6%B2,保留数据库现有分类；站点药理或 ATC 分类明确为妇科用药
already_present,11980,复方草决明茶,tcm,11,11,0.95,泻浊润肠。适用于气虚肠燥型高脂血症的辅助治疗。,理血剂 | 益气活血,心脑血管与血液系统药物 | 血脂调节剂,,,,https://www.yao86.com/%E4%B8%AD%E6%88%90%E8%8D%AF/%E5%A4%8D%E6%96%B9%E8%8D%89%E5%86%B3%E6%98%8E%E8%8C%B6,站点药理或 ATC 分类明确为慢性病长期用药
already_present,11981,复方熊胆清肝颗粒,tcm,5,5,0.93,清肝利胆。用于肝胆湿热引起的胁痛，口苦，尿黄，苔黄等的辅助治疗。,清热剂 | 清脏腑热,消化系统与代谢药 | 肝、胆疾病治疗药 | 肝病治疗药,,,,https://www.yao86.com/%E4%B8%AD%E6%88%90%E8%8D%AF/%E5%A4%8D%E6%96%B9%E7%86%8A%E8%83%86%E6%B8%85%E8%82%9D%E9%A2%97%E7%B2%92,站点药理或 ATC 分类明确为胃肠消化用药
already_present,11982,复方栀子止痛膏,tcm,13,13,0.9,凉血散瘀，消肿止痛。适用于急性闭合性软组织扭、挫伤的辅助治疗。,理血剂 | 凉血散瘀,肌肉-骨骼系统药物 | 关节和肌肉疼痛局部用药,,,,https://www.yao86.com/%E4%B8%AD%E6%88%90%E8%8D%AF/%E5%A4%8D%E6%96%B9%E6%A0%80%E5%AD%90%E6%AD%A2%E7%97%9B%E8%86%8F,站点明确收录为中成药，未命中更具体项目类别
already_present,11983,复方地龙片,tcm,12,12,0.95,化瘀通络，益气活血。用于缺血性中风中经络恢复期气虚血瘀证，症见半身不遂，口舌歪斜，言语蹇涩或不语，偏身麻木，乏力，心悸气短，流涎，自汗等。,理血剂 | 益气活血,心脑血管与血液系统药物 | 脑血管疾病治疗药,,,,https://www.yao86.com/%E4%B8%AD%E6%88%90%E8%8D%AF/%E5%A4%8D%E6%96%B9%E5%9C%B0%E9%BE%99%E7%89%87,站点药理或 ATC 分类明确为心脑血管用药
already_present,11984,复方地龙胶囊,tcm,12,12,0.95,化瘀通络，益气活血。用于缺血性中风中经络恢复期气虚血瘀证，症见半身不遂，口舌歪斜，言语蹇涩或不语，偏身麻木，乏力，心悸气短，流涎，自汗等。,理血剂 | 益气活血,心脑血管与血液系统药物 | 脑血管疾病治疗药,,,,https://www.yao86.com/%E4%B8%AD%E6%88%90%E8%8D%AF/%E5%A4%8D%E6%96%B9%E5%9C%B0%E9%BE%99%E8%83%B6%E5%9B%8A,站点药理或 ATC 分类明确为心脑血管用药
already_present,11985,复方黄柏祛癣搽剂,tcm,9,9,0.94,清热燥湿，祛风杀虫，收敛止痒。适用于湿热、虫毒所致手足癣、体癣、股癣的辅助治疗。,祛湿剂 | 清热除湿,皮肤病药物 | 癣病治疗药,,,,https://www.yao86.com/%E4%B8%AD%E6%88%90%E8%8D%AF/%E5%A4%8D%E6%96%B9%E9%BB%84%E6%9F%8F%E7%A5%9B%E7%99%A3%E6%90%BD%E5%89%82,剂型或站点分类明确为局部外用药
already_present,11986,复方半夏止咳糖浆(半夏露糖浆),tcm,1,1,0.95,止咳化痰。用于咳嗽多痰，支气管炎。,解表剂 | 宣肺止咳化痰,,,,,https://www.yao86.com/%E4%B8%AD%E6%88%90%E8%8D%AF/%E5%A4%8D%E6%96%B9%E5%8D%8A%E5%A4%8F%E6%AD%A2%E5%92%B3%E7%B3%96%E6%B5%86%28%E5%8D%8A%E5%A4%8F%E9%9C%B2%E7%B3%96%E6%B5%86%29,站点药理分类明确为止咳或祛痰药
already_present,11987,复方牛黄清胃丸,tcm,6,6,0.94,"清热通便。用于胃肠实热引起：口舌生疮，牙龈肿痛，咽膈不利,大便秘结，小便短赤。",清热剂 | 清脏腑热,消化系统与代谢药 | 轻泻药,,,,https://www.yao86.com/%E4%B8%AD%E6%88%90%E8%8D%AF/%E5%A4%8D%E6%96%B9%E7%89%9B%E9%BB%84%E6%B8%85%E8%83%83%E4%B8%B8,站点分类或适应症明确为泻药通便
review_missing_efficacy,,复方硝酸益康唑软膏,western,,9,0.96,,,皮肤病用抗真菌药 | 局部用抗真菌药 | 咪唑和三唑衍生物,,,,https://www.yao86.com/%E8%A5%BF%E8%8D%AF/%E5%A4%8D%E6%96%B9%E7%A1%9D%E9%85%B8%E7%9B%8A%E5%BA%B7%E5%94%91%E8%BD%AF%E8%86%8F,外用剂型且站点 ATC 分类明确为皮肤局部用药
review_missing_efficacy,,复方羟乙桂胺乳膏,western,,9,0.94,,,麻醉药 | 局部麻醉药 | 酰胺类,,,,https://www.yao86.com/%E8%A5%BF%E8%8D%AF/%E5%A4%8D%E6%96%B9%E7%BE%9F%E4%B9%99%E6%A1%82%E8%83%BA%E4%B9%B3%E8%86%8F,剂型或站点分类明确为局部外用药
review_missing_efficacy,,复方过碳酸钠释氧剂,western,,,0.0,,,,,,,https://www.yao86.com/%E8%A5%BF%E8%8D%AF/%E5%A4%8D%E6%96%B9%E8%BF%87%E7%A2%B3%E9%85%B8%E9%92%A0%E9%87%8A%E6%B0%A7%E5%89%82,站点分类无法可靠映射到项目现有类别
review_missing_efficacy,,复方醋酸曲安奈德滴耳液,western,,9,0.94,,,耳科用药 | 抗感染药,,,,https://www.yao86.com/%E8%A5%BF%E8%8D%AF/%E5%A4%8D%E6%96%B9%E9%86%8B%E9%85%B8%E6%9B%B2%E5%AE%89%E5%A5%88%E5%BE%B7%E6%BB%B4%E8%80%B3%E6%B6%B2,剂型或站点分类明确为局部外用药
already_present,11988,复方氧化锌软膏,western,9,9,0.94,本品用于轻度烧伤、脓疱疮、疖肿等。,皮肤科用药 | 其他皮肤科药,润肤药和护肤药 | 锌类,,,,https://www.yao86.com/%E8%A5%BF%E8%8D%AF/%E5%A4%8D%E6%96%B9%E6%B0%A7%E5%8C%96%E9%94%8C%E8%BD%AF%E8%86%8F,剂型或站点分类明确为局部外用药
review_missing_efficacy,,薄荷油,western,,,0.0,,,,,,,https://www.yao86.com/%E8%A5%BF%E8%8D%AF/%E8%96%84%E8%8D%B7%E6%B2%B9,站点分类无法可靠映射到项目现有类别
review_missing_efficacy,,复方龙脑樟脑油,western,,,0.0,,,关节和肌肉疼痛局部用药 | 其它关节和肌肉疼痛的局部用药,,,,https://www.yao86.com/%E8%A5%BF%E8%8D%AF/%E5%A4%8D%E6%96%B9%E9%BE%99%E8%84%91%E6%A8%9F%E8%84%91%E6%B2%B9,站点分类无法可靠映射到项目现有类别
already_present,11989,复方薄荷柳酯搽剂,western,9,9,0.94,本品用于痱子、皮肤瘙痒及蚊叮虫咬。,皮肤科用药 | 其他皮肤科药,止痒药，含抗组胺药、麻醉药等 | 其它止痒药,,,,https://www.yao86.com/%E8%A5%BF%E8%8D%AF/%E5%A4%8D%E6%96%B9%E8%96%84%E8%8D%B7%E6%9F%B3%E9%85%AF%E6%90%BD%E5%89%82,剂型或站点分类明确为局部外用药
already_present,11990,复方阿胶补血膏,tcm,13,13,0.9,补血益气，养阴扶阳。用于肿瘤患者放疗、化疗所致白细胞减少症的辅助治疗。,补益剂 | 气血阴阳并补,补气补血药物 | 补血药物,,,,https://www.yao86.com/%E4%B8%AD%E6%88%90%E8%8D%AF/%E5%A4%8D%E6%96%B9%E9%98%BF%E8%83%B6%E8%A1%A5%E8%A1%80%E8%86%8F,站点明确收录为中成药，未命中更具体项目类别
already_present,11991,复方降脂胶囊,tcm,11,11,0.95,清热，散结，降脂。用于郁热浊阻所致的高脂血症。,清热剂 | 其它,心脑血管与血液系统药物 | 血脂调节剂,,,,https://www.yao86.com/%E4%B8%AD%E6%88%90%E8%8D%AF/%E5%A4%8D%E6%96%B9%E9%99%8D%E8%84%82%E8%83%B6%E5%9B%8A,站点药理或 ATC 分类明确为慢性病长期用药
already_present,11992,复方降脂片,tcm,11,11,0.95,清热，散结，降脂。用于郁热浊阻所致的高脂血症。,清热剂 | 其它,心脑血管与血液系统药物 | 血脂调节剂,,,,https://www.yao86.com/%E4%B8%AD%E6%88%90%E8%8D%AF/%E5%A4%8D%E6%96%B9%E9%99%8D%E8%84%82%E7%89%87,站点药理或 ATC 分类明确为慢性病长期用药
already_present,11993,妇科养坤丸,tcm,14,14,0.96,疏肝理气，养血活血。用于血虚肝郁所致的月经不调，痛经，经期头痛。,理气剂 | 理气疏肝,生殖泌尿系统药物 | 妇科用药 | 调经药物,,,,https://www.yao86.com/%E4%B8%AD%E6%88%90%E8%8D%AF/%E5%A6%87%E7%A7%91%E5%85%BB%E5%9D%A4%E4%B8%B8,站点药理或 ATC 分类明确为妇科用药
already_present,11994,复方乌槟颗粒,tcm,5,5,0.93,理气消胀，和胃清热。用于功能性消化不良之脾胃气滞兼热证，症见胃脘饱胀或胀满，胃脘胀痛，吐酸嘈杂，大便不畅或便结等，属治疗辅助用药。,理气剂 | 理气和中,消化系统与代谢药 | 提升食欲、促消化药,,,,https://www.yao86.com/%E4%B8%AD%E6%88%90%E8%8D%AF/%E5%A4%8D%E6%96%B9%E4%B9%8C%E6%A7%9F%E9%A2%97%E7%B2%92,站点药理或 ATC 分类明确为胃肠消化用药
already_present,11995,复方鲜石斛颗粒,tcm,5,5,0.93,滋阴养胃，清热解酒，生津止渴。用于胃阴不足，口干咽燥，饥不欲食，舌红少津，酒后津枯虚热，酒醉烦渴。,清热剂 | 其它,消化系统与代谢药 | 胃病相关药物,,,,https://www.yao86.com/%E4%B8%AD%E6%88%90%E8%8D%AF/%E5%A4%8D%E6%96%B9%E9%B2%9C%E7%9F%B3%E6%96%9B%E9%A2%97%E7%B2%92,站点药理或 ATC 分类明确为胃肠消化用药
already_present,11996,复方鲜石斛胶囊,tcm,5,5,0.93,滋阴养胃，清热解酒，生津止渴。用于胃阴不足，口干咽燥，饥不欲食，舌红少津，酒后津枯虚热，酒醉烦渴等症。,清热剂 | 其它,消化系统与代谢药 | 胃病相关药物,,,,https://www.yao86.com/%E4%B8%AD%E6%88%90%E8%8D%AF/%E5%A4%8D%E6%96%B9%E9%B2%9C%E7%9F%B3%E6%96%9B%E8%83%B6%E5%9B%8A,站点药理或 ATC 分类明确为胃肠消化用药
already_present,11997,妇科养荣丸,tcm,14,14,0.96,补养气血，疏肝解郁，祛瘀调经。用于气血不足，肝郁不舒，月经不调，头晕目眩，血漏血崩，贫血身弱及不孕症。,理气剂 | 理气疏肝,生殖泌尿系统药物 | 妇科用药 | 调经药物,,,,https://www.yao86.com/%E4%B8%AD%E6%88%90%E8%8D%AF/%E5%A6%87%E7%A7%91%E5%85%BB%E8%8D%A3%E4%B8%B8,站点药理或 ATC 分类明确为妇科用药
reclassified_existing,11998,妇科养荣丸(浓缩丸),tcm,13,14,0.96,补养气血，疏肝解郁，祛瘀调经。用于气血不足，肝郁不舒，月经不调，头晕目眩，血漏血崩，贫血身弱及不孕症。,理气剂 | 理气疏肝,,,,,https://www.yao86.com/%E4%B8%AD%E6%88%90%E8%8D%AF/%E5%A6%87%E7%A7%91%E5%85%BB%E8%8D%A3%E4%B8%B8%28%E6%B5%93%E7%BC%A9%E4%B8%B8%29,站点药理或 ATC 分类明确为妇科用药
already_present,11999,妇科养荣胶囊,tcm,14,14,0.96,补养气血，疏肝解郁，祛瘀调经。用于气血不足，肝郁不舒，月经不调，头晕目眩，血漏血崩，贫血身弱及不孕症。,理气剂 | 理气疏肝,生殖泌尿系统药物 | 妇科用药 | 调经药物,,,,https://www.yao86.com/%E4%B8%AD%E6%88%90%E8%8D%AF/%E5%A6%87%E7%A7%91%E5%85%BB%E8%8D%A3%E8%83%B6%E5%9B%8A,站点药理或 ATC 分类明确为妇科用药
already_present,12000,茯蒲洗液,tcm,14,14,0.96,清热解毒，杀虫止痒。用于肝经湿热所致的滴虫性、霉菌性阴道炎及擦烂型手足癣。,祛湿剂 | 清热除湿,生殖泌尿系统药物 | 妇科用药 | 妇科炎症治疗药,,,,https://www.yao86.com/%E4%B8%AD%E6%88%90%E8%8D%AF/%E8%8C%AF%E8%92%B2%E6%B4%97%E6%B6%B2,站点药理或 ATC 分类明确为妇科用药
already_present,12001,复方参子洗剂,tcm,14,14,0.96,清热解毒，燥湿止痒，杀虫灭菌。用于妇女阴道炎，治疗妇女带下过多，外阴瘙痒，皮肤及肛门湿疹、体、脚癣等症。,祛湿剂 | 清热除湿,,,,,https://www.yao86.com/%E4%B8%AD%E6%88%90%E8%8D%AF/%E5%A4%8D%E6%96%B9%E5%8F%82%E5%AD%90%E6%B4%97%E5%89%82,站点药理或 ATC 分类明确为妇科用药
already_present,12002,复方蛇脂软膏,tcm,9,9,0.94,养阴润燥愈裂。用于阴津不足，肌肤失养所致的手足皲裂，皮肤干燥。,治燥剂 | 滋阴润燥,皮肤病药物 | 创伤和溃疡治疗药 | 其他创伤和溃疡治疗药,,,,https://www.yao86.com/%E4%B8%AD%E6%88%90%E8%8D%AF/%E5%A4%8D%E6%96%B9%E8%9B%87%E8%84%82%E8%BD%AF%E8%86%8F,剂型或站点分类明确为局部外用药
already_present,12003,妇科十味胶囊,tcm,14,14,0.96,舒肝理气，养血调经。用于肝郁血虚，月经不调，行经腹痛，闭经等症。,理气剂 | 理气疏肝,生殖泌尿系统药物 | 妇科用药 | 调经药物,,,,https://www.yao86.com/%E4%B8%AD%E6%88%90%E8%8D%AF/%E5%A6%87%E7%A7%91%E5%8D%81%E5%91%B3%E8%83%B6%E5%9B%8A,站点药理或 ATC 分类明确为妇科用药
already_present,12004,妇科十味片,tcm,14,14,0.96,养血舒肝，调经止痛。用于血虚肝郁所致月经不调、痛经、月经前后诸证，症见行经后错，经水量少、有血块，行经小腹疼痛，血块排出痛减，经前双乳胀痛、烦躁，食欲不振。,理气剂 | 理气疏肝,生殖泌尿系统药物 | 妇科用药 | 调经药物,,,,https://www.yao86.com/%E4%B8%AD%E6%88%90%E8%8D%AF/%E5%A6%87%E7%A7%91%E5%8D%81%E5%91%B3%E7%89%87,站点药理或 ATC 分类明确为妇科用药
already_present,12005,呋麻滴鼻液,western,9,9,0.94,用于缓解急、慢性鼻炎的鼻塞症状。,耳鼻喉科用药 | 鼻部疾病用药,鼻用制剂 | 减充血药和其它鼻腔局部用药 | 拟交感神经药与非皮质甾体激素类药的复方,,,,https://www.yao86.com/%E8%A5%BF%E8%8D%AF/%E5%91%8B%E9%BA%BB%E6%BB%B4%E9%BC%BB%E6%B6%B2,剂型或站点分类明确为局部外用药
review_unclassified,,复方萘甲唑啉喷剂,western,,,0.0,用于急、慢性鼻炎、鼻窦炎以及过敏性鼻炎发作期。,耳鼻喉科用药 | 鼻部疾病用药,鼻用制剂 | 减充血药和其它鼻腔局部用药 | 拟交感神经药与非皮质甾体激素类药的复方,,,,https://www.yao86.com/%E8%A5%BF%E8%8D%AF/%E5%A4%8D%E6%96%B9%E8%90%98%E7%94%B2%E5%94%91%E5%95%89%E5%96%B7%E5%89%82,站点分类无法可靠映射到项目现有类别
already_present,12006,复方硫酸锌滴眼液,western,9,9,0.94,用于治疗眼结膜炎、沙眼等眼部感染。,眼科用药 | 眼科抗感染药,眼科用药 | 抗感染药 | 其它抗感染药,,,,https://www.yao86.com/%E8%A5%BF%E8%8D%AF/%E5%A4%8D%E6%96%B9%E7%A1%AB%E9%85%B8%E9%94%8C%E6%BB%B4%E7%9C%BC%E6%B6%B2,剂型或站点分类明确为局部外用药
already_present,12007,复方磺胺甲噁唑钠滴眼液,western,9,9,0.94,主要用于敏感菌所引起的细菌性结膜炎、睑腺炎(麦粒肿)及细菌性眼睑炎。,眼科用药 | 眼科抗感染药,眼科用药 | 抗感染药 | 氟喹诺酮类药物,乐敦康,,,https://www.yao86.com/%E8%A5%BF%E8%8D%AF/%E5%A4%8D%E6%96%B9%E7%A3%BA%E8%83%BA%E7%94%B2%E5%99%81%E5%94%91%E9%92%A0%E6%BB%B4%E7%9C%BC%E6%B6%B2,剂型或站点分类明确为局部外用药
already_present,12008,复方碳酸氢钠颠茄胶囊,western,5,5,0.93,用于胃及十二指肠溃疡，慢性胃炎等。,消化系统用药 | 抗酸药及抗溃疡病药,治疗与胃酸分泌相关疾病的药物 | 治酸药 | 配有碳酸氢钠的治酸药,,,,https://www.yao86.com/%E8%A5%BF%E8%8D%AF/%E5%A4%8D%E6%96%B9%E7%A2%B3%E9%85%B8%E6%B0%A2%E9%92%A0%E9%A2%A0%E8%8C%84%E8%83%B6%E5%9B%8A,站点药理或 ATC 分类明确为胃肠消化用药
review_unclassified,,复方碳酸氢钠片,western,,,0.0,抗酸药。用于碱化尿液及酸血症，也可用于胃酸。,泌尿系统用药 | 其他泌尿系统药,治疗与胃酸分泌相关疾病的药物 | 治酸药 | 配有碳酸氢钠的治酸药,,,,https://www.yao86.com/%E8%A5%BF%E8%8D%AF/%E5%A4%8D%E6%96%B9%E7%A2%B3%E9%85%B8%E6%B0%A2%E9%92%A0%E7%89%87,站点分类无法可靠映射到项目现有类别
already_present,12009,复方盐酸麻黄碱软膏,western,9,9,0.94,用于感冒引起的鼻炎症状。,耳鼻喉科用药 | 鼻部疾病用药,鼻用制剂 | 减充血药和其它鼻腔局部用药 | 拟交感神经药与非皮质甾体激素类药的复方,,,,https://www.yao86.com/%E8%A5%BF%E8%8D%AF/%E5%A4%8D%E6%96%B9%E7%9B%90%E9%85%B8%E9%BA%BB%E9%BB%84%E7%A2%B1%E8%BD%AF%E8%86%8F,剂型或站点分类明确为局部外用药
already_present,12010,桂附地黄丸,tcm,13,13,0.9,温补肾阳。用于腰膝酸软，肢冷尿频。,补益剂 | 补阳,生殖泌尿系统药物 | 泌尿系统药物 | 补肾药物（勃起机能障碍用药）,,,,https://www.yao86.com/%E4%B8%AD%E6%88%90%E8%8D%AF/%E6%A1%82%E9%99%84%E5%9C%B0%E9%BB%84%E4%B8%B8,站点明确收录为中成药，未命中更具体项目类别
already_present,12011,桂附地黄丸(浓缩丸),tcm,13,13,0.9,温补肾阳。用于腰膝酸软，肢冷尿频。,补益剂 | 补阳,,,,,https://www.yao86.com/%E4%B8%AD%E6%88%90%E8%8D%AF/%E6%A1%82%E9%99%84%E5%9C%B0%E9%BB%84%E4%B8%B8%28%E6%B5%93%E7%BC%A9%E4%B8%B8%29,站点明确收录为中成药，未命中更具体项目类别
review_missing_efficacy,,桂附地黄颗粒,tcm,,13,0.9,,补益剂 | 补阳,生殖泌尿系统药物 | 泌尿系统药物 | 补肾药物（勃起机能障碍用药）,,,,https://www.yao86.com/%E4%B8%AD%E6%88%90%E8%8D%AF/%E6%A1%82%E9%99%84%E5%9C%B0%E9%BB%84%E9%A2%97%E7%B2%92,站点明确收录为中成药，未命中更具体项目类别
already_present,12012,桂附地黄胶囊,tcm,13,13,0.9,温补肾阳。用于肾阳不足，腰膝痠冷，肢体浮肿，小便不利或反多，痰饮喘咳，消渴。,补益剂 | 补阳,生殖泌尿系统药物 | 泌尿系统药物 | 补肾药物（勃起机能障碍用药）,,,,https://www.yao86.com/%E4%B8%AD%E6%88%90%E8%8D%AF/%E6%A1%82%E9%99%84%E5%9C%B0%E9%BB%84%E8%83%B6%E5%9B%8A,站点明确收录为中成药，未命中更具体项目类别
already_present,12013,桂附地黄口服液,tcm,13,13,0.9,温补肾阳。用于腰膝酸软，肢冷尿频。,补益剂 | 补阳,生殖泌尿系统药物 | 泌尿系统药物 | 补肾药物（勃起机能障碍用药）,,,,https://www.yao86.com/%E4%B8%AD%E6%88%90%E8%8D%AF/%E6%A1%82%E9%99%84%E5%9C%B0%E9%BB%84%E5%8F%A3%E6%9C%8D%E6%B6%B2,站点明确收录为中成药，未命中更具体项目类别
already_present,12014,桂附地黄片,tcm,13,13,0.9,温补肾阳。用于腰膝酸软，肢冷尿频。,补益剂 | 补阳,生殖泌尿系统药物 | 泌尿系统药物 | 补肾药物（勃起机能障碍用药）,,,,https://www.yao86.com/%E4%B8%AD%E6%88%90%E8%8D%AF/%E6%A1%82%E9%99%84%E5%9C%B0%E9%BB%84%E7%89%87,站点明确收录为中成药，未命中更具体项目类别
already_present,12015,甘桔清咽颗粒,tcm,13,13,0.9,祛风清热，解毒利咽。用于急性咽炎属风热证者，症见咽痛，咽粘膜、悬雍垂红肿，咽干灼热，咽侧索红肿等。,治风剂 | 疏散外风,呼吸系统药物 | 咽喉疾病治疗药,,,,https://www.yao86.com/%E4%B8%AD%E6%88%90%E8%8D%AF/%E7%94%98%E6%A1%94%E6%B8%85%E5%92%BD%E9%A2%97%E7%B2%92,站点明确收录为中成药，未命中更具体项目类别
already_present,12016,肝乐欣胶囊,tcm,5,5,0.93,苗医：旭嘎帜沓痂，沆苯样丢象，洼胗踏仿；夫蒙觉热。中医：清热解毒，利胆退黄。用于肝胆湿热所致的急慢性肝炎。,祛湿剂 | 清热除湿,消化系统与代谢药 | 肝、胆疾病治疗药 | 肝病治疗药,,,,https://www.yao86.com/%E4%B8%AD%E6%88%90%E8%8D%AF/%E8%82%9D%E4%B9%90%E6%AC%A3%E8%83%B6%E5%9B%8A,站点药理或 ATC 分类明确为胃肠消化用药
already_present,12017,甘霖洗剂,tcm,14,14,0.96,清热除湿、祛风止痒。用于风湿热蕴肌肤所致皮肤瘙痒和下焦湿热导致的外阴瘙痒。,治风剂 | 疏散外风,生殖泌尿系统药物 | 妇科用药 | 妇科炎症治疗药,,,,https://www.yao86.com/%E4%B8%AD%E6%88%90%E8%8D%AF/%E7%94%98%E9%9C%96%E6%B4%97%E5%89%82,站点药理或 ATC 分类明确为妇科用药
already_present,12018,四味光明盐汤散,tcm,5,5,0.93,温胃散寒，消食化滞。用于脾胃虚寒，食滞不消所致的消化不良，胃脘胀痛。,消食剂 | 消食导滞,消化系统与代谢药 | 胃病相关药物,,,,https://www.yao86.com/%E4%B8%AD%E6%88%90%E8%8D%AF/%E5%9B%9B%E5%91%B3%E5%85%89%E6%98%8E%E7%9B%90%E6%B1%A4%E6%95%A3,站点药理或 ATC 分类明确为胃肠消化用药
already_present,12019,光明盐四味胶囊,tcm,5,5,0.93,温胃，消食，解毒。用于消化不良，药物，食物中毒。,消食剂 | 消食导滞,消化系统与代谢药 | 提升食欲、促消化药,,,,https://www.yao86.com/%E4%B8%AD%E6%88%90%E8%8D%AF/%E5%85%89%E6%98%8E%E7%9B%90%E5%9B%9B%E5%91%B3%E8%83%B6%E5%9B%8A,站点药理或 ATC 分类明确为胃肠消化用药
review_missing_efficacy,,关节炎丸,tcm,,13,0.9,,,,,,,https://www.yao86.com/%E4%B8%AD%E6%88%90%E8%8D%AF/%E5%85%B3%E8%8A%82%E7%82%8E%E4%B8%B8,站点明确收录为中成药，未命中更具体项目类别
already_present,12020,归柏化瘀胶囊,tcm,13,13,0.9,活血化瘀，清利湿热。用于慢性非细菌性前列腺炎血瘀兼湿热证，症见尿频，尿急，尿痛，尿道口常有少量粘液，口苦，小便短黄等。,理血剂 | 活血化瘀,生殖泌尿系统药物 | 泌尿系统药物 | 前列腺疾病治疗药,,,,https://www.yao86.com/%E4%B8%AD%E6%88%90%E8%8D%AF/%E5%BD%92%E6%9F%8F%E5%8C%96%E7%98%80%E8%83%B6%E5%9B%8A,站点明确收录为中成药，未命中更具体项目类别
already_present,12021,复方芦荟维U片,western,5,5,0.93,用于慢性胃炎及缓解胃酸过多引起的胃痛、胃灼热感(烧心)、反酸。,消化系统用药 | 抗酸药及抗溃疡病药,治疗与胃酸分泌相关疾病的药物 | 治酸药 | 铝、钙和镁化合物类的复合物与复方,,,,https://www.yao86.com/%E8%A5%BF%E8%8D%AF/%E5%A4%8D%E6%96%B9%E8%8A%A6%E8%8D%9F%E7%BB%B4U%E7%89%87,站点药理或 ATC 分类明确为胃肠消化用药
review_unclassified,,复方颠茄维B6片,western,,,0.0,本品用于减轻和避免口服复方长效避孕药时发生恶心、头晕、困倦等不良反应。,神经系统用药 | 其他神经系统用药,镇吐药和止呕药 | 其它镇吐药,,,,https://www.yao86.com/%E8%A5%BF%E8%8D%AF/%E5%A4%8D%E6%96%B9%E9%A2%A0%E8%8C%84%E7%BB%B4B6%E7%89%87,站点分类无法可靠映射到项目现有类别
already_present,12022,复方氨酚愈敏口服溶液,western,1,1,0.95,本品为抗感冒药，适用于感冒诸症状(鼻塞，打喷嚏，流鼻水，咳嗽，咯痰，发热，头痛，关节痛，肌肉酸痛等)之缓解。,呼吸系统用药 | 祛痰药,咳嗽和感冒用药 | 其它感冒用药,,,,https://www.yao86.com/%E8%A5%BF%E8%8D%AF/%E5%A4%8D%E6%96%B9%E6%B0%A8%E9%85%9A%E6%84%88%E6%95%8F%E5%8F%A3%E6%9C%8D%E6%BA%B6%E6%B6%B2,站点药理分类明确为止咳或祛痰药
already_present,12023,复方木香铝镁片,western,5,5,0.93,用于慢性胃炎及缓解胃酸过多引起胃痛、胃灼热感(烧心)、反酸。,消化系统用药 | 抗酸药及抗溃疡病药,治疗与胃酸分泌相关疾病的药物 | 治酸药 | 铝、钙和镁化合物类的复合物与复方,,,,https://www.yao86.com/%E8%A5%BF%E8%8D%AF/%E5%A4%8D%E6%96%B9%E6%9C%A8%E9%A6%99%E9%93%9D%E9%95%81%E7%89%87,站点药理或 ATC 分类明确为胃肠消化用药
already_present,12024,复方新斯的明牛磺酸滴眼液,western,9,9,0.94,用于缓解儿童及青少年视疲劳症状，如眼痛、眼胀、眼痒、视物模糊、异物感、眼干涩等。,眼科用药 | 其他眼科用药,眼科用药 | 抗青光眼药和缩瞳药 | 拟副交感神经药,,,,https://www.yao86.com/%E8%A5%BF%E8%8D%AF/%E5%A4%8D%E6%96%B9%E6%96%B0%E6%96%AF%E7%9A%84%E6%98%8E%E7%89%9B%E7%A3%BA%E9%85%B8%E6%BB%B4%E7%9C%BC%E6%B6%B2,剂型或站点分类明确为局部外用药
already_present,12025,复方石菖蒲碱式碳酸铋片,western,5,5,0.93,用于胃及十二指肠溃疡，胃炎等症。,消化系统用药 | 抗酸药及抗溃疡病药,治疗与胃酸分泌相关疾病的药物 | 消化道溃疡和胃食管返流病治疗药物 | 消化道溃疡和胃食管返流病治疗用其它药物,,,,https://www.yao86.com/%E8%A5%BF%E8%8D%AF/%E5%A4%8D%E6%96%B9%E7%9F%B3%E8%8F%96%E8%92%B2%E7%A2%B1%E5%BC%8F%E7%A2%B3%E9%85%B8%E9%93%8B%E7%89%87,站点药理或 ATC 分类明确为胃肠消化用药
already_present,12026,复方贝母氯化铵片,western,1,1,0.95,用于急慢性支气管炎、感冒引起的频繁的咳嗽、多痰。,呼吸系统用药 | 祛痰药,咳嗽和感冒用药 | 止咳药和祛痰药的复方 | 其它止咳药和祛痰药,,,,https://www.yao86.com/%E8%A5%BF%E8%8D%AF/%E5%A4%8D%E6%96%B9%E8%B4%9D%E6%AF%8D%E6%B0%AF%E5%8C%96%E9%93%B5%E7%89%87,站点药理分类明确为止咳或祛痰药
already_present,12027,复方醋酸棉酚片,western,14,14,0.96,用于子宫功能性出血、子宫肌瘤并月经过多及子宫内膜异位症。,妇产科用药 | 其他妇产科用药,其它妇科用药,,,,https://www.yao86.com/%E8%A5%BF%E8%8D%AF/%E5%A4%8D%E6%96%B9%E9%86%8B%E9%85%B8%E6%A3%89%E9%85%9A%E7%89%87,站点药理或 ATC 分类明确为妇科用药
already_present,12028,棉酚氯化钾维B胶囊,western,14,14,0.96,用于更年期子宫功能性出血。,妇产科用药 | 其他妇产科用药,其它妇科用药,,,,https://www.yao86.com/%E8%A5%BF%E8%8D%AF/%E6%A3%89%E9%85%9A%E6%B0%AF%E5%8C%96%E9%92%BE%E7%BB%B4B%E8%83%B6%E5%9B%8A,站点药理或 ATC 分类明确为妇科用药
already_present,12029,和中理脾丸,tcm,5,5,0.93,理脾和胃。用于脾胃不和引起；胸膈痞闷，脘腹胀满，恶心呕吐，不思饮食，大便不调。,理气剂 | 理气和中,消化系统与代谢药 | 提升食欲、促消化药,,,,https://www.yao86.com/%E4%B8%AD%E6%88%90%E8%8D%AF/%E5%92%8C%E4%B8%AD%E7%90%86%E8%84%BE%E4%B8%B8,站点药理或 ATC 分类明确为胃肠消化用药
already_present,12030,护肝布祖热颗粒,tcm,5,5,0.93,补益肝、胃，散气止痛，利胆，利水。用于肝寒，胃痛，脾阻胁痛及关节骨痛，风湿病，泌尿系统疾病。,其它功用,消化系统与代谢药 | 肝、胆疾病治疗药 | 肝病治疗药,,,,https://www.yao86.com/%E4%B8%AD%E6%88%90%E8%8D%AF/%E6%8A%A4%E8%82%9D%E5%B8%83%E7%A5%96%E7%83%AD%E9%A2%97%E7%B2%92,站点药理或 ATC 分类明确为胃肠消化用药
already_present,12031,和胃整肠丸,tcm,5,5,0.93,温中和胃，理气止痛。适用于邪滞中焦所致的恶心、呕吐、纳差、胃痛、腹痛、胃胀、腹胀、泄泻。,理气剂 | 理气和中,消化系统与代谢药 | 胃病相关药物,,,,https://www.yao86.com/%E4%B8%AD%E6%88%90%E8%8D%AF/%E5%92%8C%E8%83%83%E6%95%B4%E8%82%A0%E4%B8%B8,站点药理或 ATC 分类明确为胃肠消化用药
already_present,12032,和胃降逆胶囊,tcm,5,5,0.93,活血理气，清热化瘀，和胃降逆。用于慢性浅表性胃炎、慢性萎缩性胃炎及伴有肠腺上皮化生、非典型增生属气滞血瘀证者。,理气剂 | 理气和中,消化系统与代谢药 | 胃病相关药物,,,,https://www.yao86.com/%E4%B8%AD%E6%88%90%E8%8D%AF/%E5%92%8C%E8%83%83%E9%99%8D%E9%80%86%E8%83%B6%E5%9B%8A,站点药理或 ATC 分类明确为胃肠消化用药
already_present,12033,蛤杞白术胶囊,tcm,14,14,0.96,补肾，健脾，安神。用于妇女绝经前后出现的阵发性潮热，出汗，头晕目眩，腰膝酸痛，失眠等症的辅助治疗。,安神剂 | 补养安神,生殖泌尿系统药物 | 妇科用药 | 更年期综合征治疗药,,,,https://www.yao86.com/%E4%B8%AD%E6%88%90%E8%8D%AF/%E8%9B%A4%E6%9D%9E%E7%99%BD%E6%9C%AF%E8%83%B6%E5%9B%8A,站点药理或 ATC 分类明确为妇科用药
already_present,12034,红芪口服液,tcm,13,13,0.9,补气固表。适用于气虚乏力，心悸失眠，食少便溏，面色无华，免疫功能下降等症。,补益剂 | 补气,补气补血药物 | 补气药物,,,,https://www.yao86.com/%E4%B8%AD%E6%88%90%E8%8D%AF/%E7%BA%A2%E8%8A%AA%E5%8F%A3%E6%9C%8D%E6%B6%B2,站点明确收录为中成药，未命中更具体项目类别
already_present,12035,海马香草酒,tcm,13,13,0.9,温补肾阳，填精补髓。本品用于肾阳不足，症见头晕耳鸣，腰膝酸软，畏寒肢冷，神疲乏力。,补益剂 | 补阳,生殖泌尿系统药物 | 泌尿系统药物 | 补肾药物（勃起机能障碍用药）,,,,https://www.yao86.com/%E4%B8%AD%E6%88%90%E8%8D%AF/%E6%B5%B7%E9%A9%AC%E9%A6%99%E8%8D%89%E9%85%92,站点明确收录为中成药，未命中更具体项目类别
review_unclassified,,复方吡拉西坦脑蛋白水解物片,western,,,0.0,1、急慢性脑血管病、脑外伤，各种中毒性脑病等各种原因引起的脑神经功能障碍及记忆力减退。2．先天性脑发育不全，儿童智能发育迟缓，老年性痴呆。3、中枢神经系统感染，病毒性脑膜炎，化脓性脑膜炎，精神病。,治疗精神障碍药 | 抗精神病药,精神兴奋药 | 精神兴奋药，用于治疗注意力缺陷多动症药和益智药 | 其它精神兴奋药和益智药,,,,https://www.yao86.com/%E8%A5%BF%E8%8D%AF/%E5%A4%8D%E6%96%B9%E5%90%A1%E6%8B%89%E8%A5%BF%E5%9D%A6%E8%84%91%E8%9B%8B%E7%99%BD%E6%B0%B4%E8%A7%A3%E7%89%A9%E7%89%87,站点分类无法可靠映射到项目现有类别
already_present,12036,复方磷酸可待因溶液,western,1,1,0.95,伤风、流感、上呼吸道感染、咽喉及支气管刺激所引起的咳嗽、痰少咳嗽、干咳、敏感性咳；因感冒、枯草热、过敏性鼻炎引起的流涕、流泪、打喷嚏、鼻塞和咽喉发痒。,呼吸系统用药 | 镇咳药,咳嗽和感冒用药 | 止咳药，与祛痰药的复方除外 | 阿片生物碱与其衍生物类,,,,https://www.yao86.com/%E8%A5%BF%E8%8D%AF/%E5%A4%8D%E6%96%B9%E7%A3%B7%E9%85%B8%E5%8F%AF%E5%BE%85%E5%9B%A0%E6%BA%B6%E6%B6%B2,站点药理分类明确为止咳或祛痰药
already_present,12037,复方磷酸可待因口服溶液,western,1,1,0.95,用于无痰干咳以及剧烈、频繁的咳嗽。,呼吸系统用药 | 镇咳药,咳嗽和感冒用药 | 止咳药，与祛痰药的复方除外 | 阿片生物碱与其衍生物类,联邦止咳露,,,https://www.yao86.com/%E8%A5%BF%E8%8D%AF/%E5%A4%8D%E6%96%B9%E7%A3%B7%E9%85%B8%E5%8F%AF%E5%BE%85%E5%9B%A0%E5%8F%A3%E6%9C%8D%E6%BA%B6%E6%B6%B2,站点药理分类明确为止咳或祛痰药
already_present,12038,复方磷酸可待因溶液(Ⅱ),western,1,1,0.95,用于无痰干咳以及剧烈、频繁的咳嗽。伤风、流感、上呼吸道感染、咽喉及支气管刺激所引起的咳嗽、痰少咳嗽、干咳、敏感性咳；因感冒、枯草热、过敏性鼻炎引起的流涕、流泪、打喷嚏、鼻塞和咽喉发痒。,呼吸系统用药 | 镇咳药,咳嗽和感冒用药 | 止咳药，与祛痰药的复方除外 | 阿片生物碱与其衍生物类,,,,https://www.yao86.com/%E8%A5%BF%E8%8D%AF/%E5%A4%8D%E6%96%B9%E7%A3%B7%E9%85%B8%E5%8F%AF%E5%BE%85%E5%9B%A0%E6%BA%B6%E6%B6%B2%28%E2%85%A1%29,站点药理分类明确为止咳或祛痰药
reclassified_existing,12039,复方磷酸可待因片,western,3,14,0.96,适用于偏头痛、头痛、牙痛、痛经和肌肉痛的短期镇痛，癌性疼痛的长期镇痛。还可用于减轻发热和感冒伴有的严重头痛、肌肉酸痛等。,镇痛、解热、抗炎、抗风湿、抗痛风药 | 镇痛药,镇痛药 | 其它解热镇痛药 | 酰苯胺类,斯力邦,,,https://www.yao86.com/%E8%A5%BF%E8%8D%AF/%E5%A4%8D%E6%96%B9%E7%A3%B7%E9%85%B8%E5%8F%AF%E5%BE%85%E5%9B%A0%E7%89%87,站点药理或 ATC 分类明确为妇科用药
already_present,12040,复方紫荆皮水杨酸溶液,western,2,2,0.96,适应症用于足癣，亦用于手足多汗症。,皮肤科用药 | 皮肤抗感染药,皮肤病用抗真菌药 | 局部用抗真菌药 | 局部用其它抗真菌药,,,,https://www.yao86.com/%E8%A5%BF%E8%8D%AF/%E5%A4%8D%E6%96%B9%E7%B4%AB%E8%8D%86%E7%9A%AE%E6%B0%B4%E6%9D%A8%E9%85%B8%E6%BA%B6%E6%B6%B2,站点药理或 ATC 分类明确为抗感染药
already_present,12041,复方石菖蒲碱式硝酸铋片,western,5,5,0.93,用于胃、十二指肠溃疡及胃炎等。,消化系统用药 | 抗酸药及抗溃疡病药,治疗与胃酸分泌相关疾病的药物 | 消化道溃疡和胃食管返流病治疗药物 | 消化道溃疡和胃食管返流病治疗用其它药物,,,,https://www.yao86.com/%E8%A5%BF%E8%8D%AF/%E5%A4%8D%E6%96%B9%E7%9F%B3%E8%8F%96%E8%92%B2%E7%A2%B1%E5%BC%8F%E7%A1%9D%E9%85%B8%E9%93%8B%E7%89%87,站点药理或 ATC 分类明确为胃肠消化用药
already_present,12042,复方角菜酸酯栓,western,15,15,0.95,用于痔疮及其他肛门疾患引起的疼痛、瘙痒、肿胀和出血的对症治疗；亦可用于缓解肛门局部手术后的不适。,消化系统用药 | 治疗痔疮药,血管保护剂 | 治疗痔疮和肛裂的外用药 | 治疗痔疮和肛裂的其它外用药,,,,https://www.yao86.com/%E8%A5%BF%E8%8D%AF/%E5%A4%8D%E6%96%B9%E8%A7%92%E8%8F%9C%E9%85%B8%E9%85%AF%E6%A0%93,站点分类明确为痔疮或肛肠用药
already_present,12043,复方角菜酸酯乳膏,western,15,15,0.95,对痔疮及其它肛门疾患引起的疼痛、瘙痒、充血及少量出血进行对症治疗。,消化系统用药 | 治疗痔疮药,血管保护剂 | 治疗痔疮和肛裂的外用药 | 治疗痔疮和肛裂的其它外用药,,,,https://www.yao86.com/%E8%A5%BF%E8%8D%AF/%E5%A4%8D%E6%96%B9%E8%A7%92%E8%8F%9C%E9%85%B8%E9%85%AF%E4%B9%B3%E8%86%8F,站点分类明确为痔疮或肛肠用药
review_unclassified,,氟唑帕利胶囊,western,,,0.0,氟唑帕利胶囊用于治疗既往经过二线及以上化疗的伴有 BRCA1/2 致病性或疑似致病性突变的复发性卵巢癌患者。,抗肿瘤药 | 其他抗肿瘤药,抗肿瘤药 | 其它抗肿瘤药物 | 聚（ADP-核糖）聚合酶(PARP)抑制剂,艾瑞颐,,,https://www.yao86.com/%E8%A5%BF%E8%8D%AF/%E6%B0%9F%E5%94%91%E5%B8%95%E5%88%A9%E8%83%B6%E5%9B%8A,站点分类无法可靠映射到项目现有类别
already_present,12044,复方尿囊素片,western,5,5,0.93,用于慢性胃炎及缓解胃酸过多所致的胃痛、胃灼热感(烧心)、反酸。,消化系统用药 | 抗酸药及抗溃疡病药,治疗与胃酸分泌相关疾病的药物 | 治酸药 | 铝化合物类,,,,https://www.yao86.com/%E8%A5%BF%E8%8D%AF/%E5%A4%8D%E6%96%B9%E5%B0%BF%E5%9B%8A%E7%B4%A0%E7%89%87,站点药理或 ATC 分类明确为胃肠消化用药
already_present,12045,虎驹乙肝胶囊,tcm,5,5,0.93,疏肝健脾、清热利湿、活血化瘀。用于慢性乙型肝炎属肝郁脾虚兼湿热瘀滞证，症见：胁肋胀满疼痛，脘痞腹胀，胃纳不佳，四肢倦怠，小便色黄等。,和解剂 | 调和肝脾,消化系统与代谢药 | 肝、胆疾病治疗药 | 肝病治疗药,,,,https://www.yao86.com/%E4%B8%AD%E6%88%90%E8%8D%AF/%E8%99%8E%E9%A9%B9%E4%B9%99%E8%82%9D%E8%83%B6%E5%9B%8A,站点药理或 ATC 分类明确为胃肠消化用药
already_present,12046,虎驹乙肝片,tcm,5,5,0.93,疏肝健脾，清热利湿，活血化瘀。用于慢性乙型肝炎肝郁脾虚兼湿热瘀滞证，症见：胁肋胀满疼痛，脘痞腹胀，胃纳不佳，四肢倦怠，小便色黄等。,和解剂 | 调和肝脾,消化系统与代谢药 | 肝、胆疾病治疗药 | 肝病治疗药,,,,https://www.yao86.com/%E4%B8%AD%E6%88%90%E8%8D%AF/%E8%99%8E%E9%A9%B9%E4%B9%99%E8%82%9D%E7%89%87,站点药理或 ATC 分类明确为胃肠消化用药
already_present,12047,花红颗粒,tcm,14,14,0.96,清热解毒，燥湿止带，祛瘀止痛。用于湿热瘀滞所致带下病、月经不调，症见带下量多、色黄质稠、小腹隐痛、腰骶酸痛、经行腹痛；慢性盆腔炎、附件炎、子宫内膜炎见上述证候者。,祛湿剂 | 清热除湿,生殖泌尿系统药物 | 妇科用药 | 妇科炎症治疗药,,,,https://www.yao86.com/%E4%B8%AD%E6%88%90%E8%8D%AF/%E8%8A%B1%E7%BA%A2%E9%A2%97%E7%B2%92,站点药理或 ATC 分类明确为妇科用药
already_present,1720,花红片,tcm,14,14,0.96,清热解毒，燥湿止带，祛瘀止痛。用于湿热瘀滞所致带下病、月经不调，症见带下量多、色黄质稠、小腹隐痛、腰骶酸痛、经行腹痛；慢性盆腔炎、附件炎、子宫内膜炎见上述证候者。,祛湿剂 | 清热除湿,生殖泌尿系统药物 | 妇科用药 | 妇科炎症治疗药,,,,https://www.yao86.com/%E4%B8%AD%E6%88%90%E8%8D%AF/%E8%8A%B1%E7%BA%A2%E7%89%87,保留数据库现有分类；站点药理或 ATC 分类明确为妇科用药
already_present,12048,花红胶囊,tcm,14,14,0.96,清热解毒，燥湿止带，祛瘀止痛。用于湿热瘀滞所致带下病、月经不调，症见带下量多、色黄质稠、小腹隐痛、腰骶酸痛、经行腹痛；慢性盆腔炎、附件炎见上述证候者。,祛湿剂 | 清热除湿,生殖泌尿系统药物 | 妇科用药 | 妇科炎症治疗药,,,,https://www.yao86.com/%E4%B8%AD%E6%88%90%E8%8D%AF/%E8%8A%B1%E7%BA%A2%E8%83%B6%E5%9B%8A,站点药理或 ATC 分类明确为妇科用药
already_present,12049,荷叶丸,tcm,12,12,0.95,凉血止血。用于血热所致的咯血、衄血、尿血、便血、崩漏。,理血剂 | 凉血散瘀,心脑血管与血液系统药物 | 抗出血药,,,,https://www.yao86.com/%E4%B8%AD%E6%88%90%E8%8D%AF/%E8%8D%B7%E5%8F%B6%E4%B8%B8,站点药理或 ATC 分类明确为心脑血管用药
already_present,12050,活络通口服液,tcm,3,3,0.94,益气补肾，活血通络。适用于老年虚证引起的腰膝酸软，神疲乏力，头晕耳鸣，健忘失眠，胸闷气短。,理气剂 | 行气通络,肌肉-骨骼系统药物 | 抗炎和抗风湿药,白云山,,白云山（多药共用）,https://www.yao86.com/%E4%B8%AD%E6%88%90%E8%8D%AF/%E6%B4%BB%E7%BB%9C%E9%80%9A%E5%8F%A3%E6%9C%8D%E6%B6%B2,站点药理或 ATC 分类明确为镇痛/抗炎药
already_present,12051,回春如意胶囊,tcm,13,13,0.9,补血养血，补肾，益精生髓，强筋健骨。用于头晕健忘，体虚乏力，肾虚耳鸣，腰膝酸痛。,补益剂 | 气血阴阳并补,生殖泌尿系统药物 | 泌尿系统药物 | 补肾药物（勃起机能障碍用药）,,,,https://www.yao86.com/%E4%B8%AD%E6%88%90%E8%8D%AF/%E5%9B%9E%E6%98%A5%E5%A6%82%E6%84%8F%E8%83%B6%E5%9B%8A,站点明确收录为中成药，未命中更具体项目类别
already_present,1696,华佗再造丸,tcm,12,12,0.95,活血化瘀，化痰通络，行气止痛。用于痰瘀阻络之中风恢复期和后遗症，症见半身不遂、拘挛麻木、口眼歪斜、言语不清。,祛痰剂 | 祛湿化痰,心脑血管与血液系统药物 | 脑血管疾病治疗药,,,,https://www.yao86.com/%E4%B8%AD%E6%88%90%E8%8D%AF/%E5%8D%8E%E4%BD%97%E5%86%8D%E9%80%A0%E4%B8%B8,保留数据库现有分类；站点药理或 ATC 分类明确为心脑血管用药
already_present,12052,含化上清片,tcm,13,13,0.9,利肺生津，清喉散火。用于咽喉失润，咳嗽不爽，声音嘶哑，口燥舌干以及急慢性咽炎，扁桃腺炎。,清热剂 | 其它,呼吸系统药物 | 咽喉疾病治疗药,,,,https://www.yao86.com/%E4%B8%AD%E6%88%90%E8%8D%AF/%E5%90%AB%E5%8C%96%E4%B8%8A%E6%B8%85%E7%89%87,站点明确收录为中成药，未命中更具体项目类别
review_unclassified,,甘油醇溶液,western,,,0.0,用于滋润皮肤，防止干燥皱裂。,皮肤科用药 | 其他皮肤科药,润肤药和护肤药 | 软石蜡和脂肪类,,,,https://www.yao86.com/%E8%A5%BF%E8%8D%AF/%E7%94%98%E6%B2%B9%E9%86%87%E6%BA%B6%E6%B6%B2,站点分类无法可靠映射到项目现有类别
review_missing_efficacy,,鬼臼根树脂溶液,western,,2,0.96,,皮肤科用药 | 其他皮肤科药,皮肤病用抗生素和化学治疗药物 | 局部用化疗药 | 抗病毒药,PODOFILM尤力青,,,https://www.yao86.com/%E8%A5%BF%E8%8D%AF/%E9%AC%BC%E8%87%BC%E6%A0%B9%E6%A0%91%E8%84%82%E6%BA%B6%E6%B6%B2,站点药理或 ATC 分类明确为抗感染药
already_present,12053,甘草酸二铵胶囊,western,5,5,0.93,本品适用于伴有谷丙氨基转移酶升高的急、慢性病毒性肝炎的治疗。,消化系统用药 | 肝病辅助治疗药,肝、胆疾病治疗药 | 肝病治疗药，抗脂肪肝药 | 肝病治疗药,,,,https://www.yao86.com/%E8%A5%BF%E8%8D%AF/%E7%94%98%E8%8D%89%E9%85%B8%E4%BA%8C%E9%93%B5%E8%83%B6%E5%9B%8A,站点药理或 ATC 分类明确为胃肠消化用药
already_present,12054,甘草酸二铵肠溶片,western,5,5,0.93,本品适用于伴有谷丙氨基转移酶升高的急、慢性肝炎的治疗。,消化系统用药 | 肝病辅助治疗药,肝、胆疾病治疗药 | 肝病治疗药，抗脂肪肝药 | 肝病治疗药,,,,https://www.yao86.com/%E8%A5%BF%E8%8D%AF/%E7%94%98%E8%8D%89%E9%85%B8%E4%BA%8C%E9%93%B5%E8%82%A0%E6%BA%B6%E7%89%87,站点药理或 ATC 分类明确为胃肠消化用药
already_present,12055,甘草酸二铵肠溶胶囊,western,5,5,0.93,本品适用于伴有谷丙氨基转移酶升高的急、慢性肝炎的治疗。,消化系统用药 | 肝病辅助治疗药,肝、胆疾病治疗药 | 肝病治疗药，抗脂肪肝药 | 肝病治疗药,天晴甘平,,,https://www.yao86.com/%E8%A5%BF%E8%8D%AF/%E7%94%98%E8%8D%89%E9%85%B8%E4%BA%8C%E9%93%B5%E8%82%A0%E6%BA%B6%E8%83%B6%E5%9B%8A,站点药理或 ATC 分类明确为胃肠消化用药
already_present,12056,肝素钠维E乳膏,western,9,9,0.94,用于冻疮、皲裂、黄褐斑、痤疮、各种皮肤软组织损伤。,皮肤科用药 | 其他皮肤科药,抗血栓形成药 | 肝素类,,,,https://www.yao86.com/%E8%A5%BF%E8%8D%AF/%E8%82%9D%E7%B4%A0%E9%92%A0%E7%BB%B4E%E4%B9%B3%E8%86%8F,剂型或站点分类明确为局部外用药
already_present,12057,金喉散,tcm,13,13,0.9,清热解毒，生津化痰，活血消肿止痛。适用于声音嘶哑，急慢性咽喉炎及喉炎引起的声带充血、声带水肿、喉痛等喉症。,清热剂 | 清热解毒,呼吸系统药物 | 咽喉疾病治疗药,,,,https://www.yao86.com/%E4%B8%AD%E6%88%90%E8%8D%AF/%E9%87%91%E5%96%89%E6%95%A3,站点明确收录为中成药，未命中更具体项目类别
already_present,12058,解郁和肝丸,tcm,5,5,0.93,舒肝开郁，顺气消胀。用于肝郁气滞引起的胸胁串痛，脘腹胀满，吞酸嘈杂，不思饮食。,理气剂 | 理气疏肝,消化系统与代谢药 | 其它消化道和代谢药物,,,,https://www.yao86.com/%E4%B8%AD%E6%88%90%E8%8D%AF/%E8%A7%A3%E9%83%81%E5%92%8C%E8%82%9D%E4%B8%B8,站点药理或 ATC 分类明确为胃肠消化用药
already_present,12059,金水鲜胶囊,tcm,13,13,0.9,益气养阴，补肺益肾。适用于气阴两虚、肺肾不足所致的倦怠乏力，面色晄白，口干口渴，自汗盗汗，纳差食少，腰膝酸软，咳嗽气短，胸闷胸痛等症状。也可用于肺癌患者及化疗的合并用药。,补益剂 | 益气养阴,肿瘤药物 | 肿瘤辅助药物,,,,https://www.yao86.com/%E4%B8%AD%E6%88%90%E8%8D%AF/%E9%87%91%E6%B0%B4%E9%B2%9C%E8%83%B6%E5%9B%8A,站点明确收录为中成药，未命中更具体项目类别
already_present,12060,金丹附延颗粒,tcm,14,14,0.96,清热利湿，活血化瘀，行气止痛。主治慢性盆腔炎证属湿热内蕴，症见下腹及腰骶坠胀疼痛，或下腹胀痛拒按，经期或劳累后症状加重，带下量多，黄稠或气味腥臭，大便燥结或不爽，小便短少黄赤，舌质红，苔黄腻，脉弦滑而,理血剂 | 活血化瘀,生殖泌尿系统药物 | 妇科用药 | 妇科炎症治疗药,华太欣,,,https://www.yao86.com/%E4%B8%AD%E6%88%90%E8%8D%AF/%E9%87%91%E4%B8%B9%E9%99%84%E5%BB%B6%E9%A2%97%E7%B2%92,站点药理或 ATC 分类明确为妇科用药
already_present,12061,金泽冠心片,tcm,12,12,0.95,降血脂、增加心肌营养性血流量、降低心肌耗氧量。用于冠心病、心绞痛和高血脂症。,祛痰剂 | 化痰降脂,心脑血管与血液系统药物 | 心血管疾病治疗药,,,,https://www.yao86.com/%E4%B8%AD%E6%88%90%E8%8D%AF/%E9%87%91%E6%B3%BD%E5%86%A0%E5%BF%83%E7%89%87,站点药理或 ATC 分类明确为心脑血管用药
already_present,12062,金泽冠心胶囊,tcm,12,12,0.95,降血脂，增加心肌营养性血流量，降低心肌耗氧量。用于冠心病、心绞痛和高血脂症。,祛痰剂 | 化痰降脂,心脑血管与血液系统药物 | 心血管疾病治疗药,,,,https://www.yao86.com/%E4%B8%AD%E6%88%90%E8%8D%AF/%E9%87%91%E6%B3%BD%E5%86%A0%E5%BF%83%E8%83%B6%E5%9B%8A,站点药理或 ATC 分类明确为心脑血管用药
already_present,12063,解毒利咽丸,tcm,13,13,0.9,清热解毒，消肿止痛。用于咽喉肿痛，单双乳蛾，痈疽疮疖肿毒。,清热剂 | 清热解毒,呼吸系统药物 | 咽喉疾病治疗药,,,,https://www.yao86.com/%E4%B8%AD%E6%88%90%E8%8D%AF/%E8%A7%A3%E6%AF%92%E5%88%A9%E5%92%BD%E4%B8%B8,站点明确收录为中成药，未命中更具体项目类别
already_present,12064,精杞参胶囊,tcm,13,13,0.9,益气补虚，滋养肝肾。用于气血不足，肝肾两虚引起的中、老年人气短乏力，眩晕，心悸，健忘，失眠，食欲不振等症。,补益剂 | 气血双补,生殖泌尿系统药物 | 泌尿系统药物 | 补肾药物（勃起机能障碍用药）,,,,https://www.yao86.com/%E4%B8%AD%E6%88%90%E8%8D%AF/%E7%B2%BE%E6%9D%9E%E5%8F%82%E8%83%B6%E5%9B%8A,站点明确收录为中成药，未命中更具体项目类别
already_present,12065,健康补肾酒,tcm,13,13,0.9,补肾益脾，强健腰膝。用于脾肾虚弱，腰膝酸软，年老体虚，精神疲倦。,补益剂 | 补阴,生殖泌尿系统药物 | 泌尿系统药物 | 补肾药物（勃起机能障碍用药）,,,,https://www.yao86.com/%E4%B8%AD%E6%88%90%E8%8D%AF/%E5%81%A5%E5%BA%B7%E8%A1%A5%E8%82%BE%E9%85%92,站点明确收录为中成药，未命中更具体项目类别
already_present,12066,降气定喘丸,tcm,1,1,0.95,降气定喘，除痰止咳。用于慢性支气管炎，支气管哮喘，咳嗽气促等症。,止咳平喘剂 | 止咳平喘,呼吸系统药物 | 咳嗽和感冒用药,,,,https://www.yao86.com/%E4%B8%AD%E6%88%90%E8%8D%AF/%E9%99%8D%E6%B0%94%E5%AE%9A%E5%96%98%E4%B8%B8,站点药理分类明确为止咳或祛痰药
review_missing_efficacy,,琥珀酸地文拉法辛缓释片,western,,,0.0,,,精神兴奋药 | 抗抑郁药 | 其它抗抑郁药,,,,https://www.yao86.com/%E8%A5%BF%E8%8D%AF/%E7%90%A5%E7%8F%80%E9%85%B8%E5%9C%B0%E6%96%87%E6%8B%89%E6%B3%95%E8%BE%9B%E7%BC%93%E9%87%8A%E7%89%87,站点分类无法可靠映射到项目现有类别
review_missing_efficacy,,琥珀酸美托洛尔包衣颗粒,western,,,0.0,,,,,,,https://www.yao86.com/%E8%A5%BF%E8%8D%AF/%E7%90%A5%E7%8F%80%E9%85%B8%E7%BE%8E%E6%89%98%E6%B4%9B%E5%B0%94%E5%8C%85%E8%A1%A3%E9%A2%97%E7%B2%92,站点分类无法可靠映射到项目现有类别
already_present,12067,磺胺脒片,western,5,5,0.96,磺胺类药。用于细菌性痢疾、肠炎等,抗微生物药 | 磺胺类,止泻药、肠道抗炎、抗感染药 | 肠道抗感染药 | 磺胺类,,,,https://www.yao86.com/%E8%A5%BF%E8%8D%AF/%E7%A3%BA%E8%83%BA%E8%84%92%E7%89%87,站点分类明确为止泻或肠道吸附药
already_present,12068,磺胺林片,western,2,2,0.96,主要用于敏感菌所致的急、慢性尿路感染。,抗微生物药 | 磺胺类,系统用抗细菌药 | 磺胺类和甲氧苄啶 | 长效磺胺类,,,,https://www.yao86.com/%E8%A5%BF%E8%8D%AF/%E7%A3%BA%E8%83%BA%E6%9E%97%E7%89%87,站点药理或 ATC 分类明确为抗感染药
already_present,12069,磺胺多辛片,western,2,2,0.96,本品为长效磺胺，用于溶血性链球菌、肺炎球菌及志贺菌属等细菌感染，现已少用。本品与乙胺嘧啶联合可用于防治耐氯喹的恶性疟原虫所致的疟疾，也可用于疟疾的预防。,抗微生物药 | 磺胺类,系统用抗细菌药 | 磺胺类和甲氧苄啶 | 磺胺类和甲氧苄啶（含其衍生物）的复方,,,,https://www.yao86.com/%E8%A5%BF%E8%8D%AF/%E7%A3%BA%E8%83%BA%E5%A4%9A%E8%BE%9B%E7%89%87,站点药理或 ATC 分类明确为抗感染药
already_present,12070,磺胺间甲氧嘧啶片,western,2,2,0.96,本品适用于敏感菌所致的尿路感染、肠道感染和皮肤软组织感染。,抗微生物药 | 磺胺类,系统用抗细菌药 | 磺胺类和甲氧苄啶 | 磺胺类和甲氧苄啶（含其衍生物）的复方,,,,https://www.yao86.com/%E8%A5%BF%E8%8D%AF/%E7%A3%BA%E8%83%BA%E9%97%B4%E7%94%B2%E6%B0%A7%E5%98%A7%E5%95%B6%E7%89%87,站点药理或 ATC 分类明确为抗感染药
already_present,12071,磺胺对甲氧嘧啶片,western,2,2,0.96,本品用于敏感菌所致的尿路感染、慢性支气管炎、肠道感染和皮肤软组织感染。,抗微生物药 | 磺胺类,系统用抗细菌药 | 磺胺类和甲氧苄啶 | 磺胺类和甲氧苄啶（含其衍生物）的复方,,,,https://www.yao86.com/%E8%A5%BF%E8%8D%AF/%E7%A3%BA%E8%83%BA%E5%AF%B9%E7%94%B2%E6%B0%A7%E5%98%A7%E5%95%B6%E7%89%87,站点药理或 ATC 分类明确为抗感染药
review_missing_efficacy,,磺胺二甲嘧啶片,western,,2,0.96,,,系统用抗细菌药 | 磺胺类和甲氧苄啶 | 短效磺胺类,,,,https://www.yao86.com/%E8%A5%BF%E8%8D%AF/%E7%A3%BA%E8%83%BA%E4%BA%8C%E7%94%B2%E5%98%A7%E5%95%B6%E7%89%87,站点药理或 ATC 分类明确为抗感染药
review_missing_efficacy,,磺胺二甲嘧啶混悬液,western,,2,0.96,,,系统用抗细菌药 | 磺胺类和甲氧苄啶 | 短效磺胺类,,,,https://www.yao86.com/%E8%A5%BF%E8%8D%AF/%E7%A3%BA%E8%83%BA%E4%BA%8C%E7%94%B2%E5%98%A7%E5%95%B6%E6%B7%B7%E6%82%AC%E6%B6%B2,站点药理或 ATC 分类明确为抗感染药
review_missing_efficacy,,磺胺二甲嘧啶干混悬剂,western,,2,0.96,,,系统用抗细菌药 | 磺胺类和甲氧苄啶 | 短效磺胺类,,,,https://www.yao86.com/%E8%A5%BF%E8%8D%AF/%E7%A3%BA%E8%83%BA%E4%BA%8C%E7%94%B2%E5%98%A7%E5%95%B6%E5%B9%B2%E6%B7%B7%E6%82%AC%E5%89%82,站点药理或 ATC 分类明确为抗感染药
review_unclassified,,环孢素口服溶液,western,,,0.0,1．适用于预防和治疗同种异体器官移植或骨髓移植所发生的排斥反应或移植物抗宿主反应。2．经其他免疫抑制剂治疗无效的狼疮肾炎、难治性肾病综合症等自身免疫性疾病。,免疫系统用药 | 免疫抑制药,免疫抑制剂 | 钙调磷酸酶抑制剂,赛斯平,,,https://www.yao86.com/%E8%A5%BF%E8%8D%AF/%E7%8E%AF%E5%AD%A2%E7%B4%A0%E5%8F%A3%E6%9C%8D%E6%BA%B6%E6%B6%B2,站点分类无法可靠映射到项目现有类别
review_unclassified,,环孢素滴眼液(Ⅱ),western,,,0.0,本品可促进干眼症患者的泪液分泌，适用于与角结膜干燥症相关的眼部炎症所导致的泪液生成减少的患者。,免疫系统用药 | 免疫抑制药,眼科用药 | 其它眼科用药,,,,https://www.yao86.com/%E8%A5%BF%E8%8D%AF/%E7%8E%AF%E5%AD%A2%E7%B4%A0%E6%BB%B4%E7%9C%BC%E6%B6%B2%28%E2%85%A1%29,站点分类无法可靠映射到项目现有类别
review_unclassified,,环孢素软胶囊,western,,,0.0,1.适用于预防同种异体肾、肝、心、骨髓等器官或组织移植所发生的排斥反应，也适用于预防及治疗骨髓移植时发生的移植物抗宿主反应(GVHD)。2.经其它免疫抑制剂治疗无效的狼疮肾炎、难治性肾病综合症等自身免疫性疾病。,免疫系统用药 | 免疫抑制药,免疫抑制剂 | 钙调磷酸酶抑制剂,,,,https://www.yao86.com/%E8%A5%BF%E8%8D%AF/%E7%8E%AF%E5%AD%A2%E7%B4%A0%E8%BD%AF%E8%83%B6%E5%9B%8A,站点分类无法可靠映射到项目现有类别
review_unclassified,,环孢素胶囊,western,,,0.0,1、已确认的适应症1.1移植a.器官移植─预防异体移植物的排斥反应，包括肾、肝、心、肺、心肺联合和胰移植。─治疗曾接受其它免疫抑制剂的患者所发生的移植物排斥反应。b.骨髓移植─预防骨髓移植排斥反应。─预防和治疗GVHD。1.2非移植性适应症诊断和决定处方本品者，应是具有应用免疫抑制剂，特别是环孢素经验的医师。a.内源性葡萄膜炎─活动性有致盲危险的中部或后部非感染性葡萄膜炎，而常规疗法无效或产生不可接受的不良反应者。─7-70岁肾功能正常的伴复发性视网膜炎的贝切特氏(Behcet's)葡萄膜炎患者。b.银屑病交替疗法无效或不适用的严重病例。c.异位性皮炎传统疗法无效或不适用的严重病例。d.类风湿性关节炎2、其它可能用途肾病综合征─特发性皮质激素依赖性和拮抗性肾病综合征(活检证实大多数病例为微小病变型肾病[MCD]或局灶性节段性肾小球硬化症[FSGS])，传统细胞抑制剂治疗无效、但至少尚存在50%以上的正常肾功能的患者。应用本品后，可缓解病情，或维持由其它药物包括皮质激素所产生的缓解作用，从而停用其它药物。,免疫系统用药 | 免疫抑制药,免疫抑制剂 | 钙调磷酸酶抑制剂,,,,https://www.yao86.com/%E8%A5%BF%E8%8D%AF/%E7%8E%AF%E5%AD%A2%E7%B4%A0%E8%83%B6%E5%9B%8A,站点分类无法可靠映射到项目现有类别
already_present,12072,环孢素滴眼液,western,9,9,0.94,用于预防和治疗眼角膜移植术后的免疫排斥反应。,免疫系统用药 | 免疫抑制药,眼科用药 | 其它眼科用药,,,,https://www.yao86.com/%E8%A5%BF%E8%8D%AF/%E7%8E%AF%E5%AD%A2%E7%B4%A0%E6%BB%B4%E7%9C%BC%E6%B6%B2,剂型或站点分类明确为局部外用药
review_missing_efficacy,,环孢素滴眼液（III）,western,,,0.0,,,眼科用药 | 其它眼科用药,,,,https://www.yao86.com/%E8%A5%BF%E8%8D%AF/%E7%8E%AF%E5%AD%A2%E7%B4%A0%E6%BB%B4%E7%9C%BC%E6%B6%B2%EF%BC%88III%EF%BC%89,站点分类无法可靠映射到项目现有类别
already_present,12073,健胃消食颗粒,tcm,5,5,0.93,健胃消食。用于脾胃虚弱，消化不良。,消食剂 | 健脾消食,消化系统与代谢药 | 提升食欲、促消化药,,,,https://www.yao86.com/%E4%B8%AD%E6%88%90%E8%8D%AF/%E5%81%A5%E8%83%83%E6%B6%88%E9%A3%9F%E9%A2%97%E7%B2%92,站点药理或 ATC 分类明确为胃肠消化用药
already_present,52,健胃消食片,tcm,5,5,0.93,健胃消食。用于脾胃虚弱所致的食积，症见不思饮食、嗳腐酸臭、脘腹胀满；消化不良见上述证候者。,消食剂 | 健脾消食,消化系统与代谢药 | 提升食欲、促消化药,,,,https://www.yao86.com/%E4%B8%AD%E6%88%90%E8%8D%AF/%E5%81%A5%E8%83%83%E6%B6%88%E9%A3%9F%E7%89%87,保留数据库现有分类；站点药理或 ATC 分类明确为胃肠消化用药
already_present,12074,健胃消食口服液,tcm,5,5,0.93,健胃消食。用于脾胃虚弱所致的食积，症见不思饮食，嗳腐酸臭，脘腹胀满；消化不良见上述证候者。,消食剂 | 健脾消食,消化系统与代谢药 | 提升食欲、促消化药,,,,https://www.yao86.com/%E4%B8%AD%E6%88%90%E8%8D%AF/%E5%81%A5%E8%83%83%E6%B6%88%E9%A3%9F%E5%8F%A3%E6%9C%8D%E6%B6%B2,站点药理或 ATC 分类明确为胃肠消化用药
already_present,12075,加味龟龄集酒,tcm,13,13,0.9,补脑固肾，强壮机能，延年益寿，用于气虚血亏，健忘失眠，食欲不振，腰酸背痛，阴虚阳弱，阳痿早泄，宫冷腹痛，产后诸虚。,补益剂 | 气血阴阳并补,生殖泌尿系统药物 | 泌尿系统药物 | 补肾药物（勃起机能障碍用药）,,,,https://www.yao86.com/%E4%B8%AD%E6%88%90%E8%8D%AF/%E5%8A%A0%E5%91%B3%E9%BE%9F%E9%BE%84%E9%9B%86%E9%85%92,站点明确收录为中成药，未命中更具体项目类别
already_present,12076,健脾养胃颗粒,tcm,5,5,0.93,健脾消食，止泻利尿。用于胃肠衰弱，消化不良，呕吐便泻，腹胀腹痛，小便不利，面黄肌瘦。,消食剂 | 健脾消食,消化系统与代谢药 | 胃病相关药物,,,,https://www.yao86.com/%E4%B8%AD%E6%88%90%E8%8D%AF/%E5%81%A5%E8%84%BE%E5%85%BB%E8%83%83%E9%A2%97%E7%B2%92,站点药理或 ATC 分类明确为胃肠消化用药
already_present,12077,健脾化滞锭,tcm,5,5,0.93,健胃补脾，消滞化食。用于脾胃不和所致的消化不良，身体衰弱，面色萎黄，腹胀便溏。,消食剂 | 健脾消食,消化系统与代谢药 | 提升食欲、促消化药,,,,https://www.yao86.com/%E4%B8%AD%E6%88%90%E8%8D%AF/%E5%81%A5%E8%84%BE%E5%8C%96%E6%BB%9E%E9%94%AD,站点药理或 ATC 分类明确为胃肠消化用药
already_present,12078,健脾增力丸,tcm,5,5,0.93,健脾消食。用于脾胃不健，腹胀久泻，面黄肌瘦，消化不良，食欲不振。,消食剂 | 健脾消食,消化系统与代谢药 | 提升食欲、促消化药,,,,https://www.yao86.com/%E4%B8%AD%E6%88%90%E8%8D%AF/%E5%81%A5%E8%84%BE%E5%A2%9E%E5%8A%9B%E4%B8%B8,站点药理或 ATC 分类明确为胃肠消化用药
review_missing_efficacy,,甲氯噻嗪片,western,,,0.0,,,利尿剂 | 低限量利尿剂，噻嗪类 | 噻嗪类，单方,,,,https://www.yao86.com/%E8%A5%BF%E8%8D%AF/%E7%94%B2%E6%B0%AF%E5%99%BB%E5%97%AA%E7%89%87,站点分类无法可靠映射到项目现有类别
review_missing_efficacy,,甲氯芬那酸片,western,,3,0.94,,,抗炎和抗风湿药 | 非甾体抗炎药和抗风湿药 | 芬那酸类,,,,https://www.yao86.com/%E8%A5%BF%E8%8D%AF/%E7%94%B2%E6%B0%AF%E8%8A%AC%E9%82%A3%E9%85%B8%E7%89%87,站点药理或 ATC 分类明确为镇痛/抗炎药
already_present,12079,盐酸甲氯芬酯胶囊,western,12,12,0.95,外伤性昏迷、酒精中毒、新生儿缺氧症、儿童遗尿症。,神经系统用药 | 脑血管病用药及降颅压药,精神兴奋药 | 精神兴奋药，用于治疗注意力缺陷多动症药和益智药 | 其它精神兴奋药和益智药,,,,https://www.yao86.com/%E8%A5%BF%E8%8D%AF/%E7%9B%90%E9%85%B8%E7%94%B2%E6%B0%AF%E8%8A%AC%E9%85%AF%E8%83%B6%E5%9B%8A,站点药理或 ATC 分类明确为心脑血管用药
already_present,12080,盐酸甲氯芬酯分散片,western,12,12,0.95,外伤性昏迷、酒精中毒、新生儿缺氧症、儿童遗尿症。,神经系统用药 | 脑血管病用药及降颅压药,精神兴奋药 | 精神兴奋药，用于治疗注意力缺陷多动症药和益智药 | 其它精神兴奋药和益智药,,,,https://www.yao86.com/%E8%A5%BF%E8%8D%AF/%E7%9B%90%E9%85%B8%E7%94%B2%E6%B0%AF%E8%8A%AC%E9%85%AF%E5%88%86%E6%95%A3%E7%89%87,站点药理或 ATC 分类明确为心脑血管用药
review_missing_efficacy,,甲磺奈非那韦片,western,,2,0.96,,,系统用抗病毒药 | 直接作用的抗病毒药 | 蛋白酶抑制药,,,,https://www.yao86.com/%E8%A5%BF%E8%8D%AF/%E7%94%B2%E7%A3%BA%E5%A5%88%E9%9D%9E%E9%82%A3%E9%9F%A6%E7%89%87,站点药理或 ATC 分类明确为抗感染药
already_present,12081,溃疡胶囊,tcm,5,5,0.93,制酸止痛，生肌收敛。用于胃脘疼痛，呕恶泛酸，胃及十二指肠溃疡。,制酸止痛解痉剂,消化系统与代谢药 | 胃病相关药物,,,,https://www.yao86.com/%E4%B8%AD%E6%88%90%E8%8D%AF/%E6%BA%83%E7%96%A1%E8%83%B6%E5%9B%8A,站点药理或 ATC 分类明确为胃肠消化用药
already_present,12082,苦参疱疹酊,tcm,9,9,0.94,彝医：伙的格衣都格，凯约，勒秋。中医：清热解毒，凉血止痛。用于肝经湿热所致带状疱疹。,清热剂 | 清热解毒,皮肤病药物 | 抗湿疹药,,,,https://www.yao86.com/%E4%B8%AD%E6%88%90%E8%8D%AF/%E8%8B%A6%E5%8F%82%E7%96%B1%E7%96%B9%E9%85%8A,剂型或站点分类明确为局部外用药
already_present,12083,溃疡颗粒,tcm,5,5,0.93,健胃，消炎，止痛。用于胃溃疡，十二指肠溃疡，急慢性胃炎。,制酸止痛解痉剂,消化系统与代谢药 | 胃病相关药物,,,,https://www.yao86.com/%E4%B8%AD%E6%88%90%E8%8D%AF/%E6%BA%83%E7%96%A1%E9%A2%97%E7%B2%92,站点药理或 ATC 分类明确为胃肠消化用药
already_present,12084,溃疡灵胶囊,tcm,5,5,0.93,益气、化瘀、止痛。用于胃及十二指肠溃疡。,制酸止痛解痉剂,消化系统与代谢药 | 胃病相关药物,,,,https://www.yao86.com/%E4%B8%AD%E6%88%90%E8%8D%AF/%E6%BA%83%E7%96%A1%E7%81%B5%E8%83%B6%E5%9B%8A,站点药理或 ATC 分类明确为胃肠消化用药
already_present,12085,咳痰合剂,tcm,1,1,0.95,彝医：哦格诺诺且，背兹。中医：感冒、支气管炎咳嗽、痰多。,止咳平喘剂 | 止咳,呼吸系统药物 | 咳嗽和感冒用药,,,,https://www.yao86.com/%E4%B8%AD%E6%88%90%E8%8D%AF/%E5%92%B3%E7%97%B0%E5%90%88%E5%89%82,站点药理分类明确为止咳或祛痰药
already_present,12086,口洁喷雾剂,tcm,9,9,0.94,清热解毒。用于口舌生疮，牙龈、咽喉肿痛。,清热剂 | 清热解毒,消化系统与代谢药 | 口腔疾病药物 | 口腔炎症治疗药,,,,https://www.yao86.com/%E4%B8%AD%E6%88%90%E8%8D%AF/%E5%8F%A3%E6%B4%81%E5%96%B7%E9%9B%BE%E5%89%82,剂型或站点分类明确为局部外用药
already_present,12087,口洁含漱液,tcm,5,5,0.93,清热解毒。用于口舌生疮，牙龈、咽喉肿痛。,清热剂 | 清热解毒,消化系统与代谢药 | 口腔疾病药物 | 口腔炎症治疗药,,,,https://www.yao86.com/%E4%B8%AD%E6%88%90%E8%8D%AF/%E5%8F%A3%E6%B4%81%E5%90%AB%E6%BC%B1%E6%B6%B2,站点药理或 ATC 分类明确为胃肠消化用药
already_present,12088,口炎胶囊,tcm,5,5,0.93,清热解毒。用于胃火上炎，口舌生疮，牙龈肿痛。,清热剂 | 清热解毒,消化系统与代谢药 | 口腔疾病药物 | 口腔炎症治疗药,,,,https://www.yao86.com/%E4%B8%AD%E6%88%90%E8%8D%AF/%E5%8F%A3%E7%82%8E%E8%83%B6%E5%9B%8A,站点药理或 ATC 分类明确为胃肠消化用药
already_present,12089,口炎颗粒,tcm,5,5,0.93,清热解毒。用于胃火上炎所致的口舌生疮，牙龈肿痛。,清热剂 | 清热解毒,消化系统与代谢药 | 口腔疾病药物 | 口腔炎症治疗药,,,,https://www.yao86.com/%E4%B8%AD%E6%88%90%E8%8D%AF/%E5%8F%A3%E7%82%8E%E9%A2%97%E7%B2%92,站点药理或 ATC 分类明确为胃肠消化用药
already_present,12090,口炎片,tcm,5,5,0.93,清热解毒。用于胃火上炎，口舌生疮，牙龈肿痛。,清热剂 | 清热解毒,消化系统与代谢药 | 口腔疾病药物 | 口腔炎症治疗药,,,,https://www.yao86.com/%E4%B8%AD%E6%88%90%E8%8D%AF/%E5%8F%A3%E7%82%8E%E7%89%87,站点药理或 ATC 分类明确为胃肠消化用药
already_present,12091,口腔炎喷雾剂,tcm,9,9,0.94,清热解毒，消炎止痛。用于治疗口腔炎，口腔溃疡，咽喉炎等；对小儿口腔炎症有特效。,清热剂 | 清热解毒,消化系统与代谢药 | 口腔疾病药物 | 口腔炎症治疗药,,,,https://www.yao86.com/%E4%B8%AD%E6%88%90%E8%8D%AF/%E5%8F%A3%E8%85%94%E7%82%8E%E5%96%B7%E9%9B%BE%E5%89%82,剂型或站点分类明确为局部外用药
already_present,12092,口腔炎气雾剂,tcm,9,9,0.94,清热解毒，消炎止痛。用于治疗口腔炎，口腔溃疡，咽喉炎等；对小儿口腔炎症有特效。,清热剂 | 清热解毒,消化系统与代谢药 | 口腔疾病药物 | 口腔炎症治疗药,,,,https://www.yao86.com/%E4%B8%AD%E6%88%90%E8%8D%AF/%E5%8F%A3%E8%85%94%E7%82%8E%E6%B0%94%E9%9B%BE%E5%89%82,剂型或站点分类明确为局部外用药
already_present,12093,口鼻清喷雾剂,tcm,9,9,0.94,中医：疏散风热，清热解毒，清利咽喉。用于外感风热，鼻塞流涕，咽喉肿痛。,清热剂 | 清热解毒,呼吸系统药物 | 咳嗽和感冒用药,,,,https://www.yao86.com/%E4%B8%AD%E6%88%90%E8%8D%AF/%E5%8F%A3%E9%BC%BB%E6%B8%85%E5%96%B7%E9%9B%BE%E5%89%82,剂型或站点分类明确为局部外用药
review_missing_efficacy,,假单胞菌制剂,western,,,0.0,,,,,,,https://www.yao86.com/%E8%A5%BF%E8%8D%AF/%E5%81%87%E5%8D%95%E8%83%9E%E8%8F%8C%E5%88%B6%E5%89%82,站点分类无法可靠映射到项目现有类别
already_present,12094,肌醇片,western,12,12,0.95,可用于脂肪肝、肝炎、早期肝硬化及动脉硬化、高脂血症等。,心血管系统用药 | 调脂及抗动脉粥样硬化药,肝、胆疾病治疗药 | 肝病治疗药，抗脂肪肝药 | 肝病治疗药,,,,https://www.yao86.com/%E8%A5%BF%E8%8D%AF/%E8%82%8C%E9%86%87%E7%89%87,站点药理或 ATC 分类明确为心脑血管用药
review_unclassified,,甲异靛片,western,,,0.0,主要用于治疗慢性粒细胞白血病。,抗肿瘤药 | 其他抗肿瘤药,抗肿瘤药 | 其它抗肿瘤药物 | 其它抗肿瘤药,,,,https://www.yao86.com/%E8%A5%BF%E8%8D%AF/%E7%94%B2%E5%BC%82%E9%9D%9B%E7%89%87,站点分类无法可靠映射到项目现有类别
already_present,12095,甲磺酸溴隐亭片,western,14,14,0.96,内分泌系统疾病：泌乳素依赖性月经周期紊乱和不育症(伴随高或正常泌乳素血症)、闭经(伴有或不伴有溢乳)、月经过少、黄体功能不足和药物诱导的高泌乳激素症(抗精神病药物和高血压治疗药物)。非催乳素依赖性不育症：多囊性卵巢综合症、与抗雌激素联合运用(如：氯底酚胺)治疗无排卵症。高泌乳素瘤：垂体泌乳激素分泌腺瘤的保守治疗，在手术治疗前抑制肿瘤生长或减小肿瘤面积，使切除容易进行；术后可用于降低仍然较高的泌乳素水平。肢端肥大症：单独应用或联合放疗、手术等可降低生长激素的血浆水平。抑制生理性泌乳：仅用于医疗原因而不能哺乳的情况，如死产、新生儿死亡、母亲感染人免疫缺陷病毒(HIV)等情况。良性乳腺疾病：缓和或减轻经前综合症及乳腺结节(或囊性)乳腺疾病相关性乳腺疼痛。神经系统疾病：用于各期自发性和脑炎后所致帕金森病的单独治疗，或与其他抗帕金森病药物联合使用。,激素及影响内分泌药 | 下丘脑垂体激素及其类似物,其它妇科用药 | 催乳激素抑制药,佰莫亭,,,https://www.yao86.com/%E8%A5%BF%E8%8D%AF/%E7%94%B2%E7%A3%BA%E9%85%B8%E6%BA%B4%E9%9A%90%E4%BA%AD%E7%89%87,站点药理或 ATC 分类明确为妇科用药
already_present,12096,痢泻灵片,tcm,5,5,0.96,清热解毒，止痢，止泻。用于湿热痢疾、热泻。,祛湿剂 | 清热除湿,消化系统与代谢药 | 止泻药、肠道抗炎、抗感染药,,,,https://www.yao86.com/%E4%B8%AD%E6%88%90%E8%8D%AF/%E7%97%A2%E6%B3%BB%E7%81%B5%E7%89%87,站点分类明确为止泻或肠道吸附药
already_present,12097,乐孕宁口服液,tcm,14,14,0.96,健脾养血，补肾安胎。用于脾肾两虚所致的先兆流产、习惯性流产。,补益剂 | 气血双补,生殖泌尿系统药物 | 妇科用药 | 安胎药物,,,,https://www.yao86.com/%E4%B8%AD%E6%88%90%E8%8D%AF/%E4%B9%90%E5%AD%95%E5%AE%81%E5%8F%A3%E6%9C%8D%E6%B6%B2,站点药理或 ATC 分类明确为妇科用药
already_present,12098,乐孕宁颗粒,tcm,14,14,0.96,健脾养血，补肾安胎，用于脾肾两虚所致的先兆流产、习惯性流产。,补益剂 | 气血双补,生殖泌尿系统药物 | 妇科用药 | 安胎药物,,,,https://www.yao86.com/%E4%B8%AD%E6%88%90%E8%8D%AF/%E4%B9%90%E5%AD%95%E5%AE%81%E9%A2%97%E7%B2%92,站点药理或 ATC 分类明确为妇科用药
already_present,12099,六味地黄胶囊,tcm,13,13,0.9,滋阴补肾。用于肾阴亏损、头晕耳鸣，腰膝酸软，骨蒸潮热，盗汗遗精。,补益剂 | 补阴,生殖泌尿系统药物 | 泌尿系统药物 | 补肾药物（勃起机能障碍用药）,,,,https://www.yao86.com/%E4%B8%AD%E6%88%90%E8%8D%AF/%E5%85%AD%E5%91%B3%E5%9C%B0%E9%BB%84%E8%83%B6%E5%9B%8A,站点明确收录为中成药，未命中更具体项目类别
already_present,12100,六味地黄丸,tcm,13,13,0.9,滋阴补肾。用于肾阴亏损，头晕耳鸣，腰膝酸软，骨蒸潮热，盗汗遗精。,补益剂 | 补阴,生殖泌尿系统药物 | 泌尿系统药物 | 补肾药物（勃起机能障碍用药）,,,,https://www.yao86.com/%E4%B8%AD%E6%88%90%E8%8D%AF/%E5%85%AD%E5%91%B3%E5%9C%B0%E9%BB%84%E4%B8%B8,站点明确收录为中成药，未命中更具体项目类别
already_present,12101,六味地黄片,tcm,13,13,0.9,滋阴补肾。用于头晕耳鸣，腰膝酸软，遗精盗汗。,补益剂 | 补阴,生殖泌尿系统药物 | 泌尿系统药物 | 补肾药物（勃起机能障碍用药）,,,,https://www.yao86.com/%E4%B8%AD%E6%88%90%E8%8D%AF/%E5%85%AD%E5%91%B3%E5%9C%B0%E9%BB%84%E7%89%87,站点明确收录为中成药，未命中更具体项目类别
already_present,12102,六味地黄丸（浓缩丸）,tcm,13,13,0.9,滋阴补肾。用于头晕耳鸣，腰膝酸软，遗精盗汗。,补益剂 | 补阴,,,,,https://www.yao86.com/%E4%B8%AD%E6%88%90%E8%8D%AF/%E5%85%AD%E5%91%B3%E5%9C%B0%E9%BB%84%E4%B8%B8%EF%BC%88%E6%B5%93%E7%BC%A9%E4%B8%B8%EF%BC%89,站点明确收录为中成药，未命中更具体项目类别
already_present,12103,六味地黄滴丸,tcm,13,13,0.9,滋阴补肾。用于头晕耳鸣，腰膝酸软，遗精盗汗。,补益剂 | 补阴,生殖泌尿系统药物 | 泌尿系统药物 | 补肾药物（勃起机能障碍用药）,,,,https://www.yao86.com/%E4%B8%AD%E6%88%90%E8%8D%AF/%E5%85%AD%E5%91%B3%E5%9C%B0%E9%BB%84%E6%BB%B4%E4%B8%B8,站点明确收录为中成药，未命中更具体项目类别
already_present,12104,六味地黄口服液(无糖型),tcm,13,13,0.9,滋阴补肾。用于头晕耳鸣，腰膝酸软，遗精盗汗。,补益剂 | 补阴,,,,,https://www.yao86.com/%E4%B8%AD%E6%88%90%E8%8D%AF/%E5%85%AD%E5%91%B3%E5%9C%B0%E9%BB%84%E5%8F%A3%E6%9C%8D%E6%B6%B2%28%E6%97%A0%E7%B3%96%E5%9E%8B%29,站点明确收录为中成药，未命中更具体项目类别
already_present,12105,六味地黄咀嚼片,tcm,13,13,0.9,滋阴补肾。用于肾阴亏损，头晕耳鸣，腰膝酸软，骨蒸潮热，盗汗遗精，消渴。,补益剂 | 补阴,生殖泌尿系统药物 | 泌尿系统药物 | 补肾药物（勃起机能障碍用药）,,,,https://www.yao86.com/%E4%B8%AD%E6%88%90%E8%8D%AF/%E5%85%AD%E5%91%B3%E5%9C%B0%E9%BB%84%E5%92%80%E5%9A%BC%E7%89%87,站点明确收录为中成药，未命中更具体项目类别
already_present,12106,六味地黄膏,tcm,13,13,0.9,滋阴补肾。用于头晕耳鸣，腰膝酸软，遗精盗汗。,补益剂 | 补阴,生殖泌尿系统药物 | 泌尿系统药物 | 补肾药物（勃起机能障碍用药）,,,,https://www.yao86.com/%E4%B8%AD%E6%88%90%E8%8D%AF/%E5%85%AD%E5%91%B3%E5%9C%B0%E9%BB%84%E8%86%8F,站点明确收录为中成药，未命中更具体项目类别
already_present,12107,六味地黄口服液,tcm,13,13,0.9,滋阴补肾。用于头晕耳鸣，腰膝酸软，遗精盗汗。,补益剂 | 补阴,生殖泌尿系统药物 | 泌尿系统药物 | 补肾药物（勃起机能障碍用药）,,,,https://www.yao86.com/%E4%B8%AD%E6%88%90%E8%8D%AF/%E5%85%AD%E5%91%B3%E5%9C%B0%E9%BB%84%E5%8F%A3%E6%9C%8D%E6%B6%B2,站点明确收录为中成药，未命中更具体项目类别
already_present,12108,六味地黄软胶囊,tcm,13,13,0.9,滋阴补肾。用于肾阴亏损，头晕耳鸣，腰膝酸软，骨蒸潮热，盗汗遗精。,补益剂 | 补阴,生殖泌尿系统药物 | 泌尿系统药物 | 补肾药物（勃起机能障碍用药）,,,,https://www.yao86.com/%E4%B8%AD%E6%88%90%E8%8D%AF/%E5%85%AD%E5%91%B3%E5%9C%B0%E9%BB%84%E8%BD%AF%E8%83%B6%E5%9B%8A,站点明确收录为中成药，未命中更具体项目类别
already_present,12109,六味地黄颗粒(无糖型),tcm,13,13,0.9,滋阴补肾。用于肾阴亏损，头晕耳鸣，腰膝酸软，骨蒸潮热，盗汗遗精，消渴。,补益剂 | 补阴,,,,,https://www.yao86.com/%E4%B8%AD%E6%88%90%E8%8D%AF/%E5%85%AD%E5%91%B3%E5%9C%B0%E9%BB%84%E9%A2%97%E7%B2%92%28%E6%97%A0%E7%B3%96%E5%9E%8B%29,站点明确收录为中成药，未命中更具体项目类别
already_present,12110,六味地黄丸(异型小蜜丸),tcm,13,13,0.9,滋阴补肾。用于肾阴亏损，头晕耳鸣，腰膝酸软，骨蒸潮热，盗汗遗精，消渴。,补益剂 | 补阴,,,,,https://www.yao86.com/%E4%B8%AD%E6%88%90%E8%8D%AF/%E5%85%AD%E5%91%B3%E5%9C%B0%E9%BB%84%E4%B8%B8%28%E5%BC%82%E5%9E%8B%E5%B0%8F%E8%9C%9C%E4%B8%B8%29,站点明确收录为中成药，未命中更具体项目类别
already_present,12111,凉血退热排毒丸,tcm,13,13,0.9,清瘟排毒，凉血退热。用于外感时疫瘟毒，内陷营血，高热不退，神昏谵语。,清热剂 | 清热解毒,呼吸系统药物 | 清热解毒药物,,,,https://www.yao86.com/%E4%B8%AD%E6%88%90%E8%8D%AF/%E5%87%89%E8%A1%80%E9%80%80%E7%83%AD%E6%8E%92%E6%AF%92%E4%B8%B8,站点明确收录为中成药，未命中更具体项目类别
already_present,12112,癃清片,tcm,13,13,0.9,清热解毒，凉血通淋。用于下焦湿热所致的热淋，症见尿频、尿急、尿痛、腰痛、小腹坠胀；亦用于慢性前列腺炎湿热蕴结兼瘀血证，症见小便频急，尿后余沥不尽，尿道灼热，会阴少腹腰骶部疼痛或不适等。,祛湿剂 | 清热除湿,生殖泌尿系统药物 | 泌尿系统药物 | 抗生殖泌尿系统感染药物,,,,https://www.yao86.com/%E4%B8%AD%E6%88%90%E8%8D%AF/%E7%99%83%E6%B8%85%E7%89%87,站点明确收录为中成药，未命中更具体项目类别
already_present,12113,癃清胶囊,tcm,13,13,0.9,清热解毒，凉血通淋。用于下焦湿热所致的热淋，症见尿频、尿急、尿痛、腰痛、小腹坠胀。,祛湿剂 | 清热除湿,生殖泌尿系统药物 | 泌尿系统药物 | 抗生殖泌尿系统感染药物,,,,https://www.yao86.com/%E4%B8%AD%E6%88%90%E8%8D%AF/%E7%99%83%E6%B8%85%E8%83%B6%E5%9B%8A,站点明确收录为中成药，未命中更具体项目类别
already_present,12114,癃疏清颗粒,tcm,13,13,0.9,清热解毒、利湿通淋、活血化淤。用于慢性前列腺炎湿热内蕴兼血瘀证所致的小便频急、尿道涩痛、尿后余沥不尽、少腹疼痛、会阴不适等症。,祛湿剂 | 清热除湿,生殖泌尿系统药物 | 泌尿系统药物 | 前列腺疾病治疗药,,,,https://www.yao86.com/%E4%B8%AD%E6%88%90%E8%8D%AF/%E7%99%83%E7%96%8F%E6%B8%85%E9%A2%97%E7%B2%92,站点明确收录为中成药，未命中更具体项目类别
already_present,12115,癃闭舒胶囊,tcm,13,13,0.9,益肾活血，清热通淋。用于肾气不足，湿热瘀阻所致癃闭，症见腰膝痠软、尿频、尿急、尿痛、尿线细，伴小腹拘急疼痛；前列腺增生症见上述证候者。,祛湿剂 | 清热除湿,生殖泌尿系统药物 | 泌尿系统药物 | 抗生殖泌尿系统感染药物,,,,https://www.yao86.com/%E4%B8%AD%E6%88%90%E8%8D%AF/%E7%99%83%E9%97%AD%E8%88%92%E8%83%B6%E5%9B%8A,站点明确收录为中成药，未命中更具体项目类别
already_present,12116,癃闭舒片,tcm,13,13,0.9,温肾化气，清热通淋，活血化瘀，散结止痛。用于肾气不足，湿热瘀阻之癃闭所致尿频、尿急、尿赤、尿痛、尿细如线，小腹拘急疼痛，腰膝酸软等症；前列腺增生有上述证候者也可以应用。,祛湿剂 | 清热除湿,生殖泌尿系统药物 | 泌尿系统药物 | 抗生殖泌尿系统感染药物,,,,https://www.yao86.com/%E4%B8%AD%E6%88%90%E8%8D%AF/%E7%99%83%E9%97%AD%E8%88%92%E7%89%87,站点明确收录为中成药，未命中更具体项目类别
already_present,12117,赖氨酸茶碱片,western,17,17,0.96,本品为儿科用药，适用于治疗支气管哮喘、慢性喘息性支气管炎及肺换气不足综合症。,呼吸系统用药 | 平喘药,阻塞性气管疾病用药 | 其它阻塞性气管病系统用药 | 黄嘌呤类,,,,https://www.yao86.com/%E8%A5%BF%E8%8D%AF/%E8%B5%96%E6%B0%A8%E9%85%B8%E8%8C%B6%E7%A2%B1%E7%89%87,人工分类边界：西药支气管扩张剂归其它
already_present,12118,辣椒颠茄贴膏,western,9,9,0.94,适用于风湿性关节炎及骨骼肌和韧带扭伤、拉伤等引起的疼痛。,镇痛、解热、抗炎、抗风湿、抗痛风药 | 镇痛药,关节和肌肉疼痛局部用药 | 辣椒素和类似药物,,,,https://www.yao86.com/%E8%A5%BF%E8%8D%AF/%E8%BE%A3%E6%A4%92%E9%A2%A0%E8%8C%84%E8%B4%B4%E8%86%8F,剂型或站点分类明确为局部外用药
already_present,12119,利多卡因凝胶贴膏,western,9,9,0.94,用于缓解带状疱疹后遗神经痛，用于无破损皮肤。,镇痛、解热、抗炎、抗风湿、抗痛风药 | 镇痛药,麻醉药 | 局部麻醉药 | 酰胺类,,,,https://www.yao86.com/%E8%A5%BF%E8%8D%AF/%E5%88%A9%E5%A4%9A%E5%8D%A1%E5%9B%A0%E5%87%9D%E8%83%B6%E8%B4%B4%E8%86%8F,剂型或站点分类明确为局部外用药
already_present,12120,利多卡因气雾剂(Ⅱ),western,9,9,0.94,本品为局麻药。主要作表面麻醉用于内窥镜检查。,镇痛、解热、抗炎、抗风湿、抗痛风药 | 镇痛药,咽喉用药 | 局部麻醉药,,,,https://www.yao86.com/%E8%A5%BF%E8%8D%AF/%E5%88%A9%E5%A4%9A%E5%8D%A1%E5%9B%A0%E6%B0%94%E9%9B%BE%E5%89%82%28%E2%85%A1%29,剂型或站点分类明确为局部外用药
already_present,12121,利多卡因气雾剂,western,9,9,0.94,本品适用于皮肤和粘膜的局部麻醉，可用于口、鼻腔粘膜小手术、口腔科拔牙手术、脓肿切开术、可使咽喉气管等部位表面麻醉以降低反应性，使气管镜、喉镜、胃镜的导管易于插入。,镇痛、解热、抗炎、抗风湿、抗痛风药 | 镇痛药,咽喉用药 | 局部麻醉药,利舒卡,,,https://www.yao86.com/%E8%A5%BF%E8%8D%AF/%E5%88%A9%E5%A4%9A%E5%8D%A1%E5%9B%A0%E6%B0%94%E9%9B%BE%E5%89%82,剂型或站点分类明确为局部外用药
already_present,12122,盐酸利多卡因凝胶,western,9,9,0.94,局麻药、经尿道施行检查和治疗需局部麻醉者。,镇痛、解热、抗炎、抗风湿、抗痛风药 | 镇痛药,麻醉药 | 局部麻醉药 | 酰胺类,,,,https://www.yao86.com/%E8%A5%BF%E8%8D%AF/%E7%9B%90%E9%85%B8%E5%88%A9%E5%A4%9A%E5%8D%A1%E5%9B%A0%E5%87%9D%E8%83%B6,剂型或站点分类明确为局部外用药
already_present,12123,磷霉素氨丁三醇颗粒,western,2,2,0.96,用于治疗敏感细菌引起的急性单纯性下尿路感染（如：急性膀胱炎、慢性膀胱炎急性发作、急性尿道膀胱综合征、非特异性尿道炎，孕期无症状的菌尿症，手术后的尿路感染）和预防外科手术中尿路感染及经尿路诊断手法引起的感染。,抗微生物药 | 其他抗生素,血液代用品和灌注液 | 静脉注射液添加药物 | 其它静脉注射液添加药,美乐力,,,https://www.yao86.com/%E8%A5%BF%E8%8D%AF/%E7%A3%B7%E9%9C%89%E7%B4%A0%E6%B0%A8%E4%B8%81%E4%B8%89%E9%86%87%E9%A2%97%E7%B2%92,站点药理或 ATC 分类明确为抗感染药
already_present,12124,磷霉素氨丁三醇散,western,2,2,0.96,用于治疗敏感细菌引起的急性单纯性下尿路感染(如：急性膀胱炎、慢性膀胱炎急性发作、急性尿道膀胱综合征、非特异性尿道炎，孕期无症状的菌尿症，手术后的尿路感染)和预防外科手术中尿路感染及经尿路诊断手法引起的感染。,抗微生物药 | 其他抗生素,血液代用品和灌注液 | 静脉注射液添加药物 | 其它静脉注射液添加药,復安欣,,,https://www.yao86.com/%E8%A5%BF%E8%8D%AF/%E7%A3%B7%E9%9C%89%E7%B4%A0%E6%B0%A8%E4%B8%81%E4%B8%89%E9%86%87%E6%95%A3,站点药理或 ATC 分类明确为抗感染药
reclassified_existing,12125,磷霉素钙颗粒,western,2,14,0.96,用于对磷霉素敏感的致病菌所致的下列感染：1.肠道感染：细菌性肠炎、菌痢。2.泌尿系统感染：膀胱炎、肾盂肾炎、尿道炎。3.皮肤科及软组织感染：疖病、炭疽、汗腺炎、淋巴结炎、毛囊炎。4.呼吸道感染：鼻咽炎、扁桃体炎、气管炎、早期慢性支气管炎。5.眼科：麦粒肿、泪囊炎。6.妇科：阴道炎、子宫颈炎。,抗微生物药 | 其他抗生素,系统用抗细菌药 | 其它抗菌药,,,,https://www.yao86.com/%E8%A5%BF%E8%8D%AF/%E7%A3%B7%E9%9C%89%E7%B4%A0%E9%92%99%E9%A2%97%E7%B2%92,站点药理或 ATC 分类明确为妇科用药
already_present,12126,磷霉素钙胶囊,western,2,2,0.96,用于敏感菌所致的单纯性下尿路感染和肠道感染(包括细菌性痢疾)等。也可与其他抗菌药联合应用治疗由敏感菌所致的重症感染，如败血症、腹膜炎、骨髓炎等。,抗微生物药 | 其他抗生素,系统用抗细菌药 | 其它抗菌药,,,,https://www.yao86.com/%E8%A5%BF%E8%8D%AF/%E7%A3%B7%E9%9C%89%E7%B4%A0%E9%92%99%E8%83%B6%E5%9B%8A,站点药理或 ATC 分类明确为抗感染药
reclassified_existing,12127,磷霉素钙片,western,2,14,0.96,口服适用于对磷霉素敏感的致病菌所致的下列感染：1.肠道感染：细菌性肠炎、菌痢。2.泌尿系统感染：膀胱炎、肾盂肾炎、尿道炎。3.皮肤科及软组织感染：疖病、炭疽、汗腺炎、淋巴结炎、毛囊炎。4.呼吸道感染：鼻咽炎、扁桃体炎、气管炎、早期慢性支气管炎。5.眼科：麦粒肿、泪囊炎。6.妇科：阴道炎、子宫颈炎。,抗微生物药 | 其他抗生素,系统用抗细菌药 | 其它抗菌药,,,,https://www.yao86.com/%E8%A5%BF%E8%8D%AF/%E7%A3%B7%E9%9C%89%E7%B4%A0%E9%92%99%E7%89%87,站点药理或 ATC 分类明确为妇科用药
review_unclassified,,劳拉西泮片,western,,,0.0,适用于焦虑障碍的治疗或用于缓解焦虑症状以及与抑郁症状相关的焦虑的短期治疗。与日常生活压力相关的焦虑或紧张，通常不需要抗焦虑药的治疗。劳拉西泮长期应用的效果即应用4个月以上的效果还未经系统的临床研究评估。医师应定期重新评估该药对个体患者的有效性。,治疗精神障碍药 | 抗焦虑药,精神安定药 | 抗焦虑药 | 苯并二氮卓衍生物类,佳普乐,,,https://www.yao86.com/%E8%A5%BF%E8%8D%AF/%E5%8A%B3%E6%8B%89%E8%A5%BF%E6%B3%AE%E7%89%87,站点分类无法可靠映射到项目现有类别
already_present,12128,磷霉素钙甲氧苄啶胶囊,western,2,2,0.96,用于革兰阳性菌和革兰阴性菌所引起的各种感染性疾病。,抗微生物药 | 其他抗生素,系统用抗细菌药 | 磺胺类和甲氧苄啶 | 甲氧苄啶与其衍生物,,,,https://www.yao86.com/%E8%A5%BF%E8%8D%AF/%E7%A3%B7%E9%9C%89%E7%B4%A0%E9%92%99%E7%94%B2%E6%B0%A7%E8%8B%84%E5%95%B6%E8%83%B6%E5%9B%8A,站点药理或 ATC 分类明确为抗感染药
already_present,12129,明目二十五味丸,tcm,13,13,0.9,蒙医：清热凉血、去翳、明目。用于血、“希日”引起的目赤、眼花、眼干、云翳、视力减退。中医：养阴清肝、退翳明目。用于阴虚肝旺、目赤、眼花、眼干，云翳、视力减退。,清目剂,,,,,https://www.yao86.com/%E4%B8%AD%E6%88%90%E8%8D%AF/%E6%98%8E%E7%9B%AE%E4%BA%8C%E5%8D%81%E4%BA%94%E5%91%B3%E4%B8%B8,站点明确收录为中成药，未命中更具体项目类别
already_present,12130,明目地黄丸,tcm,13,13,0.9,滋肾，养肝，明目。用于肝肾阴虚，目涩畏光，视物模糊，迎风流泪。,清目剂,,,,,https://www.yao86.com/%E4%B8%AD%E6%88%90%E8%8D%AF/%E6%98%8E%E7%9B%AE%E5%9C%B0%E9%BB%84%E4%B8%B8,站点明确收录为中成药，未命中更具体项目类别
already_present,12131,明目地黄丸(浓缩丸),tcm,13,13,0.9,滋肾，养肝，明目。用于肝肾阴虚，目涩畏光，视物模糊，迎风流泪。,清目剂,,,,,https://www.yao86.com/%E4%B8%AD%E6%88%90%E8%8D%AF/%E6%98%8E%E7%9B%AE%E5%9C%B0%E9%BB%84%E4%B8%B8%28%E6%B5%93%E7%BC%A9%E4%B8%B8%29,站点明确收录为中成药，未命中更具体项目类别
already_present,12132,明目地黄胶囊,tcm,13,13,0.9,滋肾，养肝，明目。用于肝肾阴虚，目涩畏光，视物模糊，迎风流泪。,清目剂,,,,,https://www.yao86.com/%E4%B8%AD%E6%88%90%E8%8D%AF/%E6%98%8E%E7%9B%AE%E5%9C%B0%E9%BB%84%E8%83%B6%E5%9B%8A,站点明确收录为中成药，未命中更具体项目类别
already_present,12133,脉君安片,tcm,12,12,0.95,平肝熄风，解肌止痛。用于高血压症，头痛眩晕，颈项强痛，失眠心悸，冠心病。,治风剂 | 平熄内风,心脑血管与血液系统药物 | 心血管疾病治疗药,,,,https://www.yao86.com/%E4%B8%AD%E6%88%90%E8%8D%AF/%E8%84%89%E5%90%9B%E5%AE%89%E7%89%87,站点药理或 ATC 分类明确为心脑血管用药
already_present,12134,明目滋肾片,tcm,13,13,0.9,滋补肝肾，明目。用于肝肾阴虚所致的目暗，头晕耳鸣，腰膝酸软。,清目剂,,,,,https://www.yao86.com/%E4%B8%AD%E6%88%90%E8%8D%AF/%E6%98%8E%E7%9B%AE%E6%BB%8B%E8%82%BE%E7%89%87,站点明确收录为中成药，未命中更具体项目类别
already_present,12135,明目羊肝丸,tcm,13,13,0.9,滋阴明目。用于肝肾衰弱，精血不足，发为青盲，视物昏花，瞳孔散大，两目干涩，迎风流泪，目生内障。,清目剂,,,,,https://www.yao86.com/%E4%B8%AD%E6%88%90%E8%8D%AF/%E6%98%8E%E7%9B%AE%E7%BE%8A%E8%82%9D%E4%B8%B8,站点明确收录为中成药，未命中更具体项目类别
already_present,12136,马应龙八宝眼膏,tcm,9,9,0.94,清热退赤，止痒去翳。用于风火上扰所致的眼睛红肿痛痒、流泪。,清热剂 | 清热解毒,,,,,https://www.yao86.com/%E4%B8%AD%E6%88%90%E8%8D%AF/%E9%A9%AC%E5%BA%94%E9%BE%99%E5%85%AB%E5%AE%9D%E7%9C%BC%E8%86%8F,剂型或站点分类明确为局部外用药
already_present,12137,马应龙八宝眼粉,tcm,13,13,0.9,退赤，清热消肿。用于眼红、肿痛痒，流泪，砂眼，眼睑红烂等眼疾。,清热剂 | 清热解毒,,,,,https://www.yao86.com/%E4%B8%AD%E6%88%90%E8%8D%AF/%E9%A9%AC%E5%BA%94%E9%BE%99%E5%85%AB%E5%AE%9D%E7%9C%BC%E7%B2%89,站点明确收录为中成药，未命中更具体项目类别
review_unclassified,,氯己定苯佐卡因含片,western,,,0.0,用于口腔溃疡、扁桃体炎、牙龈炎、咽炎。,耳鼻喉科用药 | 咽喉、口腔疾病用药,口腔疾病药物 | 口腔局部治疗用抗感染药和灭菌药,,,,https://www.yao86.com/%E8%A5%BF%E8%8D%AF/%E6%B0%AF%E5%B7%B1%E5%AE%9A%E8%8B%AF%E4%BD%90%E5%8D%A1%E5%9B%A0%E5%90%AB%E7%89%87,站点分类无法可靠映射到项目现有类别
already_present,12138,氯芬待因片,western,3,3,0.94,适应于各种手术后疼痛、癌性疼痛、骨病痛等中度疼痛。,镇痛、解热、抗炎、抗风湿、抗痛风药 | 解热镇痛、抗炎、抗风湿药,镇痛药 | 阿片碱类 | 天然阿片生物碱类,舒尔芬,,,https://www.yao86.com/%E8%A5%BF%E8%8D%AF/%E6%B0%AF%E8%8A%AC%E5%BE%85%E5%9B%A0%E7%89%87,站点药理或 ATC 分类明确为镇痛/抗炎药
already_present,12139,利福平片,western,2,2,0.96,1.本品与其他抗结核药联合用于各种结核病的初治与复治，包括结核性脑膜炎的治疗。2.本品与其他药物联合用于麻风、非结核分枝杆菌感染的治疗。3.本品与万古霉素(静脉)可联合用于甲氧西林耐药葡萄球菌所致的严重感染。利福平与红霉素联合方案可用于军团菌属严重感染。4.用于无症状脑膜炎奈瑟菌带菌者，以消除鼻咽部脑膜炎奈瑟菌；但不适用于脑膜炎奈瑟菌感染的治疗。,抗微生物药 | 抗结核病药,抗分枝杆菌药 | 顿挫性结核治疗用药 | 抗生素类,,,,https://www.yao86.com/%E8%A5%BF%E8%8D%AF/%E5%88%A9%E7%A6%8F%E5%B9%B3%E7%89%87,站点药理或 ATC 分类明确为抗感染药
already_present,12140,利福平胶囊,western,2,2,0.96,1.本品与其他抗结核药联合用于各种结核病的初治与复治，包括结核性脑膜炎的治疗。2.本品与其他药物联合用于麻风、非结核分枝杆菌感染的治疗。3.本品与万古霉素(静脉)可联合用于甲氧西林耐药葡萄球菌所致的严重感染。利福平与红霉素联合方案用于军团菌属严重感染。4.用于无症状脑膜炎奈瑟菌带菌者，以消除鼻咽部脑膜炎奈瑟菌；但不适用于脑膜炎奈瑟菌感染的治疗。,抗微生物药 | 抗结核病药,抗分枝杆菌药 | 顿挫性结核治疗用药 | 抗生素类,,,,https://www.yao86.com/%E8%A5%BF%E8%8D%AF/%E5%88%A9%E7%A6%8F%E5%B9%B3%E8%83%B6%E5%9B%8A,站点药理或 ATC 分类明确为抗感染药
already_present,12141,利福平胶丸,western,2,2,0.96,本品用于各种结核病的初治与复治，包括结核性脑膜炎的治疗。并能减少结核杆菌耐药性的产生。,抗微生物药 | 抗结核病药,抗分枝杆菌药 | 顿挫性结核治疗用药 | 抗生素类,,,,https://www.yao86.com/%E8%A5%BF%E8%8D%AF/%E5%88%A9%E7%A6%8F%E5%B9%B3%E8%83%B6%E4%B8%B8,站点药理或 ATC 分类明确为抗感染药
already_present,12142,利福平滴眼液,western,9,9,0.94,用于沙眼、结膜炎、角膜炎等。,抗微生物药 | 抗结核病药,眼科用药 | 抗感染药 | 其它抗感染药,,,,https://www.yao86.com/%E8%A5%BF%E8%8D%AF/%E5%88%A9%E7%A6%8F%E5%B9%B3%E6%BB%B4%E7%9C%BC%E6%B6%B2,剂型或站点分类明确为局部外用药
already_present,12143,利福平乳膏,western,9,9,0.94,用于脓疱疮，疖肿及其他表浅细菌性皮肤感染、鼻黏膜炎、轻度烧伤(Ⅰ°或浅Ⅱ°)、烫伤等。,抗微生物药 | 抗结核病药,抗分枝杆菌药 | 顿挫性结核治疗用药 | 抗生素类,,,,https://www.yao86.com/%E8%A5%BF%E8%8D%AF/%E5%88%A9%E7%A6%8F%E5%B9%B3%E4%B9%B3%E8%86%8F,剂型或站点分类明确为局部外用药
already_present,12144,利福平胶囊（Ⅱ）,western,2,2,0.96,1.本品与其他抗结核药联合用于各种结核病的初治与复治，包括结核性脑膜炎的治疗。2.本品与其他药物联合用于麻风、非结核分枝杆菌感染的治疗。3.本品与万古霉素(静脉)可联合用于甲氧西林耐药葡萄球菌所致的严重感染。利福平与红霉素联合方案用于军团菌属严重感染。4.用于无症状脑膜炎奈瑟菌带菌者，以消除鼻咽部脑膜炎奈瑟菌；但不适用于脑膜炎奈瑟菌感染的治疗。,抗微生物药 | 抗结核病药,抗分枝杆菌药 | 顿挫性结核治疗用药 | 抗生素类,,,,https://www.yao86.com/%E8%A5%BF%E8%8D%AF/%E5%88%A9%E7%A6%8F%E5%B9%B3%E8%83%B6%E5%9B%8A%EF%BC%88%E2%85%A1%EF%BC%89,站点药理或 ATC 分类明确为抗感染药
already_present,12145,利福平软胶囊,western,2,2,0.96,本品用于各种结核病的初治与复治，包括结核性脑膜炎的治疗。并能减少结核杆菌耐药性的产生。,抗微生物药 | 抗结核病药,抗分枝杆菌药 | 顿挫性结核治疗用药 | 抗生素类,利福平胶丸,,利福平胶丸,https://www.yao86.com/%E8%A5%BF%E8%8D%AF/%E5%88%A9%E7%A6%8F%E5%B9%B3%E8%BD%AF%E8%83%B6%E5%9B%8A,站点药理或 ATC 分类明确为抗感染药
review_missing_efficacy,,利福平异烟肼胶囊,western,,,0.0,,,抗分枝杆菌药 | 顿挫性结核治疗用药 | 顿挫性结核治疗用药的复方,,,,https://www.yao86.com/%E8%A5%BF%E8%8D%AF/%E5%88%A9%E7%A6%8F%E5%B9%B3%E5%BC%82%E7%83%9F%E8%82%BC%E8%83%B6%E5%9B%8A,站点分类无法可靠映射到项目现有类别
review_missing_efficacy,,利福平眼膏,western,,9,0.94,,,抗分枝杆菌药 | 顿挫性结核治疗用药 | 抗生素类,,,,https://www.yao86.com/%E8%A5%BF%E8%8D%AF/%E5%88%A9%E7%A6%8F%E5%B9%B3%E7%9C%BC%E8%86%8F,剂型或站点分类明确为局部外用药
already_present,12146,拉坦噻吗滴眼液,western,9,9,0.94,降低开角型青光眼或高眼压症患者升高的眼压。适用于β-受体阻滞剂、前列腺素或其它降眼压药物单药局部治疗效果不佳的患者。本品不得用于初始治疗。,眼科用药 | 青光眼用药,眼科用药 | 抗青光眼药和缩瞳药 | 前列腺素同系物类,,,,https://www.yao86.com/%E8%A5%BF%E8%8D%AF/%E6%8B%89%E5%9D%A6%E5%99%BB%E5%90%97%E6%BB%B4%E7%9C%BC%E6%B6%B2,剂型或站点分类明确为局部外用药
already_present,12147,利血平片,western,12,12,0.95,高血压（不推荐为一线用药）。,心血管系统用药 | 抗高血压药,抗高血压药 | 起中心作用的抗肾上腺素能药 | 蛇根木生物碱类,,,,https://www.yao86.com/%E8%A5%BF%E8%8D%AF/%E5%88%A9%E8%A1%80%E5%B9%B3%E7%89%87,站点药理或 ATC 分类明确为心脑血管用药
already_present,12148,萝芙木片,western,12,12,0.95,用于早期高血压病。,心血管系统用药 | 抗高血压药,抗高血压药 | 起中心作用的抗肾上腺素能药 | 蛇根木生物碱类,,,,https://www.yao86.com/%E8%A5%BF%E8%8D%AF/%E8%90%9D%E8%8A%99%E6%9C%A8%E7%89%87,站点药理或 ATC 分类明确为心脑血管用药
already_present,12149,拉坦前列素滴眼液,western,9,9,0.94,降低开角型青光眼和高眼压症患者升高的眼压。,眼科用药 | 青光眼用药,眼科用药 | 抗青光眼药和缩瞳药 | 前列腺素同系物类,,,,https://www.yao86.com/%E8%A5%BF%E8%8D%AF/%E6%8B%89%E5%9D%A6%E5%89%8D%E5%88%97%E7%B4%A0%E6%BB%B4%E7%9C%BC%E6%B6%B2,剂型或站点分类明确为局部外用药
review_unclassified,,氯苯唑酸葡胺软胶囊,western,,,0.0,本品用于治疗成人转甲状腺素蛋白淀粉样变性多发性神经病Ⅰ期症状患者，延缓周围神经功能损害。,神经系统用药 | 其他神经系统用药,其它神经系统用药,维达全,,,https://www.yao86.com/%E8%A5%BF%E8%8D%AF/%E6%B0%AF%E8%8B%AF%E5%94%91%E9%85%B8%E8%91%A1%E8%83%BA%E8%BD%AF%E8%83%B6%E5%9B%8A,站点分类无法可靠映射到项目现有类别
imported,13991,氯氧喹胶囊,western,,14,0.96,用于乳腺癌、非小细胞肺癌治疗。,抗肿瘤药 | 抗代谢药,抗肿瘤药 | 其它抗肿瘤药物 | 其它抗肿瘤药,安体舒,安体舒,,https://www.yao86.com/%E8%A5%BF%E8%8D%AF/%E6%B0%AF%E6%B0%A7%E5%96%B9%E8%83%B6%E5%9B%8A,站点药理或 ATC 分类明确为妇科用药
already_present,12150,扑感片,tcm,0,0,0.94,辛温解表，疏散风寒。用于风寒型感冒、流感所引起的头痛身酸、恶寒发热、喷嚏、流涕、咳痰稀白。,解表剂 | 辛温解表,呼吸系统药物 | 咳嗽和感冒用药,,,,https://www.yao86.com/%E4%B8%AD%E6%88%90%E8%8D%AF/%E6%89%91%E6%84%9F%E7%89%87,站点药理分类明确为感冒或解表用药
already_present,12151,排毒清脂软胶囊,tcm,5,5,0.93,化瘀降脂，通便消痤；用于浊淤内阻所致的单纯性肥胖，高脂血症，痤疮。,治疮疡剂 | 解毒消痤,消化系统与代谢药 | 减肥药，食品除外,,,,https://www.yao86.com/%E4%B8%AD%E6%88%90%E8%8D%AF/%E6%8E%92%E6%AF%92%E6%B8%85%E8%84%82%E8%BD%AF%E8%83%B6%E5%9B%8A,站点药理或 ATC 分类明确为胃肠消化用药
already_present,12152,排毒清脂片,tcm,5,5,0.93,化瘀降脂，通便消痤。用于浊瘀内阻所致的单纯性肥胖，高脂血症，痤疮。,治疮疡剂 | 解毒消痤,消化系统与代谢药 | 减肥药，食品除外,,,,https://www.yao86.com/%E4%B8%AD%E6%88%90%E8%8D%AF/%E6%8E%92%E6%AF%92%E6%B8%85%E8%84%82%E7%89%87,站点药理或 ATC 分类明确为胃肠消化用药
already_present,12153,排毒清脂颗粒,tcm,5,5,0.93,化瘀降脂，通便消痤。用于浊瘀内阻所致的单纯性肥胖，高脂血症，痤疮。,治疮疡剂 | 解毒消痤,消化系统与代谢药 | 减肥药，食品除外,,,,https://www.yao86.com/%E4%B8%AD%E6%88%90%E8%8D%AF/%E6%8E%92%E6%AF%92%E6%B8%85%E8%84%82%E9%A2%97%E7%B2%92,站点药理或 ATC 分类明确为胃肠消化用药
already_present,12154,排毒清脂胶囊,tcm,11,11,0.95,化瘀降脂，通便消痤。用于浊瘀内阻所致的单纯性肥胖，高脂血症，痤疮。,治疮疡剂 | 解毒消痤,心脑血管与血液系统药物 | 血脂调节剂,,,,https://www.yao86.com/%E4%B8%AD%E6%88%90%E8%8D%AF/%E6%8E%92%E6%AF%92%E6%B8%85%E8%84%82%E8%83%B6%E5%9B%8A,站点药理或 ATC 分类明确为慢性病长期用药
already_present,12155,偏瘫复原丸,tcm,12,12,0.95,补气活血，祛风化痰。用于气虚血瘀，风痰阻络引起的中风瘫痪，半身不遂，口眼歪斜，痰盛气亏，言语不清，足膝浮肿，行步艰难，筋骨疼痛，手足拘挛。,理血剂 | 益气活血,心脑血管与血液系统药物 | 脑血管疾病治疗药,,,,https://www.yao86.com/%E4%B8%AD%E6%88%90%E8%8D%AF/%E5%81%8F%E7%98%AB%E5%A4%8D%E5%8E%9F%E4%B8%B8,站点药理或 ATC 分类明确为心脑血管用药
already_present,12156,皮敏消胶囊,tcm,13,13,0.9,祛风除湿，清热解毒，凉血止痒，用于急慢性荨麻疹、急性湿疹属风热证或风热挟湿证者。,祛湿剂 | 清热除湿,皮肤病药物 | 抗湿疹药,,,,https://www.yao86.com/%E4%B8%AD%E6%88%90%E8%8D%AF/%E7%9A%AE%E6%95%8F%E6%B6%88%E8%83%B6%E5%9B%8A,站点明确收录为中成药，未命中更具体项目类别
reclassified_existing,12157,皮肤康洗液,tcm,13,14,0.96,清热解毒，凉血除湿，杀虫止痒。主治湿热阻于皮肤所致湿疹，见有瘙痒、红斑、丘疹、水泡、渗出，糜烂等和湿热下注所致阴痒，白带过多。皮肤湿疹及各类阴道炎见有上述证候者。,祛湿剂 | 清热除湿,皮肤病药物 | 止痒药,,,,https://www.yao86.com/%E4%B8%AD%E6%88%90%E8%8D%AF/%E7%9A%AE%E8%82%A4%E5%BA%B7%E6%B4%97%E6%B6%B2,站点药理或 ATC 分类明确为妇科用药
already_present,12158,盆炎净片,tcm,14,14,0.96,清热利湿，和血通络，调经止带。用于湿热下注，白带过多，盆腔炎见以上证候者。,祛湿剂 | 清热除湿,生殖泌尿系统药物 | 妇科用药 | 妇科炎症治疗药,,,,https://www.yao86.com/%E4%B8%AD%E6%88%90%E8%8D%AF/%E7%9B%86%E7%82%8E%E5%87%80%E7%89%87,站点药理或 ATC 分类明确为妇科用药
already_present,12159,盆炎净胶囊,tcm,14,14,0.96,清热利湿，活血通络，调经止带。用于湿热下注，白带过多，盆腔炎见以上证候者。,祛湿剂 | 清热除湿,生殖泌尿系统药物 | 妇科用药 | 妇科炎症治疗药,,,,https://www.yao86.com/%E4%B8%AD%E6%88%90%E8%8D%AF/%E7%9B%86%E7%82%8E%E5%87%80%E8%83%B6%E5%9B%8A,站点药理或 ATC 分类明确为妇科用药
reclassified_existing,12160,盆炎净颗粒(无糖型),tcm,13,14,0.96,清热利湿，和血通络，调经止带。用于湿热下注，白带过多。,祛湿剂 | 清热除湿,,,,,https://www.yao86.com/%E4%B8%AD%E6%88%90%E8%8D%AF/%E7%9B%86%E7%82%8E%E5%87%80%E9%A2%97%E7%B2%92%28%E6%97%A0%E7%B3%96%E5%9E%8B%29,站点药理或 ATC 分类明确为妇科用药
already_present,12161,盆炎净咀嚼片,tcm,14,14,0.96,清热利湿，和血通络，调经止带。用于湿热下注，白带过多，盆腔炎见以上的证候者。,祛湿剂 | 清热除湿,生殖泌尿系统药物 | 妇科用药 | 妇科炎症治疗药,,,,https://www.yao86.com/%E4%B8%AD%E6%88%90%E8%8D%AF/%E7%9B%86%E7%82%8E%E5%87%80%E5%92%80%E5%9A%BC%E7%89%87,站点药理或 ATC 分类明确为妇科用药
already_present,12162,盆炎净颗粒,tcm,14,14,0.96,清热利湿，和血通络，调经止带。用于湿热下注，白带过多，盆腔炎见以上的证候者。,祛湿剂 | 清热除湿,生殖泌尿系统药物 | 妇科用药 | 妇科炎症治疗药,,,,https://www.yao86.com/%E4%B8%AD%E6%88%90%E8%8D%AF/%E7%9B%86%E7%82%8E%E5%87%80%E9%A2%97%E7%B2%92,站点药理或 ATC 分类明确为妇科用药
already_present,12163,盆炎净口服液,tcm,14,14,0.96,清热利湿，和血通络，调经止带。用于湿热下注，白带过多。,祛湿剂 | 清热除湿,生殖泌尿系统药物 | 妇科用药 | 妇科炎症治疗药,,,,https://www.yao86.com/%E4%B8%AD%E6%88%90%E8%8D%AF/%E7%9B%86%E7%82%8E%E5%87%80%E5%8F%A3%E6%9C%8D%E6%B6%B2,站点药理或 ATC 分类明确为妇科用药
reclassified_existing,12164,盆炎净口服液(无糖型),tcm,13,14,0.96,清热利湿，和血通络，调经止带。用于湿热下注，白带过多。,祛湿剂 | 清热除湿,,,,,https://www.yao86.com/%E4%B8%AD%E6%88%90%E8%8D%AF/%E7%9B%86%E7%82%8E%E5%87%80%E5%8F%A3%E6%9C%8D%E6%B6%B2%28%E6%97%A0%E7%B3%96%E5%9E%8B%29,站点药理或 ATC 分类明确为妇科用药
already_present,12165,辟瘟片,tcm,5,5,0.93,辟秽解浊。用于感寒触秽，腹痛吐泻，头晕胸闷。,祛暑剂 | 祛暑辟秽,消化系统与代谢药 | 其它消化道和代谢药物,,,,https://www.yao86.com/%E4%B8%AD%E6%88%90%E8%8D%AF/%E8%BE%9F%E7%98%9F%E7%89%87,站点药理或 ATC 分类明确为胃肠消化用药
already_present,12166,氯芬黄敏片,western,0,0,0.94,用于感冒引起的头痛、发热、鼻塞、流涕、咽痛、痰多等症。,镇痛、解热、抗炎、抗风湿、抗痛风药 | 解热镇痛、抗炎、抗风湿药,咳嗽和感冒用药 | 其它感冒用药,,,,https://www.yao86.com/%E8%A5%BF%E8%8D%AF/%E6%B0%AF%E8%8A%AC%E9%BB%84%E6%95%8F%E7%89%87,站点药理分类明确为感冒或解表用药
review_missing_efficacy,,盐酸氯哌丁片,western,,1,0.95,用于干咳。,呼吸系统用药 | 镇咳药,咳嗽和感冒用药 | 止咳药，与祛痰药的复方除外 | 其它止咳药,,,,https://www.yao86.com/%E8%A5%BF%E8%8D%AF/%E7%9B%90%E9%85%B8%E6%B0%AF%E5%93%8C%E4%B8%81%E7%89%87,站点药理分类明确为止咳或祛痰药
review_missing_efficacy,,氯贝丁酯胶囊,western,,11,0.95,,,血脂调节剂 | 血脂调节剂，单方 | 贝特类,,,,https://www.yao86.com/%E8%A5%BF%E8%8D%AF/%E6%B0%AF%E8%B4%9D%E4%B8%81%E9%85%AF%E8%83%B6%E5%9B%8A,站点药理或 ATC 分类明确为慢性病长期用药
review_unclassified,,氯普噻吨片,western,,,0.0,用于急性和慢性精神分裂症，适用于伴有精神运动性激越、焦虑、抑郁症状的精神障碍。,治疗精神障碍药 | 抗精神病药,精神安定药 | 抗精神病药 | 噻吨衍生物类,,,,https://www.yao86.com/%E8%A5%BF%E8%8D%AF/%E6%B0%AF%E6%99%AE%E5%99%BB%E5%90%A8%E7%89%87,站点分类无法可靠映射到项目现有类别
review_unclassified,,盐酸硫利达嗪片,western,,,0.0,治疗精神躯体障碍所致焦虑和紧张状态，儿童行为问题。,治疗精神障碍药 | 抗精神病药,精神安定药 | 抗精神病药 | 带有哌啶结构的吩噻嗪类,利达新,,,https://www.yao86.com/%E8%A5%BF%E8%8D%AF/%E7%9B%90%E9%85%B8%E7%A1%AB%E5%88%A9%E8%BE%BE%E5%97%AA%E7%89%87,站点分类无法可靠映射到项目现有类别
already_present,12167,磷酸氢钙咀嚼片,western,7,7,0.96,用于预防和治疗钙缺乏症，如骨质疏松、手足抽搐症、骨发育不全、佝偻病以及儿童、妊娠和哺乳期妇女、绝经期妇女、老年人钙的补充。,激素及影响内分泌药 | 钙代谢调节药及抗骨质疏松药,矿物质补充剂 | 钙,,,,https://www.yao86.com/%E8%A5%BF%E8%8D%AF/%E7%A3%B7%E9%85%B8%E6%B0%A2%E9%92%99%E5%92%80%E5%9A%BC%E7%89%87,站点药理或 ATC 分类明确为维生素/矿物质
already_present,12168,磷酸氢钙片,western,7,7,0.96,用于预防和治疗钙缺乏症，如骨质疏松、手足抽搐症、骨发育不全、佝偻病以及儿童、妊娠和哺乳期妇女、绝经期妇女、老年人钙的补充。,激素及影响内分泌药 | 钙代谢调节药及抗骨质疏松药,矿物质补充剂 | 钙,,,,https://www.yao86.com/%E8%A5%BF%E8%8D%AF/%E7%A3%B7%E9%85%B8%E6%B0%A2%E9%92%99%E7%89%87,站点药理或 ATC 分类明确为维生素/矿物质
review_missing_efficacy,,二维钙赖氨酸片,western,,7,0.96,,,矿物质补充剂 | 钙,,,,https://www.yao86.com/%E8%A5%BF%E8%8D%AF/%E4%BA%8C%E7%BB%B4%E9%92%99%E8%B5%96%E6%B0%A8%E9%85%B8%E7%89%87,站点药理或 ATC 分类明确为维生素/矿物质
review_missing_efficacy,,洛索洛芬钠口服溶液,western,,3,0.94,,,抗炎和抗风湿药 | 非甾体抗炎药和抗风湿药 | 丙酸衍生物类,,,,https://www.yao86.com/%E8%A5%BF%E8%8D%AF/%E6%B4%9B%E7%B4%A2%E6%B4%9B%E8%8A%AC%E9%92%A0%E5%8F%A3%E6%9C%8D%E6%BA%B6%E6%B6%B2,站点药理或 ATC 分类明确为镇痛/抗炎药
review_missing_efficacy,,盐酸鲁拉西酮片,western,,,0.0,精神分裂症。,治疗精神障碍药 | 抗精神病药,精神安定药 | 抗精神病药 | 吲哚衍生物类,罗舒达 Latuda,,,https://www.yao86.com/%E8%A5%BF%E8%8D%AF/%E7%9B%90%E9%85%B8%E9%B2%81%E6%8B%89%E8%A5%BF%E9%85%AE%E7%89%87,站点分类无法可靠映射到项目现有类别
already_present,12169,前列癃闭通片,tcm,13,13,0.9,益气温阳，活血利水。用于肾虚血瘀所致癃闭，症见尿频，排尿延缓、费力，尿后余沥，腰膝酸软；前列腺增生见上述证候者。,祛湿剂 | 温化水湿,生殖泌尿系统药物 | 泌尿系统药物 | 前列腺疾病治疗药,,,,https://www.yao86.com/%E4%B8%AD%E6%88%90%E8%8D%AF/%E5%89%8D%E5%88%97%E7%99%83%E9%97%AD%E9%80%9A%E7%89%87,站点明确收录为中成药，未命中更具体项目类别
already_present,12170,前列癃闭通胶囊,tcm,13,13,0.9,益气温阳，活血利水。用于肾虚血瘀所致癃闭，症见尿频，排尿延缓、费力，尿后余沥，腰膝酸软；前列腺增生见上述证候者。,祛湿剂 | 温化水湿,生殖泌尿系统药物 | 泌尿系统药物 | 前列腺疾病治疗药,,,,https://www.yao86.com/%E4%B8%AD%E6%88%90%E8%8D%AF/%E5%89%8D%E5%88%97%E7%99%83%E9%97%AD%E9%80%9A%E8%83%B6%E5%9B%8A,站点明确收录为中成药，未命中更具体项目类别
already_present,12171,前列癃闭通颗粒,tcm,13,13,0.9,益气温阳，活血利水。用于肾虚血瘀所致癃闭，症见尿频，排尿延缓、费力，尿后余沥，腰膝酸软；前列腺增生见上述证候者。,祛湿剂 | 温化水湿,生殖泌尿系统药物 | 泌尿系统药物 | 前列腺疾病治疗药,,,,https://www.yao86.com/%E4%B8%AD%E6%88%90%E8%8D%AF/%E5%89%8D%E5%88%97%E7%99%83%E9%97%AD%E9%80%9A%E9%A2%97%E7%B2%92,站点明确收录为中成药，未命中更具体项目类别
already_present,12172,清热解毒口服液,tcm,13,13,0.9,清热解毒。用于热毒壅盛所致的发热面赤、烦躁口渴、咽喉肿痛；流感、上呼吸道感染见上述证候者。,清热剂 | 清热解毒,呼吸系统药物 | 清热解毒药物,,,,https://www.yao86.com/%E4%B8%AD%E6%88%90%E8%8D%AF/%E6%B8%85%E7%83%AD%E8%A7%A3%E6%AF%92%E5%8F%A3%E6%9C%8D%E6%B6%B2,站点明确收录为中成药，未命中更具体项目类别
already_present,2804,热毒平颗粒,tcm,0,0,0.9,清热解毒。用于治疗流感，上呼吸道感染及各种发热疾病。,清热剂 | 清热解毒,呼吸系统药物 | 清热解毒药物,,,,https://www.yao86.com/%E4%B8%AD%E6%88%90%E8%8D%AF/%E7%83%AD%E6%AF%92%E5%B9%B3%E9%A2%97%E7%B2%92,保留数据库现有分类；站点明确收录为中成药，未命中更具体项目类别
already_present,12173,清热解毒颗粒,tcm,13,13,0.9,清热解毒。用于治疗流感，上呼吸道感染。,清热剂 | 清热解毒,呼吸系统药物 | 清热解毒药物,,,,https://www.yao86.com/%E4%B8%AD%E6%88%90%E8%8D%AF/%E6%B8%85%E7%83%AD%E8%A7%A3%E6%AF%92%E9%A2%97%E7%B2%92,站点明确收录为中成药，未命中更具体项目类别
already_present,12174,清热解毒片,tcm,13,13,0.9,清热解毒。用于治疗流感，上呼吸道感染及各种发热性疾病。,清热剂 | 清热解毒,呼吸系统药物 | 清热解毒药物,,,,https://www.yao86.com/%E4%B8%AD%E6%88%90%E8%8D%AF/%E6%B8%85%E7%83%AD%E8%A7%A3%E6%AF%92%E7%89%87,站点明确收录为中成药，未命中更具体项目类别
already_present,12175,清热解毒胶囊,tcm,13,13,0.9,清热解毒。用于治疗流感、上呼吸道感染。,清热剂 | 清热解毒,呼吸系统药物 | 清热解毒药物,,,,https://www.yao86.com/%E4%B8%AD%E6%88%90%E8%8D%AF/%E6%B8%85%E7%83%AD%E8%A7%A3%E6%AF%92%E8%83%B6%E5%9B%8A,站点明确收录为中成药，未命中更具体项目类别
already_present,12176,清热解毒糖浆,tcm,13,13,0.9,清热解毒。用于热毒壅盛所致发热面赤，烦躁口渴，咽喉肿痛；流感、上呼吸道感染见上述证候者。,清热剂 | 清热解毒,呼吸系统药物 | 清热解毒药物,,,,https://www.yao86.com/%E4%B8%AD%E6%88%90%E8%8D%AF/%E6%B8%85%E7%83%AD%E8%A7%A3%E6%AF%92%E7%B3%96%E6%B5%86,站点明确收录为中成药，未命中更具体项目类别
already_present,12177,清热解毒软胶囊,tcm,13,13,0.9,清热解毒。用于热毒壅盛所致发热面赤，烦燥口渴，咽喉肿痛；流感、上呼吸道感染见上述证候者。,清热剂 | 清热解毒,呼吸系统药物 | 清热解毒药物,,,,https://www.yao86.com/%E4%B8%AD%E6%88%90%E8%8D%AF/%E6%B8%85%E7%83%AD%E8%A7%A3%E6%AF%92%E8%BD%AF%E8%83%B6%E5%9B%8A,站点明确收录为中成药，未命中更具体项目类别
already_present,12178,清热解毒泡腾片,tcm,13,13,0.9,清热解毒。用于热毒壅盛所致发热面赤，烦燥口渴，咽喉肿痛；流感、上呼吸道感染见上述证候者。,清热剂 | 清热解毒,呼吸系统药物 | 清热解毒药物,,,,https://www.yao86.com/%E4%B8%AD%E6%88%90%E8%8D%AF/%E6%B8%85%E7%83%AD%E8%A7%A3%E6%AF%92%E6%B3%A1%E8%85%BE%E7%89%87,站点明确收录为中成药，未命中更具体项目类别
already_present,12179,清热解毒合剂,tcm,13,13,0.9,清热解毒。用于热毒壅盛所致发热面赤，烦躁口渴，咽喉肿痛；流感、上呼吸道感染见上述证候者。,清热剂 | 清热解毒,呼吸系统药物 | 清热解毒药物,,,,https://www.yao86.com/%E4%B8%AD%E6%88%90%E8%8D%AF/%E6%B8%85%E7%83%AD%E8%A7%A3%E6%AF%92%E5%90%88%E5%89%82,站点明确收录为中成药，未命中更具体项目类别
already_present,12180,清凉鼻舒吸入剂,tcm,0,0,0.94,散风开窍。用于感冒鼻塞的辅助用药。,解表剂 | 宣肺通窍,呼吸系统药物 | 鼻病治疗药,,,,https://www.yao86.com/%E4%B8%AD%E6%88%90%E8%8D%AF/%E6%B8%85%E5%87%89%E9%BC%BB%E8%88%92%E5%90%B8%E5%85%A5%E5%89%82,站点药理分类明确为感冒或解表用药
already_present,12181,羌黄祛痹颗粒,tcm,3,3,0.94,祛风除湿，散寒化瘀，通络止痛。适用于肩痹(肩周炎)属风寒湿痹证者，症见肩部疼痛，肩不能举，肩部怕冷，得暖痛减等症，舌质淡，苔白，脉弦或弦细。,温里剂 | 温经散寒,肌肉-骨骼系统药物 | 抗炎和抗风湿药,,,,https://www.yao86.com/%E4%B8%AD%E6%88%90%E8%8D%AF/%E7%BE%8C%E9%BB%84%E7%A5%9B%E7%97%B9%E9%A2%97%E7%B2%92,站点药理或 ATC 分类明确为镇痛/抗炎药
already_present,12182,清热银花糖浆,tcm,13,13,0.9,清热解毒，通利小便。用于外感暑湿所致的头痛如裹、目赤口渴、小便不利。,清热剂 | 清热解毒,呼吸系统药物 | 清热解毒药物,,,,https://www.yao86.com/%E4%B8%AD%E6%88%90%E8%8D%AF/%E6%B8%85%E7%83%AD%E9%93%B6%E8%8A%B1%E7%B3%96%E6%B5%86,站点明确收录为中成药，未命中更具体项目类别
already_present,12183,驱虫消食片,tcm,5,5,0.93,消积杀虫，健脾开胃。用于小儿疳气，虫积，身体羸瘦，不思饮食。,消食剂 | 健脾消食,消化系统与代谢药 | 提升食欲、促消化药,,,,https://www.yao86.com/%E4%B8%AD%E6%88%90%E8%8D%AF/%E9%A9%B1%E8%99%AB%E6%B6%88%E9%A3%9F%E7%89%87,站点药理或 ATC 分类明确为胃肠消化用药
already_present,12184,清瘟消肿九味丸,tcm,13,13,0.9,清热解毒，消“粘”，止痛，燥“协日乌素”。用于瘟疫发烧，久热，炽热，扩散热，炭疽结喉，痢疾，风湿病，“吾雅曼”病，偏瘫，“亚玛”病，妇科病，“粘”热症，便秘，尿闭，半身不遂。,清热剂 | 清热解毒,,,,,https://www.yao86.com/%E4%B8%AD%E6%88%90%E8%8D%AF/%E6%B8%85%E7%98%9F%E6%B6%88%E8%82%BF%E4%B9%9D%E5%91%B3%E4%B8%B8,站点明确收录为中成药，未命中更具体项目类别
already_present,12185,米非司酮胶囊,western,14,14,0.96,用于无防护性生活后或避孕失败（如避孕套破裂或滑脱，体外射精失败、安全期计算失误等）后72小时以内，预防妊娠的临床补救措施。,妇产科用药 | 子宫收缩药,性激素和生殖系统调节药 | 其它性激素类和生殖系统调节药 | 抗孕激素类,,,,https://www.yao86.com/%E8%A5%BF%E8%8D%AF/%E7%B1%B3%E9%9D%9E%E5%8F%B8%E9%85%AE%E8%83%B6%E5%9B%8A,站点药理或 ATC 分类明确为妇科用药
already_present,12186,米非司酮软胶囊,western,14,14,0.96,米非司酮软胶囊与前列腺素药物序贯合并使用，可用于终止停经49天内的妊娠。,妇产科用药 | 子宫收缩药,性激素和生殖系统调节药 | 其它性激素类和生殖系统调节药 | 抗孕激素类,,,,https://www.yao86.com/%E8%A5%BF%E8%8D%AF/%E7%B1%B3%E9%9D%9E%E5%8F%B8%E9%85%AE%E8%BD%AF%E8%83%B6%E5%9B%8A,站点药理或 ATC 分类明确为妇科用药
already_present,12187,米非司酮胶囊(Ⅱ),western,14,14,0.96,米非司酮胶囊与前列腺素类药物序贯合用可用于终止停经49天内的妊娠。,妇产科用药 | 子宫收缩药,性激素和生殖系统调节药 | 其它性激素类和生殖系统调节药 | 抗孕激素类,,,,https://www.yao86.com/%E8%A5%BF%E8%8D%AF/%E7%B1%B3%E9%9D%9E%E5%8F%B8%E9%85%AE%E8%83%B6%E5%9B%8A%28%E2%85%A1%29,站点药理或 ATC 分类明确为妇科用药
already_present,12188,米非司酮片,western,14,14,0.96,用于无防护性生活后或避孕失败（如避孕套破裂、滑脱、体外排精失败、安全期计算失误等）后72小时以内，预防妊娠的临床补救措施。,妇产科用药 | 子宫收缩药,性激素和生殖系统调节药 | 其它性激素类和生殖系统调节药 | 抗孕激素类,,,,https://www.yao86.com/%E8%A5%BF%E8%8D%AF/%E7%B1%B3%E9%9D%9E%E5%8F%B8%E9%85%AE%E7%89%87,站点药理或 ATC 分类明确为妇科用药
review_unclassified,,米拉贝隆缓释片,western,,,0.0,成年膀胱过度活动症(OAB)患者尿急、尿频和/或急迫性尿失禁的对症治疗。,泌尿系统用药 | 其他泌尿系统药,泌尿系统药物 | 尿道解痉药,贝坦利BETMIGA,,,https://www.yao86.com/%E8%A5%BF%E8%8D%AF/%E7%B1%B3%E6%8B%89%E8%B4%9D%E9%9A%86%E7%BC%93%E9%87%8A%E7%89%87,站点分类无法可靠映射到项目现有类别
already_present,12189,米索前列醇片,western,14,14,0.96,本品用于治疗十二指肠溃疡和胃溃疡，包括关节炎患者由于服用非甾体类抗炎药(NSAID)所引起的十二指肠溃疡和胃溃疡，保障其仍可继续使用NSAID治疗。本品还可用于预防使用NSAID所引起的溃疡。,妇产科用药 | 子宫收缩药,治疗与胃酸分泌相关疾病的药物 | 消化道溃疡和胃食管返流病治疗药物 | 前列腺素类,喜克馈,,,https://www.yao86.com/%E8%A5%BF%E8%8D%AF/%E7%B1%B3%E7%B4%A2%E5%89%8D%E5%88%97%E9%86%87%E7%89%87,站点药理或 ATC 分类明确为妇科用药
already_present,12190,米索前列醇阴道片,western,14,14,0.96,米索前列醇阴道片与米非司酮序贯合并使用，可用于终止停止49天内的早期妊娠。,妇产科用药 | 子宫收缩药,其它妇科用药 | 催产素类 | 前列腺素类,,,,https://www.yao86.com/%E8%A5%BF%E8%8D%AF/%E7%B1%B3%E7%B4%A2%E5%89%8D%E5%88%97%E9%86%87%E9%98%B4%E9%81%93%E7%89%87,站点药理或 ATC 分类明确为妇科用药
review_missing_efficacy,,马来酸依那普利口服溶液,western,,,0.0,,,作用于肾素-血管紧张素系统的药物 | 血管紧张素转化酶抑制药，单方,,,,https://www.yao86.com/%E8%A5%BF%E8%8D%AF/%E9%A9%AC%E6%9D%A5%E9%85%B8%E4%BE%9D%E9%82%A3%E6%99%AE%E5%88%A9%E5%8F%A3%E6%9C%8D%E6%BA%B6%E6%B6%B2,站点分类无法可靠映射到项目现有类别
already_present,12191,咪喹莫特乳膏,western,9,9,0.96,成人外生殖器和肛周尖锐湿疣。,免疫系统用药 | 其他免疫调节药,皮肤病用抗生素和化学治疗药物 | 局部用化疗药 | 抗病毒药,明欣利迪,,,https://www.yao86.com/%E8%A5%BF%E8%8D%AF/%E5%92%AA%E5%96%B9%E8%8E%AB%E7%89%B9%E4%B9%B3%E8%86%8F,外用剂型且站点 ATC 分类明确为皮肤局部用药
review_missing_efficacy,,马来酸氨氯地平胶囊,western,,,0.0,,,钙通道阻滞剂 | 主要对血管产生影响的选择性钙通道阻滞剂 | 二氢吡啶衍生物,,,,https://www.yao86.com/%E8%A5%BF%E8%8D%AF/%E9%A9%AC%E6%9D%A5%E9%85%B8%E6%B0%A8%E6%B0%AF%E5%9C%B0%E5%B9%B3%E8%83%B6%E5%9B%8A,站点分类无法可靠映射到项目现有类别
already_present,12192,马洛替酯缓释片,western,5,5,0.93,适用于慢性肝炎、肝硬化、晚期血吸虫病肝损伤和肺结核并发的低蛋白血症。,消化系统用药 | 肝病辅助治疗药,肝、胆疾病治疗药 | 肝病治疗药，抗脂肪肝药 | 肝病治疗药,亚宝欣,,,https://www.yao86.com/%E8%A5%BF%E8%8D%AF/%E9%A9%AC%E6%B4%9B%E6%9B%BF%E9%85%AF%E7%BC%93%E9%87%8A%E7%89%87,站点药理或 ATC 分类明确为胃肠消化用药
already_present,12193,马洛替酯片,western,5,5,0.93,适用于慢性肝炎、肝硬化代偿期和晚期血吸虫病等慢性肝病有低白蛋白血症者。,消化系统用药 | 肝病辅助治疗药,肝、胆疾病治疗药 | 肝病治疗药，抗脂肪肝药 | 肝病治疗药,,,,https://www.yao86.com/%E8%A5%BF%E8%8D%AF/%E9%A9%AC%E6%B4%9B%E6%9B%BF%E9%85%AF%E7%89%87,站点药理或 ATC 分类明确为胃肠消化用药
already_present,12194,马洛替酯乳剂,western,5,5,0.93,适用于慢性肝炎、肝硬化代偿期和晚期血吸虫等慢性肝病有低蛋白血症者。,消化系统用药 | 肝病辅助治疗药,肝、胆疾病治疗药 | 肝病治疗药，抗脂肪肝药 | 肝病治疗药,,,,https://www.yao86.com/%E8%A5%BF%E8%8D%AF/%E9%A9%AC%E6%B4%9B%E6%9B%BF%E9%85%AF%E4%B9%B3%E5%89%82,站点药理或 ATC 分类明确为胃肠消化用药
already_present,12195,门冬氨酸鸟氨酸颗粒,western,5,5,0.93,治疗因急、慢性肝病如肝硬化、脂肪肝、肝炎所致的高血氨症，特别适合治疗早期的意识失调或神经系统并发症。,消化系统用药 | 肝病辅助治疗药,肝、胆疾病治疗药 | 肝病治疗药，抗脂肪肝药 | 肝病治疗药,,,,https://www.yao86.com/%E8%A5%BF%E8%8D%AF/%E9%97%A8%E5%86%AC%E6%B0%A8%E9%85%B8%E9%B8%9F%E6%B0%A8%E9%85%B8%E9%A2%97%E7%B2%92,站点药理或 ATC 分类明确为胃肠消化用药
already_present,12196,强身酒,tcm,13,13,0.9,强身活血，健胃。用于身体衰弱，神倦力乏，脾胃不和，食欲不振。,补益剂 | 补气,补气补血药物 | 其他补气补血药物,,,,https://www.yao86.com/%E4%B8%AD%E6%88%90%E8%8D%AF/%E5%BC%BA%E8%BA%AB%E9%85%92,站点明确收录为中成药，未命中更具体项目类别
already_present,12197,清热止痛三味汤散(嘎巴拉-3),tcm,13,13,0.9,清热，止痛。用于“赫依”、“协日”引起的头痛，脑刺痛。,清热剂 | 其它,,,,,https://www.yao86.com/%E4%B8%AD%E6%88%90%E8%8D%AF/%E6%B8%85%E7%83%AD%E6%AD%A2%E7%97%9B%E4%B8%89%E5%91%B3%E6%B1%A4%E6%95%A3%28%E5%98%8E%E5%B7%B4%E6%8B%89-3%29,站点明确收录为中成药，未命中更具体项目类别
already_present,12198,芪三七活血颗粒,tcm,13,13,0.9,益气活血，化瘀止痛，清热消积。用于腹部手术后气虚血瘀，肠蠕动恢复的辅助治疗。,理血剂 | 益气活血,,,,,https://www.yao86.com/%E4%B8%AD%E6%88%90%E8%8D%AF/%E8%8A%AA%E4%B8%89%E4%B8%83%E6%B4%BB%E8%A1%80%E9%A2%97%E7%B2%92,站点明确收录为中成药，未命中更具体项目类别
review_missing_efficacy,,е…Ёз”Ійұјиғ¶еӣҠ,tcm,,13,0.9,,,,,,,https://www.yao86.com/%E4%B8%AD%E6%88%90%E8%8D%AF/%E5%85%A8%E7%94%B2%E9%B1%BC%E8%83%B6%E5%9B%8A,站点明确收录为中成药，未命中更具体项目类别
already_present,12199,芪参补气胶囊,tcm,13,13,0.9,益气固表。用于反复外感引起的自汗易感，气短乏力，少气懒言等肺气虚证。,固涩剂 | 固表止汗,补气补血药物 | 补气药物,,,,https://www.yao86.com/%E4%B8%AD%E6%88%90%E8%8D%AF/%E8%8A%AA%E5%8F%82%E8%A1%A5%E6%B0%94%E8%83%B6%E5%9B%8A,站点明确收录为中成药，未命中更具体项目类别
already_present,12200,七味红花殊胜丸,tcm,5,5,0.93,清热消炎、保肝退黄。用于新旧肝病，劳伤引起的肝血增盛，肝肿大，巩膜黄染，食欲不振。,祛湿剂 | 清热除湿,消化系统与代谢药 | 肝、胆疾病治疗药 | 肝病治疗药,,,,https://www.yao86.com/%E4%B8%AD%E6%88%90%E8%8D%AF/%E4%B8%83%E5%91%B3%E7%BA%A2%E8%8A%B1%E6%AE%8A%E8%83%9C%E4%B8%B8,站点药理或 ATC 分类明确为胃肠消化用药
already_present,12201,七味红花殊胜散,tcm,5,5,0.93,清利湿热。用于肝胆湿热所致的胁肋胀痛，脘腹胀痛；急慢性肝炎见上述症状者。,祛湿剂 | 清热除湿,消化系统与代谢药 | 肝、胆疾病治疗药 | 肝病治疗药,,,,https://www.yao86.com/%E4%B8%AD%E6%88%90%E8%8D%AF/%E4%B8%83%E5%91%B3%E7%BA%A2%E8%8A%B1%E6%AE%8A%E8%83%9C%E6%95%A3,站点药理或 ATC 分类明确为胃肠消化用药
imported,13992,尿嘧啶替加氟片,western,,14,0.96,用于胃癌、肠癌、胰腺癌等消化道癌，亦可用于乳腺癌和原发性肝癌。手术前后用药有可能防止癌的复发、扩散和转移。,抗肿瘤药 | 抗代谢药,抗肿瘤药 | 代谢拮抗药 | 嘧啶同系物类,,,,https://www.yao86.com/%E8%A5%BF%E8%8D%AF/%E5%B0%BF%E5%98%A7%E5%95%B6%E6%9B%BF%E5%8A%A0%E6%B0%9F%E7%89%87,站点药理或 ATC 分类明确为妇科用药
review_missing_efficacy,,浓氨溶液,western,,,0.0,,,,,,,https://www.yao86.com/%E8%A5%BF%E8%8D%AF/%E6%B5%93%E6%B0%A8%E6%BA%B6%E6%B6%B2,站点分类无法可靠映射到项目现有类别
already_present,12202,凝结芽孢杆菌活菌片,western,5,5,0.96,治疗因肠道菌群失调引起的急慢性腹泻、慢性便秘、腹胀和消化不良等症。,消化系统用药 | 微生态制剂,止泻药、肠道抗炎、抗感染药 | 止泻的微生物,爽舒宝,,,https://www.yao86.com/%E8%A5%BF%E8%8D%AF/%E5%87%9D%E7%BB%93%E8%8A%BD%E5%AD%A2%E6%9D%86%E8%8F%8C%E6%B4%BB%E8%8F%8C%E7%89%87,站点分类明确为止泻或肠道吸附药
already_present,12203,尼扎替丁片,western,5,5,0.93,本品适用于预防和缓解因膳食引发的发作性烧心和胃食管反流性疾病（GERD）以及因GERD出现的烧心（灼热感，heartburn）等症状；治疗内镜诊断的食道炎（包括糜烂和溃疡性食道炎）、良性胃溃疡、活动性十二指肠溃疡以及十二指肠溃疡愈合后的维持治疗。,消化系统用药 | 抗酸药及抗溃疡病药,治疗与胃酸分泌相关疾病的药物 | 消化道溃疡和胃食管返流病治疗药物 | H2-受体拮抗药类,赛法雷,,,https://www.yao86.com/%E8%A5%BF%E8%8D%AF/%E5%B0%BC%E6%89%8E%E6%9B%BF%E4%B8%81%E7%89%87,站点药理或 ATC 分类明确为胃肠消化用药
already_present,12204,尼扎替丁分散片,western,5,5,0.93,本品用于治疗活动性十二指肠溃疡和良性胃溃疡；用于十二指肠溃疡愈合后的维持治疗；用于治疗经内镜诊断的胃食管反流病(GERD)及其引起的胃灼热(烧心)症状。,消化系统用药 | 抗酸药及抗溃疡病药,治疗与胃酸分泌相关疾病的药物 | 消化道溃疡和胃食管返流病治疗药物 | H2-受体拮抗药类,,,,https://www.yao86.com/%E8%A5%BF%E8%8D%AF/%E5%B0%BC%E6%89%8E%E6%9B%BF%E4%B8%81%E5%88%86%E6%95%A3%E7%89%87,站点药理或 ATC 分类明确为胃肠消化用药
already_present,12205,尼扎替丁胶囊,western,5,5,0.93,本品适用于治疗活动性十二指肠溃疡;适用于十二指肠溃疡愈合后的维持治疗;适用于治疗内镜诊断的食道炎(包括糜烂和溃疡食道炎)和胃食管反流疾病（GERD）以及因GERD出现胃灼热（烧心）症状；适用于治疗良性胃溃疡。,消化系统用药 | 抗酸药及抗溃疡病药,治疗与胃酸分泌相关疾病的药物 | 消化道溃疡和胃食管返流病治疗药物 | H2-受体拮抗药类,,,,https://www.yao86.com/%E8%A5%BF%E8%8D%AF/%E5%B0%BC%E6%89%8E%E6%9B%BF%E4%B8%81%E8%83%B6%E5%9B%8A,站点药理或 ATC 分类明确为胃肠消化用药
already_present,12206,牛磺熊去氧胆酸胶囊,western,5,5,0.93,溶解胆固醇结石1.在胆囊或胆管存在1个或多个X-射线可见的直径小于2cm的胆固醇结石2.拒绝手术治疗或不适合手术治疗3.十二指肠插管胆汁检查证实胆固醇过饱和,消化系统用药 | 利胆药,肝、胆疾病治疗药 | 胆病治疗药 | 胆汁酸及其衍生物,滔罗特(TAUROLITE),,,https://www.yao86.com/%E8%A5%BF%E8%8D%AF/%E7%89%9B%E7%A3%BA%E7%86%8A%E5%8E%BB%E6%B0%A7%E8%83%86%E9%85%B8%E8%83%B6%E5%9B%8A,站点药理或 ATC 分类明确为胃肠消化用药
already_present,12207,诺氟沙星乳膏,western,9,9,0.96,用于敏感菌所致的皮肤软组织感染，如脓疱疮、湿疹感染、足疣感染、毛囊炎、疖肿等。本品可控制烧伤肉芽创面感染，为植皮创造条件。,抗微生物药 | 喹诺酮类,皮肤病用抗生素和化学治疗药物 | 局部用抗生素 | 局部用其它抗生素,,,,https://www.yao86.com/%E8%A5%BF%E8%8D%AF/%E8%AF%BA%E6%B0%9F%E6%B2%99%E6%98%9F%E4%B9%B3%E8%86%8F,外用剂型且站点 ATC 分类明确为皮肤局部用药
already_present,12208,诺氟沙星胶囊,western,2,2,0.96,适用于敏感菌所致的尿路感染、淋病、前列腺炎、肠道感染和伤寒及其他沙门菌感染。,抗微生物药 | 喹诺酮类,系统用抗细菌药 | 喹诺酮类抗菌药 | 氟喹诺酮类,,,,https://www.yao86.com/%E8%A5%BF%E8%8D%AF/%E8%AF%BA%E6%B0%9F%E6%B2%99%E6%98%9F%E8%83%B6%E5%9B%8A,站点药理或 ATC 分类明确为抗感染药
already_present,12209,诺氟沙星滴眼液,western,9,9,0.94,用于敏感菌所致的外眼感染。如结膜炎、角膜炎、角膜溃疡等。,抗微生物药 | 喹诺酮类,眼科用药 | 抗感染药 | 氟喹诺酮类药物,,,,https://www.yao86.com/%E8%A5%BF%E8%8D%AF/%E8%AF%BA%E6%B0%9F%E6%B2%99%E6%98%9F%E6%BB%B4%E7%9C%BC%E6%B6%B2,剂型或站点分类明确为局部外用药
already_present,12210,诺氟沙星软膏,western,9,9,0.96,用于敏感菌所致的皮肤软组织感染，如脓疱疮、湿疹感染、足癣感染、毛囊炎、疖肿等。,抗微生物药 | 喹诺酮类,皮肤病用抗生素和化学治疗药物 | 局部用抗生素 | 局部用其它抗生素,,,,https://www.yao86.com/%E8%A5%BF%E8%8D%AF/%E8%AF%BA%E6%B0%9F%E6%B2%99%E6%98%9F%E8%BD%AF%E8%86%8F,外用剂型且站点 ATC 分类明确为皮肤局部用药
already_present,12211,诺氟沙星栓,western,14,14,0.96,由敏感菌所引起的细菌性阴道炎。,妇产科用药 | 其他妇产科用药,妇科用抗感染药和灭菌药 | 抗感染药和灭菌药，与皮质甾体激素类的复方除外 | 抗生素,利孚利,,,https://www.yao86.com/%E8%A5%BF%E8%8D%AF/%E8%AF%BA%E6%B0%9F%E6%B2%99%E6%98%9F%E6%A0%93,站点药理或 ATC 分类明确为妇科用药
already_present,12212,诺氟沙星片,western,2,2,0.96,适用于敏感菌所致的尿路感染、淋病、前列腺炎、肠道感染和伤寒及其他沙门菌感染。由于使用氟喹诺酮类药物(包括诺氟沙星片)已有报道发生严重不良反应，且对于一些患者，单纯性尿路感染有自限性，应在没有其他药物治疗时方可使用诺氟沙星片。,抗微生物药 | 喹诺酮类,系统用抗细菌药 | 喹诺酮类抗菌药 | 氟喹诺酮类,,,,https://www.yao86.com/%E8%A5%BF%E8%8D%AF/%E8%AF%BA%E6%B0%9F%E6%B2%99%E6%98%9F%E7%89%87,站点药理或 ATC 分类明确为抗感染药
already_present,12213,诺氟沙星药膜,western,14,14,0.96,本品用于敏感菌所致的细菌性阴道感染。,妇产科用药 | 其他妇产科用药,妇科用抗感染药和灭菌药 | 抗感染药和灭菌药，与皮质甾体激素类的复方除外 | 抗生素,,,,https://www.yao86.com/%E8%A5%BF%E8%8D%AF/%E8%AF%BA%E6%B0%9F%E6%B2%99%E6%98%9F%E8%8D%AF%E8%86%9C,站点药理或 ATC 分类明确为妇科用药
already_present,12214,柠檬烯胶囊,western,5,5,0.93,适用于胆囊炎、胆管炎、胆结石、胆道术后综合征。,消化系统用药 | 利胆药,肝、胆疾病治疗药 | 胆病治疗药 | 胆道疾病治疗药,,,,https://www.yao86.com/%E8%A5%BF%E8%8D%AF/%E6%9F%A0%E6%AA%AC%E7%83%AF%E8%83%B6%E5%9B%8A,站点药理或 ATC 分类明确为胃肠消化用药
review_missing_efficacy,,萘夫西林钠胶囊,western,,2,0.96,,,系统用抗细菌药 | β-内酰胺抗菌药，青霉素类 | 耐β-内酰胺酶的青霉素类,,,,https://www.yao86.com/%E8%A5%BF%E8%8D%AF/%E8%90%98%E5%A4%AB%E8%A5%BF%E6%9E%97%E9%92%A0%E8%83%B6%E5%9B%8A,站点药理或 ATC 分类明确为抗感染药
imported,13993,尼尔雌醇片,western,,14,0.96,临床用于雌激素缺乏引起的绝经期或更年期综合症，如潮热、出汗、头痛、目眩、疲劳、烦躁易怒、神经过敏、外阴干燥、老年性阴道炎等。,激素及影响内分泌药 | 雌激素、孕激素及抗孕激素,性激素和生殖系统调节药 | 雌激素类 | 合成雌激素类，单方,,,,https://www.yao86.com/%E8%A5%BF%E8%8D%AF/%E5%B0%BC%E5%B0%94%E9%9B%8C%E9%86%87%E7%89%87,站点药理或 ATC 分类明确为妇科用药
already_present,12215,人参蜂王浆咀嚼片,tcm,13,13,0.9,滋补强壮，益气健脾。用于病后体弱，疲乏无力，食欲减退，神经衰弱。,补益剂 | 其它,补气补血药物 | 其他补气补血药物,,,,https://www.yao86.com/%E4%B8%AD%E6%88%90%E8%8D%AF/%E4%BA%BA%E5%8F%82%E8%9C%82%E7%8E%8B%E6%B5%86%E5%92%80%E5%9A%BC%E7%89%87,站点明确收录为中成药，未命中更具体项目类别
already_present,12216,人参蜂王浆胶囊,tcm,13,13,0.9,滋补强壮，益气健脾。用于病后体虚，疲乏无力，食欲减退，神经衰弱。,补益剂 | 其它,补气补血药物 | 补气药物,,,,https://www.yao86.com/%E4%B8%AD%E6%88%90%E8%8D%AF/%E4%BA%BA%E5%8F%82%E8%9C%82%E7%8E%8B%E6%B5%86%E8%83%B6%E5%9B%8A,站点明确收录为中成药，未命中更具体项目类别
already_present,12217,然降多吉胶囊,tcm,3,3,0.94,散寒除湿，消肿止痛。用于藏医真布(类风湿关节炎)，藏医辨证为湿痹寒湿阻络证，症见关节疼痛、关节肿胀、晨僵。,祛湿剂 | 祛风胜湿,肌肉-骨骼系统药物 | 抗炎和抗风湿药,,,,https://www.yao86.com/%E4%B8%AD%E6%88%90%E8%8D%AF/%E7%84%B6%E9%99%8D%E5%A4%9A%E5%90%89%E8%83%B6%E5%9B%8A,站点药理或 ATC 分类明确为镇痛/抗炎药
already_present,12218,如意定喘丸,tcm,1,1,0.95,宣肺定喘，止咳化痰，益气养阴。用于肺气阴两虚所致的支气管哮喘，虚劳久咳，肺气肿，肺心病。,止咳平喘剂 | 平喘,呼吸系统药物 | 咳嗽和感冒用药,,,,https://www.yao86.com/%E4%B8%AD%E6%88%90%E8%8D%AF/%E5%A6%82%E6%84%8F%E5%AE%9A%E5%96%98%E4%B8%B8,站点药理分类明确为止咳或祛痰药
already_present,12219,人知降糖胶囊,tcm,11,11,0.95,益气养阴，清热生津。用于Ⅱ型糖尿病属气阴两虚兼燥热伤津证的辅助治疗，缓解以下症状：倦怠乏力，气短懒言，口干口渴，五心烦热，自汗盗汗，多食易饥，便秘溲赤，心悸失眠，腰酸不适等。,清热剂 | 清虚热,消化系统与代谢药 | 糖尿病药物,,,,https://www.yao86.com/%E4%B8%AD%E6%88%90%E8%8D%AF/%E4%BA%BA%E7%9F%A5%E9%99%8D%E7%B3%96%E8%83%B6%E5%9B%8A,站点药理或 ATC 分类明确为慢性病长期用药
already_present,12220,乳癖消胶囊,tcm,14,14,0.96,软坚散结，活血消痈，清热解毒。用于痰热互结所致的乳癖、乳痈，症见乳房结节、数目不等、大小形态不一、质地柔软，或产后乳房结块、红热疼痛；乳腺增生、乳腺炎早期见上述证候者。,清热剂 | 清热解毒,生殖泌尿系统药物 | 妇科用药 | 乳腺增生治疗药,,,,https://www.yao86.com/%E4%B8%AD%E6%88%90%E8%8D%AF/%E4%B9%B3%E7%99%96%E6%B6%88%E8%83%B6%E5%9B%8A,站点药理或 ATC 分类明确为妇科用药
already_present,1728,乳癖消片,tcm,14,14,0.96,软坚散结，活血消痈，清热解毒。用于痰热互结所致的乳癖、乳痈、症见乳房结节、数目不等、大小形态不一、质地柔软，或产后乳房结块、红热疼痛；乳腺增生、乳腺炎早期见上述证候者。,清热剂 | 清热解毒,生殖泌尿系统药物 | 妇科用药 | 乳腺增生治疗药,,,,https://www.yao86.com/%E4%B8%AD%E6%88%90%E8%8D%AF/%E4%B9%B3%E7%99%96%E6%B6%88%E7%89%87,保留数据库现有分类；站点药理或 ATC 分类明确为妇科用药
already_present,12221,乳癖消贴膏,tcm,14,14,0.96,软坚散结，清热解毒，活血止痛，用于乳癖气滞血瘀证，症见乳房结块、胀痛、压痛；乳腺囊性增生病见上述证候者。,清热剂 | 清热解毒,生殖泌尿系统药物 | 妇科用药 | 乳腺增生治疗药,,,,https://www.yao86.com/%E4%B8%AD%E6%88%90%E8%8D%AF/%E4%B9%B3%E7%99%96%E6%B6%88%E8%B4%B4%E8%86%8F,站点药理或 ATC 分类明确为妇科用药
already_present,12222,乳癖消颗粒,tcm,14,14,0.96,软坚散结，活血消痈，清热解毒。用于氮热互结所致的乳癖、乳痈、症见乳房结节、数目不等、大小形态不一、质地柔软、或产后乳房结块、红热疼痛；乳腺增生、乳腺炎早期见上述症候者。,清热剂 | 清热解毒,生殖泌尿系统药物 | 妇科用药 | 乳腺增生治疗药,,,,https://www.yao86.com/%E4%B8%AD%E6%88%90%E8%8D%AF/%E4%B9%B3%E7%99%96%E6%B6%88%E9%A2%97%E7%B2%92,站点药理或 ATC 分类明确为妇科用药
already_present,12223,乳癖消丸,tcm,14,14,0.96,软坚散结、活血消痈、清热解毒。用于乳癖结块，乳痈初起；乳腺囊性增生病及乳腺炎前期。,清热剂 | 清热解毒,生殖泌尿系统药物 | 妇科用药 | 乳腺增生治疗药,,,,https://www.yao86.com/%E4%B8%AD%E6%88%90%E8%8D%AF/%E4%B9%B3%E7%99%96%E6%B6%88%E4%B8%B8,站点药理或 ATC 分类明确为妇科用药
already_present,12224,乳癖舒片,tcm,14,14,0.96,舒肝解郁，活血解毒，软坚散结。用于肝气郁结，毒瘀互阻所致的乳腺增生，乳腺炎。,清热剂 | 清热解毒,生殖泌尿系统药物 | 妇科用药 | 乳腺增生治疗药,,,,https://www.yao86.com/%E4%B8%AD%E6%88%90%E8%8D%AF/%E4%B9%B3%E7%99%96%E8%88%92%E7%89%87,站点药理或 ATC 分类明确为妇科用药
already_present,12225,乳癖舒胶囊,tcm,14,14,0.96,舒肝解郁，活血解毒，软坚散结。用于肝气郁结，毒瘀互阻所致的乳腺增生，乳腺炎。,清热剂 | 清热解毒,生殖泌尿系统药物 | 妇科用药 | 乳腺增生治疗药,,,,https://www.yao86.com/%E4%B8%AD%E6%88%90%E8%8D%AF/%E4%B9%B3%E7%99%96%E8%88%92%E8%83%B6%E5%9B%8A,站点药理或 ATC 分类明确为妇科用药
already_present,12226,盐酸普萘洛尔缓释片,western,12,12,0.95,1.高血压(单独或与其它抗高血压药合用)。2.劳力型心绞痛。3.控制室上性快速心律失常、室性心律失常，特别是与儿茶酚胺有关或洋地黄引起心律失常。可用于洋地黄疗效不佳的房扑、房颤心室率的控制，也可用于顽固性期前收缩，改善患者的症状。4.减低肥厚型心肌病流出道压差，减轻心绞痛、心悸与昏厥等症状。5.配合α受体阻滞剂用于嗜铬细胞瘤病人控制心动过速。6.用于控制甲状腺机能亢进症的心率过快，也可用于治疗甲状腺危象。7.作为二级预防，降低心肌梗死死亡率。,心血管系统用药 | 抗心绞痛药,β-受体阻断药 | 非选择性β-受体阻滞药,普乐欣,,,https://www.yao86.com/%E8%A5%BF%E8%8D%AF/%E7%9B%90%E9%85%B8%E6%99%AE%E8%90%98%E6%B4%9B%E5%B0%94%E7%BC%93%E9%87%8A%E7%89%87,站点药理或 ATC 分类明确为心脑血管用药
already_present,1664,盐酸普萘洛尔片,western,12,12,0.95,1.作为二级预防，降低心肌梗死死亡率。2.高血压（单独或与其它抗高血压药合用）。3.劳力型心绞痛。4.控制室上性快速心律失常、室性心律失常，特别是与儿茶酚胺有关或洋地黄引起心律失常。可用于洋地黄疗效不佳的房扑、房颤心室率的控制，也可用于顽固性期前收缩，改善患者的症状。5.减低肥厚型心肌病流出道压差，减轻心绞痛、心悸与昏厥等症状。6.配合α受体阻滞剂用于嗜铬细胞瘤病人控制心动过速。7.用于控制甲状腺机能亢进症的心率过快，也可用于治疗甲状腺危象。,心血管系统用药 | 抗心绞痛药,β-受体阻断药 | 非选择性β-受体阻滞药,,,,https://www.yao86.com/%E8%A5%BF%E8%8D%AF/%E7%9B%90%E9%85%B8%E6%99%AE%E8%90%98%E6%B4%9B%E5%B0%94%E7%89%87,保留数据库现有分类；站点药理或 ATC 分类明确为心脑血管用药
already_present,12227,盐酸普萘洛尔口服溶液,western,12,12,0.95,盐酸普萘洛尔口服溶液用于治疗需予全身疗法的增殖期婴儿血管瘤患者。,心血管系统用药 | 抗心绞痛药,β-受体阻断药 | 非选择性β-受体阻滞药,合美嘉,,,https://www.yao86.com/%E8%A5%BF%E8%8D%AF/%E7%9B%90%E9%85%B8%E6%99%AE%E8%90%98%E6%B4%9B%E5%B0%94%E5%8F%A3%E6%9C%8D%E6%BA%B6%E6%B6%B2,站点药理或 ATC 分类明确为心脑血管用药
already_present,12228,盐酸普萘洛尔缓释胶囊,western,12,12,0.95,用于控制高血压和心绞痛的治疗，也可用于急性心肌梗死愈后的长期预防。,心血管系统用药 | 抗心绞痛药,β-受体阻断药 | 非选择性β-受体阻滞药,杭达来,,,https://www.yao86.com/%E8%A5%BF%E8%8D%AF/%E7%9B%90%E9%85%B8%E6%99%AE%E8%90%98%E6%B4%9B%E5%B0%94%E7%BC%93%E9%87%8A%E8%83%B6%E5%9B%8A,站点药理或 ATC 分类明确为心脑血管用药
already_present,12229,喷昔洛韦凝胶,western,9,9,0.96,口唇或面部单纯疱疹、生殖器疱疹。,抗微生物药 | 抗病毒药,皮肤病用抗生素和化学治疗药物 | 局部用化疗药 | 抗病毒药,,,,https://www.yao86.com/%E8%A5%BF%E8%8D%AF/%E5%96%B7%E6%98%94%E6%B4%9B%E9%9F%A6%E5%87%9D%E8%83%B6,外用剂型且站点 ATC 分类明确为皮肤局部用药
already_present,12230,喷昔洛韦乳膏,western,9,9,0.96,用于成人和大于12岁以上儿童的唇疱疹。,抗微生物药 | 抗病毒药,皮肤病用抗生素和化学治疗药物 | 局部用化疗药 | 抗病毒药,,,,https://www.yao86.com/%E8%A5%BF%E8%8D%AF/%E5%96%B7%E6%98%94%E6%B4%9B%E9%9F%A6%E4%B9%B3%E8%86%8F,外用剂型且站点 ATC 分类明确为皮肤局部用药
review_missing_efficacy,,平衡盐水,western,,,0.0,,眼科用药 | 其他眼科用药,血液代用品和灌注液 | 灌注液 | 盐溶液,,,,https://www.yao86.com/%E8%A5%BF%E8%8D%AF/%E5%B9%B3%E8%A1%A1%E7%9B%90%E6%B0%B4,站点分类无法可靠映射到项目现有类别
review_unclassified,,平衡盐溶液(供灌注用),western,,,0.0,在眼科手术中，作为眼内或眼外的灌注液，最长灌注时间不得超过60分钟。,眼科用药 | 其他眼科用药,血液代用品和灌注液 | 灌注液 | 盐溶液,,,,https://www.yao86.com/%E8%A5%BF%E8%8D%AF/%E5%B9%B3%E8%A1%A1%E7%9B%90%E6%BA%B6%E6%B6%B2%28%E4%BE%9B%E7%81%8C%E6%B3%A8%E7%94%A8%29,站点分类无法可靠映射到项目现有类别
already_present,12231,普伐他汀钠胶囊,western,11,11,0.95,高脂血症、家族性高胆固醇血症。,心血管系统用药 | 调脂及抗动脉粥样硬化药,血脂调节剂 | 血脂调节剂，单方 | β-羟基-β-甲基戊二酸单酰辅酶A还原酶抑制药,,,,https://www.yao86.com/%E8%A5%BF%E8%8D%AF/%E6%99%AE%E4%BC%90%E4%BB%96%E6%B1%80%E9%92%A0%E8%83%B6%E5%9B%8A,站点药理或 ATC 分类明确为慢性病长期用药
already_present,12232,普伐他汀钠片,western,11,11,0.95,适用于饮食限制仍不能控制的原发性高胆固醇血症(Ⅱa和Ⅱb型)。,心血管系统用药 | 调脂及抗动脉粥样硬化药,血脂调节剂 | 血脂调节剂，单方 | β-羟基-β-甲基戊二酸单酰辅酶A还原酶抑制药,福他宁,,,https://www.yao86.com/%E8%A5%BF%E8%8D%AF/%E6%99%AE%E4%BC%90%E4%BB%96%E6%B1%80%E9%92%A0%E7%89%87,站点药理或 ATC 分类明确为慢性病长期用药
already_present,12233,葡钙维B1片,western,7,7,0.96,用于儿童骨骼发育不全、出牙迟缓等缺钙症。,激素及影响内分泌药 | 钙代谢调节药及抗骨质疏松药,矿物质补充剂 | 钙 | 钙与其它药品的复方,,,,https://www.yao86.com/%E8%A5%BF%E8%8D%AF/%E8%91%A1%E9%92%99%E7%BB%B4B1%E7%89%87,站点药理或 ATC 分类明确为维生素/矿物质
review_unclassified,,盐酸普拉克索缓释片,western,,,0.0,本品用于治疗成人特发性帕金森病的体征和症状，即在整个疾病过程中，包括疾病后期，当左旋多巴的疗效逐渐减弱或者出现变化和波动(剂末现象或“开关”波动)时，都可以单独应用本品(无左旋多巴)或与左旋多巴联用。,神经系统用药 | 抗震颤麻痹药,抗震颤麻痹药 | 多巴胺能类药 | 多巴胺促效药类,,,,https://www.yao86.com/%E8%A5%BF%E8%8D%AF/%E7%9B%90%E9%85%B8%E6%99%AE%E6%8B%89%E5%85%8B%E7%B4%A2%E7%BC%93%E9%87%8A%E7%89%87,站点分类无法可靠映射到项目现有类别
review_unclassified,,盐酸普拉克索片,western,,,0.0,本品用于治疗成人特发性帕金森病的体征和症状，即在整个疾病过程中，包括疾病后期，当左旋多巴的疗效逐渐减弱或者出现变化和波动(剂末现象或“开关”波动)时，都可以单独应用本品(无左旋多巴)或与左旋多巴联用。本品也用于中度到重度特发性不宁腿综合征的症状治疗，剂量可高达0.75mg(见【用法用量】)。,神经系统用药 | 抗震颤麻痹药,抗震颤麻痹药 | 多巴胺能类药 | 多巴胺促效药类,,,,https://www.yao86.com/%E8%A5%BF%E8%8D%AF/%E7%9B%90%E9%85%B8%E6%99%AE%E6%8B%89%E5%85%8B%E7%B4%A2%E7%89%87,站点分类无法可靠映射到项目现有类别
review_missing_efficacy,,脾粉,western,,5,0.93,,消化系统用药 | 抗酸药及抗溃疡病药,治疗功能性胃肠疾病的药物 | 胃肠动力药,,,,https://www.yao86.com/%E8%A5%BF%E8%8D%AF/%E8%84%BE%E7%B2%89,站点药理或 ATC 分类明确为胃肠消化用药
already_present,12234,脾粉片,western,5,5,0.93,用于消化不良，胃及十二指肠溃疡，腹泻，腹胀，食欲不振，胃部满闷等。,消化系统用药 | 抗酸药及抗溃疡病药,治疗功能性胃肠疾病的药物 | 胃肠动力药,,,,https://www.yao86.com/%E8%A5%BF%E8%8D%AF/%E8%84%BE%E7%B2%89%E7%89%87,站点药理或 ATC 分类明确为胃肠消化用药
review_unclassified,,甲磺酸培高利特片,western,,,0.0,用于左旋多巴治疗帕金森氏病症的辅助治疗。,神经系统用药 | 抗震颤麻痹药,抗震颤麻痹药 | 多巴胺能类药 | 多巴胺促效药类,协良行,,,https://www.yao86.com/%E8%A5%BF%E8%8D%AF/%E7%94%B2%E7%A3%BA%E9%85%B8%E5%9F%B9%E9%AB%98%E5%88%A9%E7%89%B9%E7%89%87,站点分类无法可靠映射到项目现有类别
review_missing_efficacy,,乳酸心可定片,western,,12,0.95,治疗心绞痛。,心血管系统用药 | 抗心绞痛药,心脏病治疗用药 | 抗心律失常药，Ⅰ类和Ⅲ类 | 其它I类和III类抗心律失常药,,,,https://www.yao86.com/%E8%A5%BF%E8%8D%AF/%E4%B9%B3%E9%85%B8%E5%BF%83%E5%8F%AF%E5%AE%9A%E7%89%87,站点药理或 ATC 分类明确为心脑血管用药
review_unclassified,,盐酸帕罗西汀片,western,,,0.0,本品用于治疗抑郁症、强迫症、伴有或不伴有广场恐怖的惊恐障碍、社交恐怖症/社交焦虑症。疗效满意后，继续服用本品可预防抑郁症、惊恐障碍和强迫症的复发。,治疗精神障碍药 | 抗抑郁药,精神兴奋药 | 抗抑郁药 | 选择性5-羟色胺再吸收抑制药,赛乐特,,,https://www.yao86.com/%E8%A5%BF%E8%8D%AF/%E7%9B%90%E9%85%B8%E5%B8%95%E7%BD%97%E8%A5%BF%E6%B1%80%E7%89%87,站点分类无法可靠映射到项目现有类别
review_unclassified,,盐酸帕罗西汀肠溶缓释片,western,,,0.0,用于治疗成人抑郁症。在两项对符合美国精神障碍诊断统计手册(第四版)标准的抑郁症门诊患者进行的12周对照临床试验中，确立了盐酸帕罗西汀肠溶缓释片治疗抑郁症发作的有效性。尚未充分研究帕罗西汀对住院抑郁患者的抗抑郁作用。尚未在对照临床试验中对帕罗西汀肠溶缓释片超过12周的疗效安全性进行系统的评价；可是，在对照临床试验中证实了帕罗西汀速释片对抑郁症患者的长达1年维持治疗的有效性(参见【临床试验】)。医生如果选择帕罗西汀肠溶缓释片进行长期治疗，应该定期对药物用于个体患者的长期有效性进行再评估。,治疗精神障碍药 | 抗抑郁药,精神兴奋药 | 抗抑郁药 | 选择性5-羟色胺再吸收抑制药,,,,https://www.yao86.com/%E8%A5%BF%E8%8D%AF/%E7%9B%90%E9%85%B8%E5%B8%95%E7%BD%97%E8%A5%BF%E6%B1%80%E8%82%A0%E6%BA%B6%E7%BC%93%E9%87%8A%E7%89%87,站点分类无法可靠映射到项目现有类别
already_present,12235,十八味诃子丸,tcm,13,13,0.9,清肾热，消炎。用于尿道感染，血尿，腰扭伤，肾病引起的腰痛，胯痛，大腿刺痛，脚背浮肿。,清热剂 | 清热解毒,生殖泌尿系统药物 | 泌尿系统药物 | 抗生殖泌尿系统感染药物,,,,https://www.yao86.com/%E4%B8%AD%E6%88%90%E8%8D%AF/%E5%8D%81%E5%85%AB%E5%91%B3%E8%AF%83%E5%AD%90%E4%B8%B8,站点明确收录为中成药，未命中更具体项目类别
already_present,12236,参茸木瓜药酒,tcm,3,3,0.94,散风祛寒，舒筋活血。用于腰腿疫痛、肢体麻木、风湿性关节炎。,温里剂 | 温经散寒,肌肉-骨骼系统药物 | 抗炎和抗风湿药,,,,https://www.yao86.com/%E4%B8%AD%E6%88%90%E8%8D%AF/%E5%8F%82%E8%8C%B8%E6%9C%A8%E7%93%9C%E8%8D%AF%E9%85%92,站点药理或 ATC 分类明确为镇痛/抗炎药
already_present,12237,山牡丹胶囊,tcm,14,14,0.96,益气化瘀，收敛止血。用于气虚血瘀所致的月经过多，经期延长，色淡红，质清稀或紫黑，有血块，倦怠乏力，面色苍白或晦暗。,理血剂 | 止血,生殖泌尿系统药物 | 妇科用药 | 调经药物,,,,https://www.yao86.com/%E4%B8%AD%E6%88%90%E8%8D%AF/%E5%B1%B1%E7%89%A1%E4%B8%B9%E8%83%B6%E5%9B%8A,站点药理或 ATC 分类明确为妇科用药
already_present,12238,桑麻丸,tcm,13,13,0.9,本品滋养肝肾，祛风明目。用于肝肾不足，头晕眼花，视物不清，迎风流泪。,清目剂,,,,,https://www.yao86.com/%E4%B8%AD%E6%88%90%E8%8D%AF/%E6%A1%91%E9%BA%BB%E4%B8%B8,站点明确收录为中成药，未命中更具体项目类别
already_present,12239,桑麻口服液,tcm,13,13,0.9,滋养肝肾，祛风明目。用于肝肾不足，头晕眼花，视物不清，迎风流泪。,清目剂,,,,,https://www.yao86.com/%E4%B8%AD%E6%88%90%E8%8D%AF/%E6%A1%91%E9%BA%BB%E5%8F%A3%E6%9C%8D%E6%B6%B2,站点明确收录为中成药，未命中更具体项目类别
review_missing_efficacy,,三味补肾养肝口服液,tcm,,5,0.93,暂无数据,和解剂 | 其它,消化系统与代谢药 | 肝、胆疾病治疗药 | 肝病治疗药,,,,https://www.yao86.com/%E4%B8%AD%E6%88%90%E8%8D%AF/%E4%B8%89%E5%91%B3%E8%A1%A5%E8%82%BE%E5%85%BB%E8%82%9D%E5%8F%A3%E6%9C%8D%E6%B6%B2,站点药理或 ATC 分类明确为胃肠消化用药
already_present,12240,山茄子清凉颗粒,tcm,13,13,0.9,清热解暑，开胃生津。用于暑热口渴，可作为高温、刺激性气体作业清凉剂。,祛暑剂 | 祛暑清热,呼吸系统药物 | 清热解毒药物,,,,https://www.yao86.com/%E4%B8%AD%E6%88%90%E8%8D%AF/%E5%B1%B1%E8%8C%84%E5%AD%90%E6%B8%85%E5%87%89%E9%A2%97%E7%B2%92,站点明确收录为中成药，未命中更具体项目类别
already_present,12241,首明山胶囊,tcm,11,11,0.95,滋补肝肾，活血化癖，祛痰降浊。用干肝肾阴虚，痰瘀阻滞型原发性高脂血症，症见头晕、目眩、胸痛、神疲、腰膝酸软、咽燥口干、舌有痕斑，苔腻。,祛痰剂 | 化痰降脂,心脑血管与血液系统药物 | 血脂调节剂,,,,https://www.yao86.com/%E4%B8%AD%E6%88%90%E8%8D%AF/%E9%A6%96%E6%98%8E%E5%B1%B1%E8%83%B6%E5%9B%8A,站点药理或 ATC 分类明确为慢性病长期用药
already_present,12242,齐多夫定片,western,2,2,0.96,齐多夫定用于治疗HIV感染。已经证实，齐多夫定用于治疗晚期HIV的病人，在治疗的开始可延长生存期和减少机会感染的发病率，对HIV感染而无症状的病人可延缓疾病进程。齐多夫定与其它抗病毒药物联合治疗比单一疗法更显下列优势：延缓死亡、延缓AIDS的发展，增加CD4细胞数，减少血浆HIV RNA。在联合使用之前，必需清楚每个药物(包括齐多夫定)的全部处方资料。齐多夫定也用于防止母婴HIV垂直传播，包括在怀孕14～34周口服齐多夫定，分娩时静脉滴注齐多夫定，婴儿出生后口服齐多夫定。,抗微生物药 | 抗病毒药,系统用抗病毒药 | 直接作用的抗病毒药 | 核苷类和核苷酸类逆转录酶抑制药,佐平斯,,,https://www.yao86.com/%E8%A5%BF%E8%8D%AF/%E9%BD%90%E5%A4%9A%E5%A4%AB%E5%AE%9A%E7%89%87,站点药理或 ATC 分类明确为抗感染药
already_present,12243,齐多夫定胶囊,western,2,2,0.96,齐多夫定胶囊与其他抗逆转录病毒药物联合使用，用于治疗人类免疫缺陷病毒(HIV)感染的成年人和儿童。由于齐多夫定显示可降低HIV的母-婴传播率，齐多夫定亦可用于HIV阳性怀孕妇女及其新生儿。,抗微生物药 | 抗病毒药,系统用抗病毒药 | 直接作用的抗病毒药 | 核苷类和核苷酸类逆转录酶抑制药,,,,https://www.yao86.com/%E8%A5%BF%E8%8D%AF/%E9%BD%90%E5%A4%9A%E5%A4%AB%E5%AE%9A%E8%83%B6%E5%9B%8A,站点药理或 ATC 分类明确为抗感染药
already_present,12244,齐多夫定糖浆,western,2,2,0.96,齐多夫定口服制剂适用于与其它抗逆转录病毒药物联合治疗人类免疫缺陷病毒(HIV)感染的成年人和儿童(孕妇除外)。齐多夫定单药治疗可用于HIV阳性孕妇(孕周＞14周)及其新生儿，作为HIV-1母婴传播的初步预防(见【孕妇及哺乳期妇女用药】)。,抗微生物药 | 抗病毒药,系统用抗病毒药 | 直接作用的抗病毒药 | 核苷类和核苷酸类逆转录酶抑制药,立妥威,,,https://www.yao86.com/%E8%A5%BF%E8%8D%AF/%E9%BD%90%E5%A4%9A%E5%A4%AB%E5%AE%9A%E7%B3%96%E6%B5%86,站点药理或 ATC 分类明确为抗感染药
review_missing_efficacy,,齐多夫定口服溶液,western,,2,0.96,,,系统用抗病毒药 | 直接作用的抗病毒药 | 核苷类和核苷酸类逆转录酶抑制药,,,,https://www.yao86.com/%E8%A5%BF%E8%8D%AF/%E9%BD%90%E5%A4%9A%E5%A4%AB%E5%AE%9A%E5%8F%A3%E6%9C%8D%E6%BA%B6%E6%B6%B2,站点药理或 ATC 分类明确为抗感染药
review_missing_efficacy,,齐多夫定拉米夫定片,western,,2,0.96,,,系统用抗病毒药 | 直接作用的抗病毒药 | 治疗HIV感染的抗病毒药，复方,,,,https://www.yao86.com/%E8%A5%BF%E8%8D%AF/%E9%BD%90%E5%A4%9A%E5%A4%AB%E5%AE%9A%E6%8B%89%E7%B1%B3%E5%A4%AB%E5%AE%9A%E7%89%87,站点药理或 ATC 分类明确为抗感染药
already_present,12245,曲匹地尔片,western,12,12,0.95,用于治疗及预防冠心病、心绞痛、心肌梗死等。,心血管系统用药 | 抗心绞痛药,心脏病治疗用药 | 治疗心脏病用血管舒张药 | 治疗心脏病用其它血管舒张药,,,,https://www.yao86.com/%E8%A5%BF%E8%8D%AF/%E6%9B%B2%E5%8C%B9%E5%9C%B0%E5%B0%94%E7%89%87,站点药理或 ATC 分类明确为心脑血管用药
review_missing_efficacy,,曲匹地尔胶囊,western,,12,0.95,心绞痛,心血管系统用药 | 抗心绞痛药,心脏病治疗用药 | 治疗心脏病用血管舒张药 | 治疗心脏病用其它血管舒张药,,,,https://www.yao86.com/%E8%A5%BF%E8%8D%AF/%E6%9B%B2%E5%8C%B9%E5%9C%B0%E5%B0%94%E8%83%B6%E5%9B%8A,站点药理或 ATC 分类明确为心脑血管用药
already_present,12246,盐酸曲美他嗪胶囊,western,12,12,0.95,曲美他嗪适用于在成年人中作为附加疗法对一线抗心绞痛疗法控制不佳或无法耐受的稳定型心绞痛患者进行对症治疗。,心血管系统用药 | 抗心绞痛药,心脏病治疗用药 | 其它治疗心脏病药 | 其它心脏病用药,,,,https://www.yao86.com/%E8%A5%BF%E8%8D%AF/%E7%9B%90%E9%85%B8%E6%9B%B2%E7%BE%8E%E4%BB%96%E5%97%AA%E8%83%B6%E5%9B%8A,站点药理或 ATC 分类明确为心脑血管用药
already_present,12247,盐酸曲美他嗪片,western,12,12,0.95,作为添加药物，本品用于对一线抗心绞痛治疗控制不佳或无法耐受的稳定型心绞痛成年患者的对症治疗。,心血管系统用药 | 抗心绞痛药,心脏病治疗用药 | 其它治疗心脏病药 | 其它心脏病用药,,,,https://www.yao86.com/%E8%A5%BF%E8%8D%AF/%E7%9B%90%E9%85%B8%E6%9B%B2%E7%BE%8E%E4%BB%96%E5%97%AA%E7%89%87,站点药理或 ATC 分类明确为心脑血管用药
already_present,12248,盐酸曲美他嗪缓释片,western,12,12,0.95,作为添加药物，本品用于对一线抗心绞痛治疗控制不佳或无法耐受的稳定型心绞痛成年患者的对症治疗。,心血管系统用药 | 抗心绞痛药,心脏病治疗用药 | 其它治疗心脏病药 | 其它心脏病用药,,,,https://www.yao86.com/%E8%A5%BF%E8%8D%AF/%E7%9B%90%E9%85%B8%E6%9B%B2%E7%BE%8E%E4%BB%96%E5%97%AA%E7%BC%93%E9%87%8A%E7%89%87,站点药理或 ATC 分类明确为心脑血管用药
already_present,12249,三甲氧苄嗪片,western,12,12,0.95,适用于冠脉功能不全、心绞痛、陈旧性心肌梗塞。对伴有严重心功能不全者可与洋地黄并用。,心血管系统用药 | 抗心绞痛药,心脏病治疗用药 | 其它治疗心脏病药 | 其它心脏病用药,,,,https://www.yao86.com/%E8%A5%BF%E8%8D%AF/%E4%B8%89%E7%94%B2%E6%B0%A7%E8%8B%84%E5%97%AA%E7%89%87,站点药理或 ATC 分类明确为心脑血管用药
already_present,12250,盐酸青藤碱肠溶片,western,3,3,0.94,用于急性关节炎及类风湿性关节炎。,镇痛、解热、抗炎、抗风湿、抗痛风药 | 解热镇痛、抗炎、抗风湿药,抗炎和抗风湿药 | 非甾体抗炎药和抗风湿药 | 其它非甾体抗炎药和抗风湿药,,,,https://www.yao86.com/%E8%A5%BF%E8%8D%AF/%E7%9B%90%E9%85%B8%E9%9D%92%E8%97%A4%E7%A2%B1%E8%82%A0%E6%BA%B6%E7%89%87,站点药理或 ATC 分类明确为镇痛/抗炎药
review_unclassified,,盐酸曲唑酮片,western,,,0.0,本品适用于抑郁症的治疗，对伴有或不伴有焦虑的患者均有效。,治疗精神障碍药 | 抗抑郁药,精神兴奋药 | 抗抑郁药 | 其它抗抑郁药,,,,https://www.yao86.com/%E8%A5%BF%E8%8D%AF/%E7%9B%90%E9%85%B8%E6%9B%B2%E5%94%91%E9%85%AE%E7%89%87,站点分类无法可靠映射到项目现有类别
review_unclassified,,盐酸曲唑酮缓释片,western,,,0.0,盐酸曲唑酮缓释片主要用于治疗各种类型的抑郁症和伴有抑郁症状的焦虑症以及药物依赖者戒断后的情绪障碍。,治疗精神障碍药 | 抗抑郁药,精神兴奋药 | 抗抑郁药 | 其它抗抑郁药,,,,https://www.yao86.com/%E8%A5%BF%E8%8D%AF/%E7%9B%90%E9%85%B8%E6%9B%B2%E5%94%91%E9%85%AE%E7%BC%93%E9%87%8A%E7%89%87,站点分类无法可靠映射到项目现有类别
review_missing_efficacy,,去甜酸甘草粉,western,,,0.0,,,,,,,https://www.yao86.com/%E8%A5%BF%E8%8D%AF/%E5%8E%BB%E7%94%9C%E9%85%B8%E7%94%98%E8%8D%89%E7%B2%89,站点分类无法可靠映射到项目现有类别
already_present,12251,去羟肌苷颗粒,western,2,2,0.96,本品与其他抗病毒药物联合使用，用于治疗Ⅰ型HIV（人免疫缺陷病毒）感染。,抗微生物药 | 抗病毒药,系统用抗病毒药 | 直接作用的抗病毒药 | 核苷类和核苷酸类逆转录酶抑制药,,,,https://www.yao86.com/%E8%A5%BF%E8%8D%AF/%E5%8E%BB%E7%BE%9F%E8%82%8C%E8%8B%B7%E9%A2%97%E7%B2%92,站点药理或 ATC 分类明确为抗感染药
already_present,12252,去羟肌苷分散片,western,2,2,0.96,与其他抗病毒药物联合使用，去羟肌苷分散片用于治疗I型HIV感染。临床研究联合治疗START2是一个多中心、随机、开放(open-label)研究，比较去羟肌苷分散片(200mg，一日2次)/司坦夫定/茚地那韦和齐多夫定/拉米夫定/茚地那韦两者在205例初治病人中的疗效。通过48周的观察，两种方案在对HIV RNA水平的抑制和CD4细胞数目的增加方面效果相近。AI454-148也是随机、开放、多中心的研究，它比较去羟肌苷分散片(400mg，仅一日1次)加司坦夫定(40mg，一日2次)及奈非那韦(750mg，一日3次)，与齐多夫定(300mg，一日2次)加拉米夫定(150mg，一日2次)及奈非那韦(750mg，一日3次)，两者在756例初治的病人中的治疗效果，这些病人基线水平上CD4细胞计数的平均值是340个细胞/立方毫米(范围是80－1568个细胞/立方毫米)，血浆HIV-1 RNA的平均值是4.69 log10拷贝数/毫升(范围是2.6-5.9 log10拷贝数/毫升)。两个治疗组48周后，CD4细胞计数的平均值增加了188个细胞/立方毫米。48周完整的治疗反应及效果见图1和表3。图1○●去羟肌苷＋司坦夫定＋奈非那韦(n＝503)△▲齐多夫定＋拉米夫定＋奈非那韦(n＝253)*在每一时间点上HIV RNA＜400或＜50个拷贝/毫升病人的比例数，基于原来试验用药(除外司坦夫定和齐多夫定转换)和没有艾滋病表现。表3 AI454-148 经 48 周随机治疗的结果HIV RNA＜400个拷贝/毫升(＜50拷贝/毫升)的患者百分率48周情况去羟肌苷/司坦夫定/奈非那韦n = 503拉米夫定/齐多夫定/奈非那韦n = 253有效患者a病毒学失败b死亡或病情恶化因副作用终止因其它原因终止c未行治疗50*(34*)36(57)＜1(＜1)4 (2)6 (3)4 (4)59(47)32(48)1(＜1)2(＜1)4(2)2(2)*通过 Cochran-Mantel-Haenszel 检验，治疗组间的差异 P＜0.05。a 病人出现病毒学的反应[两次连续病毒测定 ＜ 400(＜50)个拷贝/毫升]，并持续48周。b 包括病毒反跳和48周时不能证实＜400(＜50)个拷贝/毫升。c 包括失访、依从性差、退出和妊娠。单一疗法:在两项随机双盲研究中(ACTG 116A，1989－1992；ACTG 116B/117，1989－1991)，分别收集了617个和913个有HIV症状或已接受治疗一年以上的病例，比较了去羟肌苷(一日2次)和齐多夫定(一日3次)的疗效。结果表明，在初次接受治疗的患者中(ACTG 116A)，两者对HIV疾病的进展的作用相同；接受去羟肌苷分散片治疗患者的死亡率为26%，接受齐多夫定治疗患者的死亡率为21%。先前接受过齐多夫定治疗的患者(ACTG 116B/117)，去羟肌苷分散片治疗患者的HIV疾病的进展和死亡率(32%)比齐多夫定治疗组(41%)低。然而，两组的存活率相同。另有一项儿童患者的随机双盲研究(ACTG 152，1991－1995)。此项研究收集了831个患者。这些患者已接受了齐多夫定(180mg/m2，每6小时一次)、去羟肌苷(120mg/m2，每12小时一次)或齐多夫定(120mg/m2，每6小时一次)加用去羟肌苷(90mg/m2，每12小时一次)一年半以上治疗。与齐多夫定单药治疗比较，去羟肌苷治疗或去羟肌苷与齐多夫定合用的患者，其HIV疾病的进展和死亡率较低。研究证明，抗逆转录病毒药物单药治疗的临床有效性，包括去羟肌苷分散片在内，都具有时间限制性。儿科病人在使用去羟肌苷分散片方面有在成人和儿科病人中进行的充足的和严格的对照研究证据支持。(参阅药理毒理，不良反应和用法用量)在对HIV感染进展期病人的扩大研究项目中，65岁以上病人胰腺炎发生的频率(10%)大于年轻病人(5%)。去羟肌苷临床研究的65岁以上研究对象的数目不够，尚不能判断与年轻病人的反应相比有无差异。去羟肌苷基本上通过肾脏排泌，对于肾功能不全的病人毒性反应的危险性可能更大。由于老年病人常会有肾功能的减退，治疗时应注意剂量的选择。此外，应监测肾功能，随时调整剂量(参阅用法用量:剂量调整)。,抗微生物药 | 抗病毒药,系统用抗病毒药 | 直接作用的抗病毒药 | 核苷类和核苷酸类逆转录酶抑制药,,,,https://www.yao86.com/%E8%A5%BF%E8%8D%AF/%E5%8E%BB%E7%BE%9F%E8%82%8C%E8%8B%B7%E5%88%86%E6%95%A3%E7%89%87,站点药理或 ATC 分类明确为抗感染药
already_present,12253,去羟肌苷咀嚼片,western,2,2,0.96,与其他抗病毒药物联合使用，用于治疗Ⅰ型HIV感染。临床研究联合治疗START2是一个多中心、随机、开放(open-label)研究，比较去羟肌苷分散片(200毫克，每天2次)/司他夫定/茚地那韦和齐多夫定/拉米夫定/茚地那韦两者在205例初治病人中的疗效。通过48周的观察，两种方案在对HIV RNA水平的抑制和CD4细胞数目的增加方面效果相近。AI454-148也是随机、开放、多中心的研究，它比较去羟肌苷分散片(400毫克，仅每日一次)加司他夫定(40毫克，每日两次)及奈非那韦(750毫克，每日三次)，与齐多夫定(300毫克，每日两次)加拉米夫定(150毫克，每日两次)及奈非那韦(750毫克，每日三次)，两者在756例初治的病人中的治疗效果，这些病人基线水平上CD4细胞计数的平均值是340个细胞/立方毫米(范围是80－1568个细胞/立方毫米)，血浆HIV-1RNA的平均值是4.69log10拷贝数/毫升(范围是2.6－5.9log10拷贝数/毫升)。两个治疗组48周后，CD4细胞计数的平均值增加了188个细胞/立方毫米。48周完整的治疗反应及效果见图1和表3。图1 经48周的治疗反应：AI454-148研究周数○● 去羟肌苷＋司他夫定＋奈非那韦(n＝503)△▲齐多夫定＋拉米夫定＋奈非那韦(n＝253)*在每一时间点上HIV RNA＜400或＜50个拷贝/毫升病人的比例数，基于原来试验用药(除外司他夫定和齐多夫定转换)和没有艾滋病表现。表3 AI454-148经48周随机治疗的结果HIV RNA＜400个拷贝/毫升(＜50拷贝/毫升)的患者百分率48周情况去羟肌苷/司他夫定/奈非那韦(n=503)拉米夫定/齐多夫定/奈非那韦(n=253)有效患者a病毒学失败b死亡或病情恶化因副作用终止因其它原因终止c未行治疗50*(34*)36(57)＜1(＜1)4(2)6(3)4(4)59(47)32(48)1(＜1)2(＜1)4(2)2(2)*通过Cochran-Mantel-Haenszel检验，治疗组间的差异P＜0.05。a病人出现病毒学的反应[两次连续病毒测定＜400(＜50)个拷贝/毫升]，并持续48周。b包括病毒反跳和48周时不能证实＜400(＜50)个拷贝/毫升。c包括失访、依从性差、退出和妊娠。单一疗法在两项随机双盲研究中(ACTG116A，1989－1992；ACTG116B/117，1989－1991)，分别收集了617个和913个有HIV症状或已接受治疗一年以上的病例，比较了去羟肌苷(每日两次)和齐多夫定(每日三次)的疗效。结果表明，在初次接受治疗的患者中(ACTG116A)，两者对HIV疾病的进展的作用相同；接受去羟肌苷分散片治疗患者的死亡率为26%，接受齐多夫定治疗患者的死亡率为21%。先前接受过齐多夫定治疗的患者(ACTG116B/117)，去羟肌苷分散片治疗患者的HIV疾病的进展和死亡率(32%)比齐多夫定治疗组(41%)低。然而，两组的存活率相同。另有一项儿童患者的随机双盲研究(ACTG152，1991－1995)。此项研究收集了831个患者。这些患者已接受了齐多夫定(180mg/m2，每6小时一次)、去羟肌苷(120mg/m2，每12小时一次)或齐多夫定(120mg/m2，每6小时一次)加用去羟肌苷(90mg/m2，每12小时一次)一年半以上治疗。与齐多夫定单药治疗比较，去羟肌苷治疗或去羟肌苷与齐多夫定合用的患者，其HIV疾病的进展和死亡率较低。研究证明，抗逆转录病毒药物单药治疗的临床有效性，包括去羟肌苷分散片在内，都具有时间限制性。儿科病人在使用去羟肌苷分散片方面有在成人和儿科病人中进行的充足的和严格的对照研究证据支持。(参阅药理毒理，不良反应和用法用量)在对HIV感染进展期病人的扩大研究项目中，65岁以上病人胰腺炎发生的频率(10%)大于年轻病人(5%)。去羟肌苷临床研究的65岁以上研究对象的数目不够，尚不能判断与年轻病人的反应相比有无差异。去羟肌苷基本上通过肾脏排泌，对于肾功能不全的病人毒性反应的危险性可能更大。由于老年病人常会有肾功能的减退，治疗时应注意剂量的选择。此外，应监测肾功能，随时调整剂量(参阅用法用量：剂量调整)。,抗微生物药 | 抗病毒药,系统用抗病毒药 | 直接作用的抗病毒药 | 核苷类和核苷酸类逆转录酶抑制药,,,,https://www.yao86.com/%E8%A5%BF%E8%8D%AF/%E5%8E%BB%E7%BE%9F%E8%82%8C%E8%8B%B7%E5%92%80%E5%9A%BC%E7%89%87,站点药理或 ATC 分类明确为抗感染药
already_present,12254,去羟肌苷肠溶胶囊,western,2,2,0.96,本品适用于与其他抗逆转录酶病毒药物合用，以治疗HIV-1(人类免疫缺陷病毒)感染患者。,抗微生物药 | 抗病毒药,系统用抗病毒药 | 直接作用的抗病毒药 | 核苷类和核苷酸类逆转录酶抑制药,天方正元,,,https://www.yao86.com/%E8%A5%BF%E8%8D%AF/%E5%8E%BB%E7%BE%9F%E8%82%8C%E8%8B%B7%E8%82%A0%E6%BA%B6%E8%83%B6%E5%9B%8A,站点药理或 ATC 分类明确为抗感染药
review_missing_efficacy,,去羟肌苷散剂,western,,2,0.96,,,系统用抗病毒药 | 直接作用的抗病毒药 | 核苷类和核苷酸类逆转录酶抑制药,,,,https://www.yao86.com/%E8%A5%BF%E8%8D%AF/%E5%8E%BB%E7%BE%9F%E8%82%8C%E8%8B%B7%E6%95%A3%E5%89%82,站点药理或 ATC 分类明确为抗感染药
already_present,12255,曲安奈德鼻喷雾剂,western,9,9,0.94,治疗常年性及季节性过敏性鼻炎，症状包括鼻痒、鼻阻、流鼻涕、打喷嚏等。,激素及影响内分泌药 | 肾上腺皮质激素类药,鼻用制剂 | 减充血药和其它鼻腔局部用药 | 皮质甾体激素类,,,,https://www.yao86.com/%E8%A5%BF%E8%8D%AF/%E6%9B%B2%E5%AE%89%E5%A5%88%E5%BE%B7%E9%BC%BB%E5%96%B7%E9%9B%BE%E5%89%82,剂型或站点分类明确为局部外用药
already_present,12256,曲安奈德口腔软膏,western,9,9,0.94,口腔粘膜的急、慢性炎症，包括复发性口腔溃疡、糜烂型口腔扁平苔藓、义齿性口腔炎和创伤性病损(包括：托牙口疮、剥脱性牙龈炎和口腔炎)。创伤性溃疡和多数非复发性病损治疗后可迅速痊愈。慢性病变和复发性口腔溃疡用药后也能获得显著疗效，停药后还会复发，但本品对控制复发也有一定作用。,激素及影响内分泌药 | 肾上腺皮质激素类药,口腔疾病药物 | 口腔局部治疗用皮质甾体激素类药,,,,https://www.yao86.com/%E8%A5%BF%E8%8D%AF/%E6%9B%B2%E5%AE%89%E5%A5%88%E5%BE%B7%E5%8F%A3%E8%85%94%E8%BD%AF%E8%86%8F,剂型或站点分类明确为局部外用药
already_present,12257,醋酸曲安奈德软膏,western,9,9,0.96,用于过敏性皮炎、湿疹、神经性皮炎、脂溢性皮炎及瘙痒症。,激素及影响内分泌药 | 肾上腺皮质激素类药,皮肤病用皮质激素制剂 | 皮质甾体激素类，单方 | 皮质类固醇类，中强（II 组）,,,,https://www.yao86.com/%E8%A5%BF%E8%8D%AF/%E9%86%8B%E9%85%B8%E6%9B%B2%E5%AE%89%E5%A5%88%E5%BE%B7%E8%BD%AF%E8%86%8F,外用剂型且站点 ATC 分类明确为皮肤局部用药
already_present,12258,醋酸曲安奈德乳膏,western,9,9,0.96,用于过敏性皮炎、湿疹、神经性皮炎、脂溢性皮炎及瘙痒症。,激素及影响内分泌药 | 肾上腺皮质激素类药,皮肤病用皮质激素制剂 | 皮质甾体激素类，单方 | 皮质类固醇类，中强（II 组）,,,,https://www.yao86.com/%E8%A5%BF%E8%8D%AF/%E9%86%8B%E9%85%B8%E6%9B%B2%E5%AE%89%E5%A5%88%E5%BE%B7%E4%B9%B3%E8%86%8F,外用剂型且站点 ATC 分类明确为皮肤局部用药
review_missing_efficacy,,复方曲安奈德乳膏,western,,9,0.96,,,皮肤病用抗真菌药 | 局部用抗真菌药 | 抗生素类,,,,https://www.yao86.com/%E8%A5%BF%E8%8D%AF/%E5%A4%8D%E6%96%B9%E6%9B%B2%E5%AE%89%E5%A5%88%E5%BE%B7%E4%B9%B3%E8%86%8F,外用剂型且站点 ATC 分类明确为皮肤局部用药
review_missing_efficacy,,曲安奈德凝胶,western,,9,0.96,,,皮肤病用皮质激素制剂 | 皮质甾体激素类，单方 | 皮质类固醇类，中强（II 组）,,,,https://www.yao86.com/%E8%A5%BF%E8%8D%AF/%E6%9B%B2%E5%AE%89%E5%A5%88%E5%BE%B7%E5%87%9D%E8%83%B6,外用剂型且站点 ATC 分类明确为皮肤局部用药
review_missing_efficacy,,曲安奈德气雾剂,western,,9,0.94,,,鼻用制剂 | 减充血药和其它鼻腔局部用药 | 皮质甾体激素类,,,,https://www.yao86.com/%E8%A5%BF%E8%8D%AF/%E6%9B%B2%E5%AE%89%E5%A5%88%E5%BE%B7%E6%B0%94%E9%9B%BE%E5%89%82,剂型或站点分类明确为局部外用药
review_missing_efficacy,,醋酸曲安奈德鼻用喷雾剂,western,,9,0.94,,,鼻用制剂 | 减充血药和其它鼻腔局部用药 | 皮质甾体激素类,,,,https://www.yao86.com/%E8%A5%BF%E8%8D%AF/%E9%86%8B%E9%85%B8%E6%9B%B2%E5%AE%89%E5%A5%88%E5%BE%B7%E9%BC%BB%E7%94%A8%E5%96%B7%E9%9B%BE%E5%89%82,剂型或站点分类明确为局部外用药
already_present,12259,石辛含片,tcm,5,5,0.93,清胃泻火，消肿止痛。用于急性智齿冠周炎胃火上炎证出现的牙痛、牙龈红肿、疼痛等症状。,局部用止痛剂,消化系统与代谢药 | 口腔疾病药物 | 牙病药物,,,,https://www.yao86.com/%E4%B8%AD%E6%88%90%E8%8D%AF/%E7%9F%B3%E8%BE%9B%E5%90%AB%E7%89%87,站点药理或 ATC 分类明确为胃肠消化用药
already_present,12260,山楂丸,tcm,5,5,0.93,消积化滞。用于食积、肉积，停滞不化，痞满腹胀，饮食减少。,消食剂 | 消食导滞,消化系统与代谢药 | 提升食欲、促消化药,,,,https://www.yao86.com/%E4%B8%AD%E6%88%90%E8%8D%AF/%E5%B1%B1%E6%A5%82%E4%B8%B8,站点药理或 ATC 分类明确为胃肠消化用药
already_present,12261,生脉增液通胶囊,tcm,6,6,0.94,滋阴益气，润肠通便。适用于气阴两虚、肠燥津枯之虚性便秘。,泻下剂 | 润下,消化系统与代谢药 | 轻泻药,,,,https://www.yao86.com/%E4%B8%AD%E6%88%90%E8%8D%AF/%E7%94%9F%E8%84%89%E5%A2%9E%E6%B6%B2%E9%80%9A%E8%83%B6%E5%9B%8A,站点分类或适应症明确为泻药通便
already_present,12262,山楂麦曲颗粒,tcm,5,5,0.93,开胃消食。用于食欲不振，消化不良，脘腹胀满。,消食剂 | 消食导滞,消化系统与代谢药 | 提升食欲、促消化药,,,,https://www.yao86.com/%E4%B8%AD%E6%88%90%E8%8D%AF/%E5%B1%B1%E6%A5%82%E9%BA%A6%E6%9B%B2%E9%A2%97%E7%B2%92,站点药理或 ATC 分类明确为胃肠消化用药
already_present,12263,肾复康胶囊,tcm,13,13,0.9,清热利尿，益肾化浊。用于热淋涩痛，急性肾炎水肿，慢性肾炎急性发作。,祛湿剂 | 清热除湿,生殖泌尿系统药物 | 泌尿系统药物 | 抗生殖泌尿系统感染药物,,,,https://www.yao86.com/%E4%B8%AD%E6%88%90%E8%8D%AF/%E8%82%BE%E5%A4%8D%E5%BA%B7%E8%83%B6%E5%9B%8A,站点明确收录为中成药，未命中更具体项目类别
already_present,12264,肾复康片,tcm,13,13,0.9,清热利尿，益肾化浊。用于热淋涩痛，急性肾炎水肿，慢性肾炎急性发作。,祛湿剂 | 清热除湿,生殖泌尿系统药物 | 泌尿系统药物 | 抗生殖泌尿系统感染药物,,,,https://www.yao86.com/%E4%B8%AD%E6%88%90%E8%8D%AF/%E8%82%BE%E5%A4%8D%E5%BA%B7%E7%89%87,站点明确收录为中成药，未命中更具体项目类别
already_present,121,蛇胆川贝液,tcm,13,13,0.95,祛风止咳，除痰散结。用于风热咳嗽，痰多气喘，胸闷，咳痰不爽或久咳不止。,止咳平喘剂 | 止咳平喘,呼吸系统药物 | 咳嗽和感冒用药,,,,https://www.yao86.com/%E4%B8%AD%E6%88%90%E8%8D%AF/%E8%9B%87%E8%83%86%E5%B7%9D%E8%B4%9D%E6%B6%B2,保留数据库现有分类；站点药理分类明确为止咳或祛痰药
already_present,12265,蛇胆川贝软胶囊,tcm,1,1,0.95,清肺，止咳，除痰。用于肺热咳嗽，痰多。,止咳平喘剂 | 止咳平喘,呼吸系统药物 | 咳嗽和感冒用药,,,,https://www.yao86.com/%E4%B8%AD%E6%88%90%E8%8D%AF/%E8%9B%87%E8%83%86%E5%B7%9D%E8%B4%9D%E8%BD%AF%E8%83%B6%E5%9B%8A,站点药理分类明确为止咳或祛痰药
already_present,12266,蛇胆川贝胶囊,tcm,1,1,0.95,清肺，止咳，除痰。用于肺热咳嗽，痰多。,止咳平喘剂 | 止咳平喘,呼吸系统药物 | 咳嗽和感冒用药,,,,https://www.yao86.com/%E4%B8%AD%E6%88%90%E8%8D%AF/%E8%9B%87%E8%83%86%E5%B7%9D%E8%B4%9D%E8%83%B6%E5%9B%8A,站点药理分类明确为止咳或祛痰药
already_present,12267,蛇胆川贝散,tcm,1,1,0.95,清肺，止咳，除痰。用于肺热咳嗽，痰多。,止咳平喘剂 | 止咳平喘,呼吸系统药物 | 咳嗽和感冒用药,,,,https://www.yao86.com/%E4%B8%AD%E6%88%90%E8%8D%AF/%E8%9B%87%E8%83%86%E5%B7%9D%E8%B4%9D%E6%95%A3,站点药理分类明确为止咳或祛痰药
already_present,12268,蛇胆川贝含片,tcm,1,1,0.95,清肺，止咳，除痰。用于肺热咳嗽，痰多。,止咳平喘剂 | 止咳平喘,呼吸系统药物 | 咳嗽和感冒用药,,,,https://www.yao86.com/%E4%B8%AD%E6%88%90%E8%8D%AF/%E8%9B%87%E8%83%86%E5%B7%9D%E8%B4%9D%E5%90%AB%E7%89%87,站点药理分类明确为止咳或祛痰药
already_present,12269,肾安片,tcm,13,13,0.9,彝医：西弗色哩哩诺奴诺，夫撒凯奴、吐土习。中医：清热解毒，利尿通淋。用于湿热蕴结所致淋证，证见：小便不利，淋沥涩痛，下尿路感染见上述证候者。,祛湿剂 | 清热除湿,生殖泌尿系统药物 | 泌尿系统药物 | 补肾药物（勃起机能障碍用药）,,,,https://www.yao86.com/%E4%B8%AD%E6%88%90%E8%8D%AF/%E8%82%BE%E5%AE%89%E7%89%87,站点明确收录为中成药，未命中更具体项目类别
already_present,12270,肾安胶囊,tcm,13,13,0.9,彝医：西弗色哩哩诺奴诺，夫撒凯奴、吐土习。中医：清热解毒，利尿通淋。用于温热蕴结所致淋证，证见：小便不利，淋沥涩痛，下尿路感染见上述证侯者。,祛湿剂 | 清热除湿,生殖泌尿系统药物 | 泌尿系统药物 | 抗生殖泌尿系统感染药物,,,,https://www.yao86.com/%E4%B8%AD%E6%88%90%E8%8D%AF/%E8%82%BE%E5%AE%89%E8%83%B6%E5%9B%8A,站点明确收录为中成药，未命中更具体项目类别
already_present,12271,蛇胆川贝枇杷膏,tcm,1,1,0.95,润肺止咳，祛痰定喘。用于燥邪犯肺引起的咳嗽咯痰、胸闷气喘、鼻燥、咽干喉痒等症。,止咳平喘剂 | 止咳平喘,呼吸系统药物 | 咳嗽和感冒用药,,,,https://www.yao86.com/%E4%B8%AD%E6%88%90%E8%8D%AF/%E8%9B%87%E8%83%86%E5%B7%9D%E8%B4%9D%E6%9E%87%E6%9D%B7%E8%86%8F,站点药理分类明确为止咳或祛痰药
already_present,12272,生力雄丸,tcm,13,13,0.9,补肾壮阳，益髓填精。用于肾精亏损，性欲减退，阳痿早泄，夜尿频多，腰膝酸软，畏寒肢冷，白发脱发等症。,补益剂 | 补阳,生殖泌尿系统药物 | 泌尿系统药物 | 补肾药物（勃起机能障碍用药）,,,,https://www.yao86.com/%E4%B8%AD%E6%88%90%E8%8D%AF/%E7%94%9F%E5%8A%9B%E9%9B%84%E4%B8%B8,站点明确收录为中成药，未命中更具体项目类别
review_missing_efficacy,,三溴片,western,,,0.0,,,精神安定药 | 催眠镇静药 | 催眠镇静药与非巴比妥类药物的复方,,,,https://www.yao86.com/%E8%A5%BF%E8%8D%AF/%E4%B8%89%E6%BA%B4%E7%89%87,站点分类无法可靠映射到项目现有类别
review_unclassified,,水合氯醛灌肠剂,western,,,0.0,儿童检查、操作前的镇静、催眠。监护条件下抗惊厥。,治疗精神障碍药 | 镇静催眠药,精神安定药 | 催眠镇静药 | 醛类与其衍生物,,,,https://www.yao86.com/%E8%A5%BF%E8%8D%AF/%E6%B0%B4%E5%90%88%E6%B0%AF%E9%86%9B%E7%81%8C%E8%82%A0%E5%89%82,站点分类无法可靠映射到项目现有类别
already_present,12273,水飞蓟素胶囊,western,5,5,0.93,中毒性肝脏损害；慢性肝炎及肝硬化的支持治疗。,消化系统用药 | 肝病辅助治疗药,肝、胆疾病治疗药 | 肝病治疗药，抗脂肪肝药 | 肝病治疗药,利加隆(Legalon),,利加隆(Legalon)（多药共用）,https://www.yao86.com/%E8%A5%BF%E8%8D%AF/%E6%B0%B4%E9%A3%9E%E8%93%9F%E7%B4%A0%E8%83%B6%E5%9B%8A,站点药理或 ATC 分类明确为胃肠消化用药
already_present,12274,水飞蓟素片,western,5,5,0.93,中毒性肝脏损害；慢性肝炎及肝硬化的支持治疗。,消化系统用药 | 肝病辅助治疗药,肝、胆疾病治疗药 | 肝病治疗药，抗脂肪肝药 | 肝病治疗药,利加隆(Legalon),,利加隆(Legalon)（多药共用）,https://www.yao86.com/%E8%A5%BF%E8%8D%AF/%E6%B0%B4%E9%A3%9E%E8%93%9F%E7%B4%A0%E7%89%87,站点药理或 ATC 分类明确为胃肠消化用药
already_present,12275,水飞蓟宾胶囊,western,5,5,0.93,用于急慢性肝炎、脂肪肝的肝功能异常的恢复。,消化系统用药 | 肝病辅助治疗药,肝、胆疾病治疗药 | 肝病治疗药，抗脂肪肝药 | 肝病治疗药,水林佳,,,https://www.yao86.com/%E8%A5%BF%E8%8D%AF/%E6%B0%B4%E9%A3%9E%E8%93%9F%E5%AE%BE%E8%83%B6%E5%9B%8A,站点药理或 ATC 分类明确为胃肠消化用药
already_present,12276,三磷酸腺苷二钠片,western,12,12,0.95,用于进行性肌萎缩、脑出血后遗症、心功能不全、心肌疾患及肝炎等的辅助治疗。,神经系统用药 | 脑血管病用药及降颅压药,其它神经系统用药,,,,https://www.yao86.com/%E8%A5%BF%E8%8D%AF/%E4%B8%89%E7%A3%B7%E9%85%B8%E8%85%BA%E8%8B%B7%E4%BA%8C%E9%92%A0%E7%89%87,站点药理或 ATC 分类明确为心脑血管用药
already_present,12277,三磷酸腺苷二钠肠溶胶囊,western,12,12,0.95,辅酶类药，有改善机体代谢和供给能量的作用。用于进行性肌萎缩、脑溢血后遗症、心机能不全、心肌疾患及肝炎等。,神经系统用药 | 脑血管病用药及降颅压药,其它神经系统用药,,,,https://www.yao86.com/%E8%A5%BF%E8%8D%AF/%E4%B8%89%E7%A3%B7%E9%85%B8%E8%85%BA%E8%8B%B7%E4%BA%8C%E9%92%A0%E8%82%A0%E6%BA%B6%E8%83%B6%E5%9B%8A,站点药理或 ATC 分类明确为心脑血管用药
already_present,12278,沙格列汀二甲双胍缓释片(Ⅰ),western,11,11,0.95,"本品配合饮食和运动治疗,适合使用沙格列汀和二甲双胍治疗的2型糖尿病成人患者，以改善此类患者的血糖控制(参见【临床试验】)。使用限制本品不用于1型糖尿病或糖尿病酮症酸中毒的患者。",激素及影响内分泌药 | 胰岛素及口服降血糖药,糖尿病用药 | 非胰岛素类降血糖药 | 口服降糖药复方,安立格(KOMBIGLYZE XR),,安立格(KOMBIGLYZE XR)（多药共用）,https://www.yao86.com/%E8%A5%BF%E8%8D%AF/%E6%B2%99%E6%A0%BC%E5%88%97%E6%B1%80%E4%BA%8C%E7%94%B2%E5%8F%8C%E8%83%8D%E7%BC%93%E9%87%8A%E7%89%87%28%E2%85%A0%29,站点药理或 ATC 分类明确为慢性病长期用药
already_present,12279,沙格列汀二甲双胍缓释片(Ⅱ),western,11,11,0.95,"本品配合饮食和运动治疗,适合使用沙格列汀和二甲双胍治疗的2型糖尿病成人患者，以改善此类患者的血糖控制(参见【临床试验】)。使用限制本品不用于1型糖尿病或糖尿病酮症酸中毒的患者。",激素及影响内分泌药 | 胰岛素及口服降血糖药,糖尿病用药 | 非胰岛素类降血糖药 | 口服降糖药复方,安立格(KOMBIGLYZE XR),,安立格(KOMBIGLYZE XR)（多药共用）,https://www.yao86.com/%E8%A5%BF%E8%8D%AF/%E6%B2%99%E6%A0%BC%E5%88%97%E6%B1%80%E4%BA%8C%E7%94%B2%E5%8F%8C%E8%83%8D%E7%BC%93%E9%87%8A%E7%89%87%28%E2%85%A1%29,站点药理或 ATC 分类明确为慢性病长期用药
already_present,12280,沙格列汀二甲双胍缓释片(Ⅲ),western,11,11,0.95,"本品配合饮食和运动治疗,适合使用沙格列汀和二甲双胍治疗的2型糖尿病成人患者，以改善此类患者的血糖控制(参见【临床试验】)。使用限制本品不用于1型糖尿病或糖尿病酮症酸中毒的患者。",激素及影响内分泌药 | 胰岛素及口服降血糖药,糖尿病用药 | 非胰岛素类降血糖药 | 口服降糖药复方,安立格(KOMBIGLYZE XR),,安立格(KOMBIGLYZE XR)（多药共用）,https://www.yao86.com/%E8%A5%BF%E8%8D%AF/%E6%B2%99%E6%A0%BC%E5%88%97%E6%B1%80%E4%BA%8C%E7%94%B2%E5%8F%8C%E8%83%8D%E7%BC%93%E9%87%8A%E7%89%87%28%E2%85%A2%29,站点药理或 ATC 分类明确为慢性病长期用药
already_present,12281,舒筋活血胶囊,tcm,13,13,0.9,舒筋活络，活血散瘀。用于筋骨疼痛，肢体拘挛，腰背酸痛，跌打损伤。,理血剂 | 疗伤止痛,肌肉-骨骼系统药物 | 关节和肌肉疼痛局部用药,,,,https://www.yao86.com/%E4%B8%AD%E6%88%90%E8%8D%AF/%E8%88%92%E7%AD%8B%E6%B4%BB%E8%A1%80%E8%83%B6%E5%9B%8A,站点明确收录为中成药，未命中更具体项目类别
already_present,12282,首乌丸,tcm,13,13,0.9,补肝肾，强筋骨，乌须发。用于肝肾两虚，头晕目花，耳鸣，腰痠肢麻，须发早白。,补益剂 | 补阴,生殖泌尿系统药物 | 泌尿系统药物 | 补肾药物（勃起机能障碍用药）,,,,https://www.yao86.com/%E4%B8%AD%E6%88%90%E8%8D%AF/%E9%A6%96%E4%B9%8C%E4%B8%B8,站点明确收录为中成药，未命中更具体项目类别
already_present,12283,首乌片,tcm,13,13,0.9,补肝肾，强筋骨，乌须发。用于肝肾两虚所致的头晕目花，耳鸣，腰酸肢麻，须发早白。,补益剂 | 补阴,生殖泌尿系统药物 | 泌尿系统药物 | 补肾药物（勃起机能障碍用药）,,,,https://www.yao86.com/%E4%B8%AD%E6%88%90%E8%8D%AF/%E9%A6%96%E4%B9%8C%E7%89%87,站点明确收录为中成药，未命中更具体项目类别
already_present,12284,四味姜黄汤散,tcm,13,13,0.9,清热，利尿。用于尿道炎，尿频，尿急。,祛湿剂 | 清热除湿,生殖泌尿系统药物 | 泌尿系统药物 | 抗生殖泌尿系统感染药物,,,,https://www.yao86.com/%E4%B8%AD%E6%88%90%E8%8D%AF/%E5%9B%9B%E5%91%B3%E5%A7%9C%E9%BB%84%E6%B1%A4%E6%95%A3,站点明确收录为中成药，未命中更具体项目类别
already_present,12285,山蜡梅叶颗粒,tcm,0,0,0.94,辛凉解表，清热解毒。用于风热感冒，发热，恶寒，咽痛。,清热剂 | 清热解毒,呼吸系统药物 | 咳嗽和感冒用药,,,,https://www.yao86.com/%E4%B8%AD%E6%88%90%E8%8D%AF/%E5%B1%B1%E8%9C%A1%E6%A2%85%E5%8F%B6%E9%A2%97%E7%B2%92,站点药理分类明确为感冒或解表用药
already_present,12286,山蜡梅叶胶囊,tcm,0,0,0.94,辛凉解表，清热解毒。用于风热感冒，发热，恶寒，咽痛。,清热剂 | 清热解毒,呼吸系统药物 | 咳嗽和感冒用药,海尔思,,,https://www.yao86.com/%E4%B8%AD%E6%88%90%E8%8D%AF/%E5%B1%B1%E8%9C%A1%E6%A2%85%E5%8F%B6%E8%83%B6%E5%9B%8A,站点药理分类明确为感冒或解表用药
already_present,12287,山蜡梅叶片,tcm,0,0,0.94,本品辛凉解表。清热解毒。用于风热感冒，发热，恶寒，咽痛。,清热剂 | 清热解毒,呼吸系统药物 | 咳嗽和感冒用药,,,,https://www.yao86.com/%E4%B8%AD%E6%88%90%E8%8D%AF/%E5%B1%B1%E8%9C%A1%E6%A2%85%E5%8F%B6%E7%89%87,站点药理分类明确为感冒或解表用药
already_present,12288,舒胸片,tcm,12,12,0.95,活血化瘀，通络止痛。用于瘀血阻滞所致的胸痹，症见胸闷、心前区刺痛；冠心病心绞痛见上述证候者。,理血剂 | 疗伤止痛,心脑血管与血液系统药物 | 心血管疾病治疗药,,,,https://www.yao86.com/%E4%B8%AD%E6%88%90%E8%8D%AF/%E8%88%92%E8%83%B8%E7%89%87,站点药理或 ATC 分类明确为心脑血管用药
already_present,12289,舒胸颗粒,tcm,12,12,0.95,活血化瘀，通络止痛。用于瘀血阻滞所致的胸痹，症见胸闷、心前区刺痛;冠心病心绞痛见上述证候者。,理血剂 | 疗伤止痛,心脑血管与血液系统药物 | 心血管疾病治疗药,,,,https://www.yao86.com/%E4%B8%AD%E6%88%90%E8%8D%AF/%E8%88%92%E8%83%B8%E9%A2%97%E7%B2%92,站点药理或 ATC 分类明确为心脑血管用药
already_present,12290,舒胸胶囊,tcm,12,12,0.95,活血化瘀、通络止痛。用于瘀血阻滞所致的胸痹，症见胸闷、心前区刺痛；冠心病心绞痛见上述证候者。,理血剂 | 疗伤止痛,心脑血管与血液系统药物 | 心血管疾病治疗药,,,,https://www.yao86.com/%E4%B8%AD%E6%88%90%E8%8D%AF/%E8%88%92%E8%83%B8%E8%83%B6%E5%9B%8A,站点药理或 ATC 分类明确为心脑血管用药
already_present,12291,楤芝片,tcm,13,13,0.9,益气健脾，宁心安神。用于心脾两虚所致的失眠，心悸，气短，乏力等症；神经衰弱属上述症状者。,安神剂 | 补养安神,神经系统药物 | 精神安定药 | 催眠镇静药,,,,https://www.yao86.com/%E4%B8%AD%E6%88%90%E8%8D%AF/%E6%A5%A4%E8%8A%9D%E7%89%87,站点明确收录为中成药，未命中更具体项目类别
already_present,12292,楤芝胶囊,tcm,13,13,0.9,益气健脾，宁心安神。用于心脾两虚所致的失眠、心悸，气短，乏力等症；神经衰弱属上述症状者。,安神剂 | 补养安神,神经系统药物 | 精神安定药 | 催眠镇静药,乐然堂,,,https://www.yao86.com/%E4%B8%AD%E6%88%90%E8%8D%AF/%E6%A5%A4%E8%8A%9D%E8%83%B6%E5%9B%8A,站点明确收录为中成药，未命中更具体项目类别
already_present,12293,四藤片,tcm,3,3,0.94,祛风利湿，消炎镇痛。用于风湿性关节炎。,治风剂 | 祛风止痛,肌肉-骨骼系统药物 | 抗炎和抗风湿药,,,,https://www.yao86.com/%E4%B8%AD%E6%88%90%E8%8D%AF/%E5%9B%9B%E8%97%A4%E7%89%87,站点药理或 ATC 分类明确为镇痛/抗炎药
review_unclassified,,盐酸沙丙蝶呤片,western,,,0.0,适用于对本品治疗有反应的四氢生物喋呤(BH4)缺乏症所导致的高苯丙氨酸血症(HPA)，可用于成人及4岁以上儿童。本品在0-4岁儿童中无充分的临床用药经验，若必须使用，须在专科医生的严格指导下慎重使用。,激素及影响内分泌药 | 其他内分泌药,其它消化道和代谢药物 | 各种消化道产物与代谢产物,,,,https://www.yao86.com/%E8%A5%BF%E8%8D%AF/%E7%9B%90%E9%85%B8%E6%B2%99%E4%B8%99%E8%9D%B6%E5%91%A4%E7%89%87,站点分类无法可靠映射到项目现有类别
review_missing_efficacy,,水杨酸凝胶,western,,9,0.96,轻、中度痤疮。,皮肤科用药 | 角质溶解药,皮肤病用抗真菌药 | 局部用抗真菌药 | 局部用其它抗真菌药,,,,https://www.yao86.com/%E8%A5%BF%E8%8D%AF/%E6%B0%B4%E6%9D%A8%E9%85%B8%E5%87%9D%E8%83%B6,外用剂型且站点 ATC 分类明确为皮肤局部用药
already_present,12294,水杨酸软膏,western,9,9,0.96,用于头癣，足癣及局部角质增生。,皮肤科用药 | 角质溶解药,皮肤病用抗真菌药 | 局部用抗真菌药 | 局部用其它抗真菌药,,,,https://www.yao86.com/%E8%A5%BF%E8%8D%AF/%E6%B0%B4%E6%9D%A8%E9%85%B8%E8%BD%AF%E8%86%8F,外用剂型且站点 ATC 分类明确为皮肤局部用药
review_missing_efficacy,,复方氧化锌水杨酸散,western,,2,0.96,,,皮肤病用抗真菌药 | 局部用抗真菌药 | 局部用其它抗真菌药,,,,https://www.yao86.com/%E8%A5%BF%E8%8D%AF/%E5%A4%8D%E6%96%B9%E6%B0%A7%E5%8C%96%E9%94%8C%E6%B0%B4%E6%9D%A8%E9%85%B8%E6%95%A3,站点药理或 ATC 分类明确为抗感染药
already_present,12295,薯蓣皂苷片,western,12,12,0.95,本品可改善冠状动脉供血不足，用于治疗冠心病、心绞痛。对伴发高血压、高甘油三脂，高胆固醇等症也有一定的疗效。,心血管系统用药 | 抗心绞痛药,抗高血压药 | 其他抗高血压药,,,,https://www.yao86.com/%E8%A5%BF%E8%8D%AF/%E8%96%AF%E8%93%A3%E7%9A%82%E8%8B%B7%E7%89%87,站点药理或 ATC 分类明确为心脑血管用药
review_unclassified,,盐酸司来吉兰片,western,,,0.0,适用于原发性帕金森病。可单用于治疗早期帕金森病，也可与左旋多巴或与左旋多巴及外周多巴脱羧酶抑制剂合用。在与左旋多巴合用时，特别适用于治疗运动波动。,神经系统用药 | 抗震颤麻痹药,抗震颤麻痹药 | 多巴胺能类药 | 单胺氧化酶B抑制药,,,,https://www.yao86.com/%E8%A5%BF%E8%8D%AF/%E7%9B%90%E9%85%B8%E5%8F%B8%E6%9D%A5%E5%90%89%E5%85%B0%E7%89%87,站点分类无法可靠映射到项目现有类别
review_unclassified,,盐酸司来吉兰胶囊,western,,,0.0,单用治疗早期帕金森病或与左旋多巴或与左旋多巴及外周多巴脱羧酶抑制剂合用；思吉宁与左旋多巴合用特别适用于治疗运动波动例如由于大剂量左旋多巴治疗引起的剂末波动。,神经系统用药 | 抗震颤麻痹药,抗震颤麻痹药 | 多巴胺能类药 | 单胺氧化酶B抑制药,,,,https://www.yao86.com/%E8%A5%BF%E8%8D%AF/%E7%9B%90%E9%85%B8%E5%8F%B8%E6%9D%A5%E5%90%89%E5%85%B0%E8%83%B6%E5%9B%8A,站点分类无法可靠映射到项目现有类别
already_present,12296,司他夫定胶囊,western,2,2,0.96,本品适用于HIV(人免疫缺陷病毒)感染者的联合用药。,抗微生物药 | 抗病毒药,系统用抗病毒药 | 直接作用的抗病毒药 | 核苷类和核苷酸类逆转录酶抑制药,,,,https://www.yao86.com/%E8%A5%BF%E8%8D%AF/%E5%8F%B8%E4%BB%96%E5%A4%AB%E5%AE%9A%E8%83%B6%E5%9B%8A,站点药理或 ATC 分类明确为抗感染药
already_present,12297,司他夫定散,western,2,2,0.96,本品适用于HIV(人免疫缺陷病毒)感染者的联合用药。,抗微生物药 | 抗病毒药,系统用抗病毒药 | 直接作用的抗病毒药 | 核苷类和核苷酸类逆转录酶抑制药,,,,https://www.yao86.com/%E8%A5%BF%E8%8D%AF/%E5%8F%B8%E4%BB%96%E5%A4%AB%E5%AE%9A%E6%95%A3,站点药理或 ATC 分类明确为抗感染药
already_present,12298,司他夫定片,western,2,2,0.96,司他夫定与其它抗病毒药物联合使用，用于治疗 I 型 HIV 感染。临床用药：关于本品与其它抗病毒药物联合治疗 HIV 感染病人，现已有数项其二联和三联用药的临床研究结果。其中有一项编号为 STARTl 的多中心的临床研究。此项开放随机研究在 202 个首次接受治疗的患者身上，比较了本品(40 mg，BID)加用拉米夫定和茚地那韦，齐多夫定加用拉米夫定和茚地那韦两种治疗方案。结果显示，在 48 周内，无论是 HIV RNA 的抑制程度，还是 CD4 细胞的增加，两种治疗方案作用相同。在 1992 年至 1994 年，有一项编号为 AI455—019 的随机双盲研究收集了 822 个有一系列与 HIV 有关的症状的病例，比较了本品和齐多夫定的疗效，结果表明，两者对 HIV 疾病的进展和死亡的作用相同。,抗微生物药 | 抗病毒药,系统用抗病毒药 | 直接作用的抗病毒药 | 核苷类和核苷酸类逆转录酶抑制药,迈思汀,,,https://www.yao86.com/%E8%A5%BF%E8%8D%AF/%E5%8F%B8%E4%BB%96%E5%A4%AB%E5%AE%9A%E7%89%87,站点药理或 ATC 分类明确为抗感染药
already_present,12299,三水杨酸胆碱镁片,western,3,3,0.94,用于风湿性关节炎、骨关节炎及其他关节炎。,镇痛、解热、抗炎、抗风湿、抗痛风药 | 解热镇痛、抗炎、抗风湿药,镇痛药 | 其它解热镇痛药 | 水杨酸与其衍生物,,,,https://www.yao86.com/%E8%A5%BF%E8%8D%AF/%E4%B8%89%E6%B0%B4%E6%9D%A8%E9%85%B8%E8%83%86%E7%A2%B1%E9%95%81%E7%89%87,站点药理或 ATC 分类明确为镇痛/抗炎药
already_present,12300,通窍镇痛散,tcm,12,12,0.95,行气活血，通窍止痛。用于痰瘀痹阻，心胸憋闷疼痛，或中恶气闭，霍乱吐泻。,开窍剂 | 温开,心脑血管与血液系统药物 | 心血管疾病治疗药,,,,https://www.yao86.com/%E4%B8%AD%E6%88%90%E8%8D%AF/%E9%80%9A%E7%AA%8D%E9%95%87%E7%97%9B%E6%95%A3,站点药理或 ATC 分类明确为心脑血管用药
already_present,12301,透表回春丸,tcm,0,0,0.94,清热透表。用于小儿内热伤风，头痛发烧，乍寒乍热，鼻流浊涕，咽痛腮肿，烦燥身倦，隐疹不出。,解表剂 | 辛凉解表,呼吸系统药物 | 咳嗽和感冒用药,,,,https://www.yao86.com/%E4%B8%AD%E6%88%90%E8%8D%AF/%E9%80%8F%E8%A1%A8%E5%9B%9E%E6%98%A5%E4%B8%B8,站点药理分类明确为感冒或解表用药
already_present,12302,通便清火丸,tcm,6,6,0.94,通便清火。用于心烦口渴，头痛目眩，口舌糜烂，小便少黄，大便干燥。,祛湿剂 | 清热除湿,消化系统与代谢药 | 轻泻药,,,,https://www.yao86.com/%E4%B8%AD%E6%88%90%E8%8D%AF/%E9%80%9A%E4%BE%BF%E6%B8%85%E7%81%AB%E4%B8%B8,站点分类或适应症明确为泻药通便
already_present,17,痰咳净片,tcm,1,1,0.95,通窍顺气，止咳，化痰。用于支气管炎、咽炎等引起的咳嗽多痰，气促，气喘。,止咳平喘剂 | 止咳平喘,呼吸系统药物 | 咳嗽和感冒用药,,,,https://www.yao86.com/%E4%B8%AD%E6%88%90%E8%8D%AF/%E7%97%B0%E5%92%B3%E5%87%80%E7%89%87,保留数据库现有分类；站点药理分类明确为止咳或祛痰药
already_present,12303,痰咳净散,tcm,1,1,0.95,通窍顺气，止咳，化痰。用于支气管炎、咽炎等引起的咳嗽多痰，气促，气喘。,止咳平喘剂 | 止咳平喘,呼吸系统药物 | 咳嗽和感冒用药,,,,https://www.yao86.com/%E4%B8%AD%E6%88%90%E8%8D%AF/%E7%97%B0%E5%92%B3%E5%87%80%E6%95%A3,站点药理分类明确为止咳或祛痰药
already_present,12304,痰咳净滴丸,tcm,1,1,0.95,"通窍顺气,止咳化痰，。用于急性支气管炎、急性咽喉炎等引起的咳嗽多痰、气促、气喘等症。",止咳平喘剂 | 止咳平喘,呼吸系统药物 | 咳嗽和感冒用药,,,,https://www.yao86.com/%E4%B8%AD%E6%88%90%E8%8D%AF/%E7%97%B0%E5%92%B3%E5%87%80%E6%BB%B4%E4%B8%B8,站点药理分类明确为止咳或祛痰药
already_present,12305,痰咳清片,tcm,1,1,0.95,清肺化痰，止咳平喘。用于痰热咳嗽，急慢性气管炎，哮喘。,止咳平喘剂 | 止咳平喘,呼吸系统药物 | 咳嗽和感冒用药,,,,https://www.yao86.com/%E4%B8%AD%E6%88%90%E8%8D%AF/%E7%97%B0%E5%92%B3%E6%B8%85%E7%89%87,站点药理分类明确为止咳或祛痰药
already_present,12306,碳酸钙片,western,7,7,0.96,用于预防和治疗钙缺乏症，如骨质疏松、手足抽搐症、骨发育不全、佝偻病以及儿童、妊娠和哺乳期妇女、绝经期妇女、老年人钙的补充。,消化系统用药 | 抗酸药及抗溃疡病药,矿物质补充剂 | 钙,协达利,,,https://www.yao86.com/%E8%A5%BF%E8%8D%AF/%E7%A2%B3%E9%85%B8%E9%92%99%E7%89%87,站点药理或 ATC 分类明确为维生素/矿物质
already_present,12307,碳酸钙干混悬剂,western,5,5,0.93,补钙药。用于预防和治疗钙缺乏症。,消化系统用药 | 抗酸药及抗溃疡病药,治疗与胃酸分泌相关疾病的药物 | 治酸药 | 钙化合物类,,,,https://www.yao86.com/%E8%A5%BF%E8%8D%AF/%E7%A2%B3%E9%85%B8%E9%92%99%E5%B9%B2%E6%B7%B7%E6%82%AC%E5%89%82,站点药理或 ATC 分类明确为胃肠消化用药
already_present,12308,碳酸钙泡腾颗粒,western,7,7,0.96,用于预防和治疗钙缺乏症，如骨质疏松、手足抽搐症、骨发育不全、佝偻病以及儿童、妊娠和哺乳期妇女、绝经期妇女、老年人钙的补充。,消化系统用药 | 抗酸药及抗溃疡病药,矿物质补充剂 | 钙,,,,https://www.yao86.com/%E8%A5%BF%E8%8D%AF/%E7%A2%B3%E9%85%B8%E9%92%99%E6%B3%A1%E8%85%BE%E9%A2%97%E7%B2%92,站点药理或 ATC 分类明确为维生素/矿物质
already_present,12309,碳酸钙咀嚼片,western,7,7,0.96,用于预防和治疗钙缺乏症，如骨质疏松、手足抽搐症、骨发育不全、佝偻病以及儿童、妊娠和哺乳期妇女、绝经期妇女、老年人钙的补充。,消化系统用药 | 抗酸药及抗溃疡病药,矿物质补充剂 | 钙,纳诺卡,,纳诺卡（多药共用）,https://www.yao86.com/%E8%A5%BF%E8%8D%AF/%E7%A2%B3%E9%85%B8%E9%92%99%E5%92%80%E5%9A%BC%E7%89%87,站点药理或 ATC 分类明确为维生素/矿物质
already_present,12310,碳酸钙胶囊,western,7,7,0.96,补钙剂。用于预防和治疗钙缺乏症，如骨质疏松，手足抽搐症，骨发育不全，佝偻病以及妊娠和哺乳期妇女、绝经期妇女钙的补充。,消化系统用药 | 抗酸药及抗溃疡病药,矿物质补充剂 | 钙,,,,https://www.yao86.com/%E8%A5%BF%E8%8D%AF/%E7%A2%B3%E9%85%B8%E9%92%99%E8%83%B6%E5%9B%8A,站点药理或 ATC 分类明确为维生素/矿物质
already_present,12311,碳酸钙颗粒,western,7,7,0.96,用于预防和治疗钙缺乏症，如骨质疏松、手足抽搐症、骨发育不全、佝偻病以及儿童、妊娠和哺乳期妇女、绝经期妇女、老年人钙的补充。,消化系统用药 | 抗酸药及抗溃疡病药,矿物质补充剂 | 钙,纳诺卡,,纳诺卡（多药共用）,https://www.yao86.com/%E8%A5%BF%E8%8D%AF/%E7%A2%B3%E9%85%B8%E9%92%99%E9%A2%97%E7%B2%92,站点药理或 ATC 分类明确为维生素/矿物质
already_present,12312,碳酸钙泡腾片,western,7,7,0.96,补钙剂，用于预防和治疗钙缺乏症，如骨质疏松、手足抽搐症、骨发育不全、佝偻病以及妊娠和哺乳期妇女、绝经期妇女钙的补充。,消化系统用药 | 抗酸药及抗溃疡病药,矿物质补充剂 | 钙,,,,https://www.yao86.com/%E8%A5%BF%E8%8D%AF/%E7%A2%B3%E9%85%B8%E9%92%99%E6%B3%A1%E8%85%BE%E7%89%87,站点药理或 ATC 分类明确为维生素/矿物质
review_missing_efficacy,,碳酸钙D3咀嚼片(Ⅲ),western,,7,0.96,,,矿物质补充剂 | 钙 | 钙与其它药品的复方,,,,https://www.yao86.com/%E8%A5%BF%E8%8D%AF/%E7%A2%B3%E9%85%B8%E9%92%99D3%E5%92%80%E5%9A%BC%E7%89%87%28%E2%85%A2%29,站点药理或 ATC 分类明确为维生素/矿物质
review_missing_efficacy,,碳酸钙D3片(Ⅰ),western,,7,0.96,,,矿物质补充剂 | 钙 | 钙与其它药品的复方,,,,https://www.yao86.com/%E8%A5%BF%E8%8D%AF/%E7%A2%B3%E9%85%B8%E9%92%99D3%E7%89%87%28%E2%85%A0%29,站点药理或 ATC 分类明确为维生素/矿物质
review_missing_efficacy,,碳酸钙D3颗粒(Ⅱ),western,,7,0.96,,,矿物质补充剂 | 钙 | 钙与其它药品的复方,,,,https://www.yao86.com/%E8%A5%BF%E8%8D%AF/%E7%A2%B3%E9%85%B8%E9%92%99D3%E9%A2%97%E7%B2%92%28%E2%85%A1%29,站点药理或 ATC 分类明确为维生素/矿物质
review_missing_efficacy,,碳酸钙口服混悬液,western,,,0.0,,,治疗与胃酸分泌相关疾病的药物 | 治酸药 | 钙化合物类,,,,https://www.yao86.com/%E8%A5%BF%E8%8D%AF/%E7%A2%B3%E9%85%B8%E9%92%99%E5%8F%A3%E6%9C%8D%E6%B7%B7%E6%82%AC%E6%B6%B2,站点分类无法可靠映射到项目现有类别
review_missing_efficacy,,复方碳酸钙泡腾片,western,,7,0.96,,,矿物质补充剂 | 钙,,,,https://www.yao86.com/%E8%A5%BF%E8%8D%AF/%E5%A4%8D%E6%96%B9%E7%A2%B3%E9%85%B8%E9%92%99%E6%B3%A1%E8%85%BE%E7%89%87,站点药理或 ATC 分类明确为维生素/矿物质
review_missing_efficacy,,碳酸钙原料粉,western,,,0.0,,,,,,,https://www.yao86.com/%E8%A5%BF%E8%8D%AF/%E7%A2%B3%E9%85%B8%E9%92%99%E5%8E%9F%E6%96%99%E7%B2%89,站点分类无法可靠映射到项目现有类别
already_present,12313,甘氨酸碳酸钙胶囊,western,5,5,0.93,用于缓解胃及十二指肠溃疡而引起的胃酸、胃痛、胃胀等症状。,消化系统用药 | 抗酸药及抗溃疡病药,治疗与胃酸分泌相关疾病的药物 | 消化道溃疡和胃食管返流病治疗药物 | 消化道溃疡和胃食管返流病治疗用其它药物,,,,https://www.yao86.com/%E8%A5%BF%E8%8D%AF/%E7%94%98%E6%B0%A8%E9%85%B8%E7%A2%B3%E9%85%B8%E9%92%99%E8%83%B6%E5%9B%8A,站点药理或 ATC 分类明确为胃肠消化用药
already_present,12314,碳酸钙甘氨酸胶囊,western,5,5,0.93,用于缓解胃酸过多引起的胃痛、胃灼热感(烧心)，反酸。,消化系统用药 | 抗酸药及抗溃疡病药,治疗与胃酸分泌相关疾病的药物 | 治酸药 | 钙化合物类,,,,https://www.yao86.com/%E8%A5%BF%E8%8D%AF/%E7%A2%B3%E9%85%B8%E9%92%99%E7%94%98%E6%B0%A8%E9%85%B8%E8%83%B6%E5%9B%8A,站点药理或 ATC 分类明确为胃肠消化用药
already_present,12315,复方碳酸钙咀嚼片,western,5,5,0.93,用于因胃酸分泌过多引起的胃痛、胃灼热感(烧心)、反酸。,消化系统用药 | 抗酸药及抗溃疡病药,治疗与胃酸分泌相关疾病的药物 | 消化道溃疡和胃食管返流病治疗药物 | 消化道溃疡和胃食管返流病治疗用其它药物,,,,https://www.yao86.com/%E8%A5%BF%E8%8D%AF/%E5%A4%8D%E6%96%B9%E7%A2%B3%E9%85%B8%E9%92%99%E5%92%80%E5%9A%BC%E7%89%87,站点药理或 ATC 分类明确为胃肠消化用药
reclassified_existing,12316,头孢地尼片,western,2,14,0.96,对头孢地尼敏感的葡萄球菌属、链球菌属、肺炎球菌、消化链球菌、丙酸杆菌、淋病奈瑟氏菌、卡他莫拉菌、大肠埃希菌、克雷伯菌属、奇异变形杆菌、普鲁威登斯菌属、流感嗜血杆菌等菌株所引起的下列感染：●咽喉炎、扁桃体炎、急性支气管炎、肺炎；●中耳炎、鼻窦炎；●肾盂肾炎、膀胱炎、淋菌性尿道炎；●附件炎、宫内感染、前庭大腺炎；●乳腺炎、肛门周围脓肿、外伤或手术伤口的继发感染；●毛囊炎、疖、疖肿、痈、传染性脓疱病、丹毒、蜂窝组织炎、淋巴管炎、甲沟炎、皮下脓肿、粉瘤感染、慢性脓皮症；●眼睑炎、麦粒肿、睑板腺炎。,抗微生物药 | 头孢菌素类,系统用抗细菌药 | 其它β-内酰胺类抗菌药 | 第三代头孢菌素,,,,https://www.yao86.com/%E8%A5%BF%E8%8D%AF/%E5%A4%B4%E5%AD%A2%E5%9C%B0%E5%B0%BC%E7%89%87,站点药理或 ATC 分类明确为妇科用药
reclassified_existing,12317,头孢地尼胶囊,western,2,14,0.96,对头孢地尼敏感的葡萄球菌属、链球菌属、肺炎球菌、消化链球菌、丙酸杆菌、淋病奈瑟氏菌、卡他莫拉菌、大肠埃希菌、克雷伯菌属、奇异变形杆菌、普鲁威登斯菌属、流感嗜血杆菌等菌株所引起的下列感染：1.咽喉炎、扁桃体炎、急性支气管炎、肺炎；2.中耳炎、鼻窦炎；3.肾盂肾炎、膀胱炎、淋菌性尿道炎；4.附件炎、宫内感染、前庭大腺炎；5.乳腺炎、肛门周围脓肿、外伤或手术伤口的继发感染；6.毛囊炎、疖、疖肿、痈、传染性脓疱病、丹毒、蜂窝组织炎、淋巴管炎、甲沟炎、皮下脓肿、粉瘤感染、慢性脓皮症；7.眼睑炎、麦粒肿、睑板腺炎。,抗微生物药 | 头孢菌素类,系统用抗细菌药 | 其它β-内酰胺类抗菌药 | 第三代头孢菌素,全泽复,,全泽复（多药共用）,https://www.yao86.com/%E8%A5%BF%E8%8D%AF/%E5%A4%B4%E5%AD%A2%E5%9C%B0%E5%B0%BC%E8%83%B6%E5%9B%8A,站点药理或 ATC 分类明确为妇科用药
already_present,12318,头孢地尼颗粒,western,2,2,0.96,对头孢地尼敏感的葡萄球菌属、链球菌属、肺炎球菌、消化链球菌、丙酸杆菌、淋病奈瑟氏菌、卡他莫拉菌、大肠埃希菌、克雷伯菌属、奇异变形杆菌、普鲁威登斯菌属、流感嗜血杆菌等菌株所引起的下列感染：*咽喉炎、扁桃体炎、急性支气管炎、肺炎*中耳炎、鼻窦炎*肾盂肾炎、膀胱炎*毛囊炎、疖、疖肿、痈、传染性脓疱病、丹毒、蜂窝组织炎、淋巴管炎、甲沟炎、皮下脓肿、粉瘤感染、慢性脓皮症*猩红热,抗微生物药 | 头孢菌素类,系统用抗细菌药 | 其它β-内酰胺类抗菌药 | 第三代头孢菌素,全泽复,,全泽复（多药共用）,https://www.yao86.com/%E8%A5%BF%E8%8D%AF/%E5%A4%B4%E5%AD%A2%E5%9C%B0%E5%B0%BC%E9%A2%97%E7%B2%92,站点药理或 ATC 分类明确为抗感染药
reclassified_existing,12319,头孢地尼分散片,western,2,14,0.96,对头孢地尼敏感的葡萄球菌属、链球菌属、肺炎球菌、消化链球菌、丙酸杆菌、淋病奈瑟氏菌、卡他莫拉菌、大肠埃希菌、克雷伯菌属、奇异变形杆菌、普鲁威登斯菌属、流感嗜血杆菌等菌株所引起的下列感染：·咽喉炎、扁桃体炎、急性支气管炎、肺炎；·中耳炎、鼻窦炎；·肾盂肾炎、膀胱炎、淋菌性尿道炎；·附件炎、宫内感染、前庭大腺炎；·乳腺炎、肛门周围脓肿、外伤或手术伤口的继发感染；·毛囊炎、疖、疖肿、痈、传染性脓疱病、丹毒、蜂窝组织炎、淋巴管炎、甲沟炎、皮下脓肿、粉瘤感染、慢性脓皮症；·眼睑炎、麦粒肿、睑板腺炎；,抗微生物药 | 头孢菌素类,系统用抗细菌药 | 其它β-内酰胺类抗菌药 | 第三代头孢菌素,希福尼,,,https://www.yao86.com/%E8%A5%BF%E8%8D%AF/%E5%A4%B4%E5%AD%A2%E5%9C%B0%E5%B0%BC%E5%88%86%E6%95%A3%E7%89%87,站点药理或 ATC 分类明确为妇科用药
already_present,12320,头孢克肟咀嚼片,western,2,2,0.96,对链球菌属(肠球菌除外)、肺炎球菌、淋球菌、卡他布兰汉球菌、大肠杆菌、克雷伯杆菌属、沙雷菌属、变形杆菌属及流感杆菌等中头孢克肟敏感菌引起的以下感染有效：●慢性支气管炎急性发作、急性支气管炎并发细菌感染、支气管扩张合并感染、肺炎；●肾盂肾炎、膀胱炎、淋球菌性尿道炎；●急性胆道系统细菌性感染(胆囊炎、胆管炎)；●猩红热；●中耳炎、鼻窦炎。,抗微生物药 | 头孢菌素类,系统用抗细菌药 | 其它β-内酰胺类抗菌药 | 第三代头孢菌素,,,,https://www.yao86.com/%E8%A5%BF%E8%8D%AF/%E5%A4%B4%E5%AD%A2%E5%85%8B%E8%82%9F%E5%92%80%E5%9A%BC%E7%89%87,站点药理或 ATC 分类明确为抗感染药
already_present,32,头孢克肟分散片,western,2,2,0.96,对链球菌属(肠球菌除外)，肺炎球菌、淋球菌、卡他布兰汉球菌、大肠杆菌、克雷伯杆菌属、沙雷菌属、变形杆菌属、流感杆菌中从头孢克肟敏感菌引起的以下感染有效。慢性支气管炎急性发作、急性支气管炎并发作细菌感染、支气管扩张合并感染、肺炎；肾盂肾炎、膀胱炎、淋球菌性尿道炎；急性胆道系统细菌性感染(胆囊炎、胆管炎)；猩红热；中耳炎、鼻窦炎。,抗微生物药 | 头孢菌素类,系统用抗细菌药 | 其它β-内酰胺类抗菌药 | 第三代头孢菌素,,,,https://www.yao86.com/%E8%A5%BF%E8%8D%AF/%E5%A4%B4%E5%AD%A2%E5%85%8B%E8%82%9F%E5%88%86%E6%95%A3%E7%89%87,保留数据库现有分类；站点药理或 ATC 分类明确为抗感染药
already_present,31,头孢克肟颗粒,western,2,2,0.96,本品适用于对头孢克肟敏感的链球菌属(肠球菌除外)、肺炎球菌、淋球菌、卡他布兰汉球菌、大肠埃希菌、克雷伯杆菌属、沙雷菌属、变形杆菌属及流感嗜血杆菌等引起的下列细菌感染性疾病：急性支气管炎、肺炎、慢性呼吸系统感染疾病的继发感染、膀胱炎、肾盂肾炎、淋球菌性尿道炎、胆囊炎、胆管炎、中耳炎、副鼻窦炎、猩红热。,抗微生物药 | 头孢菌素类,系统用抗细菌药 | 其它β-内酰胺类抗菌药 | 第三代头孢菌素,世福素,,,https://www.yao86.com/%E8%A5%BF%E8%8D%AF/%E5%A4%B4%E5%AD%A2%E5%85%8B%E8%82%9F%E9%A2%97%E7%B2%92,保留数据库现有分类；站点药理或 ATC 分类明确为抗感染药
already_present,12321,头孢克肟胶囊,western,2,2,0.96,对链球菌属(肠球菌除外)，肺炎球菌、淋球菌、卡他布兰汉球菌、大肠杆菌、克雷伯杆菌属、沙雷菌属、变形杆菌属，流感杆菌中头孢克肟敏感菌引起的以下感染有效。(1)慢性支气管炎急性发作、急性支气管炎并发细菌感染、支气管扩张合并感染、肺炎；(2)肾盂肾炎、膀胱炎、淋球菌性尿道炎；(3)急性胆道系统细菌性感染(胆囊炎、胆管炎)；(4)猩红热；(5)中耳炎、鼻窦炎。,抗微生物药 | 头孢菌素类,系统用抗细菌药 | 其它β-内酰胺类抗菌药 | 第三代头孢菌素,青可奕,,,https://www.yao86.com/%E8%A5%BF%E8%8D%AF/%E5%A4%B4%E5%AD%A2%E5%85%8B%E8%82%9F%E8%83%B6%E5%9B%8A,站点药理或 ATC 分类明确为抗感染药
already_present,12322,头孢克肟干混悬剂,western,2,2,0.96,本品适用于对头孢克肟敏感的链球菌属(肠球菌除外)，肺炎球菌、淋球菌、卡他布兰汉球菌、大肠杆菌、克雷伯杆菌属、沙雷菌属、变形杆菌属及流感杆菌等引起的下列细菌感染性疾病：1、支气管炎、支气管扩张症(感染时)，慢性呼吸系统感染疾病的继发感染、肺炎；2、肾盂肾炎、膀胱炎、淋球菌性尿道炎；3、胆囊炎、胆管炎；4、猩红热；5、中耳炎、副鼻窦炎。,抗微生物药 | 头孢菌素类,系统用抗细菌药 | 其它β-内酰胺类抗菌药 | 第三代头孢菌素,,,,https://www.yao86.com/%E8%A5%BF%E8%8D%AF/%E5%A4%B4%E5%AD%A2%E5%85%8B%E8%82%9F%E5%B9%B2%E6%B7%B7%E6%82%AC%E5%89%82,站点药理或 ATC 分类明确为抗感染药
already_present,12323,头孢克肟片,western,2,2,0.96,对链球菌属(肠球菌除外)，肺炎球菌、淋球菌、卡他布兰汉球菌、大肠杆菌、克雷伯杆菌属、沙雷菌属、变形杆菌属，流感杆菌中头孢克肟敏感菌引起的以下感染有效。●慢性支气管炎急性发作、急性支气管炎并发细菌感染、支气管扩张合并感染、肺炎；●肾盂肾炎、膀胱炎、淋球菌性尿道炎；●急性胆道系统细菌性感染(胆囊炎、胆管炎)；●猩红热；●中耳炎、鼻窦炎。,抗微生物药 | 头孢菌素类,系统用抗细菌药 | 其它β-内酰胺类抗菌药 | 第三代头孢菌素,,,,https://www.yao86.com/%E8%A5%BF%E8%8D%AF/%E5%A4%B4%E5%AD%A2%E5%85%8B%E8%82%9F%E7%89%87,站点药理或 ATC 分类明确为抗感染药
already_present,12324,五味决明茶,tcm,11,11,0.95,消食，化积，降浊。适用于瘀浊内滞型高脂血症。,消食剂 | 消痞化积,心脑血管与血液系统药物 | 血脂调节剂,,,,https://www.yao86.com/%E4%B8%AD%E6%88%90%E8%8D%AF/%E4%BA%94%E5%91%B3%E5%86%B3%E6%98%8E%E8%8C%B6,站点药理或 ATC 分类明确为慢性病长期用药
already_present,12325,五香丸,tcm,5,5,0.93,消积化痞，宽胸止痛。用于气郁结滞，宿食停水引起：胸胁胀满，胃寒腹痛，嗳气嘈杂，积聚痞块，大便不畅。,消食剂 | 消痞化积,消化系统与代谢药 | 胃病相关药物,,,,https://www.yao86.com/%E4%B8%AD%E6%88%90%E8%8D%AF/%E4%BA%94%E9%A6%99%E4%B8%B8,站点药理或 ATC 分类明确为胃肠消化用药
already_present,12326,胃痛丸,tcm,5,5,0.93,舒肝和胃，理气止痛。用于胃部疼痛，肝郁气滞，胸胁胀满，恶心呕吐。,理气剂 | 理气和中,消化系统与代谢药 | 胃病相关药物,,,,https://www.yao86.com/%E4%B8%AD%E6%88%90%E8%8D%AF/%E8%83%83%E7%97%9B%E4%B8%B8,站点药理或 ATC 分类明确为胃肠消化用药
already_present,12327,五参芪苓丸,tcm,13,13,0.9,补气益血、滋肾养肝，软坚散结。用于不宜手术和化疗Ⅱ、Ⅲ期原发性肝癌，证属气阴两虚，血瘀肝郁者。有改善症状和提高生存质量的作用。,补益剂 | 益气养阴,肿瘤药物 | 肿瘤辅助药物,,,,https://www.yao86.com/%E4%B8%AD%E6%88%90%E8%8D%AF/%E4%BA%94%E5%8F%82%E8%8A%AA%E8%8B%93%E4%B8%B8,站点明确收录为中成药，未命中更具体项目类别
already_present,12328,胃乐胶囊,tcm,5,5,0.93,行气止痛。用于胃胀闷疼痛，嗳气泛酸，恶心呕吐，食少，疲乏无力，大便不畅；也可用于慢性浅表性胃炎见上述症状者。,制酸止痛解痉剂,消化系统与代谢药 | 胃病相关药物,,,,https://www.yao86.com/%E4%B8%AD%E6%88%90%E8%8D%AF/%E8%83%83%E4%B9%90%E8%83%B6%E5%9B%8A,站点药理或 ATC 分类明确为胃肠消化用药
already_present,12329,胃刻宁胶囊,tcm,5,5,0.93,和胃止痛，止酸消胀。用于胃溃疡、十二指肠溃疡及慢性胃炎所致的胃痛，嗳气，吐酸等症。,制酸止痛解痉剂,消化系统与代谢药 | 胃病相关药物,,,,https://www.yao86.com/%E4%B8%AD%E6%88%90%E8%8D%AF/%E8%83%83%E5%88%BB%E5%AE%81%E8%83%B6%E5%9B%8A,站点药理或 ATC 分类明确为胃肠消化用药
already_present,12330,胃刻宁片,tcm,5,5,0.93,和胃止痛，止酸消胀。用于胃溃疡、十二指肠溃疡、慢性胃炎所致的胃痛，嗳气，吐酸等症。,制酸止痛解痉剂,消化系统与代谢药 | 胃病相关药物,,,,https://www.yao86.com/%E4%B8%AD%E6%88%90%E8%8D%AF/%E8%83%83%E5%88%BB%E5%AE%81%E7%89%87,站点药理或 ATC 分类明确为胃肠消化用药
already_present,12331,胃福颗粒,tcm,5,5,0.93,理气和胃，利膈开郁。用于治疗慢性胃炎，胃及十二指肠溃疡等症。,理气剂 | 理气和中,消化系统与代谢药 | 胃病相关药物,,,,https://www.yao86.com/%E4%B8%AD%E6%88%90%E8%8D%AF/%E8%83%83%E7%A6%8F%E9%A2%97%E7%B2%92,站点药理或 ATC 分类明确为胃肠消化用药
already_present,12332,胃友新片,tcm,5,5,0.93,泄热和胃，制酸止痛。用于肝胃郁热引起的胃脘灼痛、脘腹胀满、吞酸嘈杂、嗳气呃逆、口干口苦、恶心呕吐、大便干燥、舌红苔黄等症及消化性溃疡、慢性胃炎等见上述证候者。,制酸止痛解痉剂,消化系统与代谢药 | 胃病相关药物,,,,https://www.yao86.com/%E4%B8%AD%E6%88%90%E8%8D%AF/%E8%83%83%E5%8F%8B%E6%96%B0%E7%89%87,站点药理或 ATC 分类明确为胃肠消化用药
already_present,12333,五松肿痛酊,tcm,9,9,0.94,活血散瘀，消肿止痛，祛风除湿。用于风湿关节疼痛(寒痹)，跌打肿痛(急性扭挫伤)等。,局部用止痛剂,肌肉-骨骼系统药物 | 关节和肌肉疼痛局部用药,,,,https://www.yao86.com/%E4%B8%AD%E6%88%90%E8%8D%AF/%E4%BA%94%E6%9D%BE%E8%82%BF%E7%97%9B%E9%85%8A,剂型或站点分类明确为局部外用药
review_missing_efficacy,,乌美溴铵吸入粉雾剂,western,,,0.0,,,阻塞性气管疾病用药 | 其它阻塞性气管病系统用药,,,,https://www.yao86.com/%E8%A5%BF%E8%8D%AF/%E4%B9%8C%E7%BE%8E%E6%BA%B4%E9%93%B5%E5%90%B8%E5%85%A5%E7%B2%89%E9%9B%BE%E5%89%82,站点分类无法可靠映射到项目现有类别
already_present,12334,维D2磷酸氢钙片,western,7,7,0.96,用于儿童、孕妇及哺乳期妇女钙的补充。,激素及影响内分泌药 | 钙代谢调节药及抗骨质疏松药,矿物质补充剂 | 钙 | 钙与其它药品的复方,,,,https://www.yao86.com/%E8%A5%BF%E8%8D%AF/%E7%BB%B4D2%E7%A3%B7%E9%85%B8%E6%B0%A2%E9%92%99%E7%89%87,站点药理或 ATC 分类明确为维生素/矿物质
review_missing_efficacy,,乌诺前列酮异丙酯滴眼液,western,,9,0.94,,,,,,,https://www.yao86.com/%E8%A5%BF%E8%8D%AF/%E4%B9%8C%E8%AF%BA%E5%89%8D%E5%88%97%E9%85%AE%E5%BC%82%E4%B8%99%E9%85%AF%E6%BB%B4%E7%9C%BC%E6%B6%B2,剂型或站点分类明确为局部外用药
review_missing_efficacy,,盐酸维拉帕米缓释片,western,,12,0.95,原发性高血压。,心血管系统用药 | 抗心绞痛药,钙通道阻滞剂 | 直接对心脏产生影响的选择性钙通道阻滞剂 | 苯基烷基胺衍生物,,,,https://www.yao86.com/%E8%A5%BF%E8%8D%AF/%E7%9B%90%E9%85%B8%E7%BB%B4%E6%8B%89%E5%B8%95%E7%B1%B3%E7%BC%93%E9%87%8A%E7%89%87,站点药理或 ATC 分类明确为心脑血管用药
already_present,12335,盐酸维拉帕米缓释胶囊,western,12,12,0.95,各种类型心绞痛(包括稳定型或不稳定性心绞痛)，高血压病，预防阵发性室上性心动过速，房早，肥厚型心肌病。,心血管系统用药 | 抗心绞痛药,钙通道阻滞剂 | 直接对心脏产生影响的选择性钙通道阻滞剂 | 苯基烷基胺衍生物,奥地迈尔,,,https://www.yao86.com/%E8%A5%BF%E8%8D%AF/%E7%9B%90%E9%85%B8%E7%BB%B4%E6%8B%89%E5%B8%95%E7%B1%B3%E7%BC%93%E9%87%8A%E8%83%B6%E5%9B%8A,站点药理或 ATC 分类明确为心脑血管用药
already_present,12336,盐酸维拉帕米片,western,12,12,0.95,1.心绞痛：变异型心绞痛；不稳定性心绞痛；慢性稳定性心绞痛。2.心律失常：与地高辛合用控制慢性心房颤动和/或心房扑动时的心室率；预防阵发性室上性心动过速的反复发作。3.原发性高血压。,心血管系统用药 | 抗心绞痛药,钙通道阻滞剂 | 直接对心脏产生影响的选择性钙通道阻滞剂 | 苯基烷基胺衍生物,,,,https://www.yao86.com/%E8%A5%BF%E8%8D%AF/%E7%9B%90%E9%85%B8%E7%BB%B4%E6%8B%89%E5%B8%95%E7%B1%B3%E7%89%87,站点药理或 ATC 分类明确为心脑血管用药
review_missing_efficacy,,维拉帕米片,western,,,0.0,,,钙通道阻滞剂 | 直接对心脏产生影响的选择性钙通道阻滞剂 | 苯基烷基胺衍生物,,,,https://www.yao86.com/%E8%A5%BF%E8%8D%AF/%E7%BB%B4%E6%8B%89%E5%B8%95%E7%B1%B3%E7%89%87,站点分类无法可靠映射到项目现有类别
already_present,12337,维D2乳酸钙片,western,7,7,0.96,用于儿童、孕妇、哺乳期妇女钙的补充。,激素及影响内分泌药 | 钙代谢调节药及抗骨质疏松药,矿物质补充剂 | 钙 | 钙与其它药品的复方,,,,https://www.yao86.com/%E8%A5%BF%E8%8D%AF/%E7%BB%B4D2%E4%B9%B3%E9%85%B8%E9%92%99%E7%89%87,站点药理或 ATC 分类明确为维生素/矿物质
already_present,12338,维磷葡钙片,western,7,7,0.96,用于防治钙缺乏症，如佝偻病以及妊娠和哺乳期妇女钙的补充。,激素及影响内分泌药 | 钙代谢调节药及抗骨质疏松药,矿物质补充剂 | 钙 | 钙与其它药品的复方,,,,https://www.yao86.com/%E8%A5%BF%E8%8D%AF/%E7%BB%B4%E7%A3%B7%E8%91%A1%E9%92%99%E7%89%87,站点药理或 ATC 分类明确为维生素/矿物质
already_present,12339,维胺颗粒,western,7,7,0.96,用于预防和治疗B族维生素及维生素C缺乏所致的各种疾病。,维生素、矿物质类药 | 维生素,维生素类 | 多种维生素，复方 | 多种维生素，其它复方,,,,https://www.yao86.com/%E8%A5%BF%E8%8D%AF/%E7%BB%B4%E8%83%BA%E9%A2%97%E7%B2%92,站点药理或 ATC 分类明确为维生素/矿物质
already_present,12340,维B1钙咀嚼片,western,7,7,0.96,本品为补钙剂，用于预防和治疗钙缺乏症，如骨质疏松、手足抽搐症、小儿发育不全、出牙迟缓、佝偻病以及妊娠和哺乳期妇女、绝经期妇女钙的补充。,激素及影响内分泌药 | 钙代谢调节药及抗骨质疏松药,矿物质补充剂 | 钙 | 钙与其它药品的复方,碳酸锂片,,,https://www.yao86.com/%E8%A5%BF%E8%8D%AF/%E7%BB%B4B1%E9%92%99%E5%92%80%E5%9A%BC%E7%89%87,站点药理或 ATC 分类明确为维生素/矿物质
already_present,12341,小儿解热丸,tcm,0,0,0.94,清热化痰，镇惊，息风。用于小儿感冒发热、痰涎壅盛，高热惊风，项背强直，手足抽搐，神志昏蒙，呕吐咳嗽。,治风剂 | 平熄内风,呼吸系统药物 | 咳嗽和感冒用药,,,,https://www.yao86.com/%E4%B8%AD%E6%88%90%E8%8D%AF/%E5%B0%8F%E5%84%BF%E8%A7%A3%E7%83%AD%E4%B8%B8,站点药理分类明确为感冒或解表用药
already_present,12342,消食健胃片,tcm,5,5,0.93,开胃消食，消积。用于食欲不振，消化不良，脘腹胀满。,消食剂 | 健脾消食,消化系统与代谢药 | 提升食欲、促消化药,,,,https://www.yao86.com/%E4%B8%AD%E6%88%90%E8%8D%AF/%E6%B6%88%E9%A3%9F%E5%81%A5%E8%83%83%E7%89%87,站点药理或 ATC 分类明确为胃肠消化用药
already_present,12343,西洋参胶囊,tcm,13,13,0.9,补气养阴，生津。用于气虚阴亏所致的咳喘，烦躁体倦，口燥咽干。,清热剂 | 清虚热,补气补血药物 | 补气药物,,,,https://www.yao86.com/%E4%B8%AD%E6%88%90%E8%8D%AF/%E8%A5%BF%E6%B4%8B%E5%8F%82%E8%83%B6%E5%9B%8A,站点明确收录为中成药，未命中更具体项目类别
already_present,12344,小儿金丹片,tcm,0,0,0.94,祛风化痰，清热解毒。用于外感风热，痰火内盛所致的感冒，症见发热、头痛、咳嗽、气喘、咽喉肿痛、呕吐，及高热惊风。,治风剂 | 平熄内风,呼吸系统药物 | 咳嗽和感冒用药,,,,https://www.yao86.com/%E4%B8%AD%E6%88%90%E8%8D%AF/%E5%B0%8F%E5%84%BF%E9%87%91%E4%B8%B9%E7%89%87,站点药理分类明确为感冒或解表用药
already_present,12345,消食健脾丸,tcm,5,5,0.93,健脾消食，除湿止泻。用于脾胃虚弱，消化不良，气虚湿滞，食积腹泻。,和解剂 | 其它,消化系统与代谢药 | 提升食欲、促消化药,,,,https://www.yao86.com/%E4%B8%AD%E6%88%90%E8%8D%AF/%E6%B6%88%E9%A3%9F%E5%81%A5%E8%84%BE%E4%B8%B8,站点药理或 ATC 分类明确为胃肠消化用药
review_missing_efficacy,,心痛宁滴丸,tcm,,12,0.95,,和解剂 | 其它,心脑血管与血液系统药物 | 心血管疾病治疗药,,,,https://www.yao86.com/%E4%B8%AD%E6%88%90%E8%8D%AF/%E5%BF%83%E7%97%9B%E5%AE%81%E6%BB%B4%E4%B8%B8,站点药理或 ATC 分类明确为心脑血管用药
already_present,12346,心痛宁喷雾剂,tcm,9,9,0.94,"温经活血，理气止痛。用于寒凝气滞,血瘀阻络引起的胸痹心痛，遇寒发作，舌暗或有瘀斑者。",和解剂 | 其它,心脑血管与血液系统药物 | 心血管疾病治疗药,,,,https://www.yao86.com/%E4%B8%AD%E6%88%90%E8%8D%AF/%E5%BF%83%E7%97%9B%E5%AE%81%E5%96%B7%E9%9B%BE%E5%89%82,剂型或站点分类明确为局部外用药
already_present,12347,玄夏祛毒胶囊,tcm,13,13,0.9,祛毒脱瘾，补益脾肾。用于缓解毒邪留滞、脾肾亏虚的阿片类成瘾者断毒时的戒断症状，症见心悸，畏寒或寒战，哈欠，涕泪俱下，出汗，烦燥易怒，失眠，手颤，周身疼痛不适，恶心反胃，纳食减少等。,补益剂 | 其它,神经系统药物 | 其它神经系统药物,,,,https://www.yao86.com/%E4%B8%AD%E6%88%90%E8%8D%AF/%E7%8E%84%E5%A4%8F%E7%A5%9B%E6%AF%92%E8%83%B6%E5%9B%8A,站点明确收录为中成药，未命中更具体项目类别
already_present,12348,小儿维生素颗粒,western,7,7,0.96,维生素是促进婴幼儿生长发育、增进食欲、调节代谢的主要物质。本品以葡萄糖酸钙、葡萄糖酸亚铁、葡萄糖酸锌、硒化卡拉胶、维生素B1、维生素B2、维生素B6、维生素C等为主要原料制成的保健食品，可提高小儿机体能量与蛋白质代谢，帮助消化，并促进生长发育、补充多种维生素及矿物质的保健功能。,维生素、矿物质类药 | 维生素,维生素类 | 多种维生素，复方 | 多种维生素，其它复方,,,,https://www.yao86.com/%E8%A5%BF%E8%8D%AF/%E5%B0%8F%E5%84%BF%E7%BB%B4%E7%94%9F%E7%B4%A0%E9%A2%97%E7%B2%92,站点药理或 ATC 分类明确为维生素/矿物质
already_present,12349,新霉素氟轻松乳膏,western,9,9,0.96,用于过敏性皮炎，亚急性、慢性湿疹，阴囊湿疹、皮肤瘙痒症和外阴瘙痒等皮肤病。,皮肤科用药 | 皮肤抗感染药,皮肤病用抗生素和化学治疗药物 | 局部用抗生素 | 局部用其它抗生素,,,,https://www.yao86.com/%E8%A5%BF%E8%8D%AF/%E6%96%B0%E9%9C%89%E7%B4%A0%E6%B0%9F%E8%BD%BB%E6%9D%BE%E4%B9%B3%E8%86%8F,外用剂型且站点 ATC 分类明确为皮肤局部用药
already_present,7,小儿氨酚烷胺颗粒,western,0,0,0.94,适用于缓解儿童普通感冒及流行性感冒引起的发热、头痛、四肢酸痛、打喷嚏、流鼻涕、鼻塞、咽痛等症状，也可用于儿童流行性感冒的预防和治疗。,镇痛、解热、抗炎、抗风湿、抗痛风药 | 解热镇痛、抗炎、抗风湿药,镇痛药 | 其它解热镇痛药 | 酰苯胺类,,,,https://www.yao86.com/%E8%A5%BF%E8%8D%AF/%E5%B0%8F%E5%84%BF%E6%B0%A8%E9%85%9A%E7%83%B7%E8%83%BA%E9%A2%97%E7%B2%92,保留数据库现有分类；站点药理或 ATC 分类明确为镇痛/抗炎药
already_present,12350,小儿复方氨酚烷胺片,western,3,3,0.94,适用于缓解儿童普通感冒及流行性感冒引起的发热、头痛、四肢酸痛、打喷嚏、流鼻涕、鼻塞、咽痛等症状。,镇痛、解热、抗炎、抗风湿、抗痛风药 | 解热镇痛、抗炎、抗风湿药,镇痛药 | 其它解热镇痛药 | 酰苯胺类,,,,https://www.yao86.com/%E8%A5%BF%E8%8D%AF/%E5%B0%8F%E5%84%BF%E5%A4%8D%E6%96%B9%E6%B0%A8%E9%85%9A%E7%83%B7%E8%83%BA%E7%89%87,站点药理或 ATC 分类明确为镇痛/抗炎药
already_present,12351,盐酸小檗碱片,western,5,5,0.96,用于肠道感染，如胃肠炎。,抗微生物药 | 其他抗菌药,止泻药、肠道抗炎、抗感染药 | 肠道抗感染药 | 其它肠道抗感染药,,,,https://www.yao86.com/%E8%A5%BF%E8%8D%AF/%E7%9B%90%E9%85%B8%E5%B0%8F%E6%AA%97%E7%A2%B1%E7%89%87,站点分类明确为止泻或肠道吸附药
already_present,12352,盐酸小檗碱胶囊,western,5,5,0.96,用于敏感病原菌所致的胃肠道感染。,抗微生物药 | 其他抗菌药,止泻药、肠道抗炎、抗感染药 | 肠道抗感染药 | 其它肠道抗感染药,,,,https://www.yao86.com/%E8%A5%BF%E8%8D%AF/%E7%9B%90%E9%85%B8%E5%B0%8F%E6%AA%97%E7%A2%B1%E8%83%B6%E5%9B%8A,站点分类明确为止泻或肠道吸附药
already_present,12353,小檗碱甲氧苄啶胶囊,western,5,5,0.96,用于敏感菌所致的胃肠炎、细菌性痢疾等肠道感染。,抗微生物药 | 其他抗菌药,止泻药、肠道抗炎、抗感染药 | 肠道抗感染药 | 其它肠道抗感染药,,,,https://www.yao86.com/%E8%A5%BF%E8%8D%AF/%E5%B0%8F%E6%AA%97%E7%A2%B1%E7%94%B2%E6%B0%A7%E8%8B%84%E5%95%B6%E8%83%B6%E5%9B%8A,站点分类明确为止泻或肠道吸附药
already_present,12354,小檗碱甲氧苄啶片,western,5,5,0.96,用于敏感菌所致的胃肠炎，细菌性痢疾等肠道感染。,抗微生物药 | 其他抗菌药,止泻药、肠道抗炎、抗感染药 | 肠道抗感染药 | 其它肠道抗感染药,,,,https://www.yao86.com/%E8%A5%BF%E8%8D%AF/%E5%B0%8F%E6%AA%97%E7%A2%B1%E7%94%B2%E6%B0%A7%E8%8B%84%E5%95%B6%E7%89%87,站点分类明确为止泻或肠道吸附药
review_missing_efficacy,,西格列汀二甲双胍缓释片,western,,11,0.95,,,糖尿病用药 | 非胰岛素类降血糖药 | 口服降糖药复方,,,,https://www.yao86.com/%E8%A5%BF%E8%8D%AF/%E8%A5%BF%E6%A0%BC%E5%88%97%E6%B1%80%E4%BA%8C%E7%94%B2%E5%8F%8C%E8%83%8D%E7%BC%93%E9%87%8A%E7%89%87,站点药理或 ATC 分类明确为慢性病长期用药
review_missing_efficacy,,西格列汀二甲双胍缓释片(Ⅱ),western,,11,0.95,,,糖尿病用药 | 非胰岛素类降血糖药 | 口服降糖药复方,,,,https://www.yao86.com/%E8%A5%BF%E8%8D%AF/%E8%A5%BF%E6%A0%BC%E5%88%97%E6%B1%80%E4%BA%8C%E7%94%B2%E5%8F%8C%E8%83%8D%E7%BC%93%E9%87%8A%E7%89%87%28%E2%85%A1%29,站点药理或 ATC 分类明确为慢性病长期用药
already_present,12355,小儿鞣酸小檗碱片,western,5,5,0.96,本品主要用于敏感病原菌所致的胃肠炎、细菌性痢疾等肠道感染。,抗微生物药 | 其他抗菌药,止泻药、肠道抗炎、抗感染药 | 其它止泻药,,,,https://www.yao86.com/%E8%A5%BF%E8%8D%AF/%E5%B0%8F%E5%84%BF%E9%9E%A3%E9%85%B8%E5%B0%8F%E6%AA%97%E7%A2%B1%E7%89%87,站点分类明确为止泻或肠道吸附药
already_present,12356,香桂活血膏,tcm,13,13,0.9,祛风散寒，活血止痛。用于跌扑损伤，风湿性关节痛等。,温里剂 | 温经散寒,肌肉-骨骼系统药物 | 关节和肌肉疼痛局部用药,,,,https://www.yao86.com/%E4%B8%AD%E6%88%90%E8%8D%AF/%E9%A6%99%E6%A1%82%E6%B4%BB%E8%A1%80%E8%86%8F,站点明确收录为中成药，未命中更具体项目类别
already_present,12357,香连化滞片,tcm,5,5,0.96,调中化滞，止痛止痢。用于红白痢疾，里急后重，肚腹绞痛，停滞不消。,理气剂 | 理气和中,消化系统与代谢药 | 止泻药、肠道抗炎、抗感染药,,,,https://www.yao86.com/%E4%B8%AD%E6%88%90%E8%8D%AF/%E9%A6%99%E8%BF%9E%E5%8C%96%E6%BB%9E%E7%89%87,站点分类明确为止泻或肠道吸附药
already_present,12358,心脑联通胶囊,tcm,12,12,0.95,苗医：蒙修：给俄，蒙柯，陇蒙柯，告俄蒙给。中医：活血化瘀，通络止痛。用于瘀血闭阻引起的胸痹，眩晕，症见胸闷，胸痛，心悸，头晕，头痛耳鸣等，以及冠心病心绞痛，脑动脉硬化及高脂血症见上述证候者。,理血剂 | 活血化瘀,心脑血管与血液系统药物 | 心血管疾病治疗药,,,,https://www.yao86.com/%E4%B8%AD%E6%88%90%E8%8D%AF/%E5%BF%83%E8%84%91%E8%81%94%E9%80%9A%E8%83%B6%E5%9B%8A,站点药理或 ATC 分类明确为心脑血管用药
already_present,12359,心脑舒通片,tcm,12,12,0.95,理气活血。用于气滞血瘀的胸痹及中风恢复期，症见胸痹刺痛，活动不利，语言不清；冠心病，脑栓塞见上述症状者。,理血剂 | 活血化瘀,心脑血管与血液系统药物 | 心血管疾病治疗药,,,,https://www.yao86.com/%E4%B8%AD%E6%88%90%E8%8D%AF/%E5%BF%83%E8%84%91%E8%88%92%E9%80%9A%E7%89%87,站点药理或 ATC 分类明确为心脑血管用药
already_present,12360,心脑舒通胶囊,tcm,12,12,0.95,活血化瘀，舒利血脉。用于胸痹心痛，中风恢复期的半身不遂；语言障碍和动脉硬化等心脑血管缺血性疾患，以及各种血液高粘症。,理血剂 | 活血化瘀,心脑血管与血液系统药物 | 心血管疾病治疗药,,,,https://www.yao86.com/%E4%B8%AD%E6%88%90%E8%8D%AF/%E5%BF%83%E8%84%91%E8%88%92%E9%80%9A%E8%83%B6%E5%9B%8A,站点药理或 ATC 分类明确为心脑血管用药
already_present,12361,西羚解毒丸,tcm,0,0,0.94,解表清热。用于感冒发热，头痛咳嗽，咽喉肿痛。,解表剂 | 辛凉解表,呼吸系统药物 | 清热解毒药物,,,,https://www.yao86.com/%E4%B8%AD%E6%88%90%E8%8D%AF/%E8%A5%BF%E7%BE%9A%E8%A7%A3%E6%AF%92%E4%B8%B8,站点药理分类明确为感冒或解表用药
already_present,12362,心舒乐片,tcm,12,12,0.95,活血化瘀，舒通心脉。用于瘀血闭阻的胸痹，症见胸闷胸痛，舌暗瘀斑等，以及冠心病见上述症状者。,理血剂 | 活血化瘀,心脑血管与血液系统药物 | 心血管疾病治疗药,,,,https://www.yao86.com/%E4%B8%AD%E6%88%90%E8%8D%AF/%E5%BF%83%E8%88%92%E4%B9%90%E7%89%87,站点药理或 ATC 分类明确为心脑血管用药
already_present,12363,心舒宁片,tcm,12,12,0.95,活血化瘀。用于心脉瘀阻所致的胸痹心痛、冠心病、心绞痛、冠状动脉供血不全，动脉硬化见上述症候者。,理血剂 | 活血化瘀,心脑血管与血液系统药物 | 心血管疾病治疗药,,,,https://www.yao86.com/%E4%B8%AD%E6%88%90%E8%8D%AF/%E5%BF%83%E8%88%92%E5%AE%81%E7%89%87,站点药理或 ATC 分类明确为心脑血管用药
already_present,12364,心舒宁胶囊,tcm,12,12,0.95,活血化瘀。用于心脉瘀阴所致的胸痹心痛、冠心病、心绞痛、冠状动脉供血不全，动脉硬化见上述症候者。,理血剂 | 活血化瘀,心脑血管与血液系统药物 | 心血管疾病治疗药,,,,https://www.yao86.com/%E4%B8%AD%E6%88%90%E8%8D%AF/%E5%BF%83%E8%88%92%E5%AE%81%E8%83%B6%E5%9B%8A,站点药理或 ATC 分类明确为心脑血管用药
already_present,12365,茚达特罗莫米松吸入粉雾剂(Ⅰ),western,17,17,0.96,茚达特罗莫米松吸入粉雾剂(Ⅰ)用于成人慢性阻塞性肺疾病(COPD)患者的维持治疗。,呼吸系统用药 | 平喘药,阻塞性气管疾病用药 | 肾上腺素能药，吸入剂 | 肾上腺素能药和其它阻塞性气管病药的复方,,,,https://www.yao86.com/%E8%A5%BF%E8%8D%AF/%E8%8C%9A%E8%BE%BE%E7%89%B9%E7%BD%97%E8%8E%AB%E7%B1%B3%E6%9D%BE%E5%90%B8%E5%85%A5%E7%B2%89%E9%9B%BE%E5%89%82%28%E2%85%A0%29,人工分类边界：西药支气管扩张剂归其它
already_present,12366,茚达特罗莫米松吸入粉雾剂(Ⅲ),western,17,17,0.96,茚达特罗莫米松吸入粉雾剂(Ⅲ)用于成人慢性阻塞性肺疾病(COPD)患者的维持治疗。,呼吸系统用药 | 平喘药,阻塞性气管疾病用药 | 肾上腺素能药，吸入剂 | 肾上腺素能药和其它阻塞性气管病药的复方,,,,https://www.yao86.com/%E8%A5%BF%E8%8D%AF/%E8%8C%9A%E8%BE%BE%E7%89%B9%E7%BD%97%E8%8E%AB%E7%B1%B3%E6%9D%BE%E5%90%B8%E5%85%A5%E7%B2%89%E9%9B%BE%E5%89%82%28%E2%85%A2%29,人工分类边界：西药支气管扩张剂归其它
already_present,12367,茚达特罗莫米松吸入粉雾剂(Ⅱ),western,17,17,0.96,用于成人慢性阻塞性肺疾病(COPD)患者的维持治疗。,呼吸系统用药 | 平喘药,阻塞性气管疾病用药 | 肾上腺素能药，吸入剂 | 肾上腺素能药和其它阻塞性气管病药的复方,,,,https://www.yao86.com/%E8%A5%BF%E8%8D%AF/%E8%8C%9A%E8%BE%BE%E7%89%B9%E7%BD%97%E8%8E%AB%E7%B1%B3%E6%9D%BE%E5%90%B8%E5%85%A5%E7%B2%89%E9%9B%BE%E5%89%82%28%E2%85%A1%29,人工分类边界：西药支气管扩张剂归其它
already_present,12368,茚达特罗格隆溴铵吸入粉雾剂,western,17,17,0.96,适用于成人慢性阻塞性肺疾病(COPD)(包括慢性支气管炎和肺气肿)患者维持性支气管扩张治疗以缓解症状。,呼吸系统用药 | 平喘药,阻塞性气管疾病用药 | 肾上腺素能药，吸入剂 | 肾上腺素能药物与抗胆碱能药物的联合应用，包括与糖皮质激素的三种联合应用,,,,https://www.yao86.com/%E8%A5%BF%E8%8D%AF/%E8%8C%9A%E8%BE%BE%E7%89%B9%E7%BD%97%E6%A0%BC%E9%9A%86%E6%BA%B4%E9%93%B5%E5%90%B8%E5%85%A5%E7%B2%89%E9%9B%BE%E5%89%82,人工分类边界：西药支气管扩张剂归其它
review_missing_efficacy,,异卡波肼片,western,,,0.0,,,精神兴奋药 | 抗抑郁药 | 非选择性单胺氧化酶抑制药,,,,https://www.yao86.com/%E8%A5%BF%E8%8D%AF/%E5%BC%82%E5%8D%A1%E6%B3%A2%E8%82%BC%E7%89%87,站点分类无法可靠映射到项目现有类别
review_missing_efficacy,,茚达格莫吸入粉雾剂(Ⅰ),western,,17,0.96,,呼吸系统用药 | 平喘药,阻塞性气管疾病用药 | 肾上腺素能药，吸入剂 | 肾上腺素能药物与抗胆碱能药物的联合应用，包括与糖皮质激素的三种联合应用,,,,https://www.yao86.com/%E8%A5%BF%E8%8D%AF/%E8%8C%9A%E8%BE%BE%E6%A0%BC%E8%8E%AB%E5%90%B8%E5%85%A5%E7%B2%89%E9%9B%BE%E5%89%82%28%E2%85%A0%29,人工分类边界：西药支气管扩张剂归其它
review_missing_efficacy,,茚达格莫吸入粉雾剂(Ⅱ),western,,17,0.96,,呼吸系统用药 | 平喘药,阻塞性气管疾病用药 | 肾上腺素能药，吸入剂 | 肾上腺素能药物与抗胆碱能药物的联合应用，包括与糖皮质激素的三种联合应用,,,,https://www.yao86.com/%E8%A5%BF%E8%8D%AF/%E8%8C%9A%E8%BE%BE%E6%A0%BC%E8%8E%AB%E5%90%B8%E5%85%A5%E7%B2%89%E9%9B%BE%E5%89%82%28%E2%85%A1%29,人工分类边界：西药支气管扩张剂归其它
already_present,12369,西瓜霜,tcm,9,9,0.94,清热泻火，消肿止痛，用于肺胃火热上蒸引起的扁桃体炎、咽炎，症见：咽喉红肿疼痛，喉结红肿。口舌生疮，牙龈宣肿。,治疮疡剂 | 解毒消肿,呼吸系统药物 | 咽喉疾病治疗药,,,,https://www.yao86.com/%E4%B8%AD%E6%88%90%E8%8D%AF/%E8%A5%BF%E7%93%9C%E9%9C%9C,剂型或站点分类明确为局部外用药
already_present,2812,西瓜霜润喉片,tcm,13,13,0.9,清音利咽，消肿止痛。用于防治咽喉肿痛，声音嘶哑，喉痹，口舌生疮；急、慢性咽喉炎，急性扁桃体炎，口腔溃疡，口腔炎，牙龈肿痛。,治疮疡剂 | 解毒消肿,呼吸系统药物 | 咽喉疾病治疗药,,,,https://www.yao86.com/%E4%B8%AD%E6%88%90%E8%8D%AF/%E8%A5%BF%E7%93%9C%E9%9C%9C%E6%B6%A6%E5%96%89%E7%89%87,保留数据库现有分类；站点明确收录为中成药，未命中更具体项目类别
already_present,12370,小儿热速清糖浆,tcm,0,0,0.94,清热解毒，泻火利咽。用于小儿外感发热，头痛，咽喉肿痛，鼻塞，流涕，咳嗽，大便干结。,清热剂 | 清热解毒,呼吸系统药物 | 咳嗽和感冒用药,,,,https://www.yao86.com/%E4%B8%AD%E6%88%90%E8%8D%AF/%E5%B0%8F%E5%84%BF%E7%83%AD%E9%80%9F%E6%B8%85%E7%B3%96%E6%B5%86,站点药理分类明确为感冒或解表用药
already_present,12371,小儿热速清颗粒,tcm,0,0,0.94,清热，解毒，利咽。用于风热感冒，发热头痛，咽喉红肿，鼻塞流黄涕，咳嗽，便秘。,清热剂 | 清热解毒,呼吸系统药物 | 咳嗽和感冒用药,,,,https://www.yao86.com/%E4%B8%AD%E6%88%90%E8%8D%AF/%E5%B0%8F%E5%84%BF%E7%83%AD%E9%80%9F%E6%B8%85%E9%A2%97%E7%B2%92,站点药理分类明确为感冒或解表用药
already_present,12372,小儿热速清口服液,tcm,0,0,0.94,清热解毒，泻火利咽。用于小儿外感风热所致的感冒，症见发热、头痛、咽喉肿痛、鼻塞流涕、咳嗽、大便干结。,清热剂 | 清热解毒,呼吸系统药物 | 咳嗽和感冒用药,,,,https://www.yao86.com/%E4%B8%AD%E6%88%90%E8%8D%AF/%E5%B0%8F%E5%84%BF%E7%83%AD%E9%80%9F%E6%B8%85%E5%8F%A3%E6%9C%8D%E6%B6%B2,站点药理分类明确为感冒或解表用药
already_present,12373,消渴降糖胶囊,tcm,11,11,0.95,生津止渴，甘平养胃，涩敛固阴。用于多饮，多尿，多食，消瘦，体倦无力，尿糖及血糖升高之消渴症；轻度及中度成年型糖尿病。,补益剂 | 益气养阴,消化系统与代谢药 | 糖尿病药物,,,,https://www.yao86.com/%E4%B8%AD%E6%88%90%E8%8D%AF/%E6%B6%88%E6%B8%B4%E9%99%8D%E7%B3%96%E8%83%B6%E5%9B%8A,站点药理或 ATC 分类明确为慢性病长期用药
already_present,12374,醒脑降压丸,tcm,12,12,0.95,通窍醒脑，清心镇静，抗热消炎。用于高血压病，言语不清，痰涎壅盛。,开窍剂 | 凉开,心脑血管与血液系统药物 | 抗高血压药,,,,https://www.yao86.com/%E4%B8%AD%E6%88%90%E8%8D%AF/%E9%86%92%E8%84%91%E9%99%8D%E5%8E%8B%E4%B8%B8,站点药理或 ATC 分类明确为心脑血管用药
already_present,12375,西黄丸,tcm,13,13,0.9,清热解毒，消肿散结。用于热毒壅结所致的痈疽疔毒、瘰疬、流注，癌肿。,治疮疡剂 | 解毒消肿,肿瘤药物 | 肿瘤辅助药物,,,,https://www.yao86.com/%E4%B8%AD%E6%88%90%E8%8D%AF/%E8%A5%BF%E9%BB%84%E4%B8%B8,站点明确收录为中成药，未命中更具体项目类别
already_present,12376,西黄胶囊,tcm,13,13,0.9,解毒散热，消肿止痛。用于毒瘀互结，痈疽疮疡，阴疽肿痛，多发性脓肿，淋巴结炎，寒性脓疡属上述证候者。,治疮疡剂 | 解毒消肿,肿瘤药物 | 肿瘤辅助药物,,,,https://www.yao86.com/%E4%B8%AD%E6%88%90%E8%8D%AF/%E8%A5%BF%E9%BB%84%E8%83%B6%E5%9B%8A,站点明确收录为中成药，未命中更具体项目类别
already_present,12377,新型狗皮膏,tcm,13,13,0.9,祛风散寒，舒筋活血，止痛。用于急性扭伤、挫伤、风湿痛、神经痛、关节和肌肉酸痛等症。,治风剂 | 祛风止痛,肌肉-骨骼系统药物 | 关节和肌肉疼痛局部用药,,,,https://www.yao86.com/%E4%B8%AD%E6%88%90%E8%8D%AF/%E6%96%B0%E5%9E%8B%E7%8B%97%E7%9A%AE%E8%86%8F,站点明确收录为中成药，未命中更具体项目类别
already_present,12378,狗皮膏(改进型),tcm,13,13,0.9,祛风散寒，舒筋活血，止痛。用于急性扭挫伤，风湿痛，关节和肌肉酸痛。,治风剂 | 祛风止痛,肌肉-骨骼系统药物 | 关节和肌肉疼痛局部用药,,,,https://www.yao86.com/%E4%B8%AD%E6%88%90%E8%8D%AF/%E7%8B%97%E7%9A%AE%E8%86%8F%28%E6%94%B9%E8%BF%9B%E5%9E%8B%29,站点明确收录为中成药，未命中更具体项目类别
already_present,12379,仙蟾片,tcm,13,13,0.9,化瘀散结，益气止痛。用于食道癌、胃癌、肺癌。,理血剂 | 化瘀消癥,肿瘤药物 | 抗肿瘤药,,,,https://www.yao86.com/%E4%B8%AD%E6%88%90%E8%8D%AF/%E4%BB%99%E8%9F%BE%E7%89%87,站点明确收录为中成药，未命中更具体项目类别
already_present,12380,盐酸乙胺丁醇胶囊,western,2,2,0.96,本品适用于与其他抗结核药联合治疗结核分枝杆菌所致的肺结核和肺外结核，亦可用于非典型结核分枝杆菌感染的治疗。,抗微生物药 | 抗结核病药,抗分枝杆菌药 | 顿挫性结核治疗用药 | 其它顿挫性结核治疗用药,,,,https://www.yao86.com/%E8%A5%BF%E8%8D%AF/%E7%9B%90%E9%85%B8%E4%B9%99%E8%83%BA%E4%B8%81%E9%86%87%E8%83%B6%E5%9B%8A,站点药理或 ATC 分类明确为抗感染药
already_present,12381,盐酸乙胺丁醇片,western,2,2,0.96,适用于与其他抗结核药联合治疗结核杆菌所致的肺结核。亦可用于结核性脑膜炎及非典型分枝杆菌感染的治疗。,抗微生物药 | 抗结核病药,抗分枝杆菌药 | 顿挫性结核治疗用药 | 其它顿挫性结核治疗用药,,,,https://www.yao86.com/%E8%A5%BF%E8%8D%AF/%E7%9B%90%E9%85%B8%E4%B9%99%E8%83%BA%E4%B8%81%E9%86%87%E7%89%87,站点药理或 ATC 分类明确为抗感染药
review_missing_efficacy,,盐酸尼卡地平缓释微丸,western,,,0.0,,,,,,,https://www.yao86.com/%E8%A5%BF%E8%8D%AF/%E7%9B%90%E9%85%B8%E5%B0%BC%E5%8D%A1%E5%9C%B0%E5%B9%B3%E7%BC%93%E9%87%8A%E5%BE%AE%E4%B8%B8,站点分类无法可靠映射到项目现有类别
review_missing_efficacy,,盐酸尼卡地平速释微丸,western,,,0.0,,,,,,,https://www.yao86.com/%E8%A5%BF%E8%8D%AF/%E7%9B%90%E9%85%B8%E5%B0%BC%E5%8D%A1%E5%9C%B0%E5%B9%B3%E9%80%9F%E9%87%8A%E5%BE%AE%E4%B8%B8,站点分类无法可靠映射到项目现有类别
already_present,12382,异烟肼维B6片,western,2,2,0.96,1.异烟肼与其他抗结核药联合，适用于各型结核病的治疗，包括结核性脑膜炎以及其他分枝杆菌感染。2.异烟肼单用适用于各型结核病的预防：①新近确诊为结核病患者的家庭成员或密切接触者；②结核菌素纯蛋白衍生物试验（PPD）强阳性同时胸部X射线检查符合非进行性结核病，痰菌阴性，过去未接受过正规抗结核治疗者；③正在接受免疫抑制剂或长期激素治疗的患者，某些血液病或网状内皮系统疾病（如白血病、霍奇金氏病）、糖尿病、尿毒症、矽肺或胃切除术等患者，其结核菌素纯蛋白衍生物试验呈阳性反应者；④35岁以下结核菌素纯蛋白衍生物试验阳性,抗微生物药 | 抗结核病药,抗分枝杆菌药 | 顿挫性结核治疗用药 | 酰肼类,,,,https://www.yao86.com/%E8%A5%BF%E8%8D%AF/%E5%BC%82%E7%83%9F%E8%82%BC%E7%BB%B4B6%E7%89%87,站点药理或 ATC 分类明确为抗感染药
review_missing_efficacy,,盐酸普鲁卡因胶囊,western,,,0.0,,,麻醉药 | 局部麻醉药 | 氨苯甲酸酯类,,,,https://www.yao86.com/%E8%A5%BF%E8%8D%AF/%E7%9B%90%E9%85%B8%E6%99%AE%E9%B2%81%E5%8D%A1%E5%9B%A0%E8%83%B6%E5%9B%8A,站点分类无法可靠映射到项目现有类别
already_present,12383,元胡胃舒片,tcm,5,5,0.93,舒肝和胃，制酸止痛。用于胃溃疡、胃炎、十二指肠溃疡属肝胃不和证，症见：胃痛，痞满，纳差，反酸，恶心，呕吐等。,制酸止痛解痉剂,消化系统与代谢药 | 胃病相关药物,,,,https://www.yao86.com/%E4%B8%AD%E6%88%90%E8%8D%AF/%E5%85%83%E8%83%A1%E8%83%83%E8%88%92%E7%89%87,站点药理或 ATC 分类明确为胃肠消化用药
already_present,12384,元胡胃舒胶囊,tcm,5,5,0.93,舒肝和胃，制酸止痛。用于胃溃疡、胃炎、十二指肠溃疡属肝胃不和证，症见：胃痛，痞满，纳差，反酸，恶心，呕吐等。,制酸止痛解痉剂,消化系统与代谢药 | 胃病相关药物,,,,https://www.yao86.com/%E4%B8%AD%E6%88%90%E8%8D%AF/%E5%85%83%E8%83%A1%E8%83%83%E8%88%92%E8%83%B6%E5%9B%8A,站点药理或 ATC 分类明确为胃肠消化用药
already_present,12385,羊痫疯丸,tcm,13,13,0.9,熄风止惊，清心安神。用于癫痫。,安神剂 | 其它,神经系统药物 | 抗癫痫药,,,,https://www.yao86.com/%E4%B8%AD%E6%88%90%E8%8D%AF/%E7%BE%8A%E7%97%AB%E7%96%AF%E4%B8%B8,站点明确收录为中成药，未命中更具体项目类别
already_present,12386,益血糖浆,tcm,13,13,0.9,补气养血。用于气血不足所致的神疲乏力，心悸气短，失眠多梦。,补益剂 | 气血双补,,,,,https://www.yao86.com/%E4%B8%AD%E6%88%90%E8%8D%AF/%E7%9B%8A%E8%A1%80%E7%B3%96%E6%B5%86,站点明确收录为中成药，未命中更具体项目类别
already_present,12387,益血合剂,tcm,13,13,0.9,补气养血。用于气血不足所致的神疲乏力，心悸气短，失眠多梦。,补益剂 | 气血双补,补气补血药物 | 补气药物,,,,https://www.yao86.com/%E4%B8%AD%E6%88%90%E8%8D%AF/%E7%9B%8A%E8%A1%80%E5%90%88%E5%89%82,站点明确收录为中成药，未命中更具体项目类别
already_present,12388,淫羊藿总黄酮胶囊,tcm,13,13,0.9,温阳补肾，强健筋骨。用于原发性骨质疏松，肾阳虚症，症见腰脊疼痛，腰膝酸软，形寒肢冷，下肢无力，夜尿频多，舌淡，苔薄白。,补益剂 | 补阳,肌肉-骨骼系统药物 | 骨病治疗药 | 骨质疏松治疗药,,,,https://www.yao86.com/%E4%B8%AD%E6%88%90%E8%8D%AF/%E6%B7%AB%E7%BE%8A%E8%97%BF%E6%80%BB%E9%BB%84%E9%85%AE%E8%83%B6%E5%9B%8A,站点明确收录为中成药，未命中更具体项目类别
reclassified_existing,12389,益血膏,tcm,13,14,0.96,益精血，补肝肾。用于气虚血亏引起的面色萎黄，精神倦怠，头晕目眩，妇女血虚，月经不调。,补益剂 | 气血双补,补气补血药物 | 补血药物,,,,https://www.yao86.com/%E4%B8%AD%E6%88%90%E8%8D%AF/%E7%9B%8A%E8%A1%80%E8%86%8F,站点药理或 ATC 分类明确为妇科用药
already_present,12390,玉盘消渴片,tcm,11,11,0.95,养阴益气，生津止渴。用于气阴两虚所致的消渴，症见倦怠乏力，自汗盗汗。,补益剂 | 益气养阴,消化系统与代谢药 | 糖尿病药物,,,,https://www.yao86.com/%E4%B8%AD%E6%88%90%E8%8D%AF/%E7%8E%89%E7%9B%98%E6%B6%88%E6%B8%B4%E7%89%87,站点药理或 ATC 分类明确为慢性病长期用药
already_present,12391,益视颗粒,tcm,13,13,0.9,滋肾养肝，健脾益气，调节视力。用于肝肾不足、气血亏虚引起的青少年近视及视力疲劳者。,补益剂 | 气血双补,感觉系统药物 | 眼病治疗药 | 眼疲劳治疗药,,,,https://www.yao86.com/%E4%B8%AD%E6%88%90%E8%8D%AF/%E7%9B%8A%E8%A7%86%E9%A2%97%E7%B2%92,站点明确收录为中成药，未命中更具体项目类别
already_present,12392,益视口服液,tcm,13,13,0.9,滋肾养肝，健脾益气，调节视力。用于肝肾不足、气血亏虚引起的青少年假性近视及视力疲劳者。,清目剂,感觉系统药物 | 眼病治疗药 | 眼疲劳治疗药,,,,https://www.yao86.com/%E4%B8%AD%E6%88%90%E8%8D%AF/%E7%9B%8A%E8%A7%86%E5%8F%A3%E6%9C%8D%E6%B6%B2,站点明确收录为中成药，未命中更具体项目类别
already_present,12393,玉真散,tcm,13,13,0.9,祛风，解痉，止痛。用于破伤风；外治跌扑损伤。,治风剂 | 祛风止痛,肌肉-骨骼系统药物 | 关节和肌肉疼痛局部用药,,,,https://www.yao86.com/%E4%B8%AD%E6%88%90%E8%8D%AF/%E7%8E%89%E7%9C%9F%E6%95%A3,站点明确收录为中成药，未命中更具体项目类别
already_present,12394,玉真散胶囊,tcm,13,13,0.9,祛风，解痉，止痛。用于破伤风；外治跌扑损伤。,治风剂 | 祛风止痛,肌肉-骨骼系统药物 | 关节和肌肉疼痛局部用药,,,,https://www.yao86.com/%E4%B8%AD%E6%88%90%E8%8D%AF/%E7%8E%89%E7%9C%9F%E6%95%A3%E8%83%B6%E5%9B%8A,站点明确收录为中成药，未命中更具体项目类别
already_present,12395,越鞠保和丸,tcm,5,5,0.93,舒肝解郁，开胃消食。用于气食郁滞所致的胃痛，症见脘腹胀痛、倒饱嘈杂、纳呆食少、大便不调；消化不良见上述证候者。,消食剂 | 健脾消食,消化系统与代谢药 | 提升食欲、促消化药,,,,https://www.yao86.com/%E4%B8%AD%E6%88%90%E8%8D%AF/%E8%B6%8A%E9%9E%A0%E4%BF%9D%E5%92%8C%E4%B8%B8,站点药理或 ATC 分类明确为胃肠消化用药
already_present,12396,余甘子喉片,tcm,13,13,0.9,清热润燥，利咽止痛。用于燥热伤津引起的咽喉干燥疼痛。,治燥剂 | 其它,呼吸系统药物 | 咽喉疾病治疗药,,,,https://www.yao86.com/%E4%B8%AD%E6%88%90%E8%8D%AF/%E4%BD%99%E7%94%98%E5%AD%90%E5%96%89%E7%89%87,站点明确收录为中成药，未命中更具体项目类别
already_present,106,银丹心脑通软胶囊,tcm,12,12,0.95,苗医：蒙修，蒙柯，陇蒙柯，给俄，告俄蒙给。中医：活血化瘀、行气止痛、消食化滞。用于气滞血瘀引起的胸痹，胸闷，气短，心悸等；冠心病心绞痛，高脂血症、脑动脉硬化，中风、中风后遗症见上述症状者。,消食剂 | 消食导滞,心脑血管与血液系统药物 | 心血管疾病治疗药,,,,https://www.yao86.com/%E4%B8%AD%E6%88%90%E8%8D%AF/%E9%93%B6%E4%B8%B9%E5%BF%83%E8%84%91%E9%80%9A%E8%BD%AF%E8%83%B6%E5%9B%8A,保留数据库现有分类；站点药理或 ATC 分类明确为心脑血管用药
already_present,12397,益康补元颗粒,tcm,13,13,0.9,傣医：补塔档细。共多温腰接，唣载，斤好不检。中医：益气活血，健脾补肾。用于气虚血瘀、脾肾亏虚引起的神疲乏力，气短，失眠，腰膝酸软，食少健忘。,理血剂 | 益气活血,生殖泌尿系统药物 | 泌尿系统药物 | 补肾药物（勃起机能障碍用药）,,,,https://www.yao86.com/%E4%B8%AD%E6%88%90%E8%8D%AF/%E7%9B%8A%E5%BA%B7%E8%A1%A5%E5%85%83%E9%A2%97%E7%B2%92,站点明确收录为中成药，未命中更具体项目类别
review_missing_efficacy,,叶绿油,tcm,,13,0.9,,开窍剂 | 凉开,,,,,https://www.yao86.com/%E4%B8%AD%E6%88%90%E8%8D%AF/%E5%8F%B6%E7%BB%BF%E6%B2%B9,站点明确收录为中成药，未命中更具体项目类别
already_present,12398,益心康片,tcm,11,11,0.95,益气，活血，滋肾。用于高脂血症证属气虚血瘀型的辅助治疗。,理血剂 | 益气活血,心脑血管与血液系统药物 | 血脂调节剂,,,,https://www.yao86.com/%E4%B8%AD%E6%88%90%E8%8D%AF/%E7%9B%8A%E5%BF%83%E5%BA%B7%E7%89%87,站点药理或 ATC 分类明确为慢性病长期用药
review_missing_efficacy,,复方妥洛特罗糖浆,western,,,0.0,,,阻塞性气管疾病用药 | 其它阻塞性气管病系统用药,,,,https://www.yao86.com/%E8%A5%BF%E8%8D%AF/%E5%A4%8D%E6%96%B9%E5%A6%A5%E6%B4%9B%E7%89%B9%E7%BD%97%E7%B3%96%E6%B5%86,站点分类无法可靠映射到项目现有类别
already_present,12399,异维A酸红霉素凝胶,western,9,9,0.94,本品用于轻、中度寻常性痤疮的局部治疗，对炎性和非炎性皮损均有效。,皮肤科用药 | 角质溶解药,抗痤疮药 | 局部用抗痤疮药 | 治疗痤疮用视黄醇类药物,,,,https://www.yao86.com/%E8%A5%BF%E8%8D%AF/%E5%BC%82%E7%BB%B4A%E9%85%B8%E7%BA%A2%E9%9C%89%E7%B4%A0%E5%87%9D%E8%83%B6,剂型或站点分类明确为局部外用药
already_present,12400,依折麦布辛伐他汀片,western,11,11,0.95,原发性高胆固醇血症本品适用于原发性(杂合子家族性或非家族性)高胆固醇血症或混合性高脂血症患者饮食控制以外的辅助治疗。本品可降低总胆固醇(TC)、低密度脂蛋白胆固醇(LDL-C)、载脂蛋白B(Apo B)、甘油三酯(TG)和非高密度脂蛋白胆固醇(non-HDL-C)水平，并能升高高密度脂蛋白胆固醇(HDL-C)水平。纯合子家族性高胆固醇血症(HoFH)本品适用于降低HoFH患者的TC和LDL-C水平。本品可作为其他降脂治疗(例如LDL血浆分离置换法)的辅助疗法，或尚无其他降脂治疗时，本品用于降低HoFH患者的TC和LDL-C水平。,心血管系统用药 | 调脂及抗动脉粥样硬化药,血脂调节剂 | 血脂调节剂，复方 | 各类血脂调节剂复方,葆至能,,,https://www.yao86.com/%E8%A5%BF%E8%8D%AF/%E4%BE%9D%E6%8A%98%E9%BA%A6%E5%B8%83%E8%BE%9B%E4%BC%90%E4%BB%96%E6%B1%80%E7%89%87,站点药理或 ATC 分类明确为慢性病长期用药
review_missing_efficacy,,乙琥胺糖浆,western,,,0.0,,,抗癫痫药 | 琥珀酰胺衍生物类,,,,https://www.yao86.com/%E8%A5%BF%E8%8D%AF/%E4%B9%99%E7%90%A5%E8%83%BA%E7%B3%96%E6%B5%86,站点分类无法可靠映射到项目现有类别
already_present,12401,贞芪利咽颗粒,tcm,13,13,0.9,养阴益气，化痰祛瘀。用于慢性咽炎属气阴两虚兼有痰瘀证，证见：咽部不适，或干燥，或咽痒，或有异物感，或咽灼热感，清嗓作咳，神倦乏力等。,补益剂 | 益气养阴,呼吸系统药物 | 咽喉疾病治疗药,,,,https://www.yao86.com/%E4%B8%AD%E6%88%90%E8%8D%AF/%E8%B4%9E%E8%8A%AA%E5%88%A9%E5%92%BD%E9%A2%97%E7%B2%92,站点明确收录为中成药，未命中更具体项目类别
already_present,12402,珠黄消疳散,tcm,13,13,0.9,清热解毒。用于咽喉肿痛，口臭牙疳，齿龈溃烂，牙缝出血。,清热剂 | 清热解毒,呼吸系统药物 | 咽喉疾病治疗药,,,,https://www.yao86.com/%E4%B8%AD%E6%88%90%E8%8D%AF/%E7%8F%A0%E9%BB%84%E6%B6%88%E7%96%B3%E6%95%A3,站点明确收录为中成药，未命中更具体项目类别
already_present,12403,贞芪扶正胶囊,tcm,13,13,0.9,补气养阴，用于久病虚损，气阴不足。配合手术、放射治疗、化学治疗，促进正常功能的恢复。,补益剂 | 益气养阴,肿瘤药物 | 肿瘤辅助药物,,,,https://www.yao86.com/%E4%B8%AD%E6%88%90%E8%8D%AF/%E8%B4%9E%E8%8A%AA%E6%89%B6%E6%AD%A3%E8%83%B6%E5%9B%8A,站点明确收录为中成药，未命中更具体项目类别
already_present,12404,贞芪扶正颗粒,tcm,13,13,0.9,有提高人体免疫功能，保护骨髓和肾上腺皮质功能；用于各种疾病引起的虚损；配合手术、放射线、化学治疗，促进正常功能的恢复。,补益剂 | 益气养阴,肿瘤药物 | 肿瘤辅助药物,,,,https://www.yao86.com/%E4%B8%AD%E6%88%90%E8%8D%AF/%E8%B4%9E%E8%8A%AA%E6%89%B6%E6%AD%A3%E9%A2%97%E7%B2%92,站点明确收录为中成药，未命中更具体项目类别
already_present,12405,贞芪扶正片,tcm,13,13,0.9,补气养阴，用于久病虚损，气阴不足。配合手术、放射治疗、化学治疗，促进正常功能的恢复。,补益剂 | 益气养阴,肿瘤药物 | 肿瘤辅助药物,,,,https://www.yao86.com/%E4%B8%AD%E6%88%90%E8%8D%AF/%E8%B4%9E%E8%8A%AA%E6%89%B6%E6%AD%A3%E7%89%87,站点明确收录为中成药，未命中更具体项目类别
already_present,12406,贞芪扶正泡腾片,tcm,13,13,0.9,提高人体免疫功能，保护骨髓和肾上腺皮质。用于各种疾病引起的虚损;配合手术、放射线、化学治疗，促进正常功能的恢复。,补益剂 | 益气养阴,肿瘤药物 | 肿瘤辅助药物,,,,https://www.yao86.com/%E4%B8%AD%E6%88%90%E8%8D%AF/%E8%B4%9E%E8%8A%AA%E6%89%B6%E6%AD%A3%E6%B3%A1%E8%85%BE%E7%89%87,站点明确收录为中成药，未命中更具体项目类别
already_present,12407,仲景胃灵丸,tcm,5,5,0.93,温中散寒，健胃止痛。用于脾胃虚弱，食欲不振，寒凝胃痛，脘腹胀满，呕吐酸水或清水。,制酸止痛解痉剂,消化系统与代谢药 | 胃病相关药物,,,,https://www.yao86.com/%E4%B8%AD%E6%88%90%E8%8D%AF/%E4%BB%B2%E6%99%AF%E8%83%83%E7%81%B5%E4%B8%B8,站点药理或 ATC 分类明确为胃肠消化用药
already_present,12408,温胃降逆颗粒,tcm,5,5,0.93,温中散寒，缓急止痛。用于胃寒所致的胃脘疼痛、食欲不振，恶心呕吐；慢性浅表性胃炎见上述症状者。,制酸止痛解痉剂,消化系统与代谢药 | 胃病相关药物,,,,https://www.yao86.com/%E4%B8%AD%E6%88%90%E8%8D%AF/%E6%B8%A9%E8%83%83%E9%99%8D%E9%80%86%E9%A2%97%E7%B2%92,站点药理或 ATC 分类明确为胃肠消化用药
already_present,12409,仲景胃灵胶囊,tcm,5,5,0.93,温中散寒，健胃止痛。用于脾胃虚弱，食欲不振，寒凝胃痛，脘腹胀满，呕吐酸水或清水。,制酸止痛解痉剂,消化系统与代谢药 | 胃病相关药物,,,,https://www.yao86.com/%E4%B8%AD%E6%88%90%E8%8D%AF/%E4%BB%B2%E6%99%AF%E8%83%83%E7%81%B5%E8%83%B6%E5%9B%8A,站点药理或 ATC 分类明确为胃肠消化用药
already_present,12410,仲景胃灵片,tcm,5,5,0.93,温中散寒，健胃止痛。用于脾胃虚弱，食欲不振，寒凝胃痛，脘腹胀满，呕吐酸水或清水。,制酸止痛解痉剂,消化系统与代谢药 | 胃病相关药物,,,,https://www.yao86.com/%E4%B8%AD%E6%88%90%E8%8D%AF/%E4%BB%B2%E6%99%AF%E8%83%83%E7%81%B5%E7%89%87,站点药理或 ATC 分类明确为胃肠消化用药
already_present,12411,珍珠牛黄散,tcm,13,13,0.9,清热解毒，消肿止痛。用于热毒壅盛引起的白喉，咽喉肿痛，喉痹口疳。,局部用止痛剂,呼吸系统药物 | 咽喉疾病治疗药,,,,https://www.yao86.com/%E4%B8%AD%E6%88%90%E8%8D%AF/%E7%8F%8D%E7%8F%A0%E7%89%9B%E9%BB%84%E6%95%A3,站点明确收录为中成药，未命中更具体项目类别
already_present,12412,珍杉理胃片,tcm,5,5,0.93,调中和胃，行气活血，解毒生肌。用于寒热夹杂、气血阻滞所致的胃脘疼痛、嗳气返酸、腹胀、大便时溏时硬等；十二指肠溃疡见上述证候者。,理气剂 | 理气和中,消化系统与代谢药 | 胃病相关药物,,,,https://www.yao86.com/%E4%B8%AD%E6%88%90%E8%8D%AF/%E7%8F%8D%E6%9D%89%E7%90%86%E8%83%83%E7%89%87,站点药理或 ATC 分类明确为胃肠消化用药
already_present,12413,制酸止痛胶囊,tcm,5,5,0.93,健脾行气，和胃止痛。用于脾虚气滞所致胃脘疼痛，腹胀胁痛，嗳气吞酸，及慢性浅表性胃炎见上述证候者。,制酸止痛解痉剂,消化系统与代谢药 | 胃病相关药物,,,,https://www.yao86.com/%E4%B8%AD%E6%88%90%E8%8D%AF/%E5%88%B6%E9%85%B8%E6%AD%A2%E7%97%9B%E8%83%B6%E5%9B%8A,站点药理或 ATC 分类明确为胃肠消化用药
already_present,12414,珍珠胃安丸,tcm,5,5,0.93,行气止痛，宽中和胃。用于气滞所致的胃痛，症见胃脘疼痛胀满、泛吐酸水、嘈杂似饥；胃及十二指肠溃疡见上述证候者。,理气剂 | 理气和中,消化系统与代谢药 | 胃病相关药物,,,,https://www.yao86.com/%E4%B8%AD%E6%88%90%E8%8D%AF/%E7%8F%8D%E7%8F%A0%E8%83%83%E5%AE%89%E4%B8%B8,站点药理或 ATC 分类明确为胃肠消化用药
review_unclassified,,中性蛋白酶肠溶片,western,,,0.0,用于慢性气管炎引起的痰液粘稠。,呼吸系统用药 | 其他呼吸系统药,阻塞性气管疾病用药 | 其它阻塞性气管病系统用药,,,,https://www.yao86.com/%E8%A5%BF%E8%8D%AF/%E4%B8%AD%E6%80%A7%E8%9B%8B%E7%99%BD%E9%85%B6%E8%82%A0%E6%BA%B6%E7%89%87,站点分类无法可靠映射到项目现有类别
review_unclassified,,泽布替尼胶囊,western,,,0.0,本品适用于治疗：1)既往至少接受过一种治疗的成人套细胞淋巴瘤(MCL)患者。2)既往至少接受过一种治疗的成人慢性淋巴细胞白血病(CLL)/小淋巴细胞淋巴瘤(SLL)患者。上述适应症分别基于一项单臂临床试验的客观缓解率结果给予的附条件批准。本品的完全批准将取决于正在开展中的确证性随机对照临床试验结果。,抗肿瘤药 | 抗肿瘤靶向药,抗肿瘤药 | 蛋白激酶抑制剂 | Bruton酪氨酸激酶(BTK)抑制剂,百悦泽Brukinsa,,,https://www.yao86.com/%E8%A5%BF%E8%8D%AF/%E6%B3%BD%E5%B8%83%E6%9B%BF%E5%B0%BC%E8%83%B6%E5%9B%8A,站点分类无法可靠映射到项目现有类别
already_present,1601,左卡尼汀口服溶液,western,7,7,0.0,本品用于治疗原发性系统性卡尼汀缺乏症。报道病例中，临床表现包括反复发作的Reye样脑病、低酮性低血糖症、和/或心肌病。相关症状包括骨骼肌张力减退、肌无力和发育停滞。原发性卡尼汀缺乏症的诊断要点为患者血清、红细胞和/或组织中卡尼汀水平低，且患者没有原发性脂肪酸或有机酸氧化缺陷(见临床药理部分)。在部分患者，特别是表现为心肌病的那些患者中，补充卡尼汀可快速缓解疾病的症状和体征。除卡尼汀外，还应根据患者病情予以支持治疗和其他治疗措施。本品也用于先天性代谢异常导致的继发性卡尼汀缺乏症的短期和长期治疗。,泌尿系统用药 | 其他泌尿系统药,其它消化道和代谢药物 | 氨基酸与其衍生物,,,,https://www.yao86.com/%E8%A5%BF%E8%8D%AF/%E5%B7%A6%E5%8D%A1%E5%B0%BC%E6%B1%80%E5%8F%A3%E6%9C%8D%E6%BA%B6%E6%B6%B2,保留数据库现有分类；站点分类无法可靠映射到项目现有类别
review_missing_efficacy,,猪源纤维蛋白粘合剂,western,,,0.0,,生物制品 | 治疗用生物制品,抗出血药 | 维生素K和其它止血药 | 局部止血药,,,,https://www.yao86.com/%E8%A5%BF%E8%8D%AF/%E7%8C%AA%E6%BA%90%E7%BA%A4%E7%BB%B4%E8%9B%8B%E7%99%BD%E7%B2%98%E5%90%88%E5%89%82,站点分类无法可靠映射到项目现有类别
review_unclassified,,猪纤维蛋白粘合剂,western,,,0.0,辅助用于常规手术操作控制出血不满意的外科止血。,生物制品 | 治疗用生物制品,抗出血药 | 维生素K和其它止血药 | 局部止血药,安可晶,,,https://www.yao86.com/%E8%A5%BF%E8%8D%AF/%E7%8C%AA%E7%BA%A4%E7%BB%B4%E8%9B%8B%E7%99%BD%E7%B2%98%E5%90%88%E5%89%82,站点分类无法可靠映射到项目现有类别
already_present,12415,紫桔止咳糖浆,tcm,0,0,0.94,止咳，化痰。用于咳嗽痰多，咳痰不爽。,和解剂 | 其它,呼吸系统药物 | 咳嗽和感冒用药,,,,https://www.yao86.com/%E4%B8%AD%E6%88%90%E8%8D%AF/%E7%B4%AB%E6%A1%94%E6%AD%A2%E5%92%B3%E7%B3%96%E6%B5%86,站点药理分类明确为感冒或解表用药
already_present,12416,壮骨药酒,tcm,3,3,0.94,祛风散寒，舒筋活络。用于风寒湿痹，四肢拘挛，半身不遂，腰腿疼痛，跌打损伤，瘀血作痛。,治风剂 | 祛风止痛,肌肉-骨骼系统药物 | 抗炎和抗风湿药,,,,https://www.yao86.com/%E4%B8%AD%E6%88%90%E8%8D%AF/%E5%A3%AE%E9%AA%A8%E8%8D%AF%E9%85%92,站点药理或 ATC 分类明确为镇痛/抗炎药
already_present,12417,壮骨酒,tcm,3,3,0.94,滋补强壮，追风散寒，舒筋活络。用于风湿寒痹，手足麻木，筋骨疼痛，腰膝无力，气血两亏，步行艰难，半身不遂。,治风剂 | 祛风止痛,肌肉-骨骼系统药物 | 抗炎和抗风湿药,,,,https://www.yao86.com/%E4%B8%AD%E6%88%90%E8%8D%AF/%E5%A3%AE%E9%AA%A8%E9%85%92,站点药理或 ATC 分类明确为镇痛/抗炎药
already_present,12418,珍牡肾骨胶囊,tcm,5,5,0.93,强壮筋骨。用于腰背、肢体关节疼痛见于钙缺乏症者。,理血剂 | 疗伤止痛,消化系统与代谢药 | 矿物质等营养补充剂,,,,https://www.yao86.com/%E4%B8%AD%E6%88%90%E8%8D%AF/%E7%8F%8D%E7%89%A1%E8%82%BE%E9%AA%A8%E8%83%B6%E5%9B%8A,站点药理或 ATC 分类明确为胃肠消化用药
already_present,12419,止痒酊,tcm,9,9,0.94,燥湿杀虫、祛风止痒。用于蚊虫叮咬瘙痒、足癣趾间瘙痒、局限性神经性皮炎等。,驱虫、止痒剂,皮肤病药物 | 止痒药,,,,https://www.yao86.com/%E4%B8%AD%E6%88%90%E8%8D%AF/%E6%AD%A2%E7%97%92%E9%85%8A,剂型或站点分类明确为局部外用药
already_present,12420,紫芪克咳口服液,tcm,1,1,0.95,益气健脾，补肺固肾。适用于咳嗽气短，咳痰清稀。,止咳平喘剂 | 止咳,呼吸系统药物 | 咳嗽和感冒用药,,,,https://www.yao86.com/%E4%B8%AD%E6%88%90%E8%8D%AF/%E7%B4%AB%E8%8A%AA%E5%85%8B%E5%92%B3%E5%8F%A3%E6%9C%8D%E6%B6%B2,站点药理分类明确为止咳或祛痰药
already_present,12421,壮骨木瓜丸,tcm,3,3,0.94,活血散风，舒筋止痛。用于风寒湿邪引起的四肢疼痛，手足麻木，筋脉拘挛，腰膝无力，步履艰难。,治风剂 | 祛风止痛,肌肉-骨骼系统药物 | 抗炎和抗风湿药,,,,https://www.yao86.com/%E4%B8%AD%E6%88%90%E8%8D%AF/%E5%A3%AE%E9%AA%A8%E6%9C%A8%E7%93%9C%E4%B8%B8,站点药理或 ATC 分类明确为镇痛/抗炎药
already_present,12422,竹叶椒片,tcm,5,5,0.93,清热解毒，活血止痛。用于瘀滞型的胃脘痛、腹痛、痛有定处、痛处拒按、脉弦紧或涩细等症。见于早期急性单纯性阑尾炎所致的右下腹有固定而明显的压痛或反跳痛等症。,温里剂 | 温中祛寒,消化系统与代谢药 | 肠道疾病相关药物,,,,https://www.yao86.com/%E4%B8%AD%E6%88%90%E8%8D%AF/%E7%AB%B9%E5%8F%B6%E6%A4%92%E7%89%87,站点药理或 ATC 分类明确为胃肠消化用药
already_present,12423,紫花杜鹃胶囊,tcm,0,0,0.94,止咳，祛痰。用于气管炎。,和解剂 | 其它,呼吸系统药物 | 咳嗽和感冒用药,,,,https://www.yao86.com/%E4%B8%AD%E6%88%90%E8%8D%AF/%E7%B4%AB%E8%8A%B1%E6%9D%9C%E9%B9%83%E8%83%B6%E5%9B%8A,站点药理分类明确为感冒或解表用药
already_present,12424,紫花杜鹃片,tcm,1,1,0.95,适应症止咳，祛痰。用于气管炎。,解表剂 | 宣肺止咳化痰,呼吸系统药物 | 咳嗽和感冒用药,白云山,,白云山（多药共用）,https://www.yao86.com/%E4%B8%AD%E6%88%90%E8%8D%AF/%E7%B4%AB%E8%8A%B1%E6%9D%9C%E9%B9%83%E7%89%87,站点药理分类明确为止咳或祛痰药
already_present,12425,壮骨追风酒,tcm,3,3,0.94,祛风除湿，活血止痛。用于风寒湿痹，四肢麻木，筋骨疼痛，腰膝无力。,治风剂 | 祛风止痛,肌肉-骨骼系统药物 | 抗炎和抗风湿药,,,,https://www.yao86.com/%E4%B8%AD%E6%88%90%E8%8D%AF/%E5%A3%AE%E9%AA%A8%E8%BF%BD%E9%A3%8E%E9%85%92,站点药理或 ATC 分类明确为镇痛/抗炎药
already_present,7844,阿兹夫定片,western,2,2,0.96,阿兹夫定片用于与核苷逆转录酶抑制剂及非核苷逆转录酶抑制剂联用，治疗高病毒载量的成年HIV-1感染患者。,抗微生物药 | 抗病毒药,系统用抗病毒药 | 直接作用的抗病毒药 | 核苷类和核苷酸类逆转录酶抑制药,,,,https://www.yao86.com/%E8%A5%BF%E8%8D%AF/%E9%98%BF%E5%85%B9%E5%A4%AB%E5%AE%9A%E7%89%87,站点药理或 ATC 分类明确为抗感染药
already_present,7846,盐酸阿普林定片,western,12,12,0.95,用于频发的室性和房性期前收缩，阵发性室性和房性心动过速，预激综合征合并，心动过速等。,心血管系统用药 | 抗心律失常药,心脏病治疗用药 | 抗心律失常药，Ⅰ类和Ⅲ类 | 抗心律失常药，Ⅰb类,,,,https://www.yao86.com/%E8%A5%BF%E8%8D%AF/%E7%9B%90%E9%85%B8%E9%98%BF%E6%99%AE%E6%9E%97%E5%AE%9A%E7%89%87,站点药理或 ATC 分类明确为心脑血管用药
review_unclassified,,盐酸昂丹司琼片,western,,,0.0,止吐药。用于：1.细胞毒性药物化疗和放射治疗引起的恶心呕吐；2.预防和治疗手术后的恶心呕吐。,抗肿瘤药 | 抗肿瘤辅助药,镇吐药和止呕药 | 5-羟色胺拮抗药,,,,https://www.yao86.com/%E8%A5%BF%E8%8D%AF/%E7%9B%90%E9%85%B8%E6%98%82%E4%B8%B9%E5%8F%B8%E7%90%BC%E7%89%87,站点分类无法可靠映射到项目现有类别
review_unclassified,,盐酸昂丹司琼胶囊,western,,,0.0,止吐药。用于：①细胞毒性药物化疗和放射治疗引起的恶心呕吐；②预防和治疗手术后的恶性呕吐。,抗肿瘤药 | 抗肿瘤辅助药,镇吐药和止呕药 | 5-羟色胺拮抗药,恩诺平,,,https://www.yao86.com/%E8%A5%BF%E8%8D%AF/%E7%9B%90%E9%85%B8%E6%98%82%E4%B8%B9%E5%8F%B8%E7%90%BC%E8%83%B6%E5%9B%8A,站点分类无法可靠映射到项目现有类别
review_unclassified,,盐酸昂丹司琼口腔崩解片,western,,,0.0,止吐药。用于：1.由细胞毒性药物化疗和放射治疗引起的恶心呕吐。2.预防和治疗手术后的恶心呕吐。,抗肿瘤药 | 抗肿瘤辅助药,镇吐药和止呕药 | 5-羟色胺拮抗药,,,,https://www.yao86.com/%E8%A5%BF%E8%8D%AF/%E7%9B%90%E9%85%B8%E6%98%82%E4%B8%B9%E5%8F%B8%E7%90%BC%E5%8F%A3%E8%85%94%E5%B4%A9%E8%A7%A3%E7%89%87,站点分类无法可靠映射到项目现有类别
review_missing_efficacy,,昂丹司琼口腔溶解薄膜,western,,,0.0,,,镇吐药和止呕药 | 5-羟色胺拮抗药,,,,https://www.yao86.com/%E8%A5%BF%E8%8D%AF/%E6%98%82%E4%B8%B9%E5%8F%B8%E7%90%BC%E5%8F%A3%E8%85%94%E6%BA%B6%E8%A7%A3%E8%96%84%E8%86%9C,站点分类无法可靠映射到项目现有类别
review_missing_efficacy,,桉柠蒎肠溶胶囊,western,,1,0.95,,,咳嗽和感冒用药 | 祛痰药，与止咳药的复方除外 | 粘液溶解药,,,,https://www.yao86.com/%E8%A5%BF%E8%8D%AF/%E6%A1%89%E6%9F%A0%E8%92%8E%E8%82%A0%E6%BA%B6%E8%83%B6%E5%9B%8A,站点药理分类明确为止咳或祛痰药
review_unclassified,,奥沙西泮片,western,,,0.0,主要用于短期缓解焦虑、紧张、激动，也可用于催眠，焦虑伴有精神抑郁的辅助用药，并能缓解急性酒精戒断症状。肌松作用较其他苯二氮药物为强。,治疗精神障碍药 | 抗焦虑药,精神安定药 | 抗焦虑药 | 苯并二氮卓衍生物类,,,,https://www.yao86.com/%E8%A5%BF%E8%8D%AF/%E5%A5%A5%E6%B2%99%E8%A5%BF%E6%B3%AE%E7%89%87,站点分类无法可靠映射到项目现有类别
already_present,7849,奥拉西坦胶囊,western,12,12,0.95,适用于轻中度血管性痴呆、老年性痴呆以及脑外伤等症引起的记忆与智能障碍。,神经系统用药 | 脑血管病用药及降颅压药,精神兴奋药 | 精神兴奋药，用于治疗注意力缺陷多动症药和益智药 | 其它精神兴奋药和益智药,健朗星,,,https://www.yao86.com/%E8%A5%BF%E8%8D%AF/%E5%A5%A5%E6%8B%89%E8%A5%BF%E5%9D%A6%E8%83%B6%E5%9B%8A,站点药理或 ATC 分类明确为心脑血管用药
already_present,7850,奥拉西坦片,western,12,12,0.95,奥拉西坦片适用于轻中度血管性痴呆、老年性痴呆以及脑外伤等症引起的记忆与智能障碍。,神经系统用药 | 脑血管病用药及降颅压药,精神兴奋药 | 精神兴奋药，用于治疗注意力缺陷多动症药和益智药 | 其它精神兴奋药和益智药,,,,https://www.yao86.com/%E8%A5%BF%E8%8D%AF/%E5%A5%A5%E6%8B%89%E8%A5%BF%E5%9D%A6%E7%89%87,站点药理或 ATC 分类明确为心脑血管用药
already_present,7851,艾曲泊帕乙醇胺片,western,17,17,0.99,本品适用于既往对糖皮质激素、免疫球蛋白等治疗反应不佳的成人和12岁及以上儿童慢性免疫性(特发性)血小板减少症(ITP)患者，使血小板计数升高并减少或防止出血。本品仅用于因血小板减少和临床条件导致出血风险增加的ITP患者。,血液系统用药 | 其他血液系统用药,抗出血药 | 维生素K和其它止血药 | 其它系统止血药,瑞弗兰(Revolade),,,https://www.yao86.com/%E8%A5%BF%E8%8D%AF/%E8%89%BE%E6%9B%B2%E6%B3%8A%E5%B8%95%E4%B9%99%E9%86%87%E8%83%BA%E7%89%87,人工审阅：不属于项目现有专用类别
already_present,7917,安喘片,tcm,1,1,0.95,止咳祛痰，宣肺平喘。用于痰浊犯肺，肺失宣降，胸闷，咳嗽，喘息，痰多，急慢性支气管炎见上述症候者。,止咳平喘剂 | 止咳平喘,呼吸系统药物 | 咳嗽和感冒用药,,,,https://www.yao86.com/%E4%B8%AD%E6%88%90%E8%8D%AF/%E5%AE%89%E5%96%98%E7%89%87,站点药理分类明确为止咳或祛痰药
already_present,7918,爱活胆通软胶囊,tcm,5,5,0.93,溶解胆石。用于早期胆固醇性结石及孤立性、混合性以胆固醇为主的胆结石。,清热剂 | 清脏腑热,消化系统与代谢药 | 肝、胆疾病治疗药 | 胆病治疗药,,,,https://www.yao86.com/%E4%B8%AD%E6%88%90%E8%8D%AF/%E7%88%B1%E6%B4%BB%E8%83%86%E9%80%9A%E8%BD%AF%E8%83%B6%E5%9B%8A,站点药理或 ATC 分类明确为胃肠消化用药
already_present,7919,安康欣胶囊,tcm,13,13,0.9,活血化瘀、软坚散结、清热解毒、扶正固本。用于肺癌、胃癌、肝癌等肿瘤的辅助治疗。,清热剂 | 清热解毒,肿瘤药物 | 肿瘤辅助药物,,,,https://www.yao86.com/%E4%B8%AD%E6%88%90%E8%8D%AF/%E5%AE%89%E5%BA%B7%E6%AC%A3%E8%83%B6%E5%9B%8A,站点明确收录为中成药，未命中更具体项目类别
already_present,7920,氨杞康口服液,tcm,13,13,0.9,益肾养阴，润燥清热。用于肝肾不足、肺燥阴虚所致的疲乏无力，头昏头晕，食欲不振，也可用于糖尿病、高脂血症见上述症状者。,补益剂 | 益气养阴,生殖泌尿系统药物 | 泌尿系统药物 | 补肾药物（勃起机能障碍用药）,,,,https://www.yao86.com/%E4%B8%AD%E6%88%90%E8%8D%AF/%E6%B0%A8%E6%9D%9E%E5%BA%B7%E5%8F%A3%E6%9C%8D%E6%B6%B2,站点明确收录为中成药，未命中更具体项目类别
already_present,7922,安坤赞育丸,tcm,14,14,0.96,益气养血，调补肝肾。用于气血两虚，肝肾不足所致的月经不调、崩漏、带下病，症见月经量少、或淋漓不净、月经错后、神疲乏力、腰腿痠软、白带量多。,补益剂 | 气血双补,生殖泌尿系统药物 | 妇科用药 | 调经药物,,,,https://www.yao86.com/%E4%B8%AD%E6%88%90%E8%8D%AF/%E5%AE%89%E5%9D%A4%E8%B5%9E%E8%82%B2%E4%B8%B8,站点药理或 ATC 分类明确为妇科用药
already_present,7923,安多霖胶囊,tcm,13,13,0.9,益气补血，扶正解毒。主治气血两虚证，适用于放、化疗引起的白细胞下降、免疫功能低下、食欲不振、神疲乏力、头晕气短等症。对肿瘤放射治疗中因辐射损伤造成的淋巴细胞微核率增高等有改善作用，可用于辐射损伤。,补益剂 | 气血双补,肿瘤药物 | 肿瘤辅助药物,,,,https://www.yao86.com/%E4%B8%AD%E6%88%90%E8%8D%AF/%E5%AE%89%E5%A4%9A%E9%9C%96%E8%83%B6%E5%9B%8A,站点明确收录为中成药，未命中更具体项目类别
already_present,7924,安胎益母丸,tcm,14,14,0.96,调经，活血，安胎。用于气血两亏，月经不调，胎动不安。,补益剂 | 气血双补,生殖泌尿系统药物 | 妇科用药 | 安胎药物,,,,https://www.yao86.com/%E4%B8%AD%E6%88%90%E8%8D%AF/%E5%AE%89%E8%83%8E%E7%9B%8A%E6%AF%8D%E4%B8%B8,站点药理或 ATC 分类明确为妇科用药
review_unclassified,,盐酸阿夫唑嗪缓释片,western,,,0.0,用于缓解良性前列腺增生症(BPH)引起的症状。,泌尿系统用药 | 良性前列腺增生用药,泌尿系统药物 | 前列腺肥大治疗药 | α-肾上腺受体拮抗药,,,,https://www.yao86.com/%E8%A5%BF%E8%8D%AF/%E7%9B%90%E9%85%B8%E9%98%BF%E5%A4%AB%E5%94%91%E5%97%AA%E7%BC%93%E9%87%8A%E7%89%87,站点分类无法可靠映射到项目现有类别
review_unclassified,,盐酸阿夫唑嗪片,western,,,0.0,用于缓解良性前列腺增生症状。,泌尿系统用药 | 良性前列腺增生用药,泌尿系统药物 | 前列腺肥大治疗药 | α-肾上腺受体拮抗药,,,,https://www.yao86.com/%E8%A5%BF%E8%8D%AF/%E7%9B%90%E9%85%B8%E9%98%BF%E5%A4%AB%E5%94%91%E5%97%AA%E7%89%87,站点分类无法可靠映射到项目现有类别
review_missing_efficacy,,阿夫唑嗪片,western,,,0.0,,,泌尿系统药物 | 前列腺肥大治疗药 | α-肾上腺受体拮抗药,,,,https://www.yao86.com/%E8%A5%BF%E8%8D%AF/%E9%98%BF%E5%A4%AB%E5%94%91%E5%97%AA%E7%89%87,站点分类无法可靠映射到项目现有类别
review_missing_efficacy,,阿夫唑嗪缓释片,western,,,0.0,,,泌尿系统药物 | 前列腺肥大治疗药 | α-肾上腺受体拮抗药,,,,https://www.yao86.com/%E8%A5%BF%E8%8D%AF/%E9%98%BF%E5%A4%AB%E5%94%91%E5%97%AA%E7%BC%93%E9%87%8A%E7%89%87,站点分类无法可靠映射到项目现有类别
already_present,7979,阿咖片,western,3,3,0.94,本品用于各种疼痛及中轻度癌症等的镇痛和解热，也可用于治疗各类关节炎，缓解关节症状。,镇痛、解热、抗炎、抗风湿、抗痛风药 | 解热镇痛、抗炎、抗风湿药,镇痛药 | 其它解热镇痛药 | 水杨酸与其衍生物,,,,https://www.yao86.com/%E8%A5%BF%E8%8D%AF/%E9%98%BF%E5%92%96%E7%89%87,站点药理或 ATC 分类明确为镇痛/抗炎药
review_unclassified,,安钠咖片,western,,,0.0,中枢神经兴奋药。用于中枢性呼吸及循环功能不全，也可用于麻醉药或催眠药中毒等的昏迷状态。,神经系统用药 | 中枢兴奋药,精神兴奋药 | 精神兴奋药，用于治疗注意力缺陷多动症药和益智药 | 黄嘌呤衍生物,,,,https://www.yao86.com/%E8%A5%BF%E8%8D%AF/%E5%AE%89%E9%92%A0%E5%92%96%E7%89%87,站点分类无法可靠映射到项目现有类别
reclassified_existing,7980,阿咖酚胶囊,western,3,14,0.96,用于普通感冒或流行性感冒引起的发热，也用于缓解轻至中度疼痛如头痛、关节痛、偏头痛、牙痛、肌肉痛、神经痛、痛经。,镇痛、解热、抗炎、抗风湿、抗痛风药 | 解热镇痛、抗炎、抗风湿药,镇痛药 | 其它解热镇痛药 | 酰苯胺类,,,,https://www.yao86.com/%E8%A5%BF%E8%8D%AF/%E9%98%BF%E5%92%96%E9%85%9A%E8%83%B6%E5%9B%8A,站点药理或 ATC 分类明确为妇科用药
already_present,1894,复方对乙酰氨基酚片,western,3,3,0.96,用于普通感冒或流行性感冒引起的发热，也用于缓解轻至中度疼痛如头痛、关节痛、偏头痛、牙痛、肌肉痛、神经痛、痛经。,镇痛、解热、抗炎、抗风湿、抗痛风药 | 解热镇痛、抗炎、抗风湿药,镇痛药 | 其它解热镇痛药 | 酰苯胺类,,,,https://www.yao86.com/%E8%A5%BF%E8%8D%AF/%E5%A4%8D%E6%96%B9%E5%AF%B9%E4%B9%99%E9%85%B0%E6%B0%A8%E5%9F%BA%E9%85%9A%E7%89%87,保留数据库现有分类；站点药理或 ATC 分类明确为妇科用药
already_present,7981,小儿氨酚匹林咖啡因片,western,0,0,0.94,用于儿童普通感冒或流行性感冒引起的发热，也用于缓解轻至中度疼痛如头痛、关节痛、偏头痛、牙痛、肌肉痛、神经痛。,镇痛、解热、抗炎、抗风湿、抗痛风药 | 解热镇痛、抗炎、抗风湿药,咳嗽和感冒用药 | 其它感冒用药,,,,https://www.yao86.com/%E8%A5%BF%E8%8D%AF/%E5%B0%8F%E5%84%BF%E6%B0%A8%E9%85%9A%E5%8C%B9%E6%9E%97%E5%92%96%E5%95%A1%E5%9B%A0%E7%89%87,站点药理分类明确为感冒或解表用药
already_present,7982,阿酚咖片,western,3,3,0.94,本品适用于治疗偏头痛和暂时缓解轻度的持续性隐痛以及头痛、鼻窦炎、感冒、肌肉痛、经前与经期疼痛、牙痛所伴有的疼痛和轻度关节炎痛。,镇痛、解热、抗炎、抗风湿、抗痛风药 | 解热镇痛、抗炎、抗风湿药,镇痛药 | 其它解热镇痛药 | 酰苯胺类,佩比加,,,https://www.yao86.com/%E8%A5%BF%E8%8D%AF/%E9%98%BF%E9%85%9A%E5%92%96%E7%89%87,站点药理或 ATC 分类明确为镇痛/抗炎药
reclassified_existing,7983,阿咖酚散,western,3,14,0.96,用于普通感冒或流行性感冒引起的发热，也用于缓解轻至中度疼痛如头痛、关节痛、偏头痛、牙痛、肌肉痛、神经痛、痛经。,镇痛、解热、抗炎、抗风湿、抗痛风药 | 解热镇痛、抗炎、抗风湿药,镇痛药 | 其它解热镇痛药 | 酰苯胺类,,,,https://www.yao86.com/%E8%A5%BF%E8%8D%AF/%E9%98%BF%E5%92%96%E9%85%9A%E6%95%A3,站点药理或 ATC 分类明确为妇科用药
already_present,7984,氨酚咖匹林片,western,3,3,0.94,解热镇痛药。用于发热、头痛、神经痛、牙痛等。,镇痛、解热、抗炎、抗风湿、抗痛风药 | 解热镇痛、抗炎、抗风湿药,镇痛药 | 其它解热镇痛药 | 酰苯胺类,,,,https://www.yao86.com/%E8%A5%BF%E8%8D%AF/%E6%B0%A8%E9%85%9A%E5%92%96%E5%8C%B9%E6%9E%97%E7%89%87,站点药理或 ATC 分类明确为镇痛/抗炎药
already_present,7985,桉油尿素乳膏,western,9,9,0.94,本品用于手足皮肤皲裂，也可用于角化型手足癣所引起的皲裂。,皮肤科用药 | 其他皮肤科药,润肤药和护肤药 | 脲类,白云山,,白云山（多药共用）,https://www.yao86.com/%E8%A5%BF%E8%8D%AF/%E6%A1%89%E6%B2%B9%E5%B0%BF%E7%B4%A0%E4%B9%B3%E8%86%8F,剂型或站点分类明确为局部外用药
already_present,7986,阿卡波糖咀嚼片,western,11,11,0.95,配合饮食控制，用于：(1)治疗糖尿病。(2)降低糖耐量低减者的餐后血糖。,激素及影响内分泌药 | 胰岛素及口服降血糖药,糖尿病用药 | 非胰岛素类降血糖药 | α-葡萄糖苷酶抑制药,,,,https://www.yao86.com/%E8%A5%BF%E8%8D%AF/%E9%98%BF%E5%8D%A1%E6%B3%A2%E7%B3%96%E5%92%80%E5%9A%BC%E7%89%87,站点药理或 ATC 分类明确为慢性病长期用药
already_present,1642,阿卡波糖片,western,11,11,0.95,配合饮食控制，用于：(1)治疗糖尿病。(2)降低糖耐量低减者的餐后血糖。,激素及影响内分泌药 | 胰岛素及口服降血糖药,糖尿病用药 | 非胰岛素类降血糖药 | α-葡萄糖苷酶抑制药,卡博平,,,https://www.yao86.com/%E8%A5%BF%E8%8D%AF/%E9%98%BF%E5%8D%A1%E6%B3%A2%E7%B3%96%E7%89%87,保留数据库现有分类；站点药理或 ATC 分类明确为慢性病长期用药
already_present,7987,阿卡波糖胶囊,western,11,11,0.95,配合饮食控制，用于：(1)2型糖尿病(2)降低糖耐量低减者的餐后血糖,激素及影响内分泌药 | 胰岛素及口服降血糖药,糖尿病用药 | 非胰岛素类降血糖药 | α-葡萄糖苷酶抑制药,,,,https://www.yao86.com/%E8%A5%BF%E8%8D%AF/%E9%98%BF%E5%8D%A1%E6%B3%A2%E7%B3%96%E8%83%B6%E5%9B%8A,站点药理或 ATC 分类明确为慢性病长期用药
review_missing_efficacy,,氨咖黃敏片,western,,0,0.94,,,咳嗽和感冒用药 | 其它感冒用药,,,,https://www.yao86.com/%E8%A5%BF%E8%8D%AF/%E6%B0%A8%E5%92%96%E9%BB%83%E6%95%8F%E7%89%87,站点药理分类明确为感冒或解表用药
already_present,7988,奥昔布宁透皮贴剂,western,9,9,0.94,适用于伴有急迫性尿失禁、尿急、尿频症状的膀胱过度活动症的治疗。,泌尿系统用药 | 其他泌尿系统药,泌尿系统药物 | 尿道解痉药,,,,https://www.yao86.com/%E8%A5%BF%E8%8D%AF/%E5%A5%A5%E6%98%94%E5%B8%83%E5%AE%81%E9%80%8F%E7%9A%AE%E8%B4%B4%E5%89%82,剂型或站点分类明确为局部外用药
review_unclassified,,盐酸奥昔布宁缓释片,western,,,0.0,解痉药物。用于治疗合并有急(紧)迫性尿失禁、尿急、尿频等症状的膀胱过度活动症(OAB)。,泌尿系统用药 | 其他泌尿系统药,泌尿系统药物 | 尿道解痉药,,,,https://www.yao86.com/%E8%A5%BF%E8%8D%AF/%E7%9B%90%E9%85%B8%E5%A5%A5%E6%98%94%E5%B8%83%E5%AE%81%E7%BC%93%E9%87%8A%E7%89%87,站点分类无法可靠映射到项目现有类别
review_unclassified,,盐酸奥昔布宁缓释胶囊,western,,,0.0,解痉药物。用于治疗合并有急（紧）迫性尿失禁、尿急、尿频等症状的膀胱过度活动症（OAB）。,泌尿系统用药 | 其他泌尿系统药,泌尿系统药物 | 尿道解痉药,,,,https://www.yao86.com/%E8%A5%BF%E8%8D%AF/%E7%9B%90%E9%85%B8%E5%A5%A5%E6%98%94%E5%B8%83%E5%AE%81%E7%BC%93%E9%87%8A%E8%83%B6%E5%9B%8A,站点分类无法可靠映射到项目现有类别
review_unclassified,,盐酸奥昔布宁口服溶液,western,,,0.0,用于无抑制性和返流性神经源性膀胱功能障碍患者与排尿有关的症状缓解，如尿急、尿频、尿失禁、夜尿和遗尿等。,泌尿系统用药 | 其他泌尿系统药,泌尿系统药物 | 尿道解痉药,,,,https://www.yao86.com/%E8%A5%BF%E8%8D%AF/%E7%9B%90%E9%85%B8%E5%A5%A5%E6%98%94%E5%B8%83%E5%AE%81%E5%8F%A3%E6%9C%8D%E6%BA%B6%E6%B6%B2,站点分类无法可靠映射到项目现有类别
review_unclassified,,盐酸奥昔布宁片,western,,,0.0,本品为解痉药，用于无抑制性和返流性神经源性膀胱功能障碍患者与排尿有关的症状缓解，如尿急、尿频、尿失禁、夜尿和遗尿等。,泌尿系统用药 | 其他泌尿系统药,泌尿系统药物 | 尿道解痉药,,,,https://www.yao86.com/%E8%A5%BF%E8%8D%AF/%E7%9B%90%E9%85%B8%E5%A5%A5%E6%98%94%E5%B8%83%E5%AE%81%E7%89%87,站点分类无法可靠映射到项目现有类别
already_present,12426,巴仙苁蓉强肾胶囊,tcm,13,13,0.9,温补肾阳。用于肾阳不足所致的腰膝酸软，身冷畏寒等症。,补益剂 | 补阳,生殖泌尿系统药物 | 泌尿系统药物 | 补肾药物（勃起机能障碍用药）,,,,https://www.yao86.com/%E4%B8%AD%E6%88%90%E8%8D%AF/%E5%B7%B4%E4%BB%99%E8%8B%81%E8%93%89%E5%BC%BA%E8%82%BE%E8%83%B6%E5%9B%8A,站点明确收录为中成药，未命中更具体项目类别
already_present,12427,博性康药膜,tcm,14,14,0.96,苗医：蒙凯赊，巢窝糯罗，讲底真利，殃矢迪。中医：清热解毒、燥湿杀虫、祛风止痒。用于带下病(滴虫性阴道炎，霉菌性阴道炎，急、慢性宫颈炎)。,清热剂 | 清热解毒,生殖泌尿系统药物 | 妇科用药 | 妇科炎症治疗药,,,,https://www.yao86.com/%E4%B8%AD%E6%88%90%E8%8D%AF/%E5%8D%9A%E6%80%A7%E5%BA%B7%E8%8D%AF%E8%86%9C,站点药理或 ATC 分类明确为妇科用药
already_present,12428,巴戟天寡糖胶囊,tcm,13,13,0.9,温补肾阳。用于轻中度抑郁症中医辨证属于肾阳虚证者，症见抑郁情绪、心绪低落、失眠多梦、疲倦乏力等。,补益剂 | 补阳,神经系统药物 | 精神兴奋药 | 抗抑郁药,,,,https://www.yao86.com/%E4%B8%AD%E6%88%90%E8%8D%AF/%E5%B7%B4%E6%88%9F%E5%A4%A9%E5%AF%A1%E7%B3%96%E8%83%B6%E5%9B%8A,站点明确收录为中成药，未命中更具体项目类别
already_present,12429,保利尔胶囊,tcm,11,11,0.95,行气活血，化瘀解滞，升清降浊。用于高脂血症气滞血瘀、痰浊内阻证，症见胸闷，气短，心胸刺痛，眩晕，头痛等。,理血剂 | 活血化瘀,心脑血管与血液系统药物 | 血脂调节剂,,,,https://www.yao86.com/%E4%B8%AD%E6%88%90%E8%8D%AF/%E4%BF%9D%E5%88%A9%E5%B0%94%E8%83%B6%E5%9B%8A,站点药理或 ATC 分类明确为慢性病长期用药
already_present,12430,博落回肿痒酊,tcm,9,9,0.94,凉血解毒，祛风止痒。用于血热风燥，皮肤瘙痒及蚊虫叮咬。,清热剂 | 清热解毒,皮肤病药物 | 止痒药,,,,https://www.yao86.com/%E4%B8%AD%E6%88%90%E8%8D%AF/%E5%8D%9A%E8%90%BD%E5%9B%9E%E8%82%BF%E7%97%92%E9%85%8A,剂型或站点分类明确为局部外用药
already_present,12431,保心宁片,tcm,12,12,0.95,活血化瘀，行气止痛。用于心绞痛，心律失常，改善冠心病症状等。,理血剂 | 活血化瘀,心脑血管与血液系统药物 | 心血管疾病治疗药,,,,https://www.yao86.com/%E4%B8%AD%E6%88%90%E8%8D%AF/%E4%BF%9D%E5%BF%83%E5%AE%81%E7%89%87,站点药理或 ATC 分类明确为心脑血管用药
already_present,12432,保心宁胶囊,tcm,12,12,0.95,活血化瘀，行气止痛。用于心绞痛，心律失常，改善冠心病症状等。,理血剂 | 活血化瘀,心脑血管与血液系统药物 | 心血管疾病治疗药,,,,https://www.yao86.com/%E4%B8%AD%E6%88%90%E8%8D%AF/%E4%BF%9D%E5%BF%83%E5%AE%81%E8%83%B6%E5%9B%8A,站点药理或 ATC 分类明确为心脑血管用药
already_present,12433,保元丸,tcm,1,1,0.95,祛风化痰，解热镇惊。用于痰热内闭，外感风寒引起的身热面赤，咳嗽痰盛，气促作喘，急热惊风。,祛痰剂 | 治风化痰,呼吸系统药物 | 咳嗽和感冒用药,,,,https://www.yao86.com/%E4%B8%AD%E6%88%90%E8%8D%AF/%E4%BF%9D%E5%85%83%E4%B8%B8,站点药理分类明确为止咳或祛痰药
already_present,12434,保心胶囊,tcm,12,12,0.95,滋补肝肾，活血化瘀。用于肝肾不足，瘀血阻络引起的冠心病、心绞痛。,理血剂 | 活血化瘀,心脑血管与血液系统药物 | 心血管疾病治疗药,,,,https://www.yao86.com/%E4%B8%AD%E6%88%90%E8%8D%AF/%E4%BF%9D%E5%BF%83%E8%83%B6%E5%9B%8A,站点药理或 ATC 分类明确为心脑血管用药
already_present,12435,保心片,tcm,12,12,0.95,滋补肝肾，活血化瘀。用于肝肾不足，瘀血内停所致的胸痹，症见胸闷、心前区刺痛；冠心病心绞痛见上述证候者。,理血剂 | 活血化瘀,心脑血管与血液系统药物 | 心血管疾病治疗药,,,,https://www.yao86.com/%E4%B8%AD%E6%88%90%E8%8D%AF/%E4%BF%9D%E5%BF%83%E7%89%87,站点药理或 ATC 分类明确为心脑血管用药
already_present,12436,艾普拉唑肠溶片,western,5,5,0.93,本品适用于治疗十二指肠溃疡及反流性食管炎。,消化系统用药 | 抗酸药及抗溃疡病药,治疗与胃酸分泌相关疾病的药物 | 消化道溃疡和胃食管返流病治疗药物 | 质子泵抑制药,壹丽安,,,https://www.yao86.com/%E8%A5%BF%E8%8D%AF/%E8%89%BE%E6%99%AE%E6%8B%89%E5%94%91%E8%82%A0%E6%BA%B6%E7%89%87,站点药理或 ATC 分类明确为胃肠消化用药
already_present,12437,阿莫西林舒巴坦匹酯咀嚼片,western,2,2,0.96,本品含β－内酰胺酶抑制剂舒巴坦，适用于产酶耐药菌引起的下列感染性疾病，包括：1.上呼吸道感染：如耳、鼻、喉部感染，即中耳炎、窦炎、扁桃体炎和咽炎等；2.下呼吸道感染：如肺炎、急性支气管炎和慢性支气管炎急性发作、支气管扩张、脓胸、肺脓肿；3.泌尿生殖系统感染：如肾盂肾炎、膀胱炎和尿道炎等；4.皮肤及软组织感染：如蜂窝组织炎、伤口感染、疖病、脓性皮炎和脓疱病；性病；淋病等；5.盆腔感染：妇科感染、产后感染等；6.尿道感染：肾盂肾炎、膀胱炎等；7.口腔脓肿：如手术用药等；8.严重系统感染：如脑膜炎、细菌性心内膜炎、腹膜炎、骨髓炎、伤寒和副伤寒、预防心内膜炎等。,抗微生物药 | 青霉素类,系统用抗细菌药 | 抗菌药复方,,,,https://www.yao86.com/%E8%A5%BF%E8%8D%AF/%E9%98%BF%E8%8E%AB%E8%A5%BF%E6%9E%97%E8%88%92%E5%B7%B4%E5%9D%A6%E5%8C%B9%E9%85%AF%E5%92%80%E5%9A%BC%E7%89%87,站点药理或 ATC 分类明确为抗感染药
already_present,12438,阿莫西林舒巴坦匹酯片,western,2,2,0.96,本品含β-内酰胺酶抑制剂-舒巴坦，适用于产酶耐药菌引起的下列感染性疾病，包括：1.上呼吸道感染：如耳、鼻、喉部感染，即中耳炎、窦炎、扁桃体炎和咽炎等；2.下呼吸道感染：如肺炎、急性支气管炎和慢性支气管炎急性发作、支气管扩张、脓胸、肺脓肿；3.泌尿生殖系统感染：如肾盂肾炎、膀胱炎和尿道炎等；4.皮肤及软组织感染：如蜂窝组织炎、伤口感染、疖病、脓性皮炎和脓疱病；性病；淋病等；5.盆腔感染：妇科感染、产后感染等；6.尿道感染：肾盂肾炎、膀胱炎等；7.口腔脓肿：如手术用药等；8.严重系统感染：如脑膜炎、细菌性心内膜炎、腹膜炎、骨髓炎、伤寒和副伤寒、预防心内膜炎等。,抗微生物药 | 青霉素类,系统用抗细菌药 | β-内酰胺抗菌药，青霉素类 | 青霉素（含β-内酰胺酶抑制剂）类的复方,,,,https://www.yao86.com/%E8%A5%BF%E8%8D%AF/%E9%98%BF%E8%8E%AB%E8%A5%BF%E6%9E%97%E8%88%92%E5%B7%B4%E5%9D%A6%E5%8C%B9%E9%85%AF%E7%89%87,站点药理或 ATC 分类明确为抗感染药
already_present,12439,阿莫西林舒巴坦匹酯胶囊,western,2,2,0.96,本品含β-内酰胺酶抑制剂-舒巴坦，适用于产酶耐药菌引起的下列感染性疾病，包括：1.上呼吸道感染：如耳、鼻、喉部感染，即中耳炎、窦炎、扁桃体炎和咽炎等;2.下呼吸道感染：如肺炎、急性支气管炎和慢性支气管炎急性发作、支气管扩张、脓胸、肺脓肿;3.泌尿生殖系统感染：如肾盂肾炎、膀胱炎和尿道炎等;4.皮肤及软组织感染：如蜂窝组织炎、伤口感染、疖病、脓性皮炎和脓疱病;性病;淋病等;5.盆腔感染：妇科感染、产后感染等;6.尿道感染：肾盂肾炎、膀胱炎等;7.口腔脓肿：如手术用药等;8.严,抗微生物药 | 青霉素类,系统用抗细菌药 | β-内酰胺抗菌药，青霉素类 | 青霉素（含β-内酰胺酶抑制剂）类的复方,替青威,,,https://www.yao86.com/%E8%A5%BF%E8%8D%AF/%E9%98%BF%E8%8E%AB%E8%A5%BF%E6%9E%97%E8%88%92%E5%B7%B4%E5%9D%A6%E5%8C%B9%E9%85%AF%E8%83%B6%E5%9B%8A,站点药理或 ATC 分类明确为抗感染药
reclassified_existing,12440,氨咖甘片,western,3,14,0.96,用于头痛、神经痛、痛经等。,镇痛、解热、抗炎、抗风湿、抗痛风药 | 解热镇痛、抗炎、抗风湿药,镇痛药 | 其它解热镇痛药 | 吡唑酮类,,,,https://www.yao86.com/%E8%A5%BF%E8%8D%AF/%E6%B0%A8%E5%92%96%E7%94%98%E7%89%87,站点药理或 ATC 分类明确为妇科用药
already_present,12441,阿司匹林可待因片,western,3,3,0.94,用于缓解各种手术后疼痛及中度癌症疼痛等。,镇痛、解热、抗炎、抗风湿、抗痛风药 | 解热镇痛、抗炎、抗风湿药,镇痛药 | 其它解热镇痛药 | 水杨酸与其衍生物,,,,https://www.yao86.com/%E8%A5%BF%E8%8D%AF/%E9%98%BF%E5%8F%B8%E5%8C%B9%E6%9E%97%E5%8F%AF%E5%BE%85%E5%9B%A0%E7%89%87,站点药理或 ATC 分类明确为镇痛/抗炎药
already_present,12442,阿司待因片,western,3,3,0.94,用于缓解肿瘤、手术后及骨科慢性疾患的中至重度疼痛。,镇痛、解热、抗炎、抗风湿、抗痛风药 | 解热镇痛、抗炎、抗风湿药,镇痛药 | 阿片碱类 | 天然阿片生物碱类,,,,https://www.yao86.com/%E8%A5%BF%E8%8D%AF/%E9%98%BF%E5%8F%B8%E5%BE%85%E5%9B%A0%E7%89%87,站点药理或 ATC 分类明确为镇痛/抗炎药
already_present,12443,氨苄西林丙磺舒分散片,western,2,2,0.96,本品适用于敏感致病菌所致的下列感染：1.呼吸道感染：上呼吸道感染、细菌性肺炎、支气管炎等；2.泌尿系统感染：膀胱炎、尿道炎、肾盂肾炎、前列腺炎等；3.消化道感染：细菌性痢疾等；4.耳鼻喉感染：急性咽炎、扁桃体炎、中耳炎、鼻窦炎等；5.皮肤、软组织感染；6.淋病。,抗微生物药 | 青霉素类,系统用抗细菌药 | β-内酰胺抗菌药，青霉素类 | 广谱青霉素类,,,,https://www.yao86.com/%E8%A5%BF%E8%8D%AF/%E6%B0%A8%E8%8B%84%E8%A5%BF%E6%9E%97%E4%B8%99%E7%A3%BA%E8%88%92%E5%88%86%E6%95%A3%E7%89%87,站点药理或 ATC 分类明确为抗感染药
already_present,12444,氨苄西林丙磺舒口腔崩解片,western,2,2,0.96,本品适用于敏感致病菌所致的下列感染：1.呼吸道感染：上呼吸道感染、细菌性肺炎、支气管炎等；2.泌尿系统感染：膀胱炎、尿道炎、肾孟肾炎、前列腺炎等；3.消化道感染：细菌性痢疾等；4.耳鼻喉感染：急性咽炎、扁桃体炎、中耳炎、鼻窦炎等；5.皮肤、软组织感染；6.淋病。,抗微生物药 | 青霉素类,系统用抗细菌药 | β-内酰胺抗菌药，青霉素类 | 广谱青霉素类,,,,https://www.yao86.com/%E8%A5%BF%E8%8D%AF/%E6%B0%A8%E8%8B%84%E8%A5%BF%E6%9E%97%E4%B8%99%E7%A3%BA%E8%88%92%E5%8F%A3%E8%85%94%E5%B4%A9%E8%A7%A3%E7%89%87,站点药理或 ATC 分类明确为抗感染药
already_present,12445,氨苄西林丙磺舒胶囊,western,2,2,0.96,本品适用于敏感致病菌所致的下列感染：1、呼吸道感染：上呼吸道感染、细菌性肺炎、支气管炎等；2、泌尿系统感染：膀胱炎、尿道炎、肾盂肾炎、前列腺炎等；3、消化道感染：细菌性痢疾等；4、耳鼻喉感染：急性咽炎、扁桃体炎、中耳炎、鼻窦炎等；5、皮肤、软组织感染；6、淋病。,抗微生物药 | 青霉素类,系统用抗细菌药 | β-内酰胺抗菌药，青霉素类 | 广谱青霉素类,艾罗迪,,,https://www.yao86.com/%E8%A5%BF%E8%8D%AF/%E6%B0%A8%E8%8B%84%E8%A5%BF%E6%9E%97%E4%B8%99%E7%A3%BA%E8%88%92%E8%83%B6%E5%9B%8A,站点药理或 ATC 分类明确为抗感染药
already_present,12446,氨苯伪麻片,western,0,0,0.94,本品用于缓解普通感冒及流行性感冒引起的发热、头痛、四肢酸痛、打喷嚏、流鼻涕、鼻塞、咽痛等症状。,镇痛、解热、抗炎、抗风湿、抗痛风药 | 解热镇痛、抗炎、抗风湿药,咳嗽和感冒用药 | 其它感冒用药,,,,https://www.yao86.com/%E8%A5%BF%E8%8D%AF/%E6%B0%A8%E8%8B%AF%E4%BC%AA%E9%BA%BB%E7%89%87,站点药理分类明确为感冒或解表用药
already_present,12447,氨酚麻美干混悬剂,western,0,0,0.94,适用于缓解儿童普通感冒及流行性感冒引起的发热、头痛、四肢酸痛、打喷嚏、流鼻涕、鼻塞、咳嗽、咽痛等症状。,镇痛、解热、抗炎、抗风湿、抗痛风药 | 解热镇痛、抗炎、抗风湿药,咳嗽和感冒用药 | 其它感冒用药,,,,https://www.yao86.com/%E8%A5%BF%E8%8D%AF/%E6%B0%A8%E9%85%9A%E9%BA%BB%E7%BE%8E%E5%B9%B2%E6%B7%B7%E6%82%AC%E5%89%82,站点药理分类明确为感冒或解表用药
already_present,12448,复方氢溴酸右美沙芬颗粒,western,3,3,0.94,本品适用于治疗和减轻感冒所引起的发热、头痛、周身四肢酸痛、打喷嚏、流鼻涕、鼻塞、咳嗽等症状。,镇痛、解热、抗炎、抗风湿、抗痛风药 | 解热镇痛、抗炎、抗风湿药,鼻用制剂 | 系统用鼻腔减充血药 | 拟交感神经药类,,,,https://www.yao86.com/%E8%A5%BF%E8%8D%AF/%E5%A4%8D%E6%96%B9%E6%B0%A2%E6%BA%B4%E9%85%B8%E5%8F%B3%E7%BE%8E%E6%B2%99%E8%8A%AC%E9%A2%97%E7%B2%92,站点药理或 ATC 分类明确为镇痛/抗炎药
already_present,12449,氨酚美芬伪麻分散片,western,3,3,0.94,本品适用于治疗和减轻感冒引起的发热、头痛、周身四肢酸痛、打喷嚏、流鼻涕、鼻塞、咳嗽等症状。,镇痛、解热、抗炎、抗风湿、抗痛风药 | 解热镇痛、抗炎、抗风湿药,镇痛药 | 其它解热镇痛药 | 酰苯胺类,立天霖,,,https://www.yao86.com/%E8%A5%BF%E8%8D%AF/%E6%B0%A8%E9%85%9A%E7%BE%8E%E8%8A%AC%E4%BC%AA%E9%BA%BB%E5%88%86%E6%95%A3%E7%89%87,站点药理或 ATC 分类明确为镇痛/抗炎药
already_present,12450,氨酚伪麻美芬片(Ⅱ),western,0,0,0.94,本品用于缓解普通感冒及流行性感冒引起的发热、头痛、四肢酸痛、打喷嚏、流鼻涕、鼻塞、咳嗽、咽痛等症状。,镇痛、解热、抗炎、抗风湿、抗痛风药 | 解热镇痛、抗炎、抗风湿药,咳嗽和感冒用药 | 其它感冒用药,,,,https://www.yao86.com/%E8%A5%BF%E8%8D%AF/%E6%B0%A8%E9%85%9A%E4%BC%AA%E9%BA%BB%E7%BE%8E%E8%8A%AC%E7%89%87%28%E2%85%A1%29,站点药理分类明确为感冒或解表用药
already_present,12451,酚麻美软胶囊,western,0,0,0.94,本品用于缓解普通感冒及流行性感冒引起的发热、头痛、四肢酸痛、打喷嚏、流鼻涕、鼻塞、咳嗽、咽痛等症状。,镇痛、解热、抗炎、抗风湿、抗痛风药 | 解热镇痛、抗炎、抗风湿药,咳嗽和感冒用药 | 其它感冒用药,,,,https://www.yao86.com/%E8%A5%BF%E8%8D%AF/%E9%85%9A%E9%BA%BB%E7%BE%8E%E8%BD%AF%E8%83%B6%E5%9B%8A,站点药理分类明确为感冒或解表用药
already_present,12452,复方伪麻黄碱口服溶液,western,0,0,0.94,本品为感冒对症治疗药。适用于治疗由感冒引起的发热、头痛、周身四肢酸痛、流涕、鼻塞、咳嗽等症状。,镇痛、解热、抗炎、抗风湿、抗痛风药 | 解热镇痛、抗炎、抗风湿药,咳嗽和感冒用药 | 其它感冒用药,,,,https://www.yao86.com/%E8%A5%BF%E8%8D%AF/%E5%A4%8D%E6%96%B9%E4%BC%AA%E9%BA%BB%E9%BB%84%E7%A2%B1%E5%8F%A3%E6%9C%8D%E6%BA%B6%E6%B6%B2,站点药理分类明确为感冒或解表用药
already_present,12453,氨酚麻美口服溶液,western,3,3,0.94,适用于缓解儿童普通感冒及流行性感冒引起的发热、头痛、四肢酸痛、打喷嚏、流鼻涕、鼻塞、咳嗽、咽痛等症状。,镇痛、解热、抗炎、抗风湿、抗痛风药 | 解热镇痛、抗炎、抗风湿药,精神安定药 | 抗焦虑药 | 氮杂螺癸二酮衍生物类,,,,https://www.yao86.com/%E8%A5%BF%E8%8D%AF/%E6%B0%A8%E9%85%9A%E9%BA%BB%E7%BE%8E%E5%8F%A3%E6%9C%8D%E6%BA%B6%E6%B6%B2,站点药理或 ATC 分类明确为镇痛/抗炎药
already_present,12454,氨酚麻美糖浆,western,0,0,0.94,适用于缓解儿童普通感冒及流行性感冒引起的发热、头痛、四肢酸痛、打喷嚏、流鼻涕、鼻塞、咳嗽、咽痛等症状。,镇痛、解热、抗炎、抗风湿、抗痛风药 | 解热镇痛、抗炎、抗风湿药,咳嗽和感冒用药 | 其它感冒用药,,,,https://www.yao86.com/%E8%A5%BF%E8%8D%AF/%E6%B0%A8%E9%85%9A%E9%BA%BB%E7%BE%8E%E7%B3%96%E6%B5%86,站点药理分类明确为感冒或解表用药
already_present,12455,美息伪麻软胶囊,western,3,3,0.94,本品用于治疗和减轻普通感冒及流行性感冒引起的发热、头痛、四肢酸痛、喷嚏、流鼻涕、鼻塞、咳嗽等症状。,镇痛、解热、抗炎、抗风湿、抗痛风药 | 解热镇痛、抗炎、抗风湿药,鼻用制剂 | 系统用鼻腔减充血药 | 拟交感神经药类,,,,https://www.yao86.com/%E8%A5%BF%E8%8D%AF/%E7%BE%8E%E6%81%AF%E4%BC%AA%E9%BA%BB%E8%BD%AF%E8%83%B6%E5%9B%8A,站点药理或 ATC 分类明确为镇痛/抗炎药
already_present,12456,氨酚伪麻美芬胶囊,western,0,0,0.94,本品用于缓解普通感冒及流行感冒引起的发热、头痛、四肢酸痛、打喷嚏、流鼻涕、鼻塞、咳嗽、咽痛等症状。,镇痛、解热、抗炎、抗风湿、抗痛风药 | 解热镇痛、抗炎、抗风湿药,咳嗽和感冒用药 | 其它感冒用药,,,,https://www.yao86.com/%E8%A5%BF%E8%8D%AF/%E6%B0%A8%E9%85%9A%E4%BC%AA%E9%BA%BB%E7%BE%8E%E8%8A%AC%E8%83%B6%E5%9B%8A,站点药理分类明确为感冒或解表用药
already_present,12457,氨酚伪麻美芬片(Ⅲ),western,0,0,0.94,适用于缓解普通感冒及流行性感冒引起的发热、头痛、四肢酸痛、打喷嚏、流鼻涕、鼻塞、咳嗽、咽痛等症状。,镇痛、解热、抗炎、抗风湿、抗痛风药 | 解热镇痛、抗炎、抗风湿药,咳嗽和感冒用药 | 其它感冒用药,,,,https://www.yao86.com/%E8%A5%BF%E8%8D%AF/%E6%B0%A8%E9%85%9A%E4%BC%AA%E9%BA%BB%E7%BE%8E%E8%8A%AC%E7%89%87%28%E2%85%A2%29,站点药理分类明确为感冒或解表用药
already_present,12458,白灵胶囊,tcm,13,13,0.9,活血化瘀，增加光敏作用。用于白癜风。,理血剂 | 活血化瘀,皮肤病药物 | 白癜风治疗药,,,,https://www.yao86.com/%E4%B8%AD%E6%88%90%E8%8D%AF/%E7%99%BD%E7%81%B5%E8%83%B6%E5%9B%8A,站点明确收录为中成药，未命中更具体项目类别
already_present,12459,白灵片,tcm,13,13,0.9,活血化瘀，增加光敏作用。用于白癜风。,理血剂 | 活血化瘀,皮肤病药物 | 白癜风治疗药,,,,https://www.yao86.com/%E4%B8%AD%E6%88%90%E8%8D%AF/%E7%99%BD%E7%81%B5%E7%89%87,站点明确收录为中成药，未命中更具体项目类别
already_present,12460,补益强心片,tcm,12,12,0.95,益气养阴、活血利水。用于冠心病、高血压、心脏病所致慢性充血性心力衰竭(心功能分级Ⅱ-Ⅲ级)，中医辨证属气阴两虚兼血瘀水停证者。症见心悸、气短、乏力、胸闷、胸痛、面色苍白、汗出、口干、浮肿、口唇青紫等。,祛湿剂 | 利水渗湿,心脑血管与血液系统药物 | 心血管疾病治疗药,,,,https://www.yao86.com/%E4%B8%AD%E6%88%90%E8%8D%AF/%E8%A1%A5%E7%9B%8A%E5%BC%BA%E5%BF%83%E7%89%87,站点药理或 ATC 分类明确为心脑血管用药
already_present,12461,半夏和胃颗粒,tcm,5,5,0.93,和胃降逆，平调寒热。用于脾虚胃热所致的胃脘疼痛，脘胁胀满，神疲乏力，胃纳减少，嗳气反酸，口干口苦，大便溏或不爽；也可用于慢性浅表性胃炎、消化性溃疡出现的上述症状。,祛湿剂 | 化湿和胃,消化系统与代谢药 | 胃病相关药物,,,,https://www.yao86.com/%E4%B8%AD%E6%88%90%E8%8D%AF/%E5%8D%8A%E5%A4%8F%E5%92%8C%E8%83%83%E9%A2%97%E7%B2%92,站点药理或 ATC 分类明确为胃肠消化用药
already_present,12462,薄荷护表油,tcm,13,13,0.9,驱风镇痛、通窍消肿、活血止痒。用于伤风鼻塞、头晕头痛、肌肉扭伤、蚊叮虫咬、舟车晕浪。,开窍剂 | 其它,肌肉-骨骼系统药物 | 关节和肌肉疼痛局部用药,保心安油,,,https://www.yao86.com/%E4%B8%AD%E6%88%90%E8%8D%AF/%E8%96%84%E8%8D%B7%E6%8A%A4%E8%A1%A8%E6%B2%B9,站点明确收录为中成药，未命中更具体项目类别
already_present,12463,葆宫止血颗粒,tcm,14,14,0.96,固经止血，滋阴清热。用于冲任不固、阴虚血热所致月经过多、经期延长、症见月经量多或经期延长、经色深红、质稠，或有小血块，腰膝酸软，咽干口燥，潮热心烦，舌红少津，苔少或无苔，脉细数；功能性子宫出血及上环后子宫出血见上述证候者。,理血剂 | 止血,生殖泌尿系统药物 | 妇科用药 | 抗出血药,,,,https://www.yao86.com/%E4%B8%AD%E6%88%90%E8%8D%AF/%E8%91%86%E5%AE%AB%E6%AD%A2%E8%A1%80%E9%A2%97%E7%B2%92,站点药理或 ATC 分类明确为妇科用药
already_present,12464,白杏片,tcm,1,1,0.95,外感咳嗽，急、慢性支气管炎，咳嗽咯痰。,止咳平喘剂 | 止咳,呼吸系统药物 | 咳嗽和感冒用药,,,,https://www.yao86.com/%E4%B8%AD%E6%88%90%E8%8D%AF/%E7%99%BD%E6%9D%8F%E7%89%87,站点药理分类明确为止咳或祛痰药
already_present,12465,白纸扇感冒颗粒,tcm,1,1,0.95,清热解毒，疏风止咳。用于感冒发热、头痛、咳嗽。,止咳平喘剂 | 止咳,呼吸系统药物 | 咳嗽和感冒用药,,,,https://www.yao86.com/%E4%B8%AD%E6%88%90%E8%8D%AF/%E7%99%BD%E7%BA%B8%E6%89%87%E6%84%9F%E5%86%92%E9%A2%97%E7%B2%92,站点药理分类明确为止咳或祛痰药
already_present,12466,白绒止咳糖浆,tcm,1,1,0.95,清肺祛痰，疏风止咳。用于风热犯肺或痰热阻肺之咳嗽。,止咳平喘剂 | 止咳,呼吸系统药物 | 咳嗽和感冒用药,,,,https://www.yao86.com/%E4%B8%AD%E6%88%90%E8%8D%AF/%E7%99%BD%E7%BB%92%E6%AD%A2%E5%92%B3%E7%B3%96%E6%B5%86,站点药理分类明确为止咳或祛痰药
already_present,12467,百合固金丸,tcm,1,1,0.95,养阴润肺，化痰止咳。用于肺肾阴虚，燥咳少痰，痰中带血，咽干喉痛。,止咳平喘剂 | 止咳,呼吸系统药物 | 咳嗽和感冒用药,,,,https://www.yao86.com/%E4%B8%AD%E6%88%90%E8%8D%AF/%E7%99%BE%E5%90%88%E5%9B%BA%E9%87%91%E4%B8%B8,站点药理分类明确为止咳或祛痰药
already_present,12468,百合固金片,tcm,1,1,0.95,养阴润肺，化痰止咳。用于肺肾阴虚，燥咳少痰，咽干喉痛。,止咳平喘剂 | 止咳,呼吸系统药物 | 咳嗽和感冒用药,,,,https://www.yao86.com/%E4%B8%AD%E6%88%90%E8%8D%AF/%E7%99%BE%E5%90%88%E5%9B%BA%E9%87%91%E7%89%87,站点药理分类明确为止咳或祛痰药
already_present,12469,百合固金口服液,tcm,1,1,0.95,养阴润肺，化痰止咳。用于肺肾阴虚，干咳少痰，咽干喉痛。,止咳平喘剂 | 止咳,呼吸系统药物 | 咳嗽和感冒用药,,,,https://www.yao86.com/%E4%B8%AD%E6%88%90%E8%8D%AF/%E7%99%BE%E5%90%88%E5%9B%BA%E9%87%91%E5%8F%A3%E6%9C%8D%E6%B6%B2,站点药理分类明确为止咳或祛痰药
already_present,12470,百合固金颗粒,tcm,1,1,0.95,养阴润肺，化痰止咳。用于肺肾阴虚，燥咳少痰，咽干喉痛。,止咳平喘剂 | 止咳,呼吸系统药物 | 咳嗽和感冒用药,,,,https://www.yao86.com/%E4%B8%AD%E6%88%90%E8%8D%AF/%E7%99%BE%E5%90%88%E5%9B%BA%E9%87%91%E9%A2%97%E7%B2%92,站点药理分类明确为止咳或祛痰药
already_present,12471,百合固金丸(浓缩丸),tcm,1,1,0.95,养阴润肺，化痰止咳。用于肺肾阴虚，燥咳少痰，咽干喉痛。,止咳平喘剂 | 止咳,,,,,https://www.yao86.com/%E4%B8%AD%E6%88%90%E8%8D%AF/%E7%99%BE%E5%90%88%E5%9B%BA%E9%87%91%E4%B8%B8%28%E6%B5%93%E7%BC%A9%E4%B8%B8%29,站点药理分类明确为止咳或祛痰药
already_present,12472,氨咖麻敏胶囊,western,0,0,0.94,用于缓解普通感冒或流行性感冒引起的发热、头痛、四肢酸痛、打喷嚏、流鼻涕、鼻塞、咽痛等症状。,镇痛、解热、抗炎、抗风湿、抗痛风药 | 解热镇痛、抗炎、抗风湿药,咳嗽和感冒用药 | 其它感冒用药,,,,https://www.yao86.com/%E8%A5%BF%E8%8D%AF/%E6%B0%A8%E5%92%96%E9%BA%BB%E6%95%8F%E8%83%B6%E5%9B%8A,站点药理分类明确为感冒或解表用药
already_present,12473,酚咖麻敏胶囊,western,3,3,0.94,用于缓解感冒或流行性感冒引起的发热、头痛、鼻塞、流涕、咳痰等症状，以及缓解关节痛、神经痛。,镇痛、解热、抗炎、抗风湿、抗痛风药 | 解热镇痛、抗炎、抗风湿药,镇痛药 | 其它解热镇痛药 | 酰苯胺类,,,,https://www.yao86.com/%E8%A5%BF%E8%8D%AF/%E9%85%9A%E5%92%96%E9%BA%BB%E6%95%8F%E8%83%B6%E5%9B%8A,站点药理或 ATC 分类明确为镇痛/抗炎药
already_present,12474,阿替洛尔片,western,12,12,0.95,主要用于治疗高血压、心绞痛、心肌梗死，也可用于心律失常、甲状腺机能亢进、嗜铬细胞瘤。,心血管系统用药 | 抗心绞痛药,β-受体阻断药 | 选择性β-受体阻断药,,,,https://www.yao86.com/%E8%A5%BF%E8%8D%AF/%E9%98%BF%E6%9B%BF%E6%B4%9B%E5%B0%94%E7%89%87,站点药理或 ATC 分类明确为心脑血管用药
already_present,12475,氨酚烷胺那敏胶囊,western,3,3,0.94,适用于缓解普通感冒及流行性感冒引起的发热、头痛、四肢酸痛、打喷嚏、流鼻涕、鼻塞、咽痛等症状。,镇痛、解热、抗炎、抗风湿、抗痛风药 | 解热镇痛、抗炎、抗风湿药,镇痛药 | 其它解热镇痛药 | 酰苯胺类,,,,https://www.yao86.com/%E8%A5%BF%E8%8D%AF/%E6%B0%A8%E9%85%9A%E7%83%B7%E8%83%BA%E9%82%A3%E6%95%8F%E8%83%B6%E5%9B%8A,站点药理或 ATC 分类明确为镇痛/抗炎药
review_missing_efficacy,,阿布昔替尼片,western,,,0.0,,,,,,,https://www.yao86.com/%E8%A5%BF%E8%8D%AF/%E9%98%BF%E5%B8%83%E6%98%94%E6%9B%BF%E5%B0%BC%E7%89%87,站点分类无法可靠映射到项目现有类别
already_present,12476,小儿氨酚黄那敏片,western,3,3,0.94,适用于缓解儿童普通感冒及流行性感冒引起的发热、头痛、四肢酸痛、打喷嚏、流鼻涕、鼻塞、咽痛等症状。,镇痛、解热、抗炎、抗风湿、抗痛风药 | 解热镇痛、抗炎、抗风湿药,镇痛药 | 其它解热镇痛药 | 酰苯胺类,,,,https://www.yao86.com/%E8%A5%BF%E8%8D%AF/%E5%B0%8F%E5%84%BF%E6%B0%A8%E9%85%9A%E9%BB%84%E9%82%A3%E6%95%8F%E7%89%87,站点药理或 ATC 分类明确为镇痛/抗炎药
already_present,6,小儿氨酚黄那敏颗粒,western,0,0,0.94,适用于缓解儿童普通感冒及流行性感冒引起的发热、头痛、四肢酸痛、打喷嚏、流鼻涕、鼻塞、咽痛等症状。,镇痛、解热、抗炎、抗风湿、抗痛风药 | 解热镇痛、抗炎、抗风湿药,镇痛药 | 其它解热镇痛药 | 酰苯胺类,,,,https://www.yao86.com/%E8%A5%BF%E8%8D%AF/%E5%B0%8F%E5%84%BF%E6%B0%A8%E9%85%9A%E9%BB%84%E9%82%A3%E6%95%8F%E9%A2%97%E7%B2%92,保留数据库现有分类；站点药理或 ATC 分类明确为镇痛/抗炎药
already_present,12477,阿巴卡韦拉米夫定片,western,2,2,0.96,本品可与其它抗逆转录病毒药联合用药，适用于治疗HIV-1感染。有关本品治疗HIV-1感染的其它重要信息包括：本品是一种含有阿巴卡韦的复方制剂。在开始使用本品前，对既往暴露过任何含有阿巴卡韦药物的病史进行审查，以避免对阿巴卡韦过敏患者再次用药(见【注意事项】，【不良反应】)。作为三联疗法中的一个组成部分，建议将本品与具有不同药理作用类别的抗逆转录病毒药联合用药，不得与其它核苷/核苷酸逆转录酶抑制剂联合用药。,抗微生物药 | 抗病毒药,系统用抗病毒药 | 直接作用的抗病毒药 | 治疗HIV感染的抗病毒药，复方,克韦滋,,,https://www.yao86.com/%E8%A5%BF%E8%8D%AF/%E9%98%BF%E5%B7%B4%E5%8D%A1%E9%9F%A6%E6%8B%89%E7%B1%B3%E5%A4%AB%E5%AE%9A%E7%89%87,站点药理或 ATC 分类明确为抗感染药
already_present,12478,阿克他利片,western,3,3,0.94,用于治疗类风湿关节炎。,镇痛、解热、抗炎、抗风湿、抗痛风药 | 解热镇痛、抗炎、抗风湿药,抗炎和抗风湿药 | 非甾体抗炎药和抗风湿药 | 其它非甾体抗炎药和抗风湿药,平光制药,,,https://www.yao86.com/%E8%A5%BF%E8%8D%AF/%E9%98%BF%E5%85%8B%E4%BB%96%E5%88%A9%E7%89%87,站点药理或 ATC 分类明确为镇痛/抗炎药
review_missing_efficacy,,甲磺酸氨氯地平片,western,,12,0.95,高血压。,心血管系统用药 | 抗心绞痛药,钙通道阻滞剂 | 主要对血管产生影响的选择性钙通道阻滞剂 | 二氢吡啶衍生物,欣络平,,,https://www.yao86.com/%E8%A5%BF%E8%8D%AF/%E7%94%B2%E7%A3%BA%E9%85%B8%E6%B0%A8%E6%B0%AF%E5%9C%B0%E5%B9%B3%E7%89%87,站点药理或 ATC 分类明确为心脑血管用药
already_present,12479,苯磺酸氨氯地平胶囊,western,12,12,0.95,1.高血压病。可单独使用本品治疗，也可与其它抗高血压药物合用。2.慢性稳定性心绞痛及变异型心绞痛。可单独使用本品治疗，也可与其它抗心绞痛药物合用。,心血管系统用药 | 抗心绞痛药,钙通道阻滞剂 | 主要对血管产生影响的选择性钙通道阻滞剂 | 二氢吡啶衍生物,,,,https://www.yao86.com/%E8%A5%BF%E8%8D%AF/%E8%8B%AF%E7%A3%BA%E9%85%B8%E6%B0%A8%E6%B0%AF%E5%9C%B0%E5%B9%B3%E8%83%B6%E5%9B%8A,站点药理或 ATC 分类明确为心脑血管用药
already_present,12480,苯磺酸氨氯地平滴丸,western,12,12,0.95,1、高血压本品适用于高血压的治疗。可单独应用或与其他抗高血压药物联合应用。2、冠心病(CAD)慢性稳定性心绞痛本品适用于慢性稳定性心绞痛的对症治疗。可单独应用或与其他抗心绞痛药物联合应用。血管痉挛性心绞痛(Prinzmetal’s或变异型心绞痛)本品适用于确诊或可疑的血管痉挛性心绞痛的治疗。可单独应用也可与其他抗心绞痛药物联合应用。,心血管系统用药 | 抗心绞痛药,钙通道阻滞剂 | 主要对血管产生影响的选择性钙通道阻滞剂 | 二氢吡啶衍生物,,,,https://www.yao86.com/%E8%A5%BF%E8%8D%AF/%E8%8B%AF%E7%A3%BA%E9%85%B8%E6%B0%A8%E6%B0%AF%E5%9C%B0%E5%B9%B3%E6%BB%B4%E4%B8%B8,站点药理或 ATC 分类明确为心脑血管用药
already_present,102,苯磺酸氨氯地平片,western,12,12,0.95,1.高血压本品适用于高血压的治疗。本品可单独应用或与其他抗高血压药物联合应用。高血压的控制是心血管风险综合管理的一部分，综合管理措施可能需要包括：血脂控制、糖尿病管理、抗血栓治疗、戒烟、体育锻炼和限制钠盐摄入。收缩压或舒张压的升高均增高心血管风险。在更高的基础血压水平上，每毫米汞柱血压的升高所带来的绝对风险增加会更高。降低血压获得风险降低的相对程度在有不同心血管绝对风险的人群中是相似的。严重高血压患者，略微降低血压就能带来较大的临床获益。对成人高血压患者，通常而言，降低血压可降低心血管事件的风险，主要是卒中、以及心肌梗死的风险。2、冠心病(CAD)慢性稳定性心绞痛本品适用于慢性稳定性心绞痛的对症治疗。可单独应用或与其他抗心绞痛药物联合应用。血管痉挛性心绞痛(Prinzmetal's或变异型心绞痛)本品适用于确诊或可疑的血管痉挛性心绞痛的治疗。可单独应用也可与其他抗心绞痛药物联合应用。经血管造影证实的冠心病经血管造影证实为冠心病，但射血分数≥40%且无心力衰竭的患者，本品可减少因心绞痛住院的风险以及降低冠状动脉重建术的风险。,心血管系统用药 | 抗心绞痛药,钙通道阻滞剂 | 主要对血管产生影响的选择性钙通道阻滞剂 | 二氢吡啶衍生物,,,,https://www.yao86.com/%E8%A5%BF%E8%8D%AF/%E8%8B%AF%E7%A3%BA%E9%85%B8%E6%B0%A8%E6%B0%AF%E5%9C%B0%E5%B9%B3%E7%89%87,保留数据库现有分类；站点药理或 ATC 分类明确为心脑血管用药
already_present,12481,苯磺酸氨氯地平分散片,western,12,12,0.95,1.高血压。可单独使用本品治疗也可与其它抗高血压药物合用。2.慢性稳定性心绞痛及变异型心绞痛。可单独使用本品治疗也可与其它抗心绞痛药物合用。,心血管系统用药 | 抗心绞痛药,钙通道阻滞剂 | 主要对血管产生影响的选择性钙通道阻滞剂 | 二氢吡啶衍生物,西络宁,,,https://www.yao86.com/%E8%A5%BF%E8%8D%AF/%E8%8B%AF%E7%A3%BA%E9%85%B8%E6%B0%A8%E6%B0%AF%E5%9C%B0%E5%B9%B3%E5%88%86%E6%95%A3%E7%89%87,站点药理或 ATC 分类明确为心脑血管用药
already_present,12482,马来酸氨氯地平滴丸,western,12,12,0.95,1、高血压。可单独使用本品治疗也可与其它抗高血压药物合用。2、慢性稳定性心绞痛及其变异型心绞痛。可单独使用本品治疗也可与其它抗心绞痛药物合用。,心血管系统用药 | 抗心绞痛药,钙通道阻滞剂 | 主要对血管产生影响的选择性钙通道阻滞剂 | 二氢吡啶衍生物,,,,https://www.yao86.com/%E8%A5%BF%E8%8D%AF/%E9%A9%AC%E6%9D%A5%E9%85%B8%E6%B0%A8%E6%B0%AF%E5%9C%B0%E5%B9%B3%E6%BB%B4%E4%B8%B8,站点药理或 ATC 分类明确为心脑血管用药
already_present,12483,马来酸氨氯地平分散片,western,12,12,0.95,1、高血压病。可单独使用本品治疗也可与其它抗高血压药物合用。2、慢性稳定性心绞痛及变异型心绞痛。可单独使用本品治疗也可与其它抗心绞痛药物合用。,心血管系统用药 | 抗心绞痛药,钙通道阻滞剂 | 主要对血管产生影响的选择性钙通道阻滞剂 | 二氢吡啶衍生物,,,,https://www.yao86.com/%E8%A5%BF%E8%8D%AF/%E9%A9%AC%E6%9D%A5%E9%85%B8%E6%B0%A8%E6%B0%AF%E5%9C%B0%E5%B9%B3%E5%88%86%E6%95%A3%E7%89%87,站点药理或 ATC 分类明确为心脑血管用药
already_present,12484,马来酸氨氯地平片,western,12,12,0.95,1、高血压病。可单独使用本品治疗也可与其它抗高血压药物合用。2、慢性稳定性心绞痛及变异型心绞痛。可单独使用本品治疗也可与其它抗心绞痛药物合用。,心血管系统用药 | 抗心绞痛药,钙通道阻滞剂 | 主要对血管产生影响的选择性钙通道阻滞剂 | 二氢吡啶衍生物,,,,https://www.yao86.com/%E8%A5%BF%E8%8D%AF/%E9%A9%AC%E6%9D%A5%E9%85%B8%E6%B0%A8%E6%B0%AF%E5%9C%B0%E5%B9%B3%E7%89%87,站点药理或 ATC 分类明确为心脑血管用药
review_missing_efficacy,,氨氯地平氯沙坦钾片(Ⅰ),western,,,0.0,,,作用于肾素-血管紧张素系统的药物 | 血管紧张素II拮抗药，复方 | 血管紧张素II拮抗药和钙通道阻滞药,,,,https://www.yao86.com/%E8%A5%BF%E8%8D%AF/%E6%B0%A8%E6%B0%AF%E5%9C%B0%E5%B9%B3%E6%B0%AF%E6%B2%99%E5%9D%A6%E9%92%BE%E7%89%87%28%E2%85%A0%29,站点分类无法可靠映射到项目现有类别
review_missing_efficacy,,氨氯地平氯沙坦钾片(Ⅱ),western,,,0.0,,,作用于肾素-血管紧张素系统的药物 | 血管紧张素II拮抗药，复方 | 血管紧张素II拮抗药和钙通道阻滞药,,,,https://www.yao86.com/%E8%A5%BF%E8%8D%AF/%E6%B0%A8%E6%B0%AF%E5%9C%B0%E5%B9%B3%E6%B0%AF%E6%B2%99%E5%9D%A6%E9%92%BE%E7%89%87%28%E2%85%A1%29,站点分类无法可靠映射到项目现有类别
imported,13994,氨基己酸片,western,,14,0.96,适用于预防及治疗血纤维蛋白溶解亢进引起的各种出血。(1)前列腺、尿道、肺、肝、胰、脑、子宫、肾上腺、甲状腺等富有纤溶酶原激活物脏器的外伤或手术出血，组织纤溶酶原激活物(t-PA)、链激酶或尿激酶过量引起的出血。(2)可作为血友病患者拔牙或口腔手术后出血或月经过多的辅助治疗。(3)可用于上消化道出血、咯血、原发性血小板减少性紫癜和白血病等各种出血的对症治疗，对一般慢性渗血效果显著；对凝血功能异常引起的出血疗效差；对严重出血、伤口大量出血及癌肿出血等无止血作用。,血液系统用药 | 促凝血药,抗出血药 | 抗纤维蛋白溶酶药 | 氨基酸类,,,,https://www.yao86.com/%E8%A5%BF%E8%8D%AF/%E6%B0%A8%E5%9F%BA%E5%B7%B1%E9%85%B8%E7%89%87,站点药理或 ATC 分类明确为妇科用药
already_present,12485,八味地黄宁心口服液,tcm,14,14,0.96,滋阴清热，宁心安神。用于阴虚火旺证之心烦不寐或多梦易醒，头晕耳鸣，口干咽燥，五心烦热，心悸健忘；亦可作为女性更年期综合征见上述证候者的辅助治疗。,安神剂 | 补养安神,生殖泌尿系统药物 | 妇科用药 | 更年期综合征治疗药,,,,https://www.yao86.com/%E4%B8%AD%E6%88%90%E8%8D%AF/%E5%85%AB%E5%91%B3%E5%9C%B0%E9%BB%84%E5%AE%81%E5%BF%83%E5%8F%A3%E6%9C%8D%E6%B6%B2,站点药理或 ATC 分类明确为妇科用药
already_present,12486,巴戟振阳胶囊,tcm,13,13,0.9,补肾壮阳。用于肾阳不足所致的功能性阳痿等症。,补益剂 | 补阳,生殖泌尿系统药物 | 泌尿系统药物 | 补肾药物（勃起机能障碍用药）,,,,https://www.yao86.com/%E4%B8%AD%E6%88%90%E8%8D%AF/%E5%B7%B4%E6%88%9F%E6%8C%AF%E9%98%B3%E8%83%B6%E5%9B%8A,站点明确收录为中成药，未命中更具体项目类别
already_present,12487,白及颗粒,tcm,1,1,0.95,收敛、止血、补肺。用于肺结核，慢性气管炎，百日咳，肺气肿，久咳伤肺，咯血吐血。,固涩剂 | 敛肺止咳,呼吸系统药物 | 其他呼吸系统药物,,,,https://www.yao86.com/%E4%B8%AD%E6%88%90%E8%8D%AF/%E7%99%BD%E5%8F%8A%E9%A2%97%E7%B2%92,站点药理分类明确为止咳或祛痰药
already_present,12488,白及胶囊,tcm,12,12,0.95,收敛，止血，补肺。用于久年咳嗽，肺痿咯血，肺结核，慢性气管炎，百日咳，肺气肿，久咳伤肺，咯血吐血。,固涩剂 | 敛肺止咳,心脑血管与血液系统药物 | 抗出血药,,,,https://www.yao86.com/%E4%B8%AD%E6%88%90%E8%8D%AF/%E7%99%BD%E5%8F%8A%E8%83%B6%E5%9B%8A,站点药理或 ATC 分类明确为心脑血管用药
already_present,12489,白及糖浆,tcm,1,1,0.95,收敛，止血，补肺。用于久年咳嗽，肺痿咯血，肺结核，慢性气管炎，百日咳，肺气肿，久咳伤肺，咯血吐血。,固涩剂 | 敛肺止咳,呼吸系统药物 | 其他呼吸系统药物,,,,https://www.yao86.com/%E4%B8%AD%E6%88%90%E8%8D%AF/%E7%99%BD%E5%8F%8A%E7%B3%96%E6%B5%86,站点药理分类明确为止咳或祛痰药
already_present,12490,白及片,tcm,12,12,0.95,久咳伤肺，咯血吐血；外用治色伤止血、皮肤皲裂。,固涩剂 | 敛肺止咳,心脑血管与血液系统药物 | 抗出血药,,,,https://www.yao86.com/%E4%B8%AD%E6%88%90%E8%8D%AF/%E7%99%BD%E5%8F%8A%E7%89%87,站点药理或 ATC 分类明确为心脑血管用药
already_present,12491,补肾宁片,tcm,13,13,0.9,温肾助阳，益气固本。用于肾阳虚衰所致阳痿，对妇女更年期综合症也有一定疗效。,补益剂 | 补阳,生殖泌尿系统药物 | 泌尿系统药物 | 补肾药物（勃起机能障碍用药）,,,,https://www.yao86.com/%E4%B8%AD%E6%88%90%E8%8D%AF/%E8%A1%A5%E8%82%BE%E5%AE%81%E7%89%87,站点明确收录为中成药，未命中更具体项目类别
already_present,12492,白百抗痨颗粒,tcm,1,1,0.95,敛肺止咳，养阴清热。用于肺痨引起的咳嗽，痰中带血。,固涩剂 | 敛肺止咳,呼吸系统药物 | 其他呼吸系统药物,,,,https://www.yao86.com/%E4%B8%AD%E6%88%90%E8%8D%AF/%E7%99%BD%E7%99%BE%E6%8A%97%E7%97%A8%E9%A2%97%E7%B2%92,站点药理分类明确为止咳或祛痰药
already_present,12493,补肾强身胶囊,tcm,13,13,0.9,补肾强身。用于腰酸足软，头晕耳鸣，眼花心悸。,补益剂 | 补阳,生殖泌尿系统药物 | 泌尿系统药物 | 补肾药物（勃起机能障碍用药）,,,,https://www.yao86.com/%E4%B8%AD%E6%88%90%E8%8D%AF/%E8%A1%A5%E8%82%BE%E5%BC%BA%E8%BA%AB%E8%83%B6%E5%9B%8A,站点明确收录为中成药，未命中更具体项目类别
already_present,12494,补肾强身片,tcm,13,13,0.9,补肾强身。用于腰酸足软，头晕耳鸣，眼花心悸。,补益剂 | 补阳,生殖泌尿系统药物 | 泌尿系统药物 | 补肾药物（勃起机能障碍用药）,,,,https://www.yao86.com/%E4%B8%AD%E6%88%90%E8%8D%AF/%E8%A1%A5%E8%82%BE%E5%BC%BA%E8%BA%AB%E7%89%87,站点明确收录为中成药，未命中更具体项目类别
already_present,12495,碧云砂乙肝颗粒,tcm,5,5,0.93,清肝解毒，理气活血。用于治疗乙型病毒性肝炎属肝胆湿热证。,其它功用,消化系统与代谢药 | 肝、胆疾病治疗药 | 肝病治疗药,,,,https://www.yao86.com/%E4%B8%AD%E6%88%90%E8%8D%AF/%E7%A2%A7%E4%BA%91%E7%A0%82%E4%B9%99%E8%82%9D%E9%A2%97%E7%B2%92,站点药理或 ATC 分类明确为胃肠消化用药
already_present,12496,补肾丸,tcm,13,13,0.9,补肾强身。用于神衰倦怠，头晕心悸，眼花耳聋。,补益剂 | 补阳,生殖泌尿系统药物 | 泌尿系统药物 | 补肾药物（勃起机能障碍用药）,,,,https://www.yao86.com/%E4%B8%AD%E6%88%90%E8%8D%AF/%E8%A1%A5%E8%82%BE%E4%B8%B8,站点明确收录为中成药，未命中更具体项目类别
already_present,12497,补肾丸(小蜜丸),tcm,13,13,0.9,补肾强身。用于神衰倦怠，头晕心悸，眼花耳聋，阳痿少精。,补益剂 | 补阳,,,,,https://www.yao86.com/%E4%B8%AD%E6%88%90%E8%8D%AF/%E8%A1%A5%E8%82%BE%E4%B8%B8%28%E5%B0%8F%E8%9C%9C%E4%B8%B8%29,站点明确收录为中成药，未命中更具体项目类别
already_present,12498,补肾斑龙片,tcm,13,13,0.9,补肾壮阳，填精益髓。用于肾虚，阳痿，早泄，遗精，性欲减退等症。,补益剂 | 补阳,生殖泌尿系统药物 | 泌尿系统药物 | 补肾药物（勃起机能障碍用药）,,,,https://www.yao86.com/%E4%B8%AD%E6%88%90%E8%8D%AF/%E8%A1%A5%E8%82%BE%E6%96%91%E9%BE%99%E7%89%87,站点明确收录为中成药，未命中更具体项目类别
already_present,12499,补肾斑龙胶囊,tcm,13,13,0.9,补肾壮阳，填精益髓。本品用于肾虚，阳痿，早泄，遗精，性欲减退等症。,补益剂 | 补阳,生殖泌尿系统药物 | 泌尿系统药物 | 补肾药物（勃起机能障碍用药）,,,,https://www.yao86.com/%E4%B8%AD%E6%88%90%E8%8D%AF/%E8%A1%A5%E8%82%BE%E6%96%91%E9%BE%99%E8%83%B6%E5%9B%8A,站点明确收录为中成药，未命中更具体项目类别
already_present,12500,百地滋阴丸,tcm,0,0,0.94,滋补肺肾，凉血除蒸。用于肺痨属肺肾不足、气阴两伤所致的咳喘少气，干咳少痰，潮热盗汗，形寒自汗，声嘶失音，心慌肢冷，形体消瘦的辅助治疗。,补益剂 | 益气养阴,呼吸系统药物 | 咳嗽和感冒用药,,,,https://www.yao86.com/%E4%B8%AD%E6%88%90%E8%8D%AF/%E7%99%BE%E5%9C%B0%E6%BB%8B%E9%98%B4%E4%B8%B8,站点药理分类明确为感冒或解表用药
review_missing_efficacy,,布氏菌玻片凝集反应用菌液,western,,,0.0,,,诊断用药 | 其它诊断用药 | 其它诊断试剂,,,,https://www.yao86.com/%E8%A5%BF%E8%8D%AF/%E5%B8%83%E6%B0%8F%E8%8F%8C%E7%8E%BB%E7%89%87%E5%87%9D%E9%9B%86%E5%8F%8D%E5%BA%94%E7%94%A8%E8%8F%8C%E6%B6%B2,站点分类无法可靠映射到项目现有类别
review_missing_efficacy,,布氏菌试管凝集反应用菌液,western,,,0.0,,,诊断用药 | 其它诊断用药 | 其它诊断试剂,,,,https://www.yao86.com/%E8%A5%BF%E8%8D%AF/%E5%B8%83%E6%B0%8F%E8%8F%8C%E8%AF%95%E7%AE%A1%E5%87%9D%E9%9B%86%E5%8F%8D%E5%BA%94%E7%94%A8%E8%8F%8C%E6%B6%B2,站点分类无法可靠映射到项目现有类别
already_present,12501,胞磷胆碱钠胶囊,western,12,12,0.95,用于治疗颅脑损伤或脑血管意外所引起的神经系统的后遗症。,神经系统用药 | 脑血管病用药及降颅压药,精神兴奋药 | 精神兴奋药，用于治疗注意力缺陷多动症药和益智药 | 其它精神兴奋药和益智药,思考林,,,https://www.yao86.com/%E8%A5%BF%E8%8D%AF/%E8%83%9E%E7%A3%B7%E8%83%86%E7%A2%B1%E9%92%A0%E8%83%B6%E5%9B%8A,站点药理或 ATC 分类明确为心脑血管用药
already_present,12502,胞磷胆碱钠片,western,12,12,0.95,用于治疗颅脑损伤或脑血管意外所引起的神经系统的后遗症。,神经系统用药 | 脑血管病用药及降颅压药,精神兴奋药 | 精神兴奋药，用于治疗注意力缺陷多动症药和益智药 | 其它精神兴奋药和益智药,,,,https://www.yao86.com/%E8%A5%BF%E8%8D%AF/%E8%83%9E%E7%A3%B7%E8%83%86%E7%A2%B1%E9%92%A0%E7%89%87,站点药理或 ATC 分类明确为心脑血管用药
already_present,12503,苯妥英钠片,western,12,12,0.95,适用于治疗全身强直-阵挛性发作、复杂部分性发作(精神运动性发作、颞叶癫痫)、单纯部分性发作(局限性发作)和癫痫持续状态。也可用于治疗三叉神经痛，隐性营养不良性大疱性表皮松解(recessive dystrophic epidermolysis bullosa)，发作性舞蹈手足徐动症，发作性控制障碍(包括发怒、焦虑和失眠的兴奋过度等的行为障碍疾患)，肌强直症及三环类抗抑郁药过量时心脏传导障碍等。本品也适用于洋地黄中毒所致的室性及室上性心律失常，对其他各种原因引起的心律失常疗效较差。,心血管系统用药 | 抗心律失常药,抗癫痫药 | 海因衍生物类,,,,https://www.yao86.com/%E8%A5%BF%E8%8D%AF/%E8%8B%AF%E5%A6%A5%E8%8B%B1%E9%92%A0%E7%89%87,站点药理或 ATC 分类明确为心脑血管用药
already_present,12504,甲磺酸倍他司汀片,western,12,12,0.95,下列疾病伴发的眩晕、头晕感：梅尼埃病、梅尼埃综合症、眩晕症。,神经系统用药 | 脑血管病用药及降颅压药,其它神经系统用药 | 抗眩晕药,,,,https://www.yao86.com/%E8%A5%BF%E8%8D%AF/%E7%94%B2%E7%A3%BA%E9%85%B8%E5%80%8D%E4%BB%96%E5%8F%B8%E6%B1%80%E7%89%87,站点药理或 ATC 分类明确为心脑血管用药
already_present,12505,盐酸倍他司汀口服溶液,western,12,12,0.95,主要用于梅尼埃病，并可用于脑动脉硬化、缺血性脑血管疾病及高血压所致的体位性眩晕、耳鸣。,神经系统用药 | 脑血管病用药及降颅压药,其它神经系统用药 | 抗眩晕药,,,,https://www.yao86.com/%E8%A5%BF%E8%8D%AF/%E7%9B%90%E9%85%B8%E5%80%8D%E4%BB%96%E5%8F%B8%E6%B1%80%E5%8F%A3%E6%9C%8D%E6%BA%B6%E6%B6%B2,站点药理或 ATC 分类明确为心脑血管用药
already_present,2815,盐酸倍他司汀片,western,17,17,0.95,主要用于美尼尔氏综合征，血管性头痛及脑动脉硬化，并可用于治疗急性缺血性脑血管疾病，如脑血栓、脑栓塞、一过性脑供血不足等；高血压所致直立性眩晕、耳鸣等亦有效。,神经系统用药 | 脑血管病用药及降颅压药,其它神经系统用药 | 抗眩晕药,,,,https://www.yao86.com/%E8%A5%BF%E8%8D%AF/%E7%9B%90%E9%85%B8%E5%80%8D%E4%BB%96%E5%8F%B8%E6%B1%80%E7%89%87,保留数据库现有分类；站点药理或 ATC 分类明确为心脑血管用药
review_missing_efficacy,,倍他司汀片,western,,,0.0,,,其它神经系统用药 | 抗眩晕药,,,,https://www.yao86.com/%E8%A5%BF%E8%8D%AF/%E5%80%8D%E4%BB%96%E5%8F%B8%E6%B1%80%E7%89%87,站点分类无法可靠映射到项目现有类别
already_present,12506,藏降脂胶囊,tcm,11,11,0.95,藏医：通道血脉，行气凉血。用于血热所引起的高脂血症。中医：活血化痰。用于痰瘀血阻引起的高脂血症。,祛痰剂 | 化痰降脂,心脑血管与血液系统药物 | 血脂调节剂,,,,https://www.yao86.com/%E4%B8%AD%E6%88%90%E8%8D%AF/%E8%97%8F%E9%99%8D%E8%84%82%E8%83%B6%E5%9B%8A,站点药理或 ATC 分类明确为慢性病长期用药
already_present,12507,纯阳正气丸,tcm,5,5,0.93,温中散寒。用于暑天感寒受湿，腹痛吐泻，胸膈胀满，头痛恶寒，肢体酸重。,祛暑剂 | 祛暑利湿,消化系统与代谢药 | 肠道疾病相关药物,,,,https://www.yao86.com/%E4%B8%AD%E6%88%90%E8%8D%AF/%E7%BA%AF%E9%98%B3%E6%AD%A3%E6%B0%94%E4%B8%B8,站点药理或 ATC 分类明确为胃肠消化用药
already_present,12508,川贝止嗽合剂,tcm,1,1,0.95,解表宣肺，止咳化痰。用于外感咳嗽。,解表剂 | 宣肺止咳化痰,呼吸系统药物 | 咳嗽和感冒用药,,,,https://www.yao86.com/%E4%B8%AD%E6%88%90%E8%8D%AF/%E5%B7%9D%E8%B4%9D%E6%AD%A2%E5%97%BD%E5%90%88%E5%89%82,站点药理分类明确为止咳或祛痰药
already_present,12509,草香胃康胶囊,tcm,5,5,0.93,泄肝和胃，行气止痛。用于肝气犯胃所致的胃痛，症见胃脘疼痛、饥后尤甚、泛吐酸水、食欲不佳、心烦易怒；胃及十二指肠球部溃疡、慢性胃炎见上述证候者。,理气剂 | 理气疏肝,消化系统与代谢药 | 胃病相关药物,,,,https://www.yao86.com/%E4%B8%AD%E6%88%90%E8%8D%AF/%E8%8D%89%E9%A6%99%E8%83%83%E5%BA%B7%E8%83%B6%E5%9B%8A,站点药理或 ATC 分类明确为胃肠消化用药
already_present,12510,心肝宝胶囊,tcm,5,5,0.93,补虚损，益精气，保肺益肾，扶正固本。用于乙型慢性活动性肝炎，肝硬化；房性、室性早搏，心动过速、心动过缓；顽固性失眠症及肾病综合症，癌症辅助治疗。,补益剂 | 补气,消化系统与代谢药 | 肝、胆疾病治疗药 | 肝病治疗药,,,,https://www.yao86.com/%E4%B8%AD%E6%88%90%E8%8D%AF/%E5%BF%83%E8%82%9D%E5%AE%9D%E8%83%B6%E5%9B%8A,站点药理或 ATC 分类明确为胃肠消化用药
already_present,12511,长春烫伤膏,tcm,13,13,0.9,消炎，止痛。用于烫伤，烧伤，化学灼伤。,治疮疡剂 | 去腐生肌,皮肤病药物 | 创伤和溃疡治疗药 | 烧烫伤药物,,,,https://www.yao86.com/%E4%B8%AD%E6%88%90%E8%8D%AF/%E9%95%BF%E6%98%A5%E7%83%AB%E4%BC%A4%E8%86%8F,站点明确收录为中成药，未命中更具体项目类别
already_present,12512,蛹虫草菌粉胶囊,tcm,0,0,0.94,补肺益肾、止咳化痰。用于慢性支气管炎证属肺肾气虚、肾阳不足者。症见咳嗽气喘、咯痰、自汗、恶风、易感、身寒肢冷、腰酸肢软、乏力、头昏耳鸣等。,补益剂 | 补气,呼吸系统药物 | 咳嗽和感冒用药,,,,https://www.yao86.com/%E4%B8%AD%E6%88%90%E8%8D%AF/%E8%9B%B9%E8%99%AB%E8%8D%89%E8%8F%8C%E7%B2%89%E8%83%B6%E5%9B%8A,站点药理分类明确为感冒或解表用药
already_present,12513,虫草菌粉参芍酒,tcm,13,13,0.9,"补肾养肺，益气健脾。适用于肺脾肾气虚引起的气短乏力，倦怠多汗，纳呆食少,腰膝酸软，神疲懒言等症；也可用于老年体衰，久病体虚弱的患者。",补益剂 | 补气,生殖泌尿系统药物 | 泌尿系统药物 | 补肾药物（勃起机能障碍用药）,,,,https://www.yao86.com/%E4%B8%AD%E6%88%90%E8%8D%AF/%E8%99%AB%E8%8D%89%E8%8F%8C%E7%B2%89%E5%8F%82%E8%8A%8D%E9%85%92,站点明确收录为中成药，未命中更具体项目类别
review_unclassified,,苯扎溴铵溶液,western,,,0.0,用于皮肤、黏膜和小面积伤口的消毒。,皮肤科用药 | 其他皮肤科药,消毒灭菌药 | 季铵盐类化合物,,,,https://www.yao86.com/%E8%A5%BF%E8%8D%AF/%E8%8B%AF%E6%89%8E%E6%BA%B4%E9%93%B5%E6%BA%B6%E6%B6%B2,站点分类无法可靠映射到项目现有类别
already_present,12514,苯扎溴铵酊,western,9,9,0.94,用于手术前皮肤表面消毒，着色。,皮肤科用药 | 其他皮肤科药,消毒灭菌药 | 季铵盐类化合物,,,,https://www.yao86.com/%E8%A5%BF%E8%8D%AF/%E8%8B%AF%E6%89%8E%E6%BA%B4%E9%93%B5%E9%85%8A,剂型或站点分类明确为局部外用药
already_present,12515,吡罗昔康片,western,3,3,0.94,用于缓解各种关节炎及软组织病变的疼痛和肿胀的对症治疗。,镇痛、解热、抗炎、抗风湿、抗痛风药 | 解热镇痛、抗炎、抗风湿药,抗炎和抗风湿药 | 非甾体抗炎药和抗风湿药 | 昔康类,,,,https://www.yao86.com/%E8%A5%BF%E8%8D%AF/%E5%90%A1%E7%BD%97%E6%98%94%E5%BA%B7%E7%89%87,站点药理或 ATC 分类明确为镇痛/抗炎药
already_present,12516,吡罗昔康肠溶片,western,3,3,0.94,适用于缓解各种关节炎及关节周围炎性软组织病变的疼痛和肿胀的症状。,镇痛、解热、抗炎、抗风湿、抗痛风药 | 解热镇痛、抗炎、抗风湿药,抗炎和抗风湿药 | 非甾体抗炎药和抗风湿药 | 昔康类,,,,https://www.yao86.com/%E8%A5%BF%E8%8D%AF/%E5%90%A1%E7%BD%97%E6%98%94%E5%BA%B7%E8%82%A0%E6%BA%B6%E7%89%87,站点药理或 ATC 分类明确为镇痛/抗炎药
already_present,12517,吡罗昔康贴片,western,3,3,0.94,用于缓解骨关节炎、腱鞘炎、肌痛、骨关节痛、外伤后引起的疼痛。,镇痛、解热、抗炎、抗风湿、抗痛风药 | 解热镇痛、抗炎、抗风湿药,关节和肌肉疼痛局部用药 | 局部用非甾体消抗炎药,,,,https://www.yao86.com/%E8%A5%BF%E8%8D%AF/%E5%90%A1%E7%BD%97%E6%98%94%E5%BA%B7%E8%B4%B4%E7%89%87,站点药理或 ATC 分类明确为镇痛/抗炎药
already_present,12518,吡罗昔康搽剂,western,9,9,0.94,用于缓解局部疼痛，如肌肉痛、关节痛以及拉伤、扭伤和运动损伤引起的疼痛和肿胀，也可用于骨关节炎的对症治疗。,镇痛、解热、抗炎、抗风湿、抗痛风药 | 解热镇痛、抗炎、抗风湿药,关节和肌肉疼痛局部用药 | 局部用非甾体消抗炎药,,,,https://www.yao86.com/%E8%A5%BF%E8%8D%AF/%E5%90%A1%E7%BD%97%E6%98%94%E5%BA%B7%E6%90%BD%E5%89%82,剂型或站点分类明确为局部外用药
already_present,12519,吡罗昔康凝胶,western,9,9,0.94,用于缓解局部疼痛，如肌肉痛、关节痛。,镇痛、解热、抗炎、抗风湿、抗痛风药 | 解热镇痛、抗炎、抗风湿药,关节和肌肉疼痛局部用药 | 局部用非甾体消抗炎药,,,,https://www.yao86.com/%E8%A5%BF%E8%8D%AF/%E5%90%A1%E7%BD%97%E6%98%94%E5%BA%B7%E5%87%9D%E8%83%B6,剂型或站点分类明确为局部外用药
already_present,12520,吡罗昔康胶囊,western,3,3,0.94,适用于类风湿关节炎、骨关节炎(关节病、变性关节病)和强直性脊柱炎的症状缓解。作为非甾体抗炎药用于以上适应症时，本品不作为首选药物。,镇痛、解热、抗炎、抗风湿、抗痛风药 | 解热镇痛、抗炎、抗风湿药,抗炎和抗风湿药 | 非甾体抗炎药和抗风湿药 | 昔康类,,,,https://www.yao86.com/%E8%A5%BF%E8%8D%AF/%E5%90%A1%E7%BD%97%E6%98%94%E5%BA%B7%E8%83%B6%E5%9B%8A,站点药理或 ATC 分类明确为镇痛/抗炎药
already_present,12521,吡罗昔康软膏,western,9,9,0.94,主要用于缓解骨关节炎、类风湿性关节炎的症状。,镇痛、解热、抗炎、抗风湿、抗痛风药 | 解热镇痛、抗炎、抗风湿药,关节和肌肉疼痛局部用药 | 局部用非甾体消抗炎药,,,,https://www.yao86.com/%E8%A5%BF%E8%8D%AF/%E5%90%A1%E7%BD%97%E6%98%94%E5%BA%B7%E8%BD%AF%E8%86%8F,剂型或站点分类明确为局部外用药
reclassified_existing,12522,西地吡罗昔康片,western,3,14,0.96,本品具镇痛消炎作用。1）治疗风湿性疾病（如风湿性关节炎，骨性关节炎等）；2）肌肉-骨骼疾病（如肌腱炎，滑囊炎，创伤后疼痛等）；3）手术后疼痛；4）牙痛；5）头痛；6）原发性痛经。,镇痛、解热、抗炎、抗风湿、抗痛风药 | 解热镇痛、抗炎、抗风湿药,抗炎和抗风湿药 | 非甾体抗炎药和抗风湿药 | 昔康类,喜来通,,,https://www.yao86.com/%E8%A5%BF%E8%8D%AF/%E8%A5%BF%E5%9C%B0%E5%90%A1%E7%BD%97%E6%98%94%E5%BA%B7%E7%89%87,站点药理或 ATC 分类明确为妇科用药
reclassified_existing,12523,小儿贝诺酯散,western,3,14,0.96,用于儿童普通感冒或流行性感冒引起的发热，也用于缓解轻至中度疼痛如头痛、关节痛、偏头痛、牙痛、肌肉痛、神经痛、痛经。,镇痛、解热、抗炎、抗风湿、抗痛风药 | 解热镇痛、抗炎、抗风湿药,镇痛药 | 其它解热镇痛药 | 水杨酸与其衍生物,,,,https://www.yao86.com/%E8%A5%BF%E8%8D%AF/%E5%B0%8F%E5%84%BF%E8%B4%9D%E8%AF%BA%E9%85%AF%E6%95%A3,站点药理或 ATC 分类明确为妇科用药
reclassified_existing,12524,贝诺酯片,western,3,14,0.96,用于普通感冒或流行性感冒引起的发热，也用于缓解轻至中度疼痛如头痛、关节痛、偏头痛、牙痛、肌肉痛、神经痛、痛经。,镇痛、解热、抗炎、抗风湿、抗痛风药 | 解热镇痛、抗炎、抗风湿药,镇痛药 | 其它解热镇痛药 | 水杨酸与其衍生物,,,,https://www.yao86.com/%E8%A5%BF%E8%8D%AF/%E8%B4%9D%E8%AF%BA%E9%85%AF%E7%89%87,站点药理或 ATC 分类明确为妇科用药
already_present,12525,贝诺酯胶囊,western,3,3,0.94,用于发热、头痛、神经痛、牙痛及手术后轻中度疼痛等。,镇痛、解热、抗炎、抗风湿、抗痛风药 | 解热镇痛、抗炎、抗风湿药,镇痛药 | 其它解热镇痛药 | 水杨酸与其衍生物,,,,https://www.yao86.com/%E8%A5%BF%E8%8D%AF/%E8%B4%9D%E8%AF%BA%E9%85%AF%E8%83%B6%E5%9B%8A,站点药理或 ATC 分类明确为镇痛/抗炎药
reclassified_existing,12526,贝诺酯分散片,western,3,14,0.96,用于普通感冒或流行性感冒引起的发热，也用于缓解轻至中度疼痛如头痛、关节痛、牙痛、肌肉痛、神经痛、痛经。,镇痛、解热、抗炎、抗风湿、抗痛风药 | 解热镇痛、抗炎、抗风湿药,镇痛药 | 其它解热镇痛药 | 水杨酸与其衍生物,沙普尔,,,https://www.yao86.com/%E8%A5%BF%E8%8D%AF/%E8%B4%9D%E8%AF%BA%E9%85%AF%E5%88%86%E6%95%A3%E7%89%87,站点药理或 ATC 分类明确为妇科用药
reclassified_existing,12527,贝诺酯颗粒,western,3,14,0.96,用于普通感冒或流行性感冒引起的发热，也用于缓解轻至中度疼痛如头痛、关节痛、偏头痛、牙痛、肌肉痛、神经痛、痛经。,镇痛、解热、抗炎、抗风湿、抗痛风药 | 解热镇痛、抗炎、抗风湿药,镇痛药 | 其它解热镇痛药 | 水杨酸与其衍生物,阿扑双欣,,,https://www.yao86.com/%E8%A5%BF%E8%8D%AF/%E8%B4%9D%E8%AF%BA%E9%85%AF%E9%A2%97%E7%B2%92,站点药理或 ATC 分类明确为妇科用药
review_missing_efficacy,,贝诺酯散,western,,3,0.94,,,镇痛药 | 其它解热镇痛药 | 水杨酸与其衍生物,,,,https://www.yao86.com/%E8%A5%BF%E8%8D%AF/%E8%B4%9D%E8%AF%BA%E9%85%AF%E6%95%A3,站点药理或 ATC 分类明确为镇痛/抗炎药
already_present,12528,波生坦分散片,western,12,12,0.95,本品适用于治疗肺动脉高压(PAH)(WHO第1组)：·在年龄≥3岁的儿科特发性或先天性PAH患者中改善肺血管阻力(PVR)，预计可使运动能力得到改善。对于12岁以上、18岁以下儿童患者，推荐使用波生坦片，推荐剂量参考波生坦片说明书。·用于治疗WHO功能分级Ⅱ级-Ⅳ级的肺动脉高压(PAH)(WHO第1组)的成人患者，以改善运动能力和减少临床恶化。有效性研究包括主要为WHO功能分级Ⅱ级-Ⅳ级、特发性或遗传性病因学的PAH(60%)、与结缔组织病相关的PAH(21%)和与左向右分流的先天性心脏病相关的PAH(18%)的患者。在成人受试者中进行的波生坦分散片与波生坦片生物利用度比较结果显示波生坦分散片的暴露量较低(见【药代动力学】)。因此仅可在无法服用波生坦片的成人患者中使用本品。,心血管系统用药 | 抗高血压药,抗高血压药 | 其他抗高血压药 | 治疗肺动脉高压的抗高血压药,全可利(Tracleer),,全可利(Tracleer)（多药共用）,https://www.yao86.com/%E8%A5%BF%E8%8D%AF/%E6%B3%A2%E7%94%9F%E5%9D%A6%E5%88%86%E6%95%A3%E7%89%87,站点药理或 ATC 分类明确为心脑血管用药
already_present,12529,波生坦片,western,12,12,0.95,本品适用于治疗WHO功能分级Ⅱ级-Ⅳ级的肺动脉高压(PAH)(WHO第1组)的患者，以改善患者的运动能力和减少临床恶化。支持本品有效性的研究主要包括WHO功能分级Ⅱ级-Ⅳ级的特发性或遗传性PAH(60%)、与结缔组织病相关的PAH(21%)及与左向右分流先天性心脏病相关的PAH(18%)患者。使用注意事项WHO功能分级Ⅱ级的患者中显示出临床恶化率下降和步行距离的改善趋势。医生应充分考虑这些益处是否足够抵消对于WHO功能分级Ⅱ级患者的肝损伤风险，随着疾病进展，该风险可能导致将来无法使用本品。,心血管系统用药 | 抗高血压药,抗高血压药 | 其他抗高血压药 | 治疗肺动脉高压的抗高血压药,全可利(Tracleer),,全可利(Tracleer)（多药共用）,https://www.yao86.com/%E8%A5%BF%E8%8D%AF/%E6%B3%A2%E7%94%9F%E5%9D%A6%E7%89%87,站点药理或 ATC 分类明确为心脑血管用药
already_present,12530,巴洛沙星片,western,2,2,0.96,用于治疗由葡萄球菌属(包括耐甲氧西林金黄色葡萄球菌MRSA)、链球菌属、肠球菌属、摩根菌属、大肠唉希氏菌、普罗威登氏菌属、柠檬酸杆菌属、克雷伯菌属、肠杆菌属、沙雷氏菌属、变形杆菌属，假单胞菌属，消化链球菌属等敏感菌引起的单纯性尿路感染，如膀胱炎、尿道炎等。由于使用氟喹诺酮类药物(包括巴洛沙星片)已有报道发生严重不良反应，且对于一些患者，单纯性尿路感染有自限性，应在没有其他药物治疗时方可使用巴洛沙星片。,抗微生物药 | 喹诺酮类,系统用抗细菌药 | 喹诺酮类抗菌药 | 氟喹诺酮类,,,,https://www.yao86.com/%E8%A5%BF%E8%8D%AF/%E5%B7%B4%E6%B4%9B%E6%B2%99%E6%98%9F%E7%89%87,站点药理或 ATC 分类明确为抗感染药
reclassified_existing,12531,巴洛沙星胶囊,western,2,14,0.96,用于治疗由葡萄球菌属(包括耐甲氧西林金黄色葡萄球菌MRSA)、链球菌属、肠球菌属、摩根菌属、大肠埃希氏菌、普罗威登氏菌属、柠檬酸杆菌属、克雷伯菌属、肠杆菌属、沙雷氏菌属、变形杆菌属、假单孢菌属、消化链球菌属等敏感菌引起的单纯性尿路感染(如膀胱炎、尿道炎等)、盆腔感染症、宫颈炎。,抗微生物药 | 喹诺酮类,系统用抗细菌药 | 喹诺酮类抗菌药 | 氟喹诺酮类,,,,https://www.yao86.com/%E8%A5%BF%E8%8D%AF/%E5%B7%B4%E6%B4%9B%E6%B2%99%E6%98%9F%E8%83%B6%E5%9B%8A,站点药理或 ATC 分类明确为妇科用药
reclassified_existing,12532,小儿贝诺酯维B1颗粒,western,3,14,0.96,用于儿童普通感冒或流行性感冒引起的发热，也用于缓解轻至中度疼痛如头痛、关节痛、偏头痛、牙痛、肌肉痛、神经痛、痛经。,镇痛、解热、抗炎、抗风湿、抗痛风药 | 解热镇痛、抗炎、抗风湿药,镇痛药 | 其它解热镇痛药 | 水杨酸与其衍生物,,,,https://www.yao86.com/%E8%A5%BF%E8%8D%AF/%E5%B0%8F%E5%84%BF%E8%B4%9D%E8%AF%BA%E9%85%AF%E7%BB%B4B1%E9%A2%97%E7%B2%92,站点药理或 ATC 分类明确为妇科用药
already_present,12533,小儿贝诺酯维B1咀嚼片,western,3,3,0.94,用于感冒或流感引起的发热、头痛以及全身疼痛。,镇痛、解热、抗炎、抗风湿、抗痛风药 | 解热镇痛、抗炎、抗风湿药,镇痛药 | 其它解热镇痛药 | 水杨酸与其衍生物,,,,https://www.yao86.com/%E8%A5%BF%E8%8D%AF/%E5%B0%8F%E5%84%BF%E8%B4%9D%E8%AF%BA%E9%85%AF%E7%BB%B4B1%E5%92%80%E5%9A%BC%E7%89%87,站点药理或 ATC 分类明确为镇痛/抗炎药
reclassified_existing,12534,贝诺酯维B1颗粒,western,3,14,0.96,本品用于普通感冒或流行性感冒引起的发热，也用于缓解轻至中度疼痛如头痛、关节痛、偏头痛、牙痛、肌肉痛、神经痛、痛经。,镇痛、解热、抗炎、抗风湿、抗痛风药 | 解热镇痛、抗炎、抗风湿药,镇痛药 | 其它解热镇痛药 | 水杨酸与其衍生物,,,,https://www.yao86.com/%E8%A5%BF%E8%8D%AF/%E8%B4%9D%E8%AF%BA%E9%85%AF%E7%BB%B4B1%E9%A2%97%E7%B2%92,站点药理或 ATC 分类明确为妇科用药
review_missing_efficacy,,盐酸贝凡洛尔胶囊,western,,12,0.95,原发性高血压。,心血管系统用药 | 抗高血压药,β-受体阻断药 | 选择性β-受体阻断药,,,,https://www.yao86.com/%E8%A5%BF%E8%8D%AF/%E7%9B%90%E9%85%B8%E8%B4%9D%E5%87%A1%E6%B4%9B%E5%B0%94%E8%83%B6%E5%9B%8A,站点药理或 ATC 分类明确为心脑血管用药
already_present,12535,盐酸贝凡洛尔片,western,12,12,0.95,用于治疗轻度或中度高血压。,心血管系统用药 | 抗高血压药,β-受体阻断药 | 选择性β-受体阻断药,卡理稳,,,https://www.yao86.com/%E8%A5%BF%E8%8D%AF/%E7%9B%90%E9%85%B8%E8%B4%9D%E5%87%A1%E6%B4%9B%E5%B0%94%E7%89%87,站点药理或 ATC 分类明确为心脑血管用药
already_present,12536,吡哌酸片,western,2,2,0.96,用于敏感菌革兰阴性杆菌所致的尿路感染、细菌性肠道感染。,抗微生物药 | 喹诺酮类,系统用抗细菌药 | 喹诺酮类抗菌药 | 其它喹诺酮类,,,,https://www.yao86.com/%E8%A5%BF%E8%8D%AF/%E5%90%A1%E5%93%8C%E9%85%B8%E7%89%87,站点药理或 ATC 分类明确为抗感染药
already_present,12537,吡哌酸胶囊,western,2,2,0.96,用于敏感菌革兰阴性杆菌所致的尿路感染、细菌性肠道感染。,抗微生物药 | 喹诺酮类,系统用抗细菌药 | 喹诺酮类抗菌药 | 其它喹诺酮类,,,,https://www.yao86.com/%E8%A5%BF%E8%8D%AF/%E5%90%A1%E5%93%8C%E9%85%B8%E8%83%B6%E5%9B%8A,站点药理或 ATC 分类明确为抗感染药
already_present,12538,吡哌酸颗粒,western,2,2,0.96,主要用于急、慢性尿路感染和细菌性痢疾等肠道感染等。,抗微生物药 | 喹诺酮类,系统用抗细菌药 | 喹诺酮类抗菌药 | 其它喹诺酮类,,,,https://www.yao86.com/%E8%A5%BF%E8%8D%AF/%E5%90%A1%E5%93%8C%E9%85%B8%E9%A2%97%E7%B2%92,站点药理或 ATC 分类明确为抗感染药
already_present,12539,柴石退热颗粒,tcm,0,0,0.94,清热解毒，解表清里。用于风热感冒，症见：发热，头痛，或恶风，咽痛，口渴，便秘，尿黄。,和解剂 | 表里双解,呼吸系统药物 | 咳嗽和感冒用药,,,,https://www.yao86.com/%E4%B8%AD%E6%88%90%E8%8D%AF/%E6%9F%B4%E7%9F%B3%E9%80%80%E7%83%AD%E9%A2%97%E7%B2%92,站点药理分类明确为感冒或解表用药
already_present,12540,参精止渴丸,tcm,11,11,0.95,益气养阴，生津止渴。用于气阴两亏、内热津伤所致的消渴，症见少气乏力、口干多饮、易饥、形体消瘦；2型糖尿病见上述证候者。,补益剂 | 益气养阴,消化系统与代谢药 | 糖尿病药物,,,,https://www.yao86.com/%E4%B8%AD%E6%88%90%E8%8D%AF/%E5%8F%82%E7%B2%BE%E6%AD%A2%E6%B8%B4%E4%B8%B8,站点药理或 ATC 分类明确为慢性病长期用药
already_present,12541,慈航丸,tcm,14,14,0.96,逐瘀生新。用于妇女经血不调，癥瘕痞块，产后血晕，恶露不尽。,理血剂 | 活血化瘀,生殖泌尿系统药物 | 妇科用药 | 调经药物,,,,https://www.yao86.com/%E4%B8%AD%E6%88%90%E8%8D%AF/%E6%85%88%E8%88%AA%E4%B8%B8,站点药理或 ATC 分类明确为妇科用药
already_present,12542,慈航片,tcm,14,14,0.96,逐瘀生新。用于妇女经血不调，癥瘕痞块，产后血晕，恶露不尽。,理血剂 | 活血化瘀,生殖泌尿系统药物 | 妇科用药 | 调经药物,,,,https://www.yao86.com/%E4%B8%AD%E6%88%90%E8%8D%AF/%E6%85%88%E8%88%AA%E7%89%87,站点药理或 ATC 分类明确为妇科用药
already_present,12543,慈航胶囊,tcm,14,14,0.96,逐瘀生新。用于妇女经血不调，癥瘕痞块，产后血晕，恶露不尽。,理血剂 | 活血化瘀,生殖泌尿系统药物 | 妇科用药 | 调经药物,,,,https://www.yao86.com/%E4%B8%AD%E6%88%90%E8%8D%AF/%E6%85%88%E8%88%AA%E8%83%B6%E5%9B%8A,站点药理或 ATC 分类明确为妇科用药
already_present,12544,柴芩清宁胶囊,tcm,0,0,0.94,清热解毒，和解表里。用于发热恶寒、咽痛流浊涕等上呼吸道感染之邪在肺卫证。,和解剂 | 表里双解,呼吸系统药物 | 咳嗽和感冒用药,,,,https://www.yao86.com/%E4%B8%AD%E6%88%90%E8%8D%AF/%E6%9F%B4%E8%8A%A9%E6%B8%85%E5%AE%81%E8%83%B6%E5%9B%8A,站点药理分类明确为感冒或解表用药
already_present,12545,柴芩清宁片,tcm,0,0,0.94,清热解毒，和解表里。用于发热恶寒、咽痛流浊涕等上呼吸道感染之邪在肺卫证。,和解剂 | 表里双解,呼吸系统药物 | 咳嗽和感冒用药,,,,https://www.yao86.com/%E4%B8%AD%E6%88%90%E8%8D%AF/%E6%9F%B4%E8%8A%A9%E6%B8%85%E5%AE%81%E7%89%87,站点药理分类明确为感冒或解表用药
already_present,12546,采力合剂,tcm,13,13,0.9,填精补肾，益气生血。适用于精气不足之虚损证，症见倦怠乏力，头晕目眩，心悸气短，腰膝酸软，失眠健忘。,补益剂 | 气血双补,生殖泌尿系统药物 | 泌尿系统药物 | 补肾药物（勃起机能障碍用药）,,,,https://www.yao86.com/%E4%B8%AD%E6%88%90%E8%8D%AF/%E9%87%87%E5%8A%9B%E5%90%88%E5%89%82,站点明确收录为中成药，未命中更具体项目类别
already_present,12547,参芪复脉颗粒,tcm,12,12,0.95,益气养阴，活血复脉。用于气阴两虚型心肌炎恢复期的治疗。,补益剂 | 益气养阴,心脑血管与血液系统药物 | 心血管疾病治疗药,,,,https://www.yao86.com/%E4%B8%AD%E6%88%90%E8%8D%AF/%E5%8F%82%E8%8A%AA%E5%A4%8D%E8%84%89%E9%A2%97%E7%B2%92,站点药理或 ATC 分类明确为心脑血管用药
already_present,12548,活血镇痛胶囊,tcm,3,3,0.94,益气活血，祛风通络。用于气虚血瘀所致的头痛、头昏；血管性头痛、神经性头痛等见上述证候者。,理血剂 | 益气活血,神经系统药物 | 镇痛药 | 抗偏头痛药,,,,https://www.yao86.com/%E4%B8%AD%E6%88%90%E8%8D%AF/%E6%B4%BB%E8%A1%80%E9%95%87%E7%97%9B%E8%83%B6%E5%9B%8A,站点药理或 ATC 分类明确为镇痛/抗炎药
already_present,12549,苯西卤铵乳膏,western,9,9,0.94,保英乳膏用于缓解尿布疹，可与婴儿清洁护理剂同时使用，用于尿布疹的预防。保英乳膏用于缓解成人阴部皮炎，可与患者的清洁护理剂同时使用，用于阴部皮炎的预防。保英乳膏用于缓解轻微的烫伤、局限的日光灼伤和因天气效应引起的症状。,皮肤科用药 | 皮肤抗感染药,消毒灭菌药 | 季铵盐类化合物,保英Drapolene,,,https://www.yao86.com/%E8%A5%BF%E8%8D%AF/%E8%8B%AF%E8%A5%BF%E5%8D%A4%E9%93%B5%E4%B9%B3%E8%86%8F,剂型或站点分类明确为局部外用药
already_present,12550,盐酸布替萘芬乳膏,western,9,9,0.96,主要用于由絮状癣菌、红色癣菌、须发癣菌及斑秃癣菌等引起的足趾癣、体癣、股癣的局部治疗。,抗微生物药 | 抗真菌药,皮肤病用抗真菌药 | 局部用抗真菌药 | 局部用其它抗真菌药,,,,https://www.yao86.com/%E8%A5%BF%E8%8D%AF/%E7%9B%90%E9%85%B8%E5%B8%83%E6%9B%BF%E8%90%98%E8%8A%AC%E4%B9%B3%E8%86%8F,外用剂型且站点 ATC 分类明确为皮肤局部用药
already_present,12551,盐酸布替萘芬凝胶,western,9,9,0.96,主要用于敏感真菌所致的手癣、足癣、体癣、股癣、花斑癣等。,抗微生物药 | 抗真菌药,皮肤病用抗真菌药 | 局部用抗真菌药 | 局部用其它抗真菌药,,,,https://www.yao86.com/%E8%A5%BF%E8%8D%AF/%E7%9B%90%E9%85%B8%E5%B8%83%E6%9B%BF%E8%90%98%E8%8A%AC%E5%87%9D%E8%83%B6,外用剂型且站点 ATC 分类明确为皮肤局部用药
already_present,12552,盐酸布替萘芬搽剂,western,9,9,0.96,适用于浅部皮肤真菌感染，主要用于敏感菌所致的足癣、体癣、股癣。,抗微生物药 | 抗真菌药,皮肤病用抗真菌药 | 局部用抗真菌药 | 局部用其它抗真菌药,,,,https://www.yao86.com/%E8%A5%BF%E8%8D%AF/%E7%9B%90%E9%85%B8%E5%B8%83%E6%9B%BF%E8%90%98%E8%8A%AC%E6%90%BD%E5%89%82,外用剂型且站点 ATC 分类明确为皮肤局部用药
already_present,12553,盐酸布替萘芬喷雾剂,western,9,9,0.94,适用于浅部皮肤真菌感染，主要用于敏感菌所致的足癣、体癣、股癣。,抗微生物药 | 抗真菌药,皮肤病用抗真菌药 | 局部用抗真菌药 | 局部用其它抗真菌药,,,,https://www.yao86.com/%E8%A5%BF%E8%8D%AF/%E7%9B%90%E9%85%B8%E5%B8%83%E6%9B%BF%E8%90%98%E8%8A%AC%E5%96%B7%E9%9B%BE%E5%89%82,剂型或站点分类明确为局部外用药
already_present,12554,吡硫翁钠乳膏,western,9,9,0.96,用于手、足癣、体股癣等。,抗微生物药 | 抗真菌药,皮肤病用抗真菌药 | 局部用抗真菌药 | 局部用其它抗真菌药,,,,https://www.yao86.com/%E8%A5%BF%E8%8D%AF/%E5%90%A1%E7%A1%AB%E7%BF%81%E9%92%A0%E4%B9%B3%E8%86%8F,外用剂型且站点 ATC 分类明确为皮肤局部用药
already_present,12555,苯唑西林钠胶囊,western,2,2,0.96,用于抗青霉素葡萄球菌引起的肺炎和皮肤、软组织感染等。,抗微生物药 | 青霉素类,系统用抗细菌药 | β-内酰胺抗菌药，青霉素类 | 耐β-内酰胺酶的青霉素类,,,,https://www.yao86.com/%E8%A5%BF%E8%8D%AF/%E8%8B%AF%E5%94%91%E8%A5%BF%E6%9E%97%E9%92%A0%E8%83%B6%E5%9B%8A,站点药理或 ATC 分类明确为抗感染药
already_present,12556,苯唑西林钠片,western,2,2,0.96,本品主要用于耐青霉素葡萄球菌所致的各种感染，包括败血症、呼吸道感染、脑膜炎、软组织感染等。也可用于化脓性链球菌或肺炎球菌与耐青霉素葡萄球菌所致的混合感染。,抗微生物药 | 青霉素类,系统用抗细菌药 | β-内酰胺抗菌药，青霉素类 | 耐β-内酰胺酶的青霉素类,,,,https://www.yao86.com/%E8%A5%BF%E8%8D%AF/%E8%8B%AF%E5%94%91%E8%A5%BF%E6%9E%97%E9%92%A0%E7%89%87,站点药理或 ATC 分类明确为抗感染药
review_missing_efficacy,,桉油,western,,,0.0,,,,,,,https://www.yao86.com/%E8%A5%BF%E8%8D%AF/%E6%A1%89%E6%B2%B9,站点分类无法可靠映射到项目现有类别
review_missing_efficacy,,薄荷桉油含片,western,,,0.0,,,咽喉用药 | 其他咽喉用药,,,,https://www.yao86.com/%E8%A5%BF%E8%8D%AF/%E8%96%84%E8%8D%B7%E6%A1%89%E6%B2%B9%E5%90%AB%E7%89%87,站点分类无法可靠映射到项目现有类别
review_missing_efficacy,,桉油尿素软膏,western,,9,0.94,,,润肤药和护肤药 | 脲类,,,,https://www.yao86.com/%E8%A5%BF%E8%8D%AF/%E6%A1%89%E6%B2%B9%E5%B0%BF%E7%B4%A0%E8%BD%AF%E8%86%8F,剂型或站点分类明确为局部外用药
already_present,12557,吡诺克辛滴眼液,western,9,9,0.94,初期老年性白内障。,眼科用药 | 其他眼科用药,眼科用药 | 其它眼科用药,卡林优(Kary Uni),,,https://www.yao86.com/%E8%A5%BF%E8%8D%AF/%E5%90%A1%E8%AF%BA%E5%85%8B%E8%BE%9B%E6%BB%B4%E7%9C%BC%E6%B6%B2,剂型或站点分类明确为局部外用药
already_present,12558,吡诺克辛钠滴眼液,western,9,9,0.94,主要治疗初期老年性白内障、轻度糖尿病性白内障或并发性白内障等。,眼科用药 | 其他眼科用药,眼科用药 | 其它眼科用药,,,,https://www.yao86.com/%E8%A5%BF%E8%8D%AF/%E5%90%A1%E8%AF%BA%E5%85%8B%E8%BE%9B%E9%92%A0%E6%BB%B4%E7%9C%BC%E6%B6%B2,剂型或站点分类明确为局部外用药
reclassified_existing,12559,布洛芬缓释片,western,3,14,0.96,用于减轻中度疼痛，如关节痛、神经痛、肌肉痛、偏头痛、头痛、痛经、牙痛；也可用于感冒和流感引起的发热。,镇痛、解热、抗炎、抗风湿、抗痛风药 | 解热镇痛、抗炎、抗风湿药,抗炎和抗风湿药 | 非甾体抗炎药和抗风湿药 | 丙酸衍生物类,,,,https://www.yao86.com/%E8%A5%BF%E8%8D%AF/%E5%B8%83%E6%B4%9B%E8%8A%AC%E7%BC%93%E9%87%8A%E7%89%87,站点药理或 ATC 分类明确为妇科用药
reclassified_existing,12560,布洛芬泡腾片,western,3,14,0.96,用于缓解轻至中度疼痛如头痛、关节痛、偏头痛、牙痛、肌肉痛、神经痛、痛经。也用于普通感冒或流行性感冒引起的发热。,镇痛、解热、抗炎、抗风湿、抗痛风药 | 解热镇痛、抗炎、抗风湿药,抗炎和抗风湿药 | 非甾体抗炎药和抗风湿药 | 丙酸衍生物类,,,,https://www.yao86.com/%E8%A5%BF%E8%8D%AF/%E5%B8%83%E6%B4%9B%E8%8A%AC%E6%B3%A1%E8%85%BE%E7%89%87,站点药理或 ATC 分类明确为妇科用药
reclassified_existing,12561,布洛芬口腔崩解片,western,3,14,0.96,用于减轻中度疼痛，如关节痛、神经痛、肌肉痛、头痛、痛经、牙痛，也可用于解热。,镇痛、解热、抗炎、抗风湿、抗痛风药 | 解热镇痛、抗炎、抗风湿药,抗炎和抗风湿药 | 非甾体抗炎药和抗风湿药 | 丙酸衍生物类,欣荻芬,,,https://www.yao86.com/%E8%A5%BF%E8%8D%AF/%E5%B8%83%E6%B4%9B%E8%8A%AC%E5%8F%A3%E8%85%94%E5%B4%A9%E8%A7%A3%E7%89%87,站点药理或 ATC 分类明确为妇科用药
reclassified_existing,12562,布洛芬糖浆,western,3,14,0.96,用于缓解轻至中度疼痛如头痛、关节痛、偏头痛、牙痛、肌肉痛、神经痛、痛经。也用于普通感冒或流行性感冒引起的发热。,镇痛、解热、抗炎、抗风湿、抗痛风药 | 解热镇痛、抗炎、抗风湿药,抗炎和抗风湿药 | 非甾体抗炎药和抗风湿药 | 丙酸衍生物类,,,,https://www.yao86.com/%E8%A5%BF%E8%8D%AF/%E5%B8%83%E6%B4%9B%E8%8A%AC%E7%B3%96%E6%B5%86,站点药理或 ATC 分类明确为妇科用药
already_present,1897,布洛芬颗粒,western,3,3,0.96,用于缓解轻至中度疼痛如头痛、关节痛、偏头痛、牙痛、肌肉痛、神经痛、痛经。也用于普通感冒或流行性感冒引起的发热。,镇痛、解热、抗炎、抗风湿、抗痛风药 | 解热镇痛、抗炎、抗风湿药,抗炎和抗风湿药 | 非甾体抗炎药和抗风湿药 | 丙酸衍生物类,,,,https://www.yao86.com/%E8%A5%BF%E8%8D%AF/%E5%B8%83%E6%B4%9B%E8%8A%AC%E9%A2%97%E7%B2%92,保留数据库现有分类；站点药理或 ATC 分类明确为妇科用药
already_present,12563,小儿布洛芬栓,western,3,3,0.94,用于儿童普通感冒或流行性感冒引起的发热。也用于缓解儿童轻至中度疼痛，如头痛、关节痛、偏头痛、牙痛、肌肉痛、神经痛。,镇痛、解热、抗炎、抗风湿、抗痛风药 | 解热镇痛、抗炎、抗风湿药,抗炎和抗风湿药 | 非甾体抗炎药和抗风湿药 | 丙酸衍生物类,,,,https://www.yao86.com/%E8%A5%BF%E8%8D%AF/%E5%B0%8F%E5%84%BF%E5%B8%83%E6%B4%9B%E8%8A%AC%E6%A0%93,站点药理或 ATC 分类明确为镇痛/抗炎药
already_present,50,布洛芬混悬液,western,4,4,0.96,用于儿童普通感冒或流行性感冒引起的发热。也用于缓解儿童轻至中度疼痛，如头痛、关节痛、偏头痛、牙痛、肌肉痛、神经痛、痛经。,镇痛、解热、抗炎、抗风湿、抗痛风药 | 解热镇痛、抗炎、抗风湿药,抗炎和抗风湿药 | 非甾体抗炎药和抗风湿药 | 丙酸衍生物类,,,,https://www.yao86.com/%E8%A5%BF%E8%8D%AF/%E5%B8%83%E6%B4%9B%E8%8A%AC%E6%B7%B7%E6%82%AC%E6%B6%B2,保留数据库现有分类；站点药理或 ATC 分类明确为妇科用药
already_present,41,布洛芬片,western,3,3,0.96,用于缓解轻至中度疼痛如头痛、关节痛、偏头痛、牙痛、肌肉痛、神经痛、痛经。也用于普通感冒或流行性感冒引起的发热。,镇痛、解热、抗炎、抗风湿、抗痛风药 | 解热镇痛、抗炎、抗风湿药,抗炎和抗风湿药 | 非甾体抗炎药和抗风湿药 | 丙酸衍生物类,,,,https://www.yao86.com/%E8%A5%BF%E8%8D%AF/%E5%B8%83%E6%B4%9B%E8%8A%AC%E7%89%87,保留数据库现有分类；站点药理或 ATC 分类明确为妇科用药
already_present,1525,布洛芬缓释胶囊,western,3,3,0.96,用于缓解轻至中度疼痛如头痛、关节痛、偏头痛、牙痛、肌肉痛、神经痛、痛经。也用于普通感冒或流行性感冒引起的发热。,镇痛、解热、抗炎、抗风湿、抗痛风药 | 解热镇痛、抗炎、抗风湿药,抗炎和抗风湿药 | 非甾体抗炎药和抗风湿药 | 丙酸衍生物类,,,,https://www.yao86.com/%E8%A5%BF%E8%8D%AF/%E5%B8%83%E6%B4%9B%E8%8A%AC%E7%BC%93%E9%87%8A%E8%83%B6%E5%9B%8A,保留数据库现有分类；站点药理或 ATC 分类明确为妇科用药
reclassified_existing,12564,布洛芬软胶囊,western,3,14,0.96,用于减轻中度疼痛如关节痛、神经痛、肌肉痛、偏头痛、头痛、痛经、牙痛；也可用于感冒和流感引起的发热。,镇痛、解热、抗炎、抗风湿、抗痛风药 | 解热镇痛、抗炎、抗风湿药,抗炎和抗风湿药 | 非甾体抗炎药和抗风湿药 | 丙酸衍生物类,倍得芬,,,https://www.yao86.com/%E8%A5%BF%E8%8D%AF/%E5%B8%83%E6%B4%9B%E8%8A%AC%E8%BD%AF%E8%83%B6%E5%9B%8A,站点药理或 ATC 分类明确为妇科用药
already_present,12565,布洛芬分散片,western,3,3,0.94,适用于因感冒、急性上呼吸道感染、急性咽喉炎等疾病引起的发热、头痛、周身痛及关节痛；其他疾病如关节炎、牙疾等所致的轻、中度疼痛。,镇痛、解热、抗炎、抗风湿、抗痛风药 | 解热镇痛、抗炎、抗风湿药,抗炎和抗风湿药 | 非甾体抗炎药和抗风湿药 | 丙酸衍生物类,贝乐芬,,,https://www.yao86.com/%E8%A5%BF%E8%8D%AF/%E5%B8%83%E6%B4%9B%E8%8A%AC%E5%88%86%E6%95%A3%E7%89%87,站点药理或 ATC 分类明确为镇痛/抗炎药
already_present,12566,布洛芬凝胶,western,9,9,0.94,用于缓解局部软组织疼痛，如肌肉痛、关节痛、腰背痛，以及扭伤、拉伤、劳损引起的疼痛，也可用于骨关节炎的对症治疗。,镇痛、解热、抗炎、抗风湿、抗痛风药 | 解热镇痛、抗炎、抗风湿药,关节和肌肉疼痛局部用药 | 局部用非甾体消抗炎药,,,,https://www.yao86.com/%E8%A5%BF%E8%8D%AF/%E5%B8%83%E6%B4%9B%E8%8A%AC%E5%87%9D%E8%83%B6,剂型或站点分类明确为局部外用药
already_present,12567,布洛芬咀嚼片,western,3,3,0.94,用于儿童减轻中度疼痛，如关节痛、神经痛、肌肉痛、偏头痛、头痛、牙痛，也可用于减轻普通感冒或流行性感冒引起的发热。,镇痛、解热、抗炎、抗风湿、抗痛风药 | 解热镇痛、抗炎、抗风湿药,抗炎和抗风湿药 | 非甾体抗炎药和抗风湿药 | 丙酸衍生物类,,,,https://www.yao86.com/%E8%A5%BF%E8%8D%AF/%E5%B8%83%E6%B4%9B%E8%8A%AC%E5%92%80%E5%9A%BC%E7%89%87,站点药理或 ATC 分类明确为镇痛/抗炎药
reclassified_existing,12568,布洛芬口服溶液,western,3,14,0.96,用于儿童普通感冒或流行性感冒引起的发热。也用于缓解儿童轻至中度疼痛，如头痛、关节痛、偏头痛、牙痛、肌肉痛、神经痛、痛经。,镇痛、解热、抗炎、抗风湿、抗痛风药 | 解热镇痛、抗炎、抗风湿药,抗炎和抗风湿药 | 非甾体抗炎药和抗风湿药 | 丙酸衍生物类,,,,https://www.yao86.com/%E8%A5%BF%E8%8D%AF/%E5%B8%83%E6%B4%9B%E8%8A%AC%E5%8F%A3%E6%9C%8D%E6%BA%B6%E6%B6%B2,站点药理或 ATC 分类明确为妇科用药
reclassified_existing,12569,布洛芬混悬滴剂,western,3,14,0.96,用于儿童普通感冒或流行性感冒引起的发热。也用于缓解儿童轻至中度疼痛，如头痛、关节痛、偏头痛、牙痛、肌肉痛、神经痛、痛经。,镇痛、解热、抗炎、抗风湿、抗痛风药 | 解热镇痛、抗炎、抗风湿药,抗炎和抗风湿药 | 非甾体抗炎药和抗风湿药 | 丙酸衍生物类,,,,https://www.yao86.com/%E8%A5%BF%E8%8D%AF/%E5%B8%83%E6%B4%9B%E8%8A%AC%E6%B7%B7%E6%82%AC%E6%BB%B4%E5%89%82,站点药理或 ATC 分类明确为妇科用药
reclassified_existing,12570,布洛芬缓释混悬液,western,3,14,0.96,本品系非甾体类抗炎药，有解热，镇痛及抗炎作用，适用于：1、由感冒、急性上呼吸道感染、急性咽喉炎等疾病引起的发热。2、可用于减轻或消除以下疾病的疼痛或炎症：(1)扭伤、劳损、肩周炎、滑囊炎、肌腱及腱鞘炎。(2)痛经、牙痛、术后疼痛及腰部疼痛。(3)类风湿性关节炎、骨关节炎、其他非类风湿性关节炎及急性痛风。,镇痛、解热、抗炎、抗风湿、抗痛风药 | 解热镇痛、抗炎、抗风湿药,抗炎和抗风湿药 | 非甾体抗炎药和抗风湿药 | 丙酸衍生物类,,,,https://www.yao86.com/%E8%A5%BF%E8%8D%AF/%E5%B8%83%E6%B4%9B%E8%8A%AC%E7%BC%93%E9%87%8A%E6%B7%B7%E6%82%AC%E6%B6%B2,站点药理或 ATC 分类明确为妇科用药
reclassified_existing,12571,布洛芬干混悬剂,western,3,14,0.96,用于缓解轻至中度疼痛如头痛、关节痛、偏头痛、牙痛、肌肉痛、神经痛、痛经。也用于普通感冒或流行性感冒引起的发热。,镇痛、解热、抗炎、抗风湿、抗痛风药 | 解热镇痛、抗炎、抗风湿药,抗炎和抗风湿药 | 非甾体抗炎药和抗风湿药 | 丙酸衍生物类,,,,https://www.yao86.com/%E8%A5%BF%E8%8D%AF/%E5%B8%83%E6%B4%9B%E8%8A%AC%E5%B9%B2%E6%B7%B7%E6%82%AC%E5%89%82,站点药理或 ATC 分类明确为妇科用药
already_present,12572,布洛芬乳膏,western,9,9,0.94,用于缓解局部软组织疼痛，如肌肉痛、关节痛、腰背痛，以及扭伤、拉伤、劳损引起的疼痛，也可用于骨关节炎的对症治疗。,镇痛、解热、抗炎、抗风湿、抗痛风药 | 解热镇痛、抗炎、抗风湿药,关节和肌肉疼痛局部用药 | 局部用非甾体消抗炎药,,,,https://www.yao86.com/%E8%A5%BF%E8%8D%AF/%E5%B8%83%E6%B4%9B%E8%8A%AC%E4%B9%B3%E8%86%8F,剂型或站点分类明确为局部外用药
already_present,12573,布洛芬搽剂,western,9,9,0.94,用于缓解局部疼痛，如肌肉痛、关节痛以及拉伤、扭伤和运动损伤引起的疼痛和肿胀，也可用于骨关节炎的对症治疗。,镇痛、解热、抗炎、抗风湿、抗痛风药 | 解热镇痛、抗炎、抗风湿药,关节和肌肉疼痛局部用药 | 局部用非甾体消抗炎药,波菲特,,,https://www.yao86.com/%E8%A5%BF%E8%8D%AF/%E5%B8%83%E6%B4%9B%E8%8A%AC%E6%90%BD%E5%89%82,剂型或站点分类明确为局部外用药
reclassified_existing,12574,布洛芬胶囊,western,3,14,0.96,用于缓解轻至中度疼痛如头痛、关节痛、偏头痛、牙痛、肌肉痛、神经痛、痛经。也用于普通感冒或流行性感冒引起的发热。,镇痛、解热、抗炎、抗风湿、抗痛风药 | 解热镇痛、抗炎、抗风湿药,抗炎和抗风湿药 | 非甾体抗炎药和抗风湿药 | 丙酸衍生物类,,,,https://www.yao86.com/%E8%A5%BF%E8%8D%AF/%E5%B8%83%E6%B4%9B%E8%8A%AC%E8%83%B6%E5%9B%8A,站点药理或 ATC 分类明确为妇科用药
reclassified_existing,12575,精氨酸布洛芬片,western,3,14,0.96,适用于下列症状：牙痛、痛经、因创伤引起的疼痛(例如：运动性损伤)、关节和韧带痛、背痛、头痛、以及流感引起的发热。,镇痛、解热、抗炎、抗风湿、抗痛风药 | 解热镇痛、抗炎、抗风湿药,抗炎和抗风湿药 | 非甾体抗炎药和抗风湿药 | 丙酸衍生物类,,,,https://www.yao86.com/%E8%A5%BF%E8%8D%AF/%E7%B2%BE%E6%B0%A8%E9%85%B8%E5%B8%83%E6%B4%9B%E8%8A%AC%E7%89%87,站点药理或 ATC 分类明确为妇科用药
reclassified_existing,12576,精氨酸布洛芬颗粒,western,3,14,0.96,适用于下列症状：牙痛、痛经、因创伤引起的疼痛(例如：运动性损伤)、关节和韧带痛、背痛、头痛、神经痛、以及流感引起的发热。,镇痛、解热、抗炎、抗风湿、抗痛风药 | 解热镇痛、抗炎、抗风湿药,抗炎和抗风湿药 | 非甾体抗炎药和抗风湿药 | 丙酸衍生物类,司百得,,,https://www.yao86.com/%E8%A5%BF%E8%8D%AF/%E7%B2%BE%E6%B0%A8%E9%85%B8%E5%B8%83%E6%B4%9B%E8%8A%AC%E9%A2%97%E7%B2%92,站点药理或 ATC 分类明确为妇科用药
reclassified_existing,12577,精氨酸布洛芬散,western,3,14,0.96,适用于下列症状：牙痛、痛经、因创伤引起的疼痛（例如：运动性损伤）、关节和韧带痛、背痛、头痛、以及流感引起的发热。,镇痛、解热、抗炎、抗风湿、抗痛风药 | 解热镇痛、抗炎、抗风湿药,抗炎和抗风湿药 | 非甾体抗炎药和抗风湿药 | 丙酸衍生物类,,,,https://www.yao86.com/%E8%A5%BF%E8%8D%AF/%E7%B2%BE%E6%B0%A8%E9%85%B8%E5%B8%83%E6%B4%9B%E8%8A%AC%E6%95%A3,站点药理或 ATC 分类明确为妇科用药
review_unclassified,,苯扎氯铵贴,western,,,0.0,用于小创伤、擦伤等患处。,皮肤科用药 | 皮肤抗感染药,消毒灭菌药 | 季铵盐类化合物,,,,https://www.yao86.com/%E8%A5%BF%E8%8D%AF/%E8%8B%AF%E6%89%8E%E6%B0%AF%E9%93%B5%E8%B4%B4,站点分类无法可靠映射到项目现有类别
imported,13995,苯扎氯铵溶液,western,,14,0.96,用于手术部位黏膜消毒；皮肤、黏膜创伤部位消毒；感染皮肤消毒；阴道冲洗。,皮肤科用药 | 皮肤抗感染药,消毒灭菌药 | 季铵盐类化合物,,,,https://www.yao86.com/%E8%A5%BF%E8%8D%AF/%E8%8B%AF%E6%89%8E%E6%B0%AF%E9%93%B5%E6%BA%B6%E6%B6%B2,站点药理或 ATC 分类明确为妇科用药
already_present,12578,参龟固本酒,tcm,13,13,0.9,益气养血，健脾滋肾，祛湿活络。用于气血亏虚，肝肾不足所致的精神疲倦，头昏眼花，失眠健忘，食欲不振，夜尿频多，腰膝酸软，关节酸痛。,补益剂 | 气血阴阳并补,生殖泌尿系统药物 | 泌尿系统药物 | 补肾药物（勃起机能障碍用药）,,,,https://www.yao86.com/%E4%B8%AD%E6%88%90%E8%8D%AF/%E5%8F%82%E9%BE%9F%E5%9B%BA%E6%9C%AC%E9%85%92,站点明确收录为中成药，未命中更具体项目类别
already_present,12579,参皇软膏,tcm,9,9,0.94,养血润燥，祛风。用于血虚风燥，肌肤失养所致的手足皲裂、干性脂溢性皮炎、皮肤干燥。,治燥剂 | 滋阴润燥,皮肤病药物 | 创伤和溃疡治疗药 | 其他创伤和溃疡治疗药,,,,https://www.yao86.com/%E4%B8%AD%E6%88%90%E8%8D%AF/%E5%8F%82%E7%9A%87%E8%BD%AF%E8%86%8F,剂型或站点分类明确为局部外用药
already_present,12580,参黄消渴胶囊,tcm,11,11,0.95,清热益气，止渴润燥。用于消渴症所见多饮，多食，多尿，乏力，口渴等病状的治疗,治燥剂 | 滋阴润燥,消化系统与代谢药 | 糖尿病药物,,,,https://www.yao86.com/%E4%B8%AD%E6%88%90%E8%8D%AF/%E5%8F%82%E9%BB%84%E6%B6%88%E6%B8%B4%E8%83%B6%E5%9B%8A,站点药理或 ATC 分类明确为慢性病长期用药
already_present,12581,参术儿康糖浆,tcm,5,5,0.93,健脾和胃，益气养血。用于脾胃虚弱所致的小儿疳积，食欲不振，睡眠不安，多汗及营养不良性贫血。,和解剂 | 调和胃肠,消化系统与代谢药 | 提升食欲、促消化药,,,,https://www.yao86.com/%E4%B8%AD%E6%88%90%E8%8D%AF/%E5%8F%82%E6%9C%AF%E5%84%BF%E5%BA%B7%E7%B3%96%E6%B5%86,站点药理或 ATC 分类明确为胃肠消化用药
already_present,12582,川百止痒洗剂,tcm,14,14,0.96,疏风止痒，燥湿解毒。适用于风邪外来，湿毒内蕴，腠理失和所致的皮肤、阴部瘙痒症。,祛湿剂 | 祛风胜湿,生殖泌尿系统药物 | 妇科用药 | 妇科炎症治疗药,,,,https://www.yao86.com/%E4%B8%AD%E6%88%90%E8%8D%AF/%E5%B7%9D%E7%99%BE%E6%AD%A2%E7%97%92%E6%B4%97%E5%89%82,站点药理或 ATC 分类明确为妇科用药
already_present,12583,川芎清脑颗粒,tcm,3,3,0.94,祛风胜湿，活血止痛。用于风湿蒙蔽，瘀血阻滞引起的偏头痛。,祛湿剂 | 祛风胜湿,神经系统药物 | 镇痛药 | 抗偏头痛药,,,,https://www.yao86.com/%E4%B8%AD%E6%88%90%E8%8D%AF/%E5%B7%9D%E8%8A%8E%E6%B8%85%E8%84%91%E9%A2%97%E7%B2%92,站点药理或 ATC 分类明确为镇痛/抗炎药
already_present,12584,吸入用布地奈德混悬液,western,17,17,0.96,治疗支气管哮喘。可替代或减少口服类固醇治疗。建议在其它方式给予类固醇治疗不适合时应用吸入用布地奈德混悬液。,呼吸系统用药 | 平喘药,阻塞性气管疾病用药 | 其它阻塞性气管病药，吸入剂 | 糖皮质激素类,普米克令舒,,,https://www.yao86.com/%E8%A5%BF%E8%8D%AF/%E5%90%B8%E5%85%A5%E7%94%A8%E5%B8%83%E5%9C%B0%E5%A5%88%E5%BE%B7%E6%B7%B7%E6%82%AC%E6%B6%B2,人工分类边界：西药支气管扩张剂归其它
already_present,12585,布地奈德气雾剂,western,17,17,0.96,用于非糖皮质激素依耐性或糖皮质激素依耐性的支气管哮喘和哮喘性慢性支气管炎患者。,呼吸系统用药 | 平喘药,阻塞性气管疾病用药 | 其它阻塞性气管病药，吸入剂 | 糖皮质激素类,普米克,,,https://www.yao86.com/%E8%A5%BF%E8%8D%AF/%E5%B8%83%E5%9C%B0%E5%A5%88%E5%BE%B7%E6%B0%94%E9%9B%BE%E5%89%82,人工分类边界：西药支气管扩张剂归其它
already_present,12586,布地奈德鼻喷雾剂,western,17,17,0.96,治疗季节性和常年性过敏性鼻炎，常年性非过敏性鼻炎；预防鼻息肉切除后鼻息肉的再生，对症治疗鼻息肉。,呼吸系统用药 | 平喘药,鼻用制剂 | 减充血药和其它鼻腔局部用药 | 皮质甾体激素类,雷诺考特,,,https://www.yao86.com/%E8%A5%BF%E8%8D%AF/%E5%B8%83%E5%9C%B0%E5%A5%88%E5%BE%B7%E9%BC%BB%E5%96%B7%E9%9B%BE%E5%89%82,人工分类边界：西药支气管扩张剂归其它
already_present,12587,布地奈德吸入气雾剂,western,17,17,0.96,本品适用于成人和6岁及以上儿童哮喘患者的维持治疗和预防性治疗；本品也适用于需要口服皮质激素治疗的哮喘患者，这些患者中很多可以随时间推移减少或停止对口服皮质激素的需求。本品不适用于缓解急性支气管痉挛。,呼吸系统用药 | 平喘药,阻塞性气管疾病用药 | 其它阻塞性气管病药，吸入剂 | 糖皮质激素类,,,,https://www.yao86.com/%E8%A5%BF%E8%8D%AF/%E5%B8%83%E5%9C%B0%E5%A5%88%E5%BE%B7%E5%90%B8%E5%85%A5%E6%B0%94%E9%9B%BE%E5%89%82,人工分类边界：西药支气管扩张剂归其它
already_present,12588,布地奈德吸入粉雾剂,western,17,17,0.96,适用于需使用糖皮质激素维持治疗以控制基础炎症的轻度、中度和重度持续性哮喘患者。,呼吸系统用药 | 平喘药,阻塞性气管疾病用药 | 其它阻塞性气管病药，吸入剂 | 糖皮质激素类,,,,https://www.yao86.com/%E8%A5%BF%E8%8D%AF/%E5%B8%83%E5%9C%B0%E5%A5%88%E5%BE%B7%E5%90%B8%E5%85%A5%E7%B2%89%E9%9B%BE%E5%89%82,人工分类边界：西药支气管扩张剂归其它
review_missing_efficacy,,布地奈德格隆溴铵福莫特罗吸入气雾剂,western,,9,0.94,,,阻塞性气管疾病用药 | 肾上腺素能药，吸入剂 | 肾上腺素能药和其它阻塞性气管病药的复方,,,,https://www.yao86.com/%E8%A5%BF%E8%8D%AF/%E5%B8%83%E5%9C%B0%E5%A5%88%E5%BE%B7%E6%A0%BC%E9%9A%86%E6%BA%B4%E9%93%B5%E7%A6%8F%E8%8E%AB%E7%89%B9%E7%BD%97%E5%90%B8%E5%85%A5%E6%B0%94%E9%9B%BE%E5%89%82,剂型或站点分类明确为局部外用药
review_missing_efficacy,,布地奈德微粉,western,,,0.0,,,阻塞性气管疾病用药 | 其它阻塞性气管病药，吸入剂 | 糖皮质激素类,,,,https://www.yao86.com/%E8%A5%BF%E8%8D%AF/%E5%B8%83%E5%9C%B0%E5%A5%88%E5%BE%B7%E5%BE%AE%E7%B2%89,站点分类无法可靠映射到项目现有类别
review_missing_efficacy,,布地奈德肠溶胶囊,western,,,0.0,,,系统用皮质甾体激素类 | 系统用皮质甾体激素类，单方 | 糖肾上腺皮质激素类,,,,https://www.yao86.com/%E8%A5%BF%E8%8D%AF/%E5%B8%83%E5%9C%B0%E5%A5%88%E5%BE%B7%E8%82%A0%E6%BA%B6%E8%83%B6%E5%9B%8A,站点分类无法可靠映射到项目现有类别
already_present,12589,布地奈德福莫特罗吸入粉雾剂(Ⅱ),western,17,17,0.96,1.哮喘本品适用于需要联合应用吸入皮质激素和长效β2受体激动剂的哮喘患者的常规治疗，吸入皮质激素和“按需”使用短效β2受体激动剂不能很好地控制症状的患者，或应用吸入皮质激素和长效β2受体激动剂，症状已得到良好控制的患者。2.慢性阻塞性肺疾病(慢阻肺；COPD)本品适用于使用支气管扩张剂后FEV1＜70%预计正常值的慢阻肺患者(包括慢性支气管炎及肺气肿)和尽管规范使用支气管扩张剂治疗仍有急性加重史的患者的对症治疗。,呼吸系统用药 | 平喘药,阻塞性气管疾病用药 | 肾上腺素能药，吸入剂 | 肾上腺素能药和其它阻塞性气管病药的复方,信必可都保,,信必可都保（多药共用）,https://www.yao86.com/%E8%A5%BF%E8%8D%AF/%E5%B8%83%E5%9C%B0%E5%A5%88%E5%BE%B7%E7%A6%8F%E8%8E%AB%E7%89%B9%E7%BD%97%E5%90%B8%E5%85%A5%E7%B2%89%E9%9B%BE%E5%89%82%28%E2%85%A1%29,人工分类边界：西药支气管扩张剂归其它
already_present,12590,布地奈德福莫特罗粉吸入剂,western,17,17,0.96,本品适用于需要联合应用吸入皮质激素和长效β2-受体激动剂的哮喘病人的常规治疗：吸入皮质激素和“按需”使用短效β2-受体激动剂不能很好地控制症状的患者;或应用吸入皮质激素和长效β2-受体激动剂，症状已得到良好控制的患者。注意：本品(80微克/4.5微克/吸)不适用于严重哮喘患者。,呼吸系统用药 | 平喘药,阻塞性气管疾病用药 | 肾上腺素能药，吸入剂 | 肾上腺素能药和其它阻塞性气管病药的复方,,,,https://www.yao86.com/%E8%A5%BF%E8%8D%AF/%E5%B8%83%E5%9C%B0%E5%A5%88%E5%BE%B7%E7%A6%8F%E8%8E%AB%E7%89%B9%E7%BD%97%E7%B2%89%E5%90%B8%E5%85%A5%E5%89%82,人工分类边界：西药支气管扩张剂归其它
already_present,12591,布地奈德福莫特罗吸入粉雾剂(I),western,17,17,0.96,适用于需要联合应用吸入皮质激素和长效β2-受体激动剂的哮喘病人的常规治疗：吸入皮质激素和“按需”使用短效β2-受体激动剂不能很好地控制症状地患者，或应用吸入皮质激素和长效β2-受体激动剂，症状已得到完全控制地患者。注意：本品不适用于严重哮喘患者。,呼吸系统用药 | 平喘药,阻塞性气管疾病用药 | 肾上腺素能药，吸入剂 | 肾上腺素能药和其它阻塞性气管病药的复方,信必可都保,,信必可都保（多药共用）,https://www.yao86.com/%E8%A5%BF%E8%8D%AF/%E5%B8%83%E5%9C%B0%E5%A5%88%E5%BE%B7%E7%A6%8F%E8%8E%AB%E7%89%B9%E7%BD%97%E5%90%B8%E5%85%A5%E7%B2%89%E9%9B%BE%E5%89%82%28I%29,人工分类边界：西药支气管扩张剂归其它
review_unclassified,,吡仑帕奈片,western,,,0.0,成人和12岁及以上儿童癫痫部分性发作患者(伴有或不伴有继发全面性发作)的加用治疗。,神经系统用药 | 抗癫痫药,抗癫痫药 | 其它抗癫痫药,卫克泰(Fycompa),,,https://www.yao86.com/%E8%A5%BF%E8%8D%AF/%E5%90%A1%E4%BB%91%E5%B8%95%E5%A5%88%E7%89%87,站点分类无法可靠映射到项目现有类别
review_missing_efficacy,,吡仑帕奈口服混悬液,western,,,0.0,,,抗癫痫药 | 其它抗癫痫药,,,,https://www.yao86.com/%E8%A5%BF%E8%8D%AF/%E5%90%A1%E4%BB%91%E5%B8%95%E5%A5%88%E5%8F%A3%E6%9C%8D%E6%B7%B7%E6%82%AC%E6%B6%B2,站点分类无法可靠映射到项目现有类别
already_present,12592,苯佐卡因含片,western,3,3,0.94,适用于口腔溃疡等口腔疾病引起的疼痛。,镇痛、解热、抗炎、抗风湿、抗痛风药 | 镇痛药,口腔疾病药物 | 口腔局部治疗用其它药物,,,,https://www.yao86.com/%E8%A5%BF%E8%8D%AF/%E8%8B%AF%E4%BD%90%E5%8D%A1%E5%9B%A0%E5%90%AB%E7%89%87,站点药理或 ATC 分类明确为镇痛/抗炎药
review_missing_efficacy,,苯佐卡因糊剂,western,,9,0.94,,,止痒药，含抗组胺药、麻醉药等 | 局部麻醉药,,,,https://www.yao86.com/%E8%A5%BF%E8%8D%AF/%E8%8B%AF%E4%BD%90%E5%8D%A1%E5%9B%A0%E7%B3%8A%E5%89%82,剂型或站点分类明确为局部外用药
already_present,12593,丙酸倍他米松乳膏,western,9,9,0.96,本品用于缓解13岁及以上儿童和成人激素敏感性皮肤病出现的炎症和瘙痒症状。,激素及影响内分泌药 | 肾上腺皮质激素类药,皮肤病用皮质激素制剂 | 皮质甾体激素类，单方 | 皮质类固醇类，强（III 组）,迪安松,,,https://www.yao86.com/%E8%A5%BF%E8%8D%AF/%E4%B8%99%E9%85%B8%E5%80%8D%E4%BB%96%E7%B1%B3%E6%9D%BE%E4%B9%B3%E8%86%8F,外用剂型且站点 ATC 分类明确为皮肤局部用药
review_unclassified,,倍他米松片,western,,,0.0,主要用于过敏性与自身免疫性炎症性疾病。现多用于活动性风湿病、类风湿性关节炎、红斑狼疮、严重支气管哮喘、严重皮炎、急性白血病等，也用于某些感染的综合治疗。,激素及影响内分泌药 | 肾上腺皮质激素类药,系统用皮质甾体激素类 | 系统用皮质甾体激素类，单方 | 糖肾上腺皮质激素类,,,,https://www.yao86.com/%E8%A5%BF%E8%8D%AF/%E5%80%8D%E4%BB%96%E7%B1%B3%E6%9D%BE%E7%89%87,站点分类无法可靠映射到项目现有类别
already_present,12594,倍他米松乳膏,western,9,9,0.96,用于过敏性皮炎、湿疹、神经性皮炎、脂溢性皮炎及瘙痒症等。,激素及影响内分泌药 | 肾上腺皮质激素类药,皮肤病用皮质激素制剂 | 皮质甾体激素类，单方 | 皮质类固醇类，强（III 组）,,,,https://www.yao86.com/%E8%A5%BF%E8%8D%AF/%E5%80%8D%E4%BB%96%E7%B1%B3%E6%9D%BE%E4%B9%B3%E8%86%8F,外用剂型且站点 ATC 分类明确为皮肤局部用药
review_missing_efficacy,,丙酸倍氯米松吸入粉雾剂,western,,,0.0,,,阻塞性气管疾病用药 | 其它阻塞性气管病药，吸入剂 | 糖皮质激素类,,,,https://www.yao86.com/%E8%A5%BF%E8%8D%AF/%E4%B8%99%E9%85%B8%E5%80%8D%E6%B0%AF%E7%B1%B3%E6%9D%BE%E5%90%B8%E5%85%A5%E7%B2%89%E9%9B%BE%E5%89%82,站点分类无法可靠映射到项目现有类别
review_missing_efficacy,,丙酸倍氯米松粉末吸入剂,western,,,0.0,,,阻塞性气管疾病用药 | 其它阻塞性气管病药，吸入剂 | 糖皮质激素类,,,,https://www.yao86.com/%E8%A5%BF%E8%8D%AF/%E4%B8%99%E9%85%B8%E5%80%8D%E6%B0%AF%E7%B1%B3%E6%9D%BE%E7%B2%89%E6%9C%AB%E5%90%B8%E5%85%A5%E5%89%82,站点分类无法可靠映射到项目现有类别
review_missing_efficacy,,丙酸倍氯米松粉末吸入剂(胶囊型),western,,,0.0,,,阻塞性气管疾病用药 | 其它阻塞性气管病药，吸入剂 | 糖皮质激素类,,,,https://www.yao86.com/%E8%A5%BF%E8%8D%AF/%E4%B8%99%E9%85%B8%E5%80%8D%E6%B0%AF%E7%B1%B3%E6%9D%BE%E7%B2%89%E6%9C%AB%E5%90%B8%E5%85%A5%E5%89%82%28%E8%83%B6%E5%9B%8A%E5%9E%8B%29,站点分类无法可靠映射到项目现有类别
review_missing_efficacy,,倍氯福格吸入气雾剂,western,,9,0.94,,,阻塞性气管疾病用药 | 肾上腺素能药，吸入剂 | 选择性β2-肾上腺素受体促效药,,,,https://www.yao86.com/%E8%A5%BF%E8%8D%AF/%E5%80%8D%E6%B0%AF%E7%A6%8F%E6%A0%BC%E5%90%B8%E5%85%A5%E6%B0%94%E9%9B%BE%E5%89%82,剂型或站点分类明确为局部外用药
already_present,12595,盐酸苯羟甲胺片,western,8,8,0.96,用于解痉镇痛及过敏性鼻炎等。,消化系统用药 | 胃肠解痉药及胃动力药,系统用抗组胺药 | 系统用其它抗组胺药,,,,https://www.yao86.com/%E8%A5%BF%E8%8D%AF/%E7%9B%90%E9%85%B8%E8%8B%AF%E7%BE%9F%E7%94%B2%E8%83%BA%E7%89%87,站点药理分类明确为抗过敏药
already_present,12596,冰樟桉氟轻松贴膏,western,9,9,0.96,用于治疗神经性皮炎、结节痒疹、银屑病、慢性湿疹等瘙痒性皮肤病。,皮肤科用药 | 肾上腺皮质激素类药,皮肤病用皮质激素制剂 | 皮质甾体激素类，与灭菌药的复方 | 强皮质甾体激素类，与灭菌药的复方,,,,https://www.yao86.com/%E8%A5%BF%E8%8D%AF/%E5%86%B0%E6%A8%9F%E6%A1%89%E6%B0%9F%E8%BD%BB%E6%9D%BE%E8%B4%B4%E8%86%8F,外用剂型且站点 ATC 分类明确为皮肤局部用药
already_present,12597,胆石片,tcm,5,5,0.93,舒肝利胆、行气止痛。用于气滞所致胁痛，症见：胁痛腹胀，阵发绞痛，痛引肩背，胃脘痞满，厌食油腻；胆结石和肝内胆管结石见上述证候者。,理气剂 | 理气疏肝,消化系统与代谢药 | 肝、胆疾病治疗药 | 胆病治疗药,,,,https://www.yao86.com/%E4%B8%AD%E6%88%90%E8%8D%AF/%E8%83%86%E7%9F%B3%E7%89%87,站点药理或 ATC 分类明确为胃肠消化用药
already_present,12598,调经止带丸,tcm,14,14,0.96,补血调经，清热利湿。用于经期延长，淋漓不净，赤白带下。,理血剂 | 理血调经,生殖泌尿系统药物 | 妇科用药 | 调经药物,,,,https://www.yao86.com/%E4%B8%AD%E6%88%90%E8%8D%AF/%E8%B0%83%E7%BB%8F%E6%AD%A2%E5%B8%A6%E4%B8%B8,站点药理或 ATC 分类明确为妇科用药
already_present,12599,调经止痛片,tcm,14,14,0.96,益气活血，调经止痛。用于气虚血瘀所致的月经不调、痛经，症见经行后错、经水量少、有血块、行经小腹疼痛。,理血剂 | 理血调经,生殖泌尿系统药物 | 妇科用药 | 调经药物,,,,https://www.yao86.com/%E4%B8%AD%E6%88%90%E8%8D%AF/%E8%B0%83%E7%BB%8F%E6%AD%A2%E7%97%9B%E7%89%87,站点药理或 ATC 分类明确为妇科用药
already_present,12600,调经止痛胶囊,tcm,14,14,0.96,补气活血，调经止痛。用于月经不调，经期腹痛，产后瘀血不尽等。,理血剂 | 理血调经,生殖泌尿系统药物 | 妇科用药 | 调经药物,,,,https://www.yao86.com/%E4%B8%AD%E6%88%90%E8%8D%AF/%E8%B0%83%E7%BB%8F%E6%AD%A2%E7%97%9B%E8%83%B6%E5%9B%8A,站点药理或 ATC 分类明确为妇科用药
already_present,12601,杜仲双降袋泡剂,tcm,11,11,0.95,降压，降脂。用于高血压症及高血脂症等。,治风剂 | 平熄内风,心脑血管与血液系统药物 | 血脂调节剂,,,,https://www.yao86.com/%E4%B8%AD%E6%88%90%E8%8D%AF/%E6%9D%9C%E4%BB%B2%E5%8F%8C%E9%99%8D%E8%A2%8B%E6%B3%A1%E5%89%82,站点药理或 ATC 分类明确为慢性病长期用药
review_missing_efficacy,,杜仲叶干浸膏,tcm,,13,0.9,,治风剂 | 平熄内风,,,,,https://www.yao86.com/%E4%B8%AD%E6%88%90%E8%8D%AF/%E6%9D%9C%E4%BB%B2%E5%8F%B6%E5%B9%B2%E6%B5%B8%E8%86%8F,站点明确收录为中成药，未命中更具体项目类别
already_present,12602,杜仲平压片,tcm,12,12,0.95,降血压，强筋健骨。适用于高血压，头晕目眩，腰膝酸痛，筋骨痿软等症。,治风剂 | 平熄内风,心脑血管与血液系统药物 | 抗高血压药,,,,https://www.yao86.com/%E4%B8%AD%E6%88%90%E8%8D%AF/%E6%9D%9C%E4%BB%B2%E5%B9%B3%E5%8E%8B%E7%89%87,站点药理或 ATC 分类明确为心脑血管用药
already_present,12603,冬凌草糖浆,tcm,13,13,0.9,清热解毒。用于慢性扁桃体炎，咽炎，喉炎，口腔炎。,清热剂 | 清热解毒,呼吸系统药物 | 咽喉疾病治疗药,,,,https://www.yao86.com/%E4%B8%AD%E6%88%90%E8%8D%AF/%E5%86%AC%E5%87%8C%E8%8D%89%E7%B3%96%E6%B5%86,站点明确收录为中成药，未命中更具体项目类别
already_present,12604,冬凌草片,tcm,13,13,0.9,清热解毒，消肿散结，利咽止痛。用于热毒壅盛所致咽喉肿痛、声音嘶哑；扁桃体炎、咽炎、口腔炎见上述证候者及癌症的辅助治疗。,清热剂 | 清热解毒,呼吸系统药物 | 咽喉疾病治疗药,,,,https://www.yao86.com/%E4%B8%AD%E6%88%90%E8%8D%AF/%E5%86%AC%E5%87%8C%E8%8D%89%E7%89%87,站点明确收录为中成药，未命中更具体项目类别
already_present,12605,冬凌草胶囊,tcm,13,13,0.9,清热消肿。用于急慢性扁桃体炎，咽炎，喉炎，口腔炎。,清热剂 | 清热解毒,呼吸系统药物 | 咽喉疾病治疗药,,,,https://www.yao86.com/%E4%B8%AD%E6%88%90%E8%8D%AF/%E5%86%AC%E5%87%8C%E8%8D%89%E8%83%B6%E5%9B%8A,站点明确收录为中成药，未命中更具体项目类别
already_present,12606,冬凌草滴丸,tcm,13,13,0.9,清热解毒，消肿散结，利咽止痛。用于热毒壅盛所致的咽喉肿痛、声音嘶哑；急性扁桃体炎、急性咽炎轻症见上述证候者。,清热剂 | 清热解毒,呼吸系统药物 | 咽喉疾病治疗药,,,,https://www.yao86.com/%E4%B8%AD%E6%88%90%E8%8D%AF/%E5%86%AC%E5%87%8C%E8%8D%89%E6%BB%B4%E4%B8%B8,站点明确收录为中成药，未命中更具体项目类别
already_present,12607,调经白带丸,tcm,14,14,0.96,调经补血，滋肾养阴。用于月经不调，白带多，腰膝酸痛等。,理血剂 | 理血调经,生殖泌尿系统药物 | 妇科用药 | 妇科炎症治疗药,,,,https://www.yao86.com/%E4%B8%AD%E6%88%90%E8%8D%AF/%E8%B0%83%E7%BB%8F%E7%99%BD%E5%B8%A6%E4%B8%B8,站点药理或 ATC 分类明确为妇科用药
already_present,12608,杜仲降压片,tcm,12,12,0.95,补肾，平肝，清热。用于肾虚肝旺之高血压症。,和解剂 | 其它,心脑血管与血液系统药物 | 抗高血压药,,,,https://www.yao86.com/%E4%B8%AD%E6%88%90%E8%8D%AF/%E6%9D%9C%E4%BB%B2%E9%99%8D%E5%8E%8B%E7%89%87,站点药理或 ATC 分类明确为心脑血管用药
already_present,12609,调经益母胶囊,tcm,14,14,0.96,调经活血、祛瘀生新。用于月经不调，经期腹痛，产后瘀血不清，子宫收缩不良。,理血剂 | 理血调经,生殖泌尿系统药物 | 妇科用药 | 调经药物,,,,https://www.yao86.com/%E4%B8%AD%E6%88%90%E8%8D%AF/%E8%B0%83%E7%BB%8F%E7%9B%8A%E6%AF%8D%E8%83%B6%E5%9B%8A,站点药理或 ATC 分类明确为妇科用药
already_present,12610,调经益母片,tcm,14,14,0.96,调经活血。用于月经后错，量少，经期腹痛。,理血剂 | 理血调经,生殖泌尿系统药物 | 妇科用药 | 调经药物,,,,https://www.yao86.com/%E4%B8%AD%E6%88%90%E8%8D%AF/%E8%B0%83%E7%BB%8F%E7%9B%8A%E6%AF%8D%E7%89%87,站点药理或 ATC 分类明确为妇科用药
review_missing_efficacy,,橙维C咀嚼片,western,,7,0.96,,,维生素类 | 抗坏血酸（维生素C），含其复方 | 抗坏血酸（维生素C），复方,,,,https://www.yao86.com/%E8%A5%BF%E8%8D%AF/%E6%A9%99%E7%BB%B4C%E5%92%80%E5%9A%BC%E7%89%87,站点药理或 ATC 分类明确为维生素/矿物质
review_unclassified,,磷酸雌莫司汀胶囊,western,,,0.0,晚期前列腺癌，尤其是激素难治性前列腺癌；对于预后因素显示对单纯激素疗法疗效差的患者，可作为一线治疗。,抗肿瘤药 | 烷化剂,抗肿瘤药 | 其它抗肿瘤药物 | 其它抗肿瘤药,艾去适,,,https://www.yao86.com/%E8%A5%BF%E8%8D%AF/%E7%A3%B7%E9%85%B8%E9%9B%8C%E8%8E%AB%E5%8F%B8%E6%B1%80%E8%83%B6%E5%9B%8A,站点分类无法可靠映射到项目现有类别
already_present,12611,丹莪妇康煎膏,tcm,14,14,0.96,彝医：差嫫且凯斯多，海不什色土，哟曼哟罗色。中医：活血化瘀，疏肝理气，调经止痛。用于妇女瘀血阻滞所致月经不调，痛经，经期不适。,理气剂 | 理气疏肝,生殖泌尿系统药物 | 妇科用药 | 调经药物,滇虹药业,,,https://www.yao86.com/%E4%B8%AD%E6%88%90%E8%8D%AF/%E4%B8%B9%E8%8E%AA%E5%A6%87%E5%BA%B7%E7%85%8E%E8%86%8F,站点药理或 ATC 分类明确为妇科用药
already_present,12612,丹莪妇康颗粒,tcm,14,14,0.96,活血化瘀，疏肝理气，调经止痛。用于妇女瘀血阻滞所致月经不调，痛经，经期不适。,理气剂 | 理气疏肝,生殖泌尿系统药物 | 妇科用药 | 调经药物,,,,https://www.yao86.com/%E4%B8%AD%E6%88%90%E8%8D%AF/%E4%B8%B9%E8%8E%AA%E5%A6%87%E5%BA%B7%E9%A2%97%E7%B2%92,站点药理或 ATC 分类明确为妇科用药
already_present,12613,小儿黄龙颗粒,tcm,13,13,0.9,滋阴潜阳、安神定志。用于注意缺陷多动障碍中医辨证属阴虚阳亢证者，症见多动不宁，神思涣散，性急易怒，多言多语，盗汗，口干咽燥，手足心热等。,安神剂 | 补养安神,神经系统药物 | 精神兴奋药 | 注意力缺陷多动症治疗药,,,,https://www.yao86.com/%E4%B8%AD%E6%88%90%E8%8D%AF/%E5%B0%8F%E5%84%BF%E9%BB%84%E9%BE%99%E9%A2%97%E7%B2%92,站点明确收录为中成药，未命中更具体项目类别
already_present,12614,德都红花七味丸,tcm,5,5,0.93,清血热。用于肝瘀血热，肝区疼痛，目肤发黄，尿黄。,清热剂 | 清脏腑热,消化系统与代谢药 | 肝、胆疾病治疗药 | 肝病治疗药,,,,https://www.yao86.com/%E4%B8%AD%E6%88%90%E8%8D%AF/%E5%BE%B7%E9%83%BD%E7%BA%A2%E8%8A%B1%E4%B8%83%E5%91%B3%E4%B8%B8,站点药理或 ATC 分类明确为胃肠消化用药
already_present,12615,德都红花七味丸(德都古日古木-7),tcm,13,13,0.9,清血热。用于肝瘀血热，肝区疼痛，目肤发黄，尿黄。,清热剂 | 清脏腑热,,,,,https://www.yao86.com/%E4%B8%AD%E6%88%90%E8%8D%AF/%E5%BE%B7%E9%83%BD%E7%BA%A2%E8%8A%B1%E4%B8%83%E5%91%B3%E4%B8%B8%28%E5%BE%B7%E9%83%BD%E5%8F%A4%E6%97%A5%E5%8F%A4%E6%9C%A8-7%29,站点明确收录为中成药，未命中更具体项目类别
already_present,12616,德都红花七味散,tcm,5,5,0.93,清血热。用于肝瘀血热，肝区疼痛，目肤发黄，尿黄。,清热剂 | 清脏腑热,消化系统与代谢药 | 肝、胆疾病治疗药 | 肝病治疗药,,,,https://www.yao86.com/%E4%B8%AD%E6%88%90%E8%8D%AF/%E5%BE%B7%E9%83%BD%E7%BA%A2%E8%8A%B1%E4%B8%83%E5%91%B3%E6%95%A3,站点药理或 ATC 分类明确为胃肠消化用药
already_present,12617,胆龙止喘片,tcm,1,1,0.95,止咳、平喘化痰。用于老年慢性气管炎、哮喘性支气管炎和肺气肿等。,止咳平喘剂 | 止咳平喘,呼吸系统药物 | 咳嗽和感冒用药,,,,https://www.yao86.com/%E4%B8%AD%E6%88%90%E8%8D%AF/%E8%83%86%E9%BE%99%E6%AD%A2%E5%96%98%E7%89%87,站点药理分类明确为止咳或祛痰药
already_present,12618,肚痛泻丸,tcm,5,5,0.93,温中止痛，和胃止泻。用于泄泻属寒湿证，症见大便次数增多、腹痛、脘腹胀闷、食欲不振、恶寒；急性肠炎见上述证候者。,温里剂 | 温中祛寒,消化系统与代谢药 | 肠道疾病相关药物,,,,https://www.yao86.com/%E4%B8%AD%E6%88%90%E8%8D%AF/%E8%82%9A%E7%97%9B%E6%B3%BB%E4%B8%B8,站点药理或 ATC 分类明确为胃肠消化用药
already_present,12619,重组人干扰素α2b乳膏,western,9,9,0.94,主要用于治疗由人乳头瘤病毒引起的尖锐湿疣，也可用于治疗由单纯性疱疹病毒引起的口唇疱疹及生殖器疱疹。,抗微生物药 | 抗病毒药,免疫促进药 | 免疫增强剂 | 干扰素,安达芬,,安达芬（多药共用）,https://www.yao86.com/%E8%A5%BF%E8%8D%AF/%E9%87%8D%E7%BB%84%E4%BA%BA%E5%B9%B2%E6%89%B0%E7%B4%A0%CE%B12b%E4%B9%B3%E8%86%8F,剂型或站点分类明确为局部外用药
already_present,12620,重组人干扰素α2b滴眼液,western,9,9,0.94,用于治疗单纯疱疹病毒性角膜炎。,抗微生物药 | 抗病毒药,,安达芬,,安达芬（多药共用）,https://www.yao86.com/%E8%A5%BF%E8%8D%AF/%E9%87%8D%E7%BB%84%E4%BA%BA%E5%B9%B2%E6%89%B0%E7%B4%A0%CE%B12b%E6%BB%B4%E7%9C%BC%E6%B6%B2,剂型或站点分类明确为局部外用药
already_present,12621,醋氨己酸锌片,western,5,5,0.93,治疗胃及十二指肠溃疡病。,消化系统用药 | 抗酸药及抗溃疡病药,治疗与胃酸分泌相关疾病的药物 | 消化道溃疡和胃食管返流病治疗药物 | 消化道溃疡和胃食管返流病治疗用其它药物,卫可欣,,,https://www.yao86.com/%E8%A5%BF%E8%8D%AF/%E9%86%8B%E6%B0%A8%E5%B7%B1%E9%85%B8%E9%94%8C%E7%89%87,站点药理或 ATC 分类明确为胃肠消化用药
already_present,12622,醋氨己酸锌胶囊,western,5,5,0.93,用于治疗胃及十二指肠溃疡。,消化系统用药 | 抗酸药及抗溃疡病药,治疗与胃酸分泌相关疾病的药物 | 消化道溃疡和胃食管返流病治疗药物 | 消化道溃疡和胃食管返流病治疗用其它药物,,,,https://www.yao86.com/%E8%A5%BF%E8%8D%AF/%E9%86%8B%E6%B0%A8%E5%B7%B1%E9%85%B8%E9%94%8C%E8%83%B6%E5%9B%8A,站点药理或 ATC 分类明确为胃肠消化用药
review_unclassified,,长春胺缓释胶囊,western,,,0.0,本品用于治疗衰老期心理行为障碍(如警觉性和记忆力丧失、头晕、耳鸣、时间与空间定向力障碍、失眠)。也可用于急性脑血管病及脑外伤后综合征。眼科方面：可用于治疗缺血性视网膜疾病。耳、鼻、喉科治疗方面，可用于治疗耳蜗前庭疾病。,眼科用药 | 其他眼科用药,外周血管扩张剂 | 其它外周血管扩张剂,奥勃兰,,,https://www.yao86.com/%E8%A5%BF%E8%8D%AF/%E9%95%BF%E6%98%A5%E8%83%BA%E7%BC%93%E9%87%8A%E8%83%B6%E5%9B%8A,站点分类无法可靠映射到项目现有类别
review_missing_efficacy,,长春胺缓释微丸,western,,,0.0,,,,,,,https://www.yao86.com/%E8%A5%BF%E8%8D%AF/%E9%95%BF%E6%98%A5%E8%83%BA%E7%BC%93%E9%87%8A%E5%BE%AE%E4%B8%B8,站点分类无法可靠映射到项目现有类别
review_missing_efficacy,,长春胺缓释片,western,,,0.0,,,外周血管扩张剂 | 其它外周血管扩张剂,,,,https://www.yao86.com/%E8%A5%BF%E8%8D%AF/%E9%95%BF%E6%98%A5%E8%83%BA%E7%BC%93%E9%87%8A%E7%89%87,站点分类无法可靠映射到项目现有类别
already_present,12623,当归补血口服液,tcm,13,13,0.9,补养气血。适用于气血两虚证。,补益剂 | 气血双补,补气补血药物 | 其他补气补血药物,,,,https://www.yao86.com/%E4%B8%AD%E6%88%90%E8%8D%AF/%E5%BD%93%E5%BD%92%E8%A1%A5%E8%A1%80%E5%8F%A3%E6%9C%8D%E6%B6%B2,站点明确收录为中成药，未命中更具体项目类别
already_present,12624,归芪口服液,tcm,13,13,0.9,补气生血。用于气血两虚引起的贫血症。,补益剂 | 气血双补,补气补血药物 | 补血药物,,,,https://www.yao86.com/%E4%B8%AD%E6%88%90%E8%8D%AF/%E5%BD%92%E8%8A%AA%E5%8F%A3%E6%9C%8D%E6%B6%B2,站点明确收录为中成药，未命中更具体项目类别
already_present,12625,归芪颗粒,tcm,13,13,0.9,补气生血。用于气血两虚，面色不华，妇女经期或产后失血过多引起的失血性贫血。,补益剂 | 气血双补,补气补血药物 | 补血药物,,,,https://www.yao86.com/%E4%B8%AD%E6%88%90%E8%8D%AF/%E5%BD%92%E8%8A%AA%E9%A2%97%E7%B2%92,站点明确收录为中成药，未命中更具体项目类别
already_present,12626,当归补血丸,tcm,13,13,0.9,补养气血。用于身体虚弱，气血两亏。,补益剂 | 气血双补,补气补血药物 | 其他补气补血药物,,,,https://www.yao86.com/%E4%B8%AD%E6%88%90%E8%8D%AF/%E5%BD%93%E5%BD%92%E8%A1%A5%E8%A1%80%E4%B8%B8,站点明确收录为中成药，未命中更具体项目类别
already_present,12627,当归补血胶囊,tcm,13,13,0.9,补养气血。用于身体虚弱，气血两亏者。,补益剂 | 气血双补,补气补血药物 | 其他补气补血药物,,,,https://www.yao86.com/%E4%B8%AD%E6%88%90%E8%8D%AF/%E5%BD%93%E5%BD%92%E8%A1%A5%E8%A1%80%E8%83%B6%E5%9B%8A,站点明确收录为中成药，未命中更具体项目类别
already_present,12628,跌打丸,tcm,13,13,0.9,活血散瘀，消肿止痛。用于跌打损伤，瘀血肿痛，闪腰岔气。,理血剂 | 疗伤止痛,肌肉-骨骼系统药物 | 关节和肌肉疼痛局部用药,,,,https://www.yao86.com/%E4%B8%AD%E6%88%90%E8%8D%AF/%E8%B7%8C%E6%89%93%E4%B8%B8,站点明确收录为中成药，未命中更具体项目类别
already_present,12629,跌打片,tcm,13,13,0.9,活血散瘀，消肿止痛。用于跌打损伤，闪腰岔气，瘀血肿痛。,理血剂 | 疗伤止痛,肌肉-骨骼系统药物 | 关节和肌肉疼痛局部用药,,,,https://www.yao86.com/%E4%B8%AD%E6%88%90%E8%8D%AF/%E8%B7%8C%E6%89%93%E7%89%87,站点明确收录为中成药，未命中更具体项目类别
already_present,12630,跌打扭伤散,tcm,13,13,0.9,舒筋活络，消肿止痛。用于各种扭伤，外伤肿痛。,理血剂 | 疗伤止痛,肌肉-骨骼系统药物 | 关节和肌肉疼痛局部用药,,,,https://www.yao86.com/%E4%B8%AD%E6%88%90%E8%8D%AF/%E8%B7%8C%E6%89%93%E6%89%AD%E4%BC%A4%E6%95%A3,站点明确收录为中成药，未命中更具体项目类别
already_present,12631,调脂片,tcm,11,11,0.95,滋肾清肝，化痰祛瘀。用于证属肝肾阴虚，痰瘀内阻的原发性高脂血症。,祛痰剂 | 化痰降脂,心脑血管与血液系统药物 | 血脂调节剂,,,,https://www.yao86.com/%E4%B8%AD%E6%88%90%E8%8D%AF/%E8%B0%83%E8%84%82%E7%89%87,站点药理或 ATC 分类明确为慢性病长期用药
already_present,12632,东山感冒片,tcm,0,0,0.94,清热解毒。用于感冒发热，头痛，咳嗽。,清热剂 | 清热解毒,呼吸系统药物 | 咳嗽和感冒用药,,,,https://www.yao86.com/%E4%B8%AD%E6%88%90%E8%8D%AF/%E4%B8%9C%E5%B1%B1%E6%84%9F%E5%86%92%E7%89%87,站点药理分类明确为感冒或解表用药
already_present,12633,跌打按摩药膏,tcm,13,13,0.9,活血散瘀，止痛解痉。用于急、慢性扭挫伤，软组织劳损，风湿性关节痛。,理血剂 | 疗伤止痛,肌肉-骨骼系统药物 | 关节和肌肉疼痛局部用药,,,,https://www.yao86.com/%E4%B8%AD%E6%88%90%E8%8D%AF/%E8%B7%8C%E6%89%93%E6%8C%89%E6%91%A9%E8%8D%AF%E8%86%8F,站点明确收录为中成药，未命中更具体项目类别
already_present,12634,跌打损伤丸,tcm,13,13,0.9,行气活血，舒筋止痛。用于跌打损伤，筋骨疼痛。,理血剂 | 疗伤止痛,肌肉-骨骼系统药物 | 关节和肌肉疼痛局部用药,,,,https://www.yao86.com/%E4%B8%AD%E6%88%90%E8%8D%AF/%E8%B7%8C%E6%89%93%E6%8D%9F%E4%BC%A4%E4%B8%B8,站点明确收录为中成药，未命中更具体项目类别
already_present,12635,独角膏,tcm,13,13,0.9,化毒消肿，活血止痛。用于疔毒恶疮，瘰疬鼠疮等。,治疮疡剂 | 解毒消肿,皮肤病药物 | 创伤和溃疡治疗药 | 其他创伤和溃疡治疗药,,,,https://www.yao86.com/%E4%B8%AD%E6%88%90%E8%8D%AF/%E7%8B%AC%E8%A7%92%E8%86%8F,站点明确收录为中成药，未命中更具体项目类别
already_present,12636,跌打损伤散,tcm,13,13,0.9,活血化瘀，消肿止痛。用于跌打损伤，扭伤、挫伤、瘀血疼痛。,理血剂 | 疗伤止痛,肌肉-骨骼系统药物 | 关节和肌肉疼痛局部用药,,,,https://www.yao86.com/%E4%B8%AD%E6%88%90%E8%8D%AF/%E8%B7%8C%E6%89%93%E6%8D%9F%E4%BC%A4%E6%95%A3,站点明确收录为中成药，未命中更具体项目类别
already_present,12637,跌打榜药酒,tcm,13,13,0.9,消肿止痛。用于跌打损伤，积瘀肿痛。,理血剂 | 疗伤止痛,肌肉-骨骼系统药物 | 关节和肌肉疼痛局部用药,,,,https://www.yao86.com/%E4%B8%AD%E6%88%90%E8%8D%AF/%E8%B7%8C%E6%89%93%E6%A6%9C%E8%8D%AF%E9%85%92,站点明确收录为中成药，未命中更具体项目类别
review_missing_efficacy,,丁溴东莨菪碱片,western,,5,0.93,,,治疗功能性胃肠疾病的药物 | 颠茄与其衍生物 | 半合成的颠茄生物碱，季铵盐类化合物,,,,https://www.yao86.com/%E8%A5%BF%E8%8D%AF/%E4%B8%81%E6%BA%B4%E4%B8%9C%E8%8E%A8%E8%8F%AA%E7%A2%B1%E7%89%87,站点药理或 ATC 分类明确为胃肠消化用药
already_present,12638,地高辛片,western,12,12,0.95,1、用于高血压、瓣膜性心脏病、先天性心脏病等急性和慢性心功能不全。尤其适用于伴有快速心室率的心房颤动的心功能不全；对于肺源性心脏病、心肌严重缺血、活动性心肌炎及心外因素如严重贫血、甲状腺功能低下及维生素B1缺乏症的心功能不全疗效差；2、用于控制伴有快速心室率的心房颤动、心房扑动患者的心室率及室上性心动过速。,心血管系统用药 | 抗心力衰竭药,心脏病治疗用药 | 强心苷类 | 洋地黄苷类,,,,https://www.yao86.com/%E8%A5%BF%E8%8D%AF/%E5%9C%B0%E9%AB%98%E8%BE%9B%E7%89%87,站点药理或 ATC 分类明确为心脑血管用药
already_present,12639,地高辛口服溶液,western,12,12,0.95,用于婴儿及儿童的充血性心力衰竭及某些室上性心律失常。,心血管系统用药 | 抗心力衰竭药,心脏病治疗用药 | 强心苷类 | 洋地黄苷类,,,,https://www.yao86.com/%E8%A5%BF%E8%8D%AF/%E5%9C%B0%E9%AB%98%E8%BE%9B%E5%8F%A3%E6%9C%8D%E6%BA%B6%E6%B6%B2,站点药理或 ATC 分类明确为心脑血管用药
review_missing_efficacy,,地高辛酏剂,western,,,0.0,,,心脏病治疗用药 | 强心苷类 | 洋地黄苷类,,,,https://www.yao86.com/%E8%A5%BF%E8%8D%AF/%E5%9C%B0%E9%AB%98%E8%BE%9B%E9%85%8F%E5%89%82,站点分类无法可靠映射到项目现有类别
already_present,12640,二十一味寒水石散,tcm,5,5,0.93,"活血祛瘀，健胃消食，制酸，止痛，愈溃疡。用于""培根木布""引起的肝胃疼痛，胸烧背痛，呕吐酸水",制酸止痛解痉剂,消化系统与代谢药 | 胃病相关药物,,,,https://www.yao86.com/%E4%B8%AD%E6%88%90%E8%8D%AF/%E4%BA%8C%E5%8D%81%E4%B8%80%E5%91%B3%E5%AF%92%E6%B0%B4%E7%9F%B3%E6%95%A3,站点药理或 ATC 分类明确为胃肠消化用药
already_present,12641,安嗽化痰丸,tcm,1,1,0.95,清肺化痰，润肺止嗽。用于阴虚肺热引起的咳嗽痰盛，气短喘促，咽干口渴，劳伤久嗽，痰中带血。,止咳平喘剂 | 止咳平喘,呼吸系统药物 | 咳嗽和感冒用药,,,,https://www.yao86.com/%E4%B8%AD%E6%88%90%E8%8D%AF/%E5%AE%89%E5%97%BD%E5%8C%96%E7%97%B0%E4%B8%B8,站点药理分类明确为止咳或祛痰药
already_present,12642,二母安嗽丸,tcm,1,1,0.95,清肺化痰，止嗽定喘。用于虚劳久嗽秋举发，咳嗽痰喘，骨蒸潮热，音哑声重，口燥舌干，痰涎壅盛。,止咳平喘剂 | 止咳平喘,呼吸系统药物 | 咳嗽和感冒用药,达仁堂,,达仁堂（多药共用）,https://www.yao86.com/%E4%B8%AD%E6%88%90%E8%8D%AF/%E4%BA%8C%E6%AF%8D%E5%AE%89%E5%97%BD%E4%B8%B8,站点药理分类明确为止咳或祛痰药
already_present,12643,二母安嗽糖浆,tcm,1,1,0.95,"清肺化痰,止嗽定喘.用于虚劳久嗽,春秋举发,咳嗽痰喘,骨 蒸潮热,音哑声重,口燥舌干,痰涎壅盛.",止咳平喘剂 | 止咳平喘,呼吸系统药物 | 咳嗽和感冒用药,,,,https://www.yao86.com/%E4%B8%AD%E6%88%90%E8%8D%AF/%E4%BA%8C%E6%AF%8D%E5%AE%89%E5%97%BD%E7%B3%96%E6%B5%86,站点药理分类明确为止咳或祛痰药
already_present,12644,二母安嗽片,tcm,1,1,0.95,"清肺化痰,止嗽定喘。用于虚劳久嗽,春秋举发,咳嗽痰喘,骨蒸潮热,音哑声重,口燥舌干,痰涎壅盛。",止咳平喘剂 | 止咳平喘,呼吸系统药物 | 咳嗽和感冒用药,,,,https://www.yao86.com/%E4%B8%AD%E6%88%90%E8%8D%AF/%E4%BA%8C%E6%AF%8D%E5%AE%89%E5%97%BD%E7%89%87,站点药理分类明确为止咳或祛痰药
already_present,12645,二陈合剂,tcm,0,0,0.94,燥湿化痰，理气和胃。用于咳嗽痰多，胸脘胀闷，恶心呕吐。,理气剂 | 理气和中,呼吸系统药物 | 咳嗽和感冒用药,,,,https://www.yao86.com/%E4%B8%AD%E6%88%90%E8%8D%AF/%E4%BA%8C%E9%99%88%E5%90%88%E5%89%82,站点药理分类明确为感冒或解表用药
already_present,12646,二陈丸(浓缩丸),tcm,13,13,0.9,燥湿化痰，理气和胃。用于咳嗽痰多，胸脘胀闷，恶心呕吐。,理气剂 | 理气和中,,,,,https://www.yao86.com/%E4%B8%AD%E6%88%90%E8%8D%AF/%E4%BA%8C%E9%99%88%E4%B8%B8%28%E6%B5%93%E7%BC%A9%E4%B8%B8%29,站点明确收录为中成药，未命中更具体项目类别
already_present,12647,二陈丸,tcm,0,0,0.94,燥湿化痰，理气和胃。用于痰湿停滞导致的咳嗽痰多，胸脘胀闷，恶心呕吐。,理气剂 | 理气和中,呼吸系统药物 | 咳嗽和感冒用药,,,,https://www.yao86.com/%E4%B8%AD%E6%88%90%E8%8D%AF/%E4%BA%8C%E9%99%88%E4%B8%B8,站点药理分类明确为感冒或解表用药
already_present,12648,二丁颗粒,tcm,13,13,0.9,清热解毒。用于火热毒盛所致的热疖痈毒、咽喉肿痛、风热火眼。,清热剂 | 清热解毒,呼吸系统药物 | 清热解毒药物,,,,https://www.yao86.com/%E4%B8%AD%E6%88%90%E8%8D%AF/%E4%BA%8C%E4%B8%81%E9%A2%97%E7%B2%92,站点明确收录为中成药，未命中更具体项目类别
already_present,12649,二丁胶囊,tcm,13,13,0.9,清热解毒。用于火热毒盛所致的热疖痈毒、咽喉肿痛、风热火眼。,清热剂 | 清热解毒,呼吸系统药物 | 清热解毒药物,,,,https://www.yao86.com/%E4%B8%AD%E6%88%90%E8%8D%AF/%E4%BA%8C%E4%B8%81%E8%83%B6%E5%9B%8A,站点明确收录为中成药，未命中更具体项目类别
already_present,12650,二丁片,tcm,13,13,0.9,清热解毒。用于火热毒胜所致的热疖痈毒、咽喉肿痛、风热火眼。,清热剂 | 清热解毒,呼吸系统药物 | 清热解毒药物,,,,https://www.yao86.com/%E4%B8%AD%E6%88%90%E8%8D%AF/%E4%BA%8C%E4%B8%81%E7%89%87,站点明确收录为中成药，未命中更具体项目类别
already_present,12651,二十五味松石丸,tcm,5,5,0.93,清热解毒，疏肝利胆，化瘀。用于肝郁气滞，血瘀，肝中毒，肝痛，肝硬化，肝渗水及各种急、慢性肝炎和胆囊炎。,清热剂 | 清热解毒,消化系统与代谢药 | 肝、胆疾病治疗药 | 肝、胆病共治药,,,,https://www.yao86.com/%E4%B8%AD%E6%88%90%E8%8D%AF/%E4%BA%8C%E5%8D%81%E4%BA%94%E5%91%B3%E6%9D%BE%E7%9F%B3%E4%B8%B8,站点药理或 ATC 分类明确为胃肠消化用药
already_present,12652,二十五味绿绒蒿丸,tcm,5,5,0.93,解毒，清肝热。用于中毒及“木布”降于胆腑，肝热、肝肿大、肝硬化、肝胃瘀血疼痛等新旧肝病。,清热剂 | 清热解毒,消化系统与代谢药 | 肝、胆疾病治疗药 | 肝病治疗药,,,,https://www.yao86.com/%E4%B8%AD%E6%88%90%E8%8D%AF/%E4%BA%8C%E5%8D%81%E4%BA%94%E5%91%B3%E7%BB%BF%E7%BB%92%E8%92%BF%E4%B8%B8,站点药理或 ATC 分类明确为胃肠消化用药
already_present,12653,二十五味绿绒蒿胶囊,tcm,5,5,0.93,"解毒，清肝热。用于中毒及“木布”降于胆腑,肝热、肝肿大、肝硬化、肝胃瘀血疼痛等新旧肝病。",清热剂 | 清热解毒,消化系统与代谢药 | 肝、胆疾病治疗药 | 肝病治疗药,,,,https://www.yao86.com/%E4%B8%AD%E6%88%90%E8%8D%AF/%E4%BA%8C%E5%8D%81%E4%BA%94%E5%91%B3%E7%BB%BF%E7%BB%92%E8%92%BF%E8%83%B6%E5%9B%8A,站点药理或 ATC 分类明确为胃肠消化用药
already_present,12654,二十五味马宝丸,tcm,13,13,0.9,清热解毒。用于各类新旧中毒症，陈旧热，“木布”和毒引起的肠胃疼痛，下泻，干瘦，浮肿等。,清热剂 | 清热解毒,呼吸系统药物 | 清热解毒药物,,,,https://www.yao86.com/%E4%B8%AD%E6%88%90%E8%8D%AF/%E4%BA%8C%E5%8D%81%E4%BA%94%E5%91%B3%E9%A9%AC%E5%AE%9D%E4%B8%B8,站点明确收录为中成药，未命中更具体项目类别
already_present,12655,蜂胶口腔膜,tcm,5,5,0.93,清热止痛。用于复发性口疮。,治疮疡剂 | 其它,消化系统与代谢药 | 口腔疾病药物 | 口腔炎症治疗药,,,,https://www.yao86.com/%E4%B8%AD%E6%88%90%E8%8D%AF/%E8%9C%82%E8%83%B6%E5%8F%A3%E8%85%94%E8%86%9C,站点药理或 ATC 分类明确为胃肠消化用药
already_present,12656,复方地黄补肾酒,tcm,13,13,0.9,本品补肾养阴。用于肾虚所致之腰膝酸软，神疲乏力，头晕耳鸣，面色无华。,补益剂 | 补阴,生殖泌尿系统药物 | 泌尿系统药物 | 补肾药物（勃起机能障碍用药）,,,,https://www.yao86.com/%E4%B8%AD%E6%88%90%E8%8D%AF/%E5%A4%8D%E6%96%B9%E5%9C%B0%E9%BB%84%E8%A1%A5%E8%82%BE%E9%85%92,站点明确收录为中成药，未命中更具体项目类别
imported,13996,羟乙磺酸达尔西利片,western,,14,0.96,本品联合氟维司群，适用于既往接受内分泌治疗后出现疾病进展的激素受体（HR） 阳性、人表皮生长因子受体 2（HER2） 阴性的复发或转移性乳腺癌患者。,抗肿瘤药 | 其他抗肿瘤药,抗肿瘤药 | 蛋白激酶抑制剂 | 细胞周期蛋白依赖性激酶(CDK)抑制剂,艾瑞康,艾瑞康,,https://www.yao86.com/%E8%A5%BF%E8%8D%AF/%E7%BE%9F%E4%B9%99%E7%A3%BA%E9%85%B8%E8%BE%BE%E5%B0%94%E8%A5%BF%E5%88%A9%E7%89%87,站点药理或 ATC 分类明确为妇科用药
already_present,12657,枯草杆菌二联活菌颗粒,western,5,5,0.96,消化不良、食欲不振、营养不良，肠道菌群紊乱引起的腹泻、便秘、腹胀、肠道内异常发酵、肠炎，使用抗生素引起的肠粘膜损伤等症。,消化系统用药 | 微生态制剂,止泻药、肠道抗炎、抗感染药 | 肠道抗感染药 | 抗生素,妈咪爱,,,https://www.yao86.com/%E8%A5%BF%E8%8D%AF/%E6%9E%AF%E8%8D%89%E6%9D%86%E8%8F%8C%E4%BA%8C%E8%81%94%E6%B4%BB%E8%8F%8C%E9%A2%97%E7%B2%92,站点分类明确为止泻或肠道吸附药
already_present,12658,对氨基水杨酸钙片,western,2,2,0.96,1.适用于结核分枝杆菌所致的肺及肺外结核病。静脉滴注可用于治疗结核性脑膜炎及急性血行播散型结核病。2.也可用于甲状腺功能亢进症。对于甲状腺功能亢进合并结核的患者，在用碘剂无效而可能影响手术时，可短期服用。,抗微生物药 | 抗结核病药,抗分枝杆菌药 | 顿挫性结核治疗用药 | 氨基水杨酸与其衍生物类,,,,https://www.yao86.com/%E8%A5%BF%E8%8D%AF/%E5%AF%B9%E6%B0%A8%E5%9F%BA%E6%B0%B4%E6%9D%A8%E9%85%B8%E9%92%99%E7%89%87,站点药理或 ATC 分类明确为抗感染药
already_present,12659,对氨基水杨酸肠溶颗粒,western,2,2,0.96,对氨基水杨酸肠溶颗粒适用于结核分枝杆菌所致的肺及肺外结核病。本品仅对分枝杆菌有效，单独应用时结核杆菌对本品能迅速产生耐药性，因此必须与其他抗结核药合用。,抗微生物药 | 抗结核病药,抗分枝杆菌药 | 顿挫性结核治疗用药 | 氨基水杨酸与其衍生物类,,,,https://www.yao86.com/%E8%A5%BF%E8%8D%AF/%E5%AF%B9%E6%B0%A8%E5%9F%BA%E6%B0%B4%E6%9D%A8%E9%85%B8%E8%82%A0%E6%BA%B6%E9%A2%97%E7%B2%92,站点药理或 ATC 分类明确为抗感染药
already_present,12660,地衣芽孢杆菌活菌胶囊,western,5,5,0.96,用于细菌或真菌引起的急、慢性肠炎、腹泻。也可用于其他原因引起的胃肠道菌群失调的防治。,消化系统用药 | 微生态制剂,止泻药、肠道抗炎、抗感染药 | 止泻的微生物,,,,https://www.yao86.com/%E8%A5%BF%E8%8D%AF/%E5%9C%B0%E8%A1%A3%E8%8A%BD%E5%AD%A2%E6%9D%86%E8%8F%8C%E6%B4%BB%E8%8F%8C%E8%83%B6%E5%9B%8A,站点分类明确为止泻或肠道吸附药
already_present,12661,地衣芽孢杆菌活菌颗粒,western,5,5,0.96,用于细菌或真菌引起的急、慢性肠炎、腹泻。也可用于其他原因引起的肠道菌群失调的防治。,消化系统用药 | 微生态制剂,止泻药、肠道抗炎、抗感染药 | 止泻的微生物,整肠生,,,https://www.yao86.com/%E8%A5%BF%E8%8D%AF/%E5%9C%B0%E8%A1%A3%E8%8A%BD%E5%AD%A2%E6%9D%86%E8%8F%8C%E6%B4%BB%E8%8F%8C%E9%A2%97%E7%B2%92,站点分类明确为止泻或肠道吸附药
review_missing_efficacy,,低分子肝素钠凝胶,western,,9,0.94,,,抗血栓形成药 | 肝素类,,,,https://www.yao86.com/%E8%A5%BF%E8%8D%AF/%E4%BD%8E%E5%88%86%E5%AD%90%E8%82%9D%E7%B4%A0%E9%92%A0%E5%87%9D%E8%83%B6,剂型或站点分类明确为局部外用药
already_present,12662,复方麻黄喷鼻散,tcm,13,13,0.9,疏风解表，清热解毒，通鼻开窍，用于急慢性鼻炎，鼻窦炎所致的头痛、鼻塞、流涕等症。,清热剂 | 清热解毒,呼吸系统药物 | 鼻病治疗药,,,,https://www.yao86.com/%E4%B8%AD%E6%88%90%E8%8D%AF/%E5%A4%8D%E6%96%B9%E9%BA%BB%E9%BB%84%E5%96%B7%E9%BC%BB%E6%95%A3,站点明确收录为中成药，未命中更具体项目类别
already_present,12663,复方罗汉果清肺糖浆,tcm,1,1,0.95,清热化痰，润肺止咳。适用于咳嗽痰黄，咯痰不畅，咽干舌燥等证属痰热咳嗽者。,止咳平喘剂 | 止咳,呼吸系统药物 | 咳嗽和感冒用药,,,,https://www.yao86.com/%E4%B8%AD%E6%88%90%E8%8D%AF/%E5%A4%8D%E6%96%B9%E7%BD%97%E6%B1%89%E6%9E%9C%E6%B8%85%E8%82%BA%E7%B3%96%E6%B5%86,站点药理分类明确为止咳或祛痰药
already_present,12664,复方罗汉果清肺颗粒,tcm,1,1,0.95,清热化痰，润肺止咳。适用于咳嗽痰黄，咯痰不畅，咽干舌燥等证属痰热咳嗽者。,止咳平喘剂 | 止咳,呼吸系统药物 | 咳嗽和感冒用药,,,,https://www.yao86.com/%E4%B8%AD%E6%88%90%E8%8D%AF/%E5%A4%8D%E6%96%B9%E7%BD%97%E6%B1%89%E6%9E%9C%E6%B8%85%E8%82%BA%E9%A2%97%E7%B2%92,站点药理分类明确为止咳或祛痰药
already_present,12665,风湿痹痛药酒,tcm,3,3,0.94,祛风除湿，通痹止痛。用于风寒湿痹，四肢麻木，腰膝酸软，骨节疼痛。,治风剂 | 祛风止痛,肌肉-骨骼系统药物 | 抗炎和抗风湿药,,,,https://www.yao86.com/%E4%B8%AD%E6%88%90%E8%8D%AF/%E9%A3%8E%E6%B9%BF%E7%97%B9%E7%97%9B%E8%8D%AF%E9%85%92,站点药理或 ATC 分类明确为镇痛/抗炎药
already_present,12666,复方蛇胆川贝散,tcm,1,1,0.95,镇咳祛痰。用于风热咳嗽，久咳痰多。,止咳平喘剂 | 止咳,呼吸系统药物 | 咳嗽和感冒用药,,,,https://www.yao86.com/%E4%B8%AD%E6%88%90%E8%8D%AF/%E5%A4%8D%E6%96%B9%E8%9B%87%E8%83%86%E5%B7%9D%E8%B4%9D%E6%95%A3,站点药理分类明确为止咳或祛痰药
already_present,12667,风湿祛痛胶囊,tcm,3,3,0.94,燥湿祛风，活血化瘀，通络止痛。用于痹痛寒热错杂证，症见肌肉关节疼痛，肿胀，关节活动受限，晨僵，局部发热；风湿性关节炎、类风湿性关节炎见上述证候者。,治风剂 | 祛风止痛,肌肉-骨骼系统药物 | 抗炎和抗风湿药,,,,https://www.yao86.com/%E4%B8%AD%E6%88%90%E8%8D%AF/%E9%A3%8E%E6%B9%BF%E7%A5%9B%E7%97%9B%E8%83%B6%E5%9B%8A,站点药理或 ATC 分类明确为镇痛/抗炎药
already_present,12668,复方野菊感冒颗粒,tcm,1,1,0.95,清热疏风，润燥止咳。用于风热、温燥之邪犯肺而致的发热，头晕咳嗽，咽干喉痛。,止咳平喘剂 | 止咳,呼吸系统药物 | 咳嗽和感冒用药,,,,https://www.yao86.com/%E4%B8%AD%E6%88%90%E8%8D%AF/%E5%A4%8D%E6%96%B9%E9%87%8E%E8%8F%8A%E6%84%9F%E5%86%92%E9%A2%97%E7%B2%92,站点药理分类明确为止咳或祛痰药
already_present,12669,风湿福音丸,tcm,3,3,0.94,祛风散寒，消肿止痛，强筋健骨。用于风湿性关节炎及风湿痛。,治风剂 | 祛风止痛,肌肉-骨骼系统药物 | 抗炎和抗风湿药,,,,https://www.yao86.com/%E4%B8%AD%E6%88%90%E8%8D%AF/%E9%A3%8E%E6%B9%BF%E7%A6%8F%E9%9F%B3%E4%B8%B8,站点药理或 ATC 分类明确为镇痛/抗炎药
already_present,12670,复方鲜竹沥液,tcm,1,1,0.95,清热化痰，止咳。用于痰热咳嗽，痰黄黏稠。,止咳平喘剂 | 止咳,呼吸系统药物 | 咳嗽和感冒用药,,,,https://www.yao86.com/%E4%B8%AD%E6%88%90%E8%8D%AF/%E5%A4%8D%E6%96%B9%E9%B2%9C%E7%AB%B9%E6%B2%A5%E6%B6%B2,站点药理分类明确为止咳或祛痰药
review_missing_efficacy,,风湿跌打酊,tcm,,9,0.94,,治风剂 | 祛风止痛,肌肉-骨骼系统药物 | 抗炎和抗风湿药,,,,https://www.yao86.com/%E4%B8%AD%E6%88%90%E8%8D%AF/%E9%A3%8E%E6%B9%BF%E8%B7%8C%E6%89%93%E9%85%8A,剂型或站点分类明确为局部外用药
already_present,12671,小儿善存片,western,7,7,0.96,用于3-12岁儿童维生素和矿物质的补充。,维生素、矿物质类药 | 维生素,维生素类 | 多种维生素，复方 | 多种维生素和矿物质,,,,https://www.yao86.com/%E8%A5%BF%E8%8D%AF/%E5%B0%8F%E5%84%BF%E5%96%84%E5%AD%98%E7%89%87,站点药理或 ATC 分类明确为维生素/矿物质
review_missing_efficacy,,多维元素片,western,,7,0.96,,,维生素类 | 多种维生素，复方 | 多种维生素和矿物质,,,,https://www.yao86.com/%E8%A5%BF%E8%8D%AF/%E5%A4%9A%E7%BB%B4%E5%85%83%E7%B4%A0%E7%89%87,站点药理或 ATC 分类明确为维生素/矿物质
review_missing_efficacy,,多维元素片(14),western,,7,0.96,,,维生素类 | 多种维生素，复方 | 多种维生素和矿物质,,,,https://www.yao86.com/%E8%A5%BF%E8%8D%AF/%E5%A4%9A%E7%BB%B4%E5%85%83%E7%B4%A0%E7%89%87%2814%29,站点药理或 ATC 分类明确为维生素/矿物质
review_missing_efficacy,,多维元素片(16),western,,7,0.96,,,维生素类 | 多种维生素，复方 | 多种维生素和矿物质,,,,https://www.yao86.com/%E8%A5%BF%E8%8D%AF/%E5%A4%9A%E7%BB%B4%E5%85%83%E7%B4%A0%E7%89%87%2816%29,站点药理或 ATC 分类明确为维生素/矿物质
review_missing_efficacy,,小儿善存液,western,,7,0.96,,,维生素类 | 多种维生素，复方 | 多种维生素和矿物质,,,,https://www.yao86.com/%E8%A5%BF%E8%8D%AF/%E5%B0%8F%E5%84%BF%E5%96%84%E5%AD%98%E6%B6%B2,站点药理或 ATC 分类明确为维生素/矿物质
review_missing_efficacy,,多巴丝肼颗粒,western,,,0.0,,,,,,,https://www.yao86.com/%E8%A5%BF%E8%8D%AF/%E5%A4%9A%E5%B7%B4%E4%B8%9D%E8%82%BC%E9%A2%97%E7%B2%92,站点分类无法可靠映射到项目现有类别
review_missing_efficacy,,多巴丝肼缓释胶囊,western,,,0.0,,,抗震颤麻痹药 | 多巴胺能类药 | 其它多巴胺能药,,,,https://www.yao86.com/%E8%A5%BF%E8%8D%AF/%E5%A4%9A%E5%B7%B4%E4%B8%9D%E8%82%BC%E7%BC%93%E9%87%8A%E8%83%B6%E5%9B%8A,站点分类无法可靠映射到项目现有类别
review_missing_efficacy,,多巴丝肼分散片,western,,,0.0,,,抗震颤麻痹药 | 多巴胺能类药 | 其它多巴胺能药,,,,https://www.yao86.com/%E8%A5%BF%E8%8D%AF/%E5%A4%9A%E5%B7%B4%E4%B8%9D%E8%82%BC%E5%88%86%E6%95%A3%E7%89%87,站点分类无法可靠映射到项目现有类别
already_present,12672,大蒜素肠溶胶丸,western,2,2,0.96,适用于深部真菌和细菌感染，用于防治急慢性菌痢和肠炎，百日咳，肺部和消化道的真菌感染，白色念珠菌菌血症，隐球菌性脑膜炎，肺结核。,抗微生物药 | 其他抗菌药,系统用抗细菌药 | 其它抗菌药,,,,https://www.yao86.com/%E8%A5%BF%E8%8D%AF/%E5%A4%A7%E8%92%9C%E7%B4%A0%E8%82%A0%E6%BA%B6%E8%83%B6%E4%B8%B8,站点药理或 ATC 分类明确为抗感染药
already_present,12673,大蒜素肠溶胶囊,western,2,2,0.96,用于急慢性菌痢和肠炎、百日咳以及肺部、消化道的真菌感染等。,抗微生物药 | 其他抗菌药,系统用抗细菌药 | 其它抗菌药,,,,https://www.yao86.com/%E8%A5%BF%E8%8D%AF/%E5%A4%A7%E8%92%9C%E7%B4%A0%E8%82%A0%E6%BA%B6%E8%83%B6%E5%9B%8A,站点药理或 ATC 分类明确为抗感染药
already_present,12674,大蒜素胶囊,western,2,2,0.96,用于深部真菌和细菌感染，如肺部及消化道霉菌感染、白色念珠球菌菌血症、急慢性菌痢、急慢性肠炎、百日咳等。,抗微生物药 | 其他抗菌药,系统用抗细菌药 | 其它抗菌药,,,,https://www.yao86.com/%E8%A5%BF%E8%8D%AF/%E5%A4%A7%E8%92%9C%E7%B4%A0%E8%83%B6%E5%9B%8A,站点药理或 ATC 分类明确为抗感染药
already_present,12675,大蒜肠溶片,western,2,2,0.96,适用于深部真菌和细菌感染，用于防治急慢性菌痢和肠炎，百日咳，肺部和消化道的真菌感染，白色念珠菌菌血症，隐球菌性脑膜炎，肺结核等。,抗微生物药 | 其他抗菌药,系统用抗细菌药 | 其它抗菌药,,,,https://www.yao86.com/%E8%A5%BF%E8%8D%AF/%E5%A4%A7%E8%92%9C%E8%82%A0%E6%BA%B6%E7%89%87,站点药理或 ATC 分类明确为抗感染药
already_present,12676,大蒜素软胶囊,western,2,2,0.96,用于深部真菌和细菌感染，如肺部及消化道霉菌感染、白色念珠球菌菌血症、急慢性菌痢、急慢性肠炎、百日咳等。,抗微生物药 | 其他抗菌药,系统用抗细菌药 | 其它抗菌药,,,,https://www.yao86.com/%E8%A5%BF%E8%8D%AF/%E5%A4%A7%E8%92%9C%E7%B4%A0%E8%BD%AF%E8%83%B6%E5%9B%8A,站点药理或 ATC 分类明确为抗感染药
already_present,12677,多维元素片(29-Ⅱ),western,7,7,0.96,用于50岁以上的成年人的维生素和矿物质补充。,维生素、矿物质类药 | 维生素,维生素类 | 多种维生素，复方 | 多种维生素和矿物质,,,,https://www.yao86.com/%E8%A5%BF%E8%8D%AF/%E5%A4%9A%E7%BB%B4%E5%85%83%E7%B4%A0%E7%89%87%2829-%E2%85%A1%29,站点药理或 ATC 分类明确为维生素/矿物质
already_present,12678,多维元素片(29),western,7,7,0.96,用于预防和治疗因维生素与矿物质缺乏所引起的各种疾病。,维生素、矿物质类药 | 维生素,维生素类 | 多种维生素，复方 | 多种维生素和矿物质,,,,https://www.yao86.com/%E8%A5%BF%E8%8D%AF/%E5%A4%9A%E7%BB%B4%E5%85%83%E7%B4%A0%E7%89%87%2829%29,站点药理或 ATC 分类明确为维生素/矿物质
already_present,12679,多维元素胶囊(13),western,7,7,0.96,用于妊娠及哺乳期妇女维生素与矿物质的补充。,维生素、矿物质类药 | 维生素,维生素类 | 多种维生素，复方 | 多种维生素和矿物质,康耐得,,,https://www.yao86.com/%E8%A5%BF%E8%8D%AF/%E5%A4%9A%E7%BB%B4%E5%85%83%E7%B4%A0%E8%83%B6%E5%9B%8A%2813%29,站点药理或 ATC 分类明确为维生素/矿物质
already_present,12680,多维元素胶囊(16),western,7,7,0.96,用于预防和治疗缺乏某些维生素和微量元素所引起的疾病。,维生素、矿物质类药 | 维生素,维生素类 | 多种维生素，复方 | 多种维生素和矿物质,,,,https://www.yao86.com/%E8%A5%BF%E8%8D%AF/%E5%A4%9A%E7%BB%B4%E5%85%83%E7%B4%A0%E8%83%B6%E5%9B%8A%2816%29,站点药理或 ATC 分类明确为维生素/矿物质
already_present,12681,附马开痹片,tcm,3,3,0.94,温经散寒，活血通络，消肿止痛。用于类风湿性关节炎之寒湿阻络证，症见关节冷痛，遇寒痛增，或肿胀晨僵等。,温里剂 | 温经散寒,肌肉-骨骼系统药物 | 抗炎和抗风湿药,,,,https://www.yao86.com/%E4%B8%AD%E6%88%90%E8%8D%AF/%E9%99%84%E9%A9%AC%E5%BC%80%E7%97%B9%E7%89%87,站点药理或 ATC 分类明确为镇痛/抗炎药
already_present,12682,复方苦参洗剂,tcm,14,14,0.96,清热解毒、燥湿止痒。用于改善妇女带下过多，外阴瘙痒等症状。,祛湿剂 | 清热除湿,生殖泌尿系统药物 | 妇科用药 | 妇科炎症治疗药,,,,https://www.yao86.com/%E4%B8%AD%E6%88%90%E8%8D%AF/%E5%A4%8D%E6%96%B9%E8%8B%A6%E5%8F%82%E6%B4%97%E5%89%82,站点药理或 ATC 分类明确为妇科用药
already_present,12683,复方龙血竭胶囊,tcm,12,12,0.95,活血化瘀，通窍止痛。用于稳定性劳力性冠心病心绞痛Ⅰ、Ⅱ级，中医辨证为心血瘀阻证，症见胸闷刺痛、绞痛，固定不移，入夜更甚，时或心悸不宁，舌质紫暗，脉沉。,理血剂 | 活血化瘀,心脑血管与血液系统药物 | 心血管疾病治疗药,,,,https://www.yao86.com/%E4%B8%AD%E6%88%90%E8%8D%AF/%E5%A4%8D%E6%96%B9%E9%BE%99%E8%A1%80%E7%AB%AD%E8%83%B6%E5%9B%8A,站点药理或 ATC 分类明确为心脑血管用药
already_present,12684,复方芩芍樟脑软膏,tcm,9,9,0.94,清热解毒，活血凉血，补气养血。适用于轻度小面积水火烫伤以及手足皲裂。,清热剂 | 清热解毒,皮肤病药物 | 创伤和溃疡治疗药 | 烧烫伤药物,,,,https://www.yao86.com/%E4%B8%AD%E6%88%90%E8%8D%AF/%E5%A4%8D%E6%96%B9%E8%8A%A9%E8%8A%8D%E6%A8%9F%E8%84%91%E8%BD%AF%E8%86%8F,剂型或站点分类明确为局部外用药
already_present,12685,肥儿疳积颗粒,tcm,5,5,0.93,健脾和胃，平肝杀虫，用于脾弱肝滞，面黄肌瘦，消化不良。,消食剂 | 消痞化积,消化系统与代谢药 | 提升食欲、促消化药,,,,https://www.yao86.com/%E4%B8%AD%E6%88%90%E8%8D%AF/%E8%82%A5%E5%84%BF%E7%96%B3%E7%A7%AF%E9%A2%97%E7%B2%92,站点药理或 ATC 分类明确为胃肠消化用药
already_present,12686,复生康片,tcm,13,13,0.9,活血化瘀、健脾消积。用于胃癌、肝癌，能增强放疗、化疗疗效，并能增强机体免疫功能；能改善肝癌患者临床症状。,理血剂 | 活血化瘀,肿瘤药物 | 肿瘤辅助药物,,,,https://www.yao86.com/%E4%B8%AD%E6%88%90%E8%8D%AF/%E5%A4%8D%E7%94%9F%E5%BA%B7%E7%89%87,站点明确收录为中成药，未命中更具体项目类别
already_present,12687,复生康胶囊,tcm,13,13,0.9,活血化瘀、健脾消积。用于胃癌、肝癌，能增强放疗、化疗的疗效，并能增强机体免疫功能；能改善肝癌患者临床症状。,理血剂 | 活血化瘀,肿瘤药物 | 肿瘤辅助药物,,,,https://www.yao86.com/%E4%B8%AD%E6%88%90%E8%8D%AF/%E5%A4%8D%E7%94%9F%E5%BA%B7%E8%83%B6%E5%9B%8A,站点明确收录为中成药，未命中更具体项目类别
already_present,12688,复方满山白糖浆,tcm,1,1,0.95,镇咳祛痰，消炎；用于气管炎，支气管炎，老人慢性支气管炎。,止咳平喘剂 | 止咳,呼吸系统药物 | 咳嗽和感冒用药,,,,https://www.yao86.com/%E4%B8%AD%E6%88%90%E8%8D%AF/%E5%A4%8D%E6%96%B9%E6%BB%A1%E5%B1%B1%E7%99%BD%E7%B3%96%E6%B5%86,站点药理分类明确为止咳或祛痰药
already_present,12689,复方满山白颗粒,tcm,1,1,0.95,祛痰止咳清热。用于慢性支气管炎。,止咳平喘剂 | 止咳,呼吸系统药物 | 咳嗽和感冒用药,,,,https://www.yao86.com/%E4%B8%AD%E6%88%90%E8%8D%AF/%E5%A4%8D%E6%96%B9%E6%BB%A1%E5%B1%B1%E7%99%BD%E9%A2%97%E7%B2%92,站点药理分类明确为止咳或祛痰药
already_present,12690,复方虫草补肾口服液,tcm,13,13,0.9,补肾益精。用于肾精不足引起的肾虚体弱，腰膝酸软，头晕耳鸣，久咳虚喘。,补益剂 | 补阴,生殖泌尿系统药物 | 泌尿系统药物 | 补肾药物（勃起机能障碍用药）,,,,https://www.yao86.com/%E4%B8%AD%E6%88%90%E8%8D%AF/%E5%A4%8D%E6%96%B9%E8%99%AB%E8%8D%89%E8%A1%A5%E8%82%BE%E5%8F%A3%E6%9C%8D%E6%B6%B2,站点明确收录为中成药，未命中更具体项目类别
already_present,12691,复方马缨丹片,tcm,0,0,0.94,清热解毒，疏风解表。用于风热感冒，发热，咽痛，咳嗽,治风剂 | 疏散外风,呼吸系统药物 | 咳嗽和感冒用药,,,,https://www.yao86.com/%E4%B8%AD%E6%88%90%E8%8D%AF/%E5%A4%8D%E6%96%B9%E9%A9%AC%E7%BC%A8%E4%B8%B9%E7%89%87,站点药理分类明确为感冒或解表用药
review_unclassified,,恩扎卢胺软胶囊,western,,,0.0,本品适用于雄激素剥夺治疗(ADT)失败后无症状或有轻微症状且未接受化疗的转移性去势抵抗性前列腺癌(CRPC)成年患者的治疗。,抗肿瘤药 | 抗肿瘤激素类,内分泌治疗用药 | 激素拮抗药与其相关药物 | 抗雄激素类,安可坦(XTANDI),,,https://www.yao86.com/%E8%A5%BF%E8%8D%AF/%E6%81%A9%E6%89%8E%E5%8D%A2%E8%83%BA%E8%BD%AF%E8%83%B6%E5%9B%8A,站点分类无法可靠映射到项目现有类别
review_missing_efficacy,,恩曲替尼胶囊,western,,,0.0,,,抗肿瘤药 | 蛋白激酶抑制剂 | 间变性淋巴瘤激酶(ALK)抑制剂,,,,https://www.yao86.com/%E8%A5%BF%E8%8D%AF/%E6%81%A9%E6%9B%B2%E6%9B%BF%E5%B0%BC%E8%83%B6%E5%9B%8A,站点分类无法可靠映射到项目现有类别
review_missing_efficacy,,恩替司他片,western,,,0.0,,,抗肿瘤药 | 蛋白激酶抑制剂 | 其他蛋白激酶抑制剂,,,,https://www.yao86.com/%E8%A5%BF%E8%8D%AF/%E6%81%A9%E6%9B%BF%E5%8F%B8%E4%BB%96%E7%89%87,站点分类无法可靠映射到项目现有类别
review_missing_efficacy,,恩氟烷溶液,western,,,0.0,,,麻醉药 | 全身麻醉药 | 卤代烃,,,,https://www.yao86.com/%E8%A5%BF%E8%8D%AF/%E6%81%A9%E6%B0%9F%E7%83%B7%E6%BA%B6%E6%B6%B2,站点分类无法可靠映射到项目现有类别
already_present,12692,二羟丙茶碱片,western,17,17,0.96,适用于支气管哮喘，喘息型支气管炎、阻塞性肺气肿等缓解喘息症状。也用于心源性肺水肿引起的哮喘。尤适用于不能耐受茶碱的哮喘病例。,呼吸系统用药 | 平喘药,阻塞性气管疾病用药 | 其它阻塞性气管病系统用药 | 黄嘌呤类,,,,https://www.yao86.com/%E8%A5%BF%E8%8D%AF/%E4%BA%8C%E7%BE%9F%E4%B8%99%E8%8C%B6%E7%A2%B1%E7%89%87,人工分类边界：西药支气管扩张剂归其它
already_present,12693,二维三七桂利嗪胶囊,western,12,12,0.95,用于缺血性脑血管病及其后遗症。,神经系统用药 | 脑血管病用药及降颅压药,外周血管扩张剂 | 其它外周血管扩张剂,,,,https://www.yao86.com/%E8%A5%BF%E8%8D%AF/%E4%BA%8C%E7%BB%B4%E4%B8%89%E4%B8%83%E6%A1%82%E5%88%A9%E5%97%AA%E8%83%B6%E5%9B%8A,站点药理或 ATC 分类明确为心脑血管用药
already_present,12694,二十二醇乳膏,western,9,9,0.96,适用于12岁及12岁以上儿童和成人口唇及面部疱疹的治疗。可缩短治愈时间和下列症状的持续时间：刺痛、发热、发痒等。,抗微生物药 | 抗病毒药,皮肤病用抗生素和化学治疗药物 | 局部用化疗药 | 抗病毒药,,,,https://www.yao86.com/%E8%A5%BF%E8%8D%AF/%E4%BA%8C%E5%8D%81%E4%BA%8C%E9%86%87%E4%B9%B3%E8%86%8F,外用剂型且站点 ATC 分类明确为皮肤局部用药
already_present,12695,恩曲他滨丙酚替诺福韦片(Ⅰ),western,2,2,0.96,适用于与其他抗反转录病毒药物联用，治疗成年和青少年(年龄12岁及以上且体重至少为35kg)的人类免疫缺陷病毒1型(HIV-1)感染(参见【用法用量】和【药理毒理】)。,抗微生物药 | 抗病毒药,系统用抗病毒药 | 直接作用的抗病毒药 | 治疗HIV感染的抗病毒药，复方,,,,https://www.yao86.com/%E8%A5%BF%E8%8D%AF/%E6%81%A9%E6%9B%B2%E4%BB%96%E6%BB%A8%E4%B8%99%E9%85%9A%E6%9B%BF%E8%AF%BA%E7%A6%8F%E9%9F%A6%E7%89%87%28%E2%85%A0%29,站点药理或 ATC 分类明确为抗感染药
already_present,12696,恩曲他滨丙酚替诺福韦片(Ⅱ),western,2,2,0.96,适用于与其他抗反转录病毒药物联用，治疗成年和青少年(年龄12岁及以上且体重至少为35kg)的人类免疫缺陷病毒1型(HIV-1)感染(参见【用法用量】和【药理毒理】)。,抗微生物药 | 抗病毒药,系统用抗病毒药 | 直接作用的抗病毒药 | 治疗HIV感染的抗病毒药，复方,,,,https://www.yao86.com/%E8%A5%BF%E8%8D%AF/%E6%81%A9%E6%9B%B2%E4%BB%96%E6%BB%A8%E4%B8%99%E9%85%9A%E6%9B%BF%E8%AF%BA%E7%A6%8F%E9%9F%A6%E7%89%87%28%E2%85%A1%29,站点药理或 ATC 分类明确为抗感染药
already_present,12697,二甲双胍维格列汀片(Ⅲ),western,11,11,0.95,本品配合饮食和运动治疗，用于二甲双胍单药治疗达最大耐受剂量血糖仍控制不住或正在接受维格列汀与二甲双胍联合治疗的成人2型糖尿病患者。,激素及影响内分泌药 | 胰岛素及口服降血糖药,糖尿病用药 | 非胰岛素类降血糖药 | 口服降糖药复方,,,,https://www.yao86.com/%E8%A5%BF%E8%8D%AF/%E4%BA%8C%E7%94%B2%E5%8F%8C%E8%83%8D%E7%BB%B4%E6%A0%BC%E5%88%97%E6%B1%80%E7%89%87%28%E2%85%A2%29,站点药理或 ATC 分类明确为慢性病长期用药
already_present,12698,二甲双胍维格列汀片(Ⅱ),western,11,11,0.95,对于饮食控制和运动加服二甲双胍或磺脲类药物，未能满意控制血糖水平的2型糖尿病患者，可作为二线治疗药物。,激素及影响内分泌药 | 胰岛素及口服降血糖药,糖尿病用药 | 非胰岛素类降血糖药 | 口服降糖药复方,万维乐,,,https://www.yao86.com/%E8%A5%BF%E8%8D%AF/%E4%BA%8C%E7%94%B2%E5%8F%8C%E8%83%8D%E7%BB%B4%E6%A0%BC%E5%88%97%E6%B1%80%E7%89%87%28%E2%85%A1%29,站点药理或 ATC 分类明确为慢性病长期用药
review_missing_efficacy,,福禄补酒,tcm,,13,0.9,,,,,,,https://www.yao86.com/%E4%B8%AD%E6%88%90%E8%8D%AF/%E7%A6%8F%E7%A6%84%E8%A1%A5%E9%85%92,站点明确收录为中成药，未命中更具体项目类别
already_present,12699,风寒骨痛丸,tcm,13,13,0.9,祛风除湿，散寒止痛，活血通络。用于四肢疼痛，腰背脊酸软疼痛，屈伸不利。,治风剂 | 祛风止痛,肌肉-骨骼系统药物 | 关节和肌肉疼痛局部用药,,,,https://www.yao86.com/%E4%B8%AD%E6%88%90%E8%8D%AF/%E9%A3%8E%E5%AF%92%E9%AA%A8%E7%97%9B%E4%B8%B8,站点明确收录为中成药，未命中更具体项目类别
already_present,12700,复方北五味子片,tcm,13,13,0.9,敛肺补肾，养心安神。用于失眠，心悸，自汗，盗汗。,安神剂 | 补养安神,神经系统药物 | 精神安定药 | 催眠镇静药,,,,https://www.yao86.com/%E4%B8%AD%E6%88%90%E8%8D%AF/%E5%A4%8D%E6%96%B9%E5%8C%97%E4%BA%94%E5%91%B3%E5%AD%90%E7%89%87,站点明确收录为中成药，未命中更具体项目类别
already_present,12701,复方冬凌草含片,tcm,13,13,0.9,疏风清热，解毒利咽。用于咽部干燥，灼热，疼痛症状的改善。,清热剂 | 清热解毒,呼吸系统药物 | 咽喉疾病治疗药,,,,https://www.yao86.com/%E4%B8%AD%E6%88%90%E8%8D%AF/%E5%A4%8D%E6%96%B9%E5%86%AC%E5%87%8C%E8%8D%89%E5%90%AB%E7%89%87,站点明确收录为中成药，未命中更具体项目类别
already_present,12702,妇洁舒洗液,tcm,14,14,0.96,清热燥湿，杀虫止痒。用于湿热下注，带下黄稠，阴肿阴痒；外阴炎，非特异性滴虫性、淋菌性及霉菌性阴道炎见上述证候者。,祛湿剂 | 清热除湿,生殖泌尿系统药物 | 妇科用药 | 妇科炎症治疗药,,,,https://www.yao86.com/%E4%B8%AD%E6%88%90%E8%8D%AF/%E5%A6%87%E6%B4%81%E8%88%92%E6%B4%97%E6%B6%B2,站点药理或 ATC 分类明确为妇科用药
already_present,12703,肺毒清片,tcm,13,13,0.9,健胄消食，安神利尿。用于胃纳不香，睡眠不安肺结核的辅助治疗。,消食剂 | 健脾消食,呼吸系统药物 | 其他呼吸系统药物,,,,https://www.yao86.com/%E4%B8%AD%E6%88%90%E8%8D%AF/%E8%82%BA%E6%AF%92%E6%B8%85%E7%89%87,站点明确收录为中成药，未命中更具体项目类别
already_present,12704,复方南五加口服液,tcm,13,13,0.9,温阳益气，养心安神。用于气血亏虚，阳气不足症，症见头昏气短，心悸失眠，神疲乏力，畏寒肢冷，夜尿频数。,安神剂 | 补养安神,神经系统药物 | 精神安定药 | 催眠镇静药,,,,https://www.yao86.com/%E4%B8%AD%E6%88%90%E8%8D%AF/%E5%A4%8D%E6%96%B9%E5%8D%97%E4%BA%94%E5%8A%A0%E5%8F%A3%E6%9C%8D%E6%B6%B2,站点明确收录为中成药，未命中更具体项目类别
already_present,12705,复方石韦胶囊,tcm,13,13,0.9,清热燥湿，利尿通淋。用于小便不利，尿频，尿急，尿痛，下肢浮肿等症；也可用于急慢性肾小球肾炎，肾盂肾炎，膀胱炎，尿道炎，见有上述症状者。,祛湿剂 | 利水渗湿,生殖泌尿系统药物 | 泌尿系统药物 | 抗生殖泌尿系统感染药物,,,,https://www.yao86.com/%E4%B8%AD%E6%88%90%E8%8D%AF/%E5%A4%8D%E6%96%B9%E7%9F%B3%E9%9F%A6%E8%83%B6%E5%9B%8A,站点明确收录为中成药，未命中更具体项目类别
already_present,12706,复方石韦咀嚼片,tcm,13,13,0.9,清热燥湿，利尿通淋。用于小便不利，尿频，尿急，尿痛，下肢浮肿等症；也可用于急慢性肾小球肾炎，肾盂肾炎，膀胱炎，尿道炎，见有上述症状者。,祛湿剂 | 利水渗湿,生殖泌尿系统药物 | 泌尿系统药物 | 抗生殖泌尿系统感染药物,,,,https://www.yao86.com/%E4%B8%AD%E6%88%90%E8%8D%AF/%E5%A4%8D%E6%96%B9%E7%9F%B3%E9%9F%A6%E5%92%80%E5%9A%BC%E7%89%87,站点明确收录为中成药，未命中更具体项目类别
already_present,12707,复方石韦颗粒,tcm,13,13,0.9,清热燥湿，利尿通淋。用于小便不利，尿频，尿急，尿痛，下肢浮肿等症；也可用于急慢性肾小球肾炎，肾盂肾炎，膀胱炎，尿道炎，见有上述证状者。,祛湿剂 | 利水渗湿,生殖泌尿系统药物 | 泌尿系统药物 | 抗生殖泌尿系统感染药物,,,,https://www.yao86.com/%E4%B8%AD%E6%88%90%E8%8D%AF/%E5%A4%8D%E6%96%B9%E7%9F%B3%E9%9F%A6%E9%A2%97%E7%B2%92,站点明确收录为中成药，未命中更具体项目类别
already_present,12708,复方石韦片,tcm,13,13,0.9,清热燥湿，利尿通淋。用于小便不利，尿频、尿急、尿痛，下肢浮肿等症；也可用于急慢性肾小球肾炎，肾盂肾炎，膀胱炎，尿道炎，见有上述证状者。,祛湿剂 | 利水渗湿,生殖泌尿系统药物 | 泌尿系统药物 | 抗生殖泌尿系统感染药物,,,,https://www.yao86.com/%E4%B8%AD%E6%88%90%E8%8D%AF/%E5%A4%8D%E6%96%B9%E7%9F%B3%E9%9F%A6%E7%89%87,站点明确收录为中成药，未命中更具体项目类别
already_present,12709,复方辣椒贴片,western,3,3,0.94,关节肌肉疼痛、肩酸腰痛、骨折痛、冻疮及跌打损伤引起的各种痛症。特别适用于各种外伤引起的疼痛及慢性疼痛等。,镇痛、解热、抗炎、抗风湿、抗痛风药 | 镇痛药,关节和肌肉疼痛局部用药 | 辣椒素和类似药物,好及施(温感),,,https://www.yao86.com/%E8%A5%BF%E8%8D%AF/%E5%A4%8D%E6%96%B9%E8%BE%A3%E6%A4%92%E8%B4%B4%E7%89%87,站点药理或 ATC 分类明确为镇痛/抗炎药
review_missing_efficacy,,复方银杏叶萃取物胶囊,western,,15,0.95,,,血管保护剂 | 治疗痔疮和肛裂的外用药 | 治疗痔疮和肛裂的其它外用药,,,,https://www.yao86.com/%E8%A5%BF%E8%8D%AF/%E5%A4%8D%E6%96%B9%E9%93%B6%E6%9D%8F%E5%8F%B6%E8%90%83%E5%8F%96%E7%89%A9%E8%83%B6%E5%9B%8A,站点分类明确为痔疮或肛肠用药
already_present,12710,复方茶碱甲麻黄碱片,western,17,17,0.96,用于慢性支气管炎、支气管哮喘，迁延性急性支气管炎。,呼吸系统用药 | 平喘药,阻塞性气管疾病用药 | 其它阻塞性气管病系统用药 | 黄嘌呤类,,,,https://www.yao86.com/%E8%A5%BF%E8%8D%AF/%E5%A4%8D%E6%96%B9%E8%8C%B6%E7%A2%B1%E7%94%B2%E9%BA%BB%E9%BB%84%E7%A2%B1%E7%89%87,人工分类边界：西药支气管扩张剂归其它
review_missing_efficacy,,复方雌孕片,western,,,0.0,,,性激素和生殖系统调节药 | 孕激素和雌激素的复方 | 孕激素和雌激素，固定的配方,,,,https://www.yao86.com/%E8%A5%BF%E8%8D%AF/%E5%A4%8D%E6%96%B9%E9%9B%8C%E5%AD%95%E7%89%87,站点分类无法可靠映射到项目现有类别
already_present,12711,复方盐酸甲麻黄碱糖浆,western,1,1,0.95,用于治疗流行性感冒、支气管哮喘。,呼吸系统用药 | 平喘药,咳嗽和感冒用药 | 止咳药，与祛痰药的复方除外 | 阿片生物碱与其衍生物类,,,,https://www.yao86.com/%E8%A5%BF%E8%8D%AF/%E5%A4%8D%E6%96%B9%E7%9B%90%E9%85%B8%E7%94%B2%E9%BA%BB%E9%BB%84%E7%A2%B1%E7%B3%96%E6%B5%86,站点药理分类明确为止咳或祛痰药
already_present,12712,醋酸氟氢可的松乳膏,western,9,9,0.96,主要用于过敏性皮炎、接触性皮炎、异位性皮炎、脂溢性皮炎、湿疹、皮肤瘙痒症、银屑病、神经性皮炎等皮肤病。,激素及影响内分泌药 | 肾上腺皮质激素类药,皮肤病用皮质激素制剂 | 皮质甾体激素类，单方 | 皮质类固醇类，强（III 组）,,,,https://www.yao86.com/%E8%A5%BF%E8%8D%AF/%E9%86%8B%E9%85%B8%E6%B0%9F%E6%B0%A2%E5%8F%AF%E7%9A%84%E6%9D%BE%E4%B9%B3%E8%86%8F,外用剂型且站点 ATC 分类明确为皮肤局部用药
already_present,12713,复方倍氯米松新霉素贴膏,western,9,9,0.96,用于治疗神经性皮炎、慢性湿疹及银屑病等。,皮肤科用药 | 肾上腺皮质激素类药,皮肤病用皮质激素制剂 | 皮质甾体激素类，与抗生素的复方 | 强皮质甾体激素类，与抗生素的复方,,,,https://www.yao86.com/%E8%A5%BF%E8%8D%AF/%E5%A4%8D%E6%96%B9%E5%80%8D%E6%B0%AF%E7%B1%B3%E6%9D%BE%E6%96%B0%E9%9C%89%E7%B4%A0%E8%B4%B4%E8%86%8F,外用剂型且站点 ATC 分类明确为皮肤局部用药
review_missing_efficacy,,复方甘油,western,,,0.0,,体外药物,其它血液系统用药,,,,https://www.yao86.com/%E8%A5%BF%E8%8D%AF/%E5%A4%8D%E6%96%B9%E7%94%98%E6%B2%B9,站点分类无法可靠映射到项目现有类别
review_unclassified,,复方甘油溶液,western,,,0.0,Rh阴性血红细胞低温贮存保护剂。,体外药物,其它血液系统用药,,,,https://www.yao86.com/%E8%A5%BF%E8%8D%AF/%E5%A4%8D%E6%96%B9%E7%94%98%E6%B2%B9%E6%BA%B6%E6%B6%B2,站点分类无法可靠映射到项目现有类别
review_missing_efficacy,,复方茶碱麻黄碱片,western,,17,0.96,用于支气管哮喘。,呼吸系统用药 | 平喘药,阻塞性气管疾病用药 | 其它阻塞性气管病系统用药 | 黄嘌呤类,,,,https://www.yao86.com/%E8%A5%BF%E8%8D%AF/%E5%A4%8D%E6%96%B9%E8%8C%B6%E7%A2%B1%E9%BA%BB%E9%BB%84%E7%A2%B1%E7%89%87,人工分类边界：西药支气管扩张剂归其它
already_present,12714,复方感冒灵片,tcm,0,0,0.94,辛凉解表，清热解毒。用于风热感冒之发热，微恶风寒，头身痛，口干而渴，鼻塞涕浊，咽喉红肿疼痛，咳嗽，痰黄粘稠。,解表剂 | 辛凉解表,呼吸系统药物 | 咳嗽和感冒用药,,,,https://www.yao86.com/%E4%B8%AD%E6%88%90%E8%8D%AF/%E5%A4%8D%E6%96%B9%E6%84%9F%E5%86%92%E7%81%B5%E7%89%87,站点药理分类明确为感冒或解表用药
already_present,12715,复方感冒灵胶囊,tcm,0,0,0.94,疏风解表，清热解毒。用于风热感冒之发热、微恶风寒，头身痛、口干而渴、鼻塞涕浊，咽喉红肿疼痛、咳嗽、痰黄粘稠。,解表剂 | 辛凉解表,呼吸系统药物 | 咳嗽和感冒用药,,,,https://www.yao86.com/%E4%B8%AD%E6%88%90%E8%8D%AF/%E5%A4%8D%E6%96%B9%E6%84%9F%E5%86%92%E7%81%B5%E8%83%B6%E5%9B%8A,站点药理分类明确为感冒或解表用药
already_present,12716,复方青橄榄利咽含片,tcm,13,13,0.9,滋阴清热，利咽解毒。适用于咽部灼热，疼痛，咽干不适等。,清热剂 | 清热解毒,呼吸系统药物 | 咽喉疾病治疗药,,,,https://www.yao86.com/%E4%B8%AD%E6%88%90%E8%8D%AF/%E5%A4%8D%E6%96%B9%E9%9D%92%E6%A9%84%E6%A6%84%E5%88%A9%E5%92%BD%E5%90%AB%E7%89%87,站点明确收录为中成药，未命中更具体项目类别
already_present,12717,复方滋补力膏,tcm,13,13,0.9,益气，滋阴，补肾。用于气血不足，肾虚，体力衰弱，腰酸肢软，耳鸣眼花。,补益剂 | 气血双补,补气补血药物 | 补气药物,,,,https://www.yao86.com/%E4%B8%AD%E6%88%90%E8%8D%AF/%E5%A4%8D%E6%96%B9%E6%BB%8B%E8%A1%A5%E5%8A%9B%E8%86%8F,站点明确收录为中成药，未命中更具体项目类别
already_present,12718,复方枸杞子胶囊,tcm,13,13,0.9,补益肝肾，开胃健脾。用于肝肾不足、脾胃虚弱所致神疲乏力，少气懒言，腰膝酸软，耳鸣，心悸，失眠，食欲不振等症。,补益剂 | 补气,生殖泌尿系统药物 | 泌尿系统药物 | 补肾药物（勃起机能障碍用药）,,,,https://www.yao86.com/%E4%B8%AD%E6%88%90%E8%8D%AF/%E5%A4%8D%E6%96%B9%E6%9E%B8%E6%9D%9E%E5%AD%90%E8%83%B6%E5%9B%8A,站点明确收录为中成药，未命中更具体项目类别
already_present,12719,复方枸杞子颗粒,tcm,13,13,0.9,补益肝肾，开胃健脾。用于肝肾不足、脾胃虚弱所致神疲乏力，少气懒言，腰膝酸软，耳鸣，心悸，失眠，食欲不振。,补益剂 | 补气,生殖泌尿系统药物 | 泌尿系统药物 | 补肾药物（勃起机能障碍用药）,,,,https://www.yao86.com/%E4%B8%AD%E6%88%90%E8%8D%AF/%E5%A4%8D%E6%96%B9%E6%9E%B8%E6%9D%9E%E5%AD%90%E9%A2%97%E7%B2%92,站点明确收录为中成药，未命中更具体项目类别
already_present,12720,复方枸杞子膏,tcm,13,13,0.9,补益肝肾，开胃健脾。用于肝肾不足、脾胃虚弱所致神疲乏力，少气懒言，腰膝酸软，耳鸣，心悸，失眠，食欲不振等症。,补益剂 | 补气,生殖泌尿系统药物 | 泌尿系统药物 | 补肾药物（勃起机能障碍用药）,,,,https://www.yao86.com/%E4%B8%AD%E6%88%90%E8%8D%AF/%E5%A4%8D%E6%96%B9%E6%9E%B8%E6%9D%9E%E5%AD%90%E8%86%8F,站点明确收录为中成药，未命中更具体项目类别
review_existing_alias,1,复方感冒灵颗粒,tcm,,0,0.94,辛凉解表，清热解毒。用于风热感冒之发热，微恶风寒，头身痛，口干而渴，鼻塞涕浊，咽喉红肿疼痛，咳嗽，痰黄粘稠。,解表剂 | 辛凉解表,呼吸系统药物 | 咳嗽和感冒用药,,,,https://www.yao86.com/%E4%B8%AD%E6%88%90%E8%8D%AF/%E5%A4%8D%E6%96%B9%E6%84%9F%E5%86%92%E7%81%B5%E9%A2%97%E7%B2%92,该名称已是另一个药品的别名，未自动改写归属
already_present,12721,复方青黛丸(浓缩丸),tcm,13,13,0.9,清热解毒，消斑化瘀，祛风止痒。用于进行期银屑病，玫瑰糠疹、药疹等。,清热剂 | 清热解毒,,,,,https://www.yao86.com/%E4%B8%AD%E6%88%90%E8%8D%AF/%E5%A4%8D%E6%96%B9%E9%9D%92%E9%BB%9B%E4%B8%B8%28%E6%B5%93%E7%BC%A9%E4%B8%B8%29,站点明确收录为中成药，未命中更具体项目类别
already_present,12722,复方青黛丸,tcm,13,13,0.9,清热凉血，解毒消斑。用于血热所致的白疕、血风疮，症见皮疹色鲜红、筛状出现明显、鳞屑多、瘙痒明显，或皮疹为圆形、椭圆形红斑，上附糠秕状鳞屑，有母斑；银屑病进行期、玫瑰糠疹见上述证候者。,清热剂 | 清热解毒,皮肤病药物 | 抗银屑病药 | 系统用抗银屑病药,,,,https://www.yao86.com/%E4%B8%AD%E6%88%90%E8%8D%AF/%E5%A4%8D%E6%96%B9%E9%9D%92%E9%BB%9B%E4%B8%B8,站点明确收录为中成药，未命中更具体项目类别
already_present,12723,复方青黛片,tcm,13,13,0.9,清热解毒，消斑化瘀，祛风止痒。用于进行期银屑病，玫瑰糠疹、药疹等。,清热剂 | 清热解毒,皮肤病药物 | 抗银屑病药 | 系统用抗银屑病药,,,,https://www.yao86.com/%E4%B8%AD%E6%88%90%E8%8D%AF/%E5%A4%8D%E6%96%B9%E9%9D%92%E9%BB%9B%E7%89%87,站点明确收录为中成药，未命中更具体项目类别
already_present,12724,复方青黛胶囊,tcm,13,13,0.9,清热解毒，化瘀消斑，祛风止痒。用于血热挟瘀、热毒炽盛证；进行期银屑病、玫瑰糠疹、药疹见上述证候者。,清热剂 | 清热解毒,皮肤病药物 | 抗银屑病药 | 系统用抗银屑病药,,,,https://www.yao86.com/%E4%B8%AD%E6%88%90%E8%8D%AF/%E5%A4%8D%E6%96%B9%E9%9D%92%E9%BB%9B%E8%83%B6%E5%9B%8A,站点明确收录为中成药，未命中更具体项目类别
already_present,12725,妇科毛鸡酒,tcm,14,14,0.96,祛风活血，补气养血。用于产后体弱，手脚麻痹，腰膝疼痛，风寒湿痹。,祛湿剂 | 祛风胜湿,生殖泌尿系统药物 | 妇科用药 | 妇科其它用药,,,,https://www.yao86.com/%E4%B8%AD%E6%88%90%E8%8D%AF/%E5%A6%87%E7%A7%91%E6%AF%9B%E9%B8%A1%E9%85%92,站点药理或 ATC 分类明确为妇科用药
already_present,12726,复方红衣补血口服液,tcm,13,13,0.9,补血，益气，健脾。用于缺铁性贫血的辅助治疗。,补益剂 | 气血双补,补气补血药物 | 补血药物,,,,https://www.yao86.com/%E4%B8%AD%E6%88%90%E8%8D%AF/%E5%A4%8D%E6%96%B9%E7%BA%A2%E8%A1%A3%E8%A1%A5%E8%A1%80%E5%8F%A3%E6%9C%8D%E6%B6%B2,站点明确收录为中成药，未命中更具体项目类别
already_present,12727,复方曲马多片,western,3,3,0.94,用于中度疼痛、如癌症、术后、创伤或产科疼痛的止痛。,镇痛、解热、抗炎、抗风湿、抗痛风药 | 镇痛药,镇痛药 | 阿片碱类 | 其它生物碱类,,,,https://www.yao86.com/%E8%A5%BF%E8%8D%AF/%E5%A4%8D%E6%96%B9%E6%9B%B2%E9%A9%AC%E5%A4%9A%E7%89%87,站点药理或 ATC 分类明确为镇痛/抗炎药
already_present,12728,复方碘苷眼膏,western,9,9,0.94,用于疱疹性角结膜炎及其他疱疹性眼部感染。,抗微生物药 | 抗病毒药,眼科用药 | 抗感染药 | 抗病毒药类,,,,https://www.yao86.com/%E8%A5%BF%E8%8D%AF/%E5%A4%8D%E6%96%B9%E7%A2%98%E8%8B%B7%E7%9C%BC%E8%86%8F,剂型或站点分类明确为局部外用药
already_present,1617,复方樟脑乳膏,western,9,9,0.94,用于虫咬皮炎、湿疹、瘙痒症、神经性皮炎、过敏性皮炎、丘疹性荨麻疹等，也可用于肩胛酸痛、肌肉痛及烫伤后的皮肤疼痛。,皮肤科用药 | 其他皮肤科药,止痒药，含抗组胺药、麻醉药等 | 其它止痒药,,,,https://www.yao86.com/%E8%A5%BF%E8%8D%AF/%E5%A4%8D%E6%96%B9%E6%A8%9F%E8%84%91%E4%B9%B3%E8%86%8F,保留数据库现有分类；剂型或站点分类明确为局部外用药
already_present,12729,复方普萘洛尔咖啡因片,western,12,12,0.95,用于典型和非典型性偏头痛，能减少、减轻偏头痛的发作，具有预防偏头痛发作的作用。,镇痛、解热、抗炎、抗风湿、抗痛风药 | 镇痛药,β-受体阻断药 | β-受体阻断药和其它抗高血压药 | β阻断剂，其他联合体,迪尔康欣,,,https://www.yao86.com/%E8%A5%BF%E8%8D%AF/%E5%A4%8D%E6%96%B9%E6%99%AE%E8%90%98%E6%B4%9B%E5%B0%94%E5%92%96%E5%95%A1%E5%9B%A0%E7%89%87,站点药理或 ATC 分类明确为心脑血管用药
already_present,12730,复方阿魏酸钠阿司匹林胶囊,western,12,12,0.95,适用于预防和治疗缺血性脑血管疾病，如短暂脑缺血性发作、脑缺血性中风、脑动脉硬化。,神经系统用药 | 脑血管病用药及降颅压药,抗血栓形成药 | 其它抗血栓形成药,,,,https://www.yao86.com/%E8%A5%BF%E8%8D%AF/%E5%A4%8D%E6%96%B9%E9%98%BF%E9%AD%8F%E9%85%B8%E9%92%A0%E9%98%BF%E5%8F%B8%E5%8C%B9%E6%9E%97%E8%83%B6%E5%9B%8A,站点药理或 ATC 分类明确为心脑血管用药
review_unclassified,,复方氨肽素片,western,,,0.0,用于银屑病(牛皮癣)。,皮肤科用药 | 其他皮肤科药,抗银屑病药 | 系统用治疗牛皮癣药 | 其它系统用抗牛皮癣药,,,,https://www.yao86.com/%E8%A5%BF%E8%8D%AF/%E5%A4%8D%E6%96%B9%E6%B0%A8%E8%82%BD%E7%B4%A0%E7%89%87,站点分类无法可靠映射到项目现有类别
already_present,12731,复方氨基丁酸维E胶囊,western,12,12,0.95,用于脑动脉硬化症、脑中风后遗症、脑外伤后遗症及脑功能衰退等。,神经系统用药 | 脑血管病用药及降颅压药,精神兴奋药 | 抗痴呆药 | 其它抗痴呆药,,,,https://www.yao86.com/%E8%A5%BF%E8%8D%AF/%E5%A4%8D%E6%96%B9%E6%B0%A8%E5%9F%BA%E4%B8%81%E9%85%B8%E7%BB%B4E%E8%83%B6%E5%9B%8A,站点药理或 ATC 分类明确为心脑血管用药
already_present,12732,富马酸福莫特罗片,western,17,17,0.96,缓解由下列疾病所致的呼吸道阻塞引起的呼吸困难等症状：支气管哮喘、急·慢性支气管炎、喘息性支气管炎、肺气肿。,呼吸系统用药 | 平喘药,阻塞性气管疾病用药 | 肾上腺素能药，吸入剂 | 选择性β2-肾上腺素受体促效药,安通克,,,https://www.yao86.com/%E8%A5%BF%E8%8D%AF/%E5%AF%8C%E9%A9%AC%E9%85%B8%E7%A6%8F%E8%8E%AB%E7%89%B9%E7%BD%97%E7%89%87,人工分类边界：西药支气管扩张剂归其它
already_present,12733,富马酸福莫特罗粉吸入剂,western,17,17,0.96,治疗和预防可逆性气道阻塞。在维持治疗中，本品也适用于作为抗炎药治疗时的附加药物。,呼吸系统用药 | 平喘药,阻塞性气管疾病用药 | 肾上腺素能药，吸入剂 | 选择性β2-肾上腺素受体促效药,,,,https://www.yao86.com/%E8%A5%BF%E8%8D%AF/%E5%AF%8C%E9%A9%AC%E9%85%B8%E7%A6%8F%E8%8E%AB%E7%89%B9%E7%BD%97%E7%B2%89%E5%90%B8%E5%85%A5%E5%89%82,人工分类边界：西药支气管扩张剂归其它
already_present,12734,妇科回生丸,tcm,14,14,0.96,通经化瘀，止痛。用于气虚血亏，淤血凝滞引起的经期不准，经闭，癥瘕血块，腹部痞胀，身体消瘦，四肢困倦，产后恶露不尽等症。,理血剂 | 理血调经,生殖泌尿系统药物 | 妇科用药 | 调经药物,,,,https://www.yao86.com/%E4%B8%AD%E6%88%90%E8%8D%AF/%E5%A6%87%E7%A7%91%E5%9B%9E%E7%94%9F%E4%B8%B8,站点药理或 ATC 分类明确为妇科用药
already_present,12735,肺泰胶囊,tcm,0,0,0.94,清热化痰，润肺杀虫。与抗结核化学药品联合使用，用于浸润型肺结核病属痰热兼阴虚症。症见：发热，或咯血，咳嗽，或痰中带血，乏力，纳差，颧红，盗汗等。有加快病灶吸收和症状缓解的作用。,治燥剂 | 滋阴润燥,呼吸系统药物 | 咳嗽和感冒用药,,,,https://www.yao86.com/%E4%B8%AD%E6%88%90%E8%8D%AF/%E8%82%BA%E6%B3%B0%E8%83%B6%E5%9B%8A,站点药理分类明确为感冒或解表用药
review_missing_efficacy,,妇科宁坤丸,tcm,,14,0.96,,理血剂 | 理血调经,生殖泌尿系统药物 | 妇科用药 | 调经药物,,,,https://www.yao86.com/%E4%B8%AD%E6%88%90%E8%8D%AF/%E5%A6%87%E7%A7%91%E5%AE%81%E5%9D%A4%E4%B8%B8,站点药理或 ATC 分类明确为妇科用药
already_present,12736,风湿追风膏,tcm,3,3,0.94,祛风散寒，活血止痛。用于风湿痹痛，腰背酸痛，四肢麻木。,治风剂 | 祛风止痛,肌肉-骨骼系统药物 | 抗炎和抗风湿药,,,,https://www.yao86.com/%E4%B8%AD%E6%88%90%E8%8D%AF/%E9%A3%8E%E6%B9%BF%E8%BF%BD%E9%A3%8E%E8%86%8F,站点药理或 ATC 分类明确为镇痛/抗炎药
already_present,12737,复方红豆杉胶囊,tcm,1,1,0.95,祛邪散结。用于气虚痰瘀所致的中晚期肺癌化疗的辅助治疗。,祛痰剂 | 化痰散结,肿瘤药物 | 抗肿瘤药,,,,https://www.yao86.com/%E4%B8%AD%E6%88%90%E8%8D%AF/%E5%A4%8D%E6%96%B9%E7%BA%A2%E8%B1%86%E6%9D%89%E8%83%B6%E5%9B%8A,站点药理分类明确为止咳或祛痰药
reclassified_existing,12738,防衰益寿丸,tcm,13,14,0.96,滋阴助阳，培元固本。用于气血阴阳亏虚所致的面色无华，气短懒言，神疲乏力，畏寒肢冷，健忘失眠，多梦，五心烦热，盗汗或自汗，头目眩晕，食欲不振，便溏或便秘，月经不调，小便颇数或夜尿多。,补益剂 | 气血阴阳并补,补气补血药物 | 补气药物,,,,https://www.yao86.com/%E4%B8%AD%E6%88%90%E8%8D%AF/%E9%98%B2%E8%A1%B0%E7%9B%8A%E5%AF%BF%E4%B8%B8,站点药理或 ATC 分类明确为妇科用药
already_present,12739,风热咳嗽丸,tcm,1,1,0.95,祛风解热，止咳化痰。用于风热咳嗽，鼻流稠涕，发热头昏，咽干舌燥。,止咳平喘剂 | 止咳,呼吸系统药物 | 咳嗽和感冒用药,,,,https://www.yao86.com/%E4%B8%AD%E6%88%90%E8%8D%AF/%E9%A3%8E%E7%83%AD%E5%92%B3%E5%97%BD%E4%B8%B8,站点药理分类明确为止咳或祛痰药
already_present,12740,风热咳嗽胶囊,tcm,1,1,0.95,祛风解热，止咳化痰。用于风热咳嗽，鼻塞流涕，发热头昏，咽干舌燥。,止咳平喘剂 | 止咳,呼吸系统药物 | 咳嗽和感冒用药,,,,https://www.yao86.com/%E4%B8%AD%E6%88%90%E8%8D%AF/%E9%A3%8E%E7%83%AD%E5%92%B3%E5%97%BD%E8%83%B6%E5%9B%8A,站点药理分类明确为止咳或祛痰药
already_present,12741,六合氨基酸颗粒,western,5,5,0.93,用于改善氨基酸失调、降低血氨。可用于肝硬化有支/芳氨基酸紊乱的患者。,消化系统用药 | 肝病辅助治疗药,一般营养药 | 其它营养 | 氨基酸，含与多肽的复方,,,,https://www.yao86.com/%E8%A5%BF%E8%8D%AF/%E5%85%AD%E5%90%88%E6%B0%A8%E5%9F%BA%E9%85%B8%E9%A2%97%E7%B2%92,站点药理或 ATC 分类明确为胃肠消化用药
already_present,12742,复方卡托普利片,western,12,12,0.95,1、高血压，可单独应用或与其他降压药合用。2、心力衰竭，可单独应用或与强心利尿药合用。,心血管系统用药 | 抗心力衰竭药,作用于肾素-血管紧张素系统的药物 | 血管紧张素转化酶抑制药，复方 | 血管紧张素转化酶抑制药和利尿剂,,,,https://www.yao86.com/%E8%A5%BF%E8%8D%AF/%E5%A4%8D%E6%96%B9%E5%8D%A1%E6%89%98%E6%99%AE%E5%88%A9%E7%89%87,站点药理或 ATC 分类明确为心脑血管用药
review_unclassified,,氟替美维吸入粉雾剂,western,,,0.0,本品适用于慢性阻塞性肺疾病(COPD)患者的维持治疗，每日一次使用。,呼吸系统用药 | 其他呼吸系统药,阻塞性气管疾病用药 | 肾上腺素能药，吸入剂 | 肾上腺素能药和其它阻塞性气管病药的复方,,,,https://www.yao86.com/%E8%A5%BF%E8%8D%AF/%E6%B0%9F%E6%9B%BF%E7%BE%8E%E7%BB%B4%E5%90%B8%E5%85%A5%E7%B2%89%E9%9B%BE%E5%89%82,站点分类无法可靠映射到项目现有类别
review_unclassified,,复方盐酸阿米洛利片,western,,,0.0,用于高血压病，心力衰竭，肝硬化等疾病引起的水肿和腹水。,泌尿系统用药 | 利尿药及脱水药,利尿剂 | 利尿剂和保钾药的复方 | 低限量利尿剂和保钾药的复方,蒙达清,,,https://www.yao86.com/%E8%A5%BF%E8%8D%AF/%E5%A4%8D%E6%96%B9%E7%9B%90%E9%85%B8%E9%98%BF%E7%B1%B3%E6%B4%9B%E5%88%A9%E7%89%87,站点分类无法可靠映射到项目现有类别
reclassified_existing,12743,复方对乙酰氨基酚片(Ⅱ),western,3,14,0.96,用于普通感冒或流行性感冒引起的发热，也用于缓解轻至中度疼痛如头痛、关节痛、偏头痛、牙痛、肌肉痛、神经痛、痛经。,镇痛、解热、抗炎、抗风湿、抗痛风药 | 解热镇痛、抗炎、抗风湿药,镇痛药 | 其它解热镇痛药 | 酰苯胺类,,,,https://www.yao86.com/%E8%A5%BF%E8%8D%AF/%E5%A4%8D%E6%96%B9%E5%AF%B9%E4%B9%99%E9%85%B0%E6%B0%A8%E5%9F%BA%E9%85%9A%E7%89%87%28%E2%85%A1%29,站点药理或 ATC 分类明确为妇科用药
already_present,12744,复方营养混悬剂,western,7,7,0.96,用于严重创伤，消耗性疾病或手术后营养不足的补充以及肿瘤放疗或化疗的支持治疗。,维生素、矿物质类药 | 肠内营养药,一般营养药 | 其它营养 | 其它复方的营养,,,,https://www.yao86.com/%E8%A5%BF%E8%8D%AF/%E5%A4%8D%E6%96%B9%E8%90%A5%E5%85%BB%E6%B7%B7%E6%82%AC%E5%89%82,站点药理或 ATC 分类明确为维生素/矿物质
already_present,12745,呋塞米片,western,2,2,0.96,1.水肿性疾病 包括充血性心力衰竭、肝硬化、肾脏疾病(肾炎、肾病及各种原因所致的急、慢性肾功能衰竭)，尤其是应用其他利尿药效果不佳时，应用本类药物仍可能有效。与其他药物合用治疗急性肺水肿和急性脑水肿等。2.高血压在高血压的阶梯疗法中，不作为治疗原发性高血压的首选药物，但当噻嗪类药物疗效不佳，尤其当伴有肾功能不全或出现高血压危象时，本类药物尤为适用。3.预防急性肾功能衰竭 用于各种原因导致肾脏血流灌注不足，例如失水、休克、中毒、麻醉意外以及循环功能不全等，在纠正血容量不足的同时及时应用，可减少急性肾小管坏死的机会。4.高钾血症及高钙血症。5.稀释性低钠血症 尤其是当血钠浓度低于120mmol/L时。6.抗利尿激素分泌过多症(SIADH)。7.急性药物毒物中毒 如巴比妥类药物中毒等。,泌尿系统用药 | 利尿药及脱水药,利尿剂 | 高限量利尿剂 | 磺胺类，单方,,,,https://www.yao86.com/%E8%A5%BF%E8%8D%AF/%E5%91%8B%E5%A1%9E%E7%B1%B3%E7%89%87,站点药理或 ATC 分类明确为抗感染药
review_missing_efficacy,,呋塞米口服溶液,western,,2,0.96,,,利尿剂 | 高限量利尿剂 | 磺胺类，单方,,,,https://www.yao86.com/%E8%A5%BF%E8%8D%AF/%E5%91%8B%E5%A1%9E%E7%B1%B3%E5%8F%A3%E6%9C%8D%E6%BA%B6%E6%B6%B2,站点药理或 ATC 分类明确为抗感染药
already_present,12746,非普拉宗片,western,3,3,0.94,用于活动性风湿病，类风湿性关节炎、肩周炎、呼吸道感染、血栓静脉炎及牙痛。,镇痛、解热、抗炎、抗风湿、抗痛风药 | 解热镇痛、抗炎、抗风湿药,抗炎和抗风湿药 | 非甾体抗炎药和抗风湿药 | 其它非甾体抗炎药和抗风湿药,,,,https://www.yao86.com/%E8%A5%BF%E8%8D%AF/%E9%9D%9E%E6%99%AE%E6%8B%89%E5%AE%97%E7%89%87,站点药理或 ATC 分类明确为镇痛/抗炎药
already_present,12747,骨痛丸,tcm,13,13,0.9,追风散寒，活血止痛。用于受风受寒，腰腿疼痛，四肢麻木，周身串痛。,治风剂 | 祛风止痛,肌肉-骨骼系统药物 | 关节和肌肉疼痛局部用药,,,,https://www.yao86.com/%E4%B8%AD%E6%88%90%E8%8D%AF/%E9%AA%A8%E7%97%9B%E4%B8%B8,站点明确收录为中成药，未命中更具体项目类别
already_present,12748,骨痛药酒,tcm,13,13,0.9,祛风定痛，舒筋活络。用于筋骨酸痛，关节不利，四肢酸麻。,治风剂 | 祛风止痛,肌肉-骨骼系统药物 | 关节和肌肉疼痛局部用药,,,,https://www.yao86.com/%E4%B8%AD%E6%88%90%E8%8D%AF/%E9%AA%A8%E7%97%9B%E8%8D%AF%E9%85%92,站点明确收录为中成药，未命中更具体项目类别
already_present,12749,广东凉茶颗粒,tcm,13,13,0.9,清热解暑，去湿生津。用于四时感冒，发热喉痛，湿热积滞，口干尿黄。,祛暑剂 | 祛暑清热,呼吸系统药物 | 清热解毒药物,,,,https://www.yao86.com/%E4%B8%AD%E6%88%90%E8%8D%AF/%E5%B9%BF%E4%B8%9C%E5%87%89%E8%8C%B6%E9%A2%97%E7%B2%92,站点明确收录为中成药，未命中更具体项目类别
already_present,12750,广东凉茶,tcm,13,13,0.9,清热解暑、去湿生津,祛暑剂 | 祛暑清热,呼吸系统药物 | 清热解毒药物,,,,https://www.yao86.com/%E4%B8%AD%E6%88%90%E8%8D%AF/%E5%B9%BF%E4%B8%9C%E5%87%89%E8%8C%B6,站点明确收录为中成药，未命中更具体项目类别
already_present,12751,感冒退烧片,tcm,0,0,0.94,清热散风，解表。用于内热外感风寒引起的四肢酸懒，发烧怕冷，鼻流清涕，咳嗽咽痒。,解表剂 | 辛温解表,呼吸系统药物 | 咳嗽和感冒用药,,,,https://www.yao86.com/%E4%B8%AD%E6%88%90%E8%8D%AF/%E6%84%9F%E5%86%92%E9%80%80%E7%83%A7%E7%89%87,站点药理分类明确为感冒或解表用药
already_present,1900,骨痛灵酊,tcm,3,3,0.94,温经散寒，祛风活血，通络止痛。用于腰、颈椎骨质增生，骨性关节炎，肩周炎，风湿性关节炎。,治风剂 | 祛风止痛,肌肉-骨骼系统药物 | 关节和肌肉疼痛局部用药,,,,https://www.yao86.com/%E4%B8%AD%E6%88%90%E8%8D%AF/%E9%AA%A8%E7%97%9B%E7%81%B5%E9%85%8A,保留数据库现有分类；剂型或站点分类明确为局部外用药
already_present,12752,感冒颗粒,tcm,1,1,0.95,清热止咳，宣肺平喘。用于感冒、头痛发热、咳嗽痰黄、气逆喘急等。,止咳平喘剂 | 止咳平喘,呼吸系统药物 | 咳嗽和感冒用药,,,,https://www.yao86.com/%E4%B8%AD%E6%88%90%E8%8D%AF/%E6%84%9F%E5%86%92%E9%A2%97%E7%B2%92,站点药理分类明确为止咳或祛痰药
already_present,12753,感冒丸,tcm,1,1,0.95,清热止咳，宣肺平喘。用于感冒，头痛发热，鼻流清涕，咳嗽声重，气逆喘急。,止咳平喘剂 | 止咳平喘,呼吸系统药物 | 咳嗽和感冒用药,,,,https://www.yao86.com/%E4%B8%AD%E6%88%90%E8%8D%AF/%E6%84%9F%E5%86%92%E4%B8%B8,站点药理分类明确为止咳或祛痰药
already_present,12754,感冒胶囊,tcm,1,1,0.95,清热止咳、宣肺平喘。用于感冒、头痛发热、咳嗽痰黄、气逆喘急等。,止咳平喘剂 | 止咳平喘,呼吸系统药物 | 咳嗽和感冒用药,,,,https://www.yao86.com/%E4%B8%AD%E6%88%90%E8%8D%AF/%E6%84%9F%E5%86%92%E8%83%B6%E5%9B%8A,站点药理分类明确为止咳或祛痰药
already_present,12755,骨筋丸胶囊,tcm,3,3,0.94,活血化瘀，舒筋通络，祛风止痛。用于肥大性脊椎炎，颈椎病、跟骨刺、增生性关节炎，大骨节病等。,治风剂 | 祛风止痛,肌肉-骨骼系统药物 | 抗炎和抗风湿药,,,,https://www.yao86.com/%E4%B8%AD%E6%88%90%E8%8D%AF/%E9%AA%A8%E7%AD%8B%E4%B8%B8%E8%83%B6%E5%9B%8A,站点药理或 ATC 分类明确为镇痛/抗炎药
already_present,12756,骨筋丸片,tcm,3,3,0.94,活血化瘀，舒筋通络，祛风止痛。用于肥大性脊椎炎，颈椎病，跟骨刺，增生性关节炎，大骨节病等。,治风剂 | 祛风止痛,肌肉-骨骼系统药物 | 抗炎和抗风湿药,,,,https://www.yao86.com/%E4%B8%AD%E6%88%90%E8%8D%AF/%E9%AA%A8%E7%AD%8B%E4%B8%B8%E7%89%87,站点药理或 ATC 分类明确为镇痛/抗炎药
already_present,12757,骨筋丸(大蜜丸),tcm,13,13,0.9,活血化瘀，舒筋通络，祛风止痛。用于肥大性脊椎炎，颈椎病、跟骨刺，增生性关节炎，大骨节病等。,治风剂 | 祛风止痛,,,,,https://www.yao86.com/%E4%B8%AD%E6%88%90%E8%8D%AF/%E9%AA%A8%E7%AD%8B%E4%B8%B8%28%E5%A4%A7%E8%9C%9C%E4%B8%B8%29,站点明确收录为中成药，未命中更具体项目类别
already_present,12758,肝精补血素口服液,tcm,13,13,0.9,益气补血，滋补肝肾。用于气血亏虚，肝肾不足，贫血，神经衰弱。,补益剂 | 气血双补,补气补血药物 | 补血药物,,,,https://www.yao86.com/%E4%B8%AD%E6%88%90%E8%8D%AF/%E8%82%9D%E7%B2%BE%E8%A1%A5%E8%A1%80%E7%B4%A0%E5%8F%A3%E6%9C%8D%E6%B6%B2,站点明确收录为中成药，未命中更具体项目类别
review_missing_efficacy,,骨刺消痛膏,tcm,,13,0.9,,,,,,,https://www.yao86.com/%E4%B8%AD%E6%88%90%E8%8D%AF/%E9%AA%A8%E5%88%BA%E6%B6%88%E7%97%9B%E8%86%8F,站点明确收录为中成药，未命中更具体项目类别
already_present,12759,肝肾颗粒,tcm,13,13,0.9,益气养血，滋补肝肾。用于气血两虚、肝肾不足见有面色苍白，神疲乏力，头晕目眩，心悸，健忘，失眠，腰膝酸软等症。,补益剂 | 气血双补,生殖泌尿系统药物 | 泌尿系统药物 | 补肾药物（勃起机能障碍用药）,,,,https://www.yao86.com/%E4%B8%AD%E6%88%90%E8%8D%AF/%E8%82%9D%E8%82%BE%E9%A2%97%E7%B2%92,站点明确收录为中成药，未命中更具体项目类别
already_present,12760,桂茸固本丸,tcm,13,13,0.9,温补脾肾，益气固本，用于肾阳亏虚，生化不足的各种虚弱病症。,补益剂 | 补气,生殖泌尿系统药物 | 泌尿系统药物 | 补肾药物（勃起机能障碍用药）,,,,https://www.yao86.com/%E4%B8%AD%E6%88%90%E8%8D%AF/%E6%A1%82%E8%8C%B8%E5%9B%BA%E6%9C%AC%E4%B8%B8,站点明确收录为中成药，未命中更具体项目类别
review_unclassified,,复方熊胆薄荷含片,western,,,0.0,用于缓解咽喉肿痛、声音嘶哑等咽喉部不适。,耳鼻喉科用药 | 咽喉、口腔疾病用药,咽喉用药 | 其他咽喉用药,,,,https://www.yao86.com/%E8%A5%BF%E8%8D%AF/%E5%A4%8D%E6%96%B9%E7%86%8A%E8%83%86%E8%96%84%E8%8D%B7%E5%90%AB%E7%89%87,站点分类无法可靠映射到项目现有类别
review_unclassified,,呋喹替尼胶囊,western,,,0.0,本品单药适用于既往接受过氟尿嘧啶类、奥沙利铂和伊立替康为基础的化疗，以及既往接受过或不适合接受抗血管内皮生长因子（VEGF）治疗、抗表皮生长因子受体（EGFR）治疗（RAS野生型）的转移性结直肠癌（mCRC）患者。,抗肿瘤药 | 抗肿瘤靶向药,抗肿瘤药 | 蛋白激酶抑制剂 | 表皮生长因子受体(EGFR)酪氨酸激酶抑制剂,爱优特,,,https://www.yao86.com/%E8%A5%BF%E8%8D%AF/%E5%91%8B%E5%96%B9%E6%9B%BF%E5%B0%BC%E8%83%B6%E5%9B%8A,站点分类无法可靠映射到项目现有类别
review_unclassified,,地喹氯铵短杆菌素含片,western,,,0.0,用于急、慢性咽炎，口腔溃疡及牙龈炎。,耳鼻喉科用药 | 咽喉、口腔疾病用药,口腔疾病药物 | 口腔局部治疗用抗感染药和灭菌药,,,,https://www.yao86.com/%E8%A5%BF%E8%8D%AF/%E5%9C%B0%E5%96%B9%E6%B0%AF%E9%93%B5%E7%9F%AD%E6%9D%86%E8%8F%8C%E7%B4%A0%E5%90%AB%E7%89%87,站点分类无法可靠映射到项目现有类别
already_present,12761,芬布芬片,western,3,3,0.94,用于类风湿关节炎、风湿性关节炎、骨关节炎、脊柱关节病、痛风性关节炎的治疗。还可用于牙痛、手术后疼痛及外伤性疼痛。,镇痛、解热、抗炎、抗风湿、抗痛风药 | 解热镇痛、抗炎、抗风湿药,抗炎和抗风湿药 | 非甾体抗炎药和抗风湿药 | 丙酸衍生物类,,,,https://www.yao86.com/%E8%A5%BF%E8%8D%AF/%E8%8A%AC%E5%B8%83%E8%8A%AC%E7%89%87,站点药理或 ATC 分类明确为镇痛/抗炎药
already_present,12762,芬布芬胶囊,western,3,3,0.94,用于类风湿关节炎、风湿性关节炎、骨关节炎、脊柱关节病、痛风性关节炎的治疗。还可用于牙痛、手术后疼痛及外伤性疼痛。,镇痛、解热、抗炎、抗风湿、抗痛风药 | 解热镇痛、抗炎、抗风湿药,抗炎和抗风湿药 | 非甾体抗炎药和抗风湿药 | 丙酸衍生物类,,,,https://www.yao86.com/%E8%A5%BF%E8%8D%AF/%E8%8A%AC%E5%B8%83%E8%8A%AC%E8%83%B6%E5%9B%8A,站点药理或 ATC 分类明确为镇痛/抗炎药
imported,13997,复方氟尿嘧啶口服溶液,western,,14,0.96,用于消化道癌症（结肠癌、直肠癌、胃癌）、乳腺癌、原发性肝癌等癌症的治疗。,抗肿瘤药 | 抗代谢药,抗肿瘤药 | 代谢拮抗药 | 嘧啶同系物类,,,,https://www.yao86.com/%E8%A5%BF%E8%8D%AF/%E5%A4%8D%E6%96%B9%E6%B0%9F%E5%B0%BF%E5%98%A7%E5%95%B6%E5%8F%A3%E6%9C%8D%E6%BA%B6%E6%B6%B2,站点药理或 ATC 分类明确为妇科用药
review_unclassified,,复方西吡氯铵含片,western,,,0.0,急性咽炎、慢性咽炎急性发作的辅助治疗。建议在咽喉疼痛不太严重、无发热、无口疮、口腔中无小伤口的情况下使用。,耳鼻喉科用药 | 咽喉、口腔疾病用药,口腔疾病药物 | 口腔局部治疗用抗感染药和灭菌药,,,,https://www.yao86.com/%E8%A5%BF%E8%8D%AF/%E5%A4%8D%E6%96%B9%E8%A5%BF%E5%90%A1%E6%B0%AF%E9%93%B5%E5%90%AB%E7%89%87,站点分类无法可靠映射到项目现有类别
review_unclassified,,复方刺五加硫胺片,western,,,0.0,用于神经衰弱、食欲缺乏、腰膝酸痛、失眠多梦等。,神经系统用药 | 其他神经系统用药,精神兴奋药 | 精神兴奋药，用于治疗注意力缺陷多动症药和益智药 | 其它精神兴奋药和益智药,,,,https://www.yao86.com/%E8%A5%BF%E8%8D%AF/%E5%A4%8D%E6%96%B9%E5%88%BA%E4%BA%94%E5%8A%A0%E7%A1%AB%E8%83%BA%E7%89%87,站点分类无法可靠映射到项目现有类别
already_present,12763,复方七叶皂苷凝胶,western,9,9,0.94,治疗挫伤、扭伤、挤压伤及血肿。治疗痛性脊柱疾病(椎间盘损伤、颈僵直、腰痛、坐骨神经痛)以及腱鞘炎等。治疗表浅的血栓性静脉炎，可用于静脉注射或静脉点滴的局部护理。,镇痛、解热、抗炎、抗风湿、抗痛风药 | 解热镇痛、抗炎、抗风湿药,血管保护剂 | 毛细血管稳定药 | 其它毛细血管稳定药,利百素|Reparil-Gel N,,,https://www.yao86.com/%E8%A5%BF%E8%8D%AF/%E5%A4%8D%E6%96%B9%E4%B8%83%E5%8F%B6%E7%9A%82%E8%8B%B7%E5%87%9D%E8%83%B6,剂型或站点分类明确为局部外用药
already_present,12764,桂龙益肾通络口服液,tcm,13,13,0.9,适用于肝肾两虚，气血不足，风寒湿阻络引起的关节痹痛。,祛湿剂 | 祛风胜湿,生殖泌尿系统药物 | 泌尿系统药物 | 补肾药物（勃起机能障碍用药）,,,,https://www.yao86.com/%E4%B8%AD%E6%88%90%E8%8D%AF/%E6%A1%82%E9%BE%99%E7%9B%8A%E8%82%BE%E9%80%9A%E7%BB%9C%E5%8F%A3%E6%9C%8D%E6%B6%B2,站点明确收录为中成药，未命中更具体项目类别
already_present,12765,关节克痹丸,tcm,13,13,0.9,祛风散寒，活络止痛。用于关节炎、四肢酸痛、伸展不利。,治风剂 | 祛风止痛,肌肉-骨骼系统药物 | 关节和肌肉疼痛局部用药,,,,https://www.yao86.com/%E4%B8%AD%E6%88%90%E8%8D%AF/%E5%85%B3%E8%8A%82%E5%85%8B%E7%97%B9%E4%B8%B8,站点明确收录为中成药，未命中更具体项目类别
already_present,12766,葛山降脂颗粒,tcm,11,11,0.95,活血化瘀，补益肝肾。用于痰瘀阻滞兼肝肾不足所致的原发性高脂血症，症见头晕、胸闷、肢困、纳呆、腹胀、失眠、健忘、腰酸。,理血剂 | 活血化瘀,心脑血管与血液系统药物 | 血脂调节剂,,,,https://www.yao86.com/%E4%B8%AD%E6%88%90%E8%8D%AF/%E8%91%9B%E5%B1%B1%E9%99%8D%E8%84%82%E9%A2%97%E7%B2%92,站点药理或 ATC 分类明确为慢性病长期用药
already_present,12767,归芍调经胶囊,tcm,14,14,0.96,疏肝理脾，调经止带。用于肝郁脾虚所致的月经量少、后错，小腹疼痛，带下色黄量多。,和解剂 | 调和肝脾,生殖泌尿系统药物 | 妇科用药 | 调经药物,,,,https://www.yao86.com/%E4%B8%AD%E6%88%90%E8%8D%AF/%E5%BD%92%E8%8A%8D%E8%B0%83%E7%BB%8F%E8%83%B6%E5%9B%8A,站点药理或 ATC 分类明确为妇科用药
already_present,12768,归芍调经片,tcm,14,14,0.96,疏肝理脾，调经止带，用于肝郁脾虚所致的月经量少、后错，小腹疼痛，带下色黄量多。,和解剂 | 调和肝脾,生殖泌尿系统药物 | 妇科用药 | 调经药物,,,,https://www.yao86.com/%E4%B8%AD%E6%88%90%E8%8D%AF/%E5%BD%92%E8%8A%8D%E8%B0%83%E7%BB%8F%E7%89%87,站点药理或 ATC 分类明确为妇科用药
already_present,12769,关节炎膏,tcm,13,13,0.9,祛风舒筋、活血止痛。用于关节疼痛，腰、肩、背酸痛，类风湿红肿等症。,治风剂 | 祛风止痛,肌肉-骨骼系统药物 | 关节和肌肉疼痛局部用药,,,,https://www.yao86.com/%E4%B8%AD%E6%88%90%E8%8D%AF/%E5%85%B3%E8%8A%82%E7%82%8E%E8%86%8F,站点明确收录为中成药，未命中更具体项目类别
already_present,12770,归羊颗粒,tcm,13,13,0.9,补养气血，温中散寒。用于久病体虚，产后虚寒腹痛，气血亏损。,温里剂 | 温中祛寒,补气补血药物 | 其他补气补血药物,,,,https://www.yao86.com/%E4%B8%AD%E6%88%90%E8%8D%AF/%E5%BD%92%E7%BE%8A%E9%A2%97%E7%B2%92,站点明确收录为中成药，未命中更具体项目类别
already_present,12771,关节镇痛膏,tcm,13,13,0.9,祛风除湿，活血止痛。用于风寒湿痹，关节、肌肉酸痛及扭伤。,治风剂 | 祛风止痛,肌肉-骨骼系统药物 | 关节和肌肉疼痛局部用药,,,,https://www.yao86.com/%E4%B8%AD%E6%88%90%E8%8D%AF/%E5%85%B3%E8%8A%82%E9%95%87%E7%97%9B%E8%86%8F,站点明确收录为中成药，未命中更具体项目类别
already_present,12772,关节镇痛巴布膏,tcm,13,13,0.9,祛风除温，活血止痛。用于风寒湿痹，关节、肌肉酸痛及扭伤。,治风剂 | 祛风止痛,肌肉-骨骼系统药物 | 关节和肌肉疼痛局部用药,,,,https://www.yao86.com/%E4%B8%AD%E6%88%90%E8%8D%AF/%E5%85%B3%E8%8A%82%E9%95%87%E7%97%9B%E5%B7%B4%E5%B8%83%E8%86%8F,站点明确收录为中成药，未命中更具体项目类别
already_present,12773,关节风痛丸,tcm,13,13,0.9,祛风，除湿，止痛。用于风湿性筋骨酸痛，关节痛，四肢麻木。,治风剂 | 祛风止痛,肌肉-骨骼系统药物 | 关节和肌肉疼痛局部用药,,,,https://www.yao86.com/%E4%B8%AD%E6%88%90%E8%8D%AF/%E5%85%B3%E8%8A%82%E9%A3%8E%E7%97%9B%E4%B8%B8,站点明确收录为中成药，未命中更具体项目类别
already_present,12774,龟芪壮骨颗粒,tcm,13,13,0.9,补气补血，滋补肝肾，强筋壮骨。适用于腰膝酸软，气血不足。,补益剂 | 气血双补,生殖泌尿系统药物 | 泌尿系统药物 | 补肾药物（勃起机能障碍用药）,,,,https://www.yao86.com/%E4%B8%AD%E6%88%90%E8%8D%AF/%E9%BE%9F%E8%8A%AA%E5%A3%AE%E9%AA%A8%E9%A2%97%E7%B2%92,站点明确收录为中成药，未命中更具体项目类别
review_missing_efficacy,,复方葛根氢氯噻嗪片,western,,12,0.95,用于高血压。,心血管系统用药 | 抗高血压药,抗高血压药 | 抗高血压药和利尿剂的复方 | 非蛇根木类生物碱和利尿剂的复方,,,,https://www.yao86.com/%E8%A5%BF%E8%8D%AF/%E5%A4%8D%E6%96%B9%E8%91%9B%E6%A0%B9%E6%B0%A2%E6%B0%AF%E5%99%BB%E5%97%AA%E7%89%87,站点药理或 ATC 分类明确为心脑血管用药
already_present,12775,氟曲马唑乳膏,western,9,9,0.96,用于治疗由毛癣菌属(红色毛癣菌、须癣毛癣菌)，表皮癣菌属(絮状表皮癣菌)，念珠菌属(白念珠菌、近平滑念珠菌、热带念珠菌)，毛孢子菌属(阿萨希毛孢子菌、黏液毛孢子菌)，红酵母菌属等敏感致病真菌引起的成人足癣、体股癣、皮肤念珠菌病、花斑癣。,抗微生物药 | 抗真菌药,皮肤病用抗真菌药 | 局部用抗真菌药 | 咪唑和三唑衍生物,,,,https://www.yao86.com/%E8%A5%BF%E8%8D%AF/%E6%B0%9F%E6%9B%B2%E9%A9%AC%E5%94%91%E4%B9%B3%E8%86%8F,外用剂型且站点 ATC 分类明确为皮肤局部用药
already_present,12776,复方酚苄明片,western,12,12,0.95,1．嗜铬细胞瘤的治疗和术前准备。2．周围血管痉挛性疾病。3．前列腺增生引起的尿潴留。,心血管系统用药 | 抗高血压药,抗肿瘤药 | 其它抗肿瘤药物 | 其它抗肿瘤药,,,,https://www.yao86.com/%E8%A5%BF%E8%8D%AF/%E5%A4%8D%E6%96%B9%E9%85%9A%E8%8B%84%E6%98%8E%E7%89%87,站点药理或 ATC 分类明确为心脑血管用药
review_missing_efficacy,,复方硫酸软骨素滴眼液,western,,9,0.94,眼疲劳、眼干燥症。,眼科用药 | 其他眼科用药,眼科用药 | 其它眼科用药,,,,https://www.yao86.com/%E8%A5%BF%E8%8D%AF/%E5%A4%8D%E6%96%B9%E7%A1%AB%E9%85%B8%E8%BD%AF%E9%AA%A8%E7%B4%A0%E6%BB%B4%E7%9C%BC%E6%B6%B2,剂型或站点分类明确为局部外用药
already_present,12777,复方尿维氨滴眼液,western,9,9,0.94,用于治疗慢性结膜炎、角膜损伤、结膜充血、预防眼病(游泳后、尘埃吹进或汗水流入眼睛)，紫外线或受其它光线影响之眼炎，眼睑炎；缓解因配戴隐形眼镜引起的不适，眼睛疲劳，眼痒、眼朦胧等症状；还用于眼部调节功能下降、屈光不正的辅助治疗。,眼科用药 | 其他眼科用药,眼科用药 | 其它眼科用药,,,,https://www.yao86.com/%E8%A5%BF%E8%8D%AF/%E5%A4%8D%E6%96%B9%E5%B0%BF%E7%BB%B4%E6%B0%A8%E6%BB%B4%E7%9C%BC%E6%B6%B2,剂型或站点分类明确为局部外用药
already_present,12778,复方牛磺酸胶囊,western,7,7,0.96,用于体质虚弱、疲劳、食欲缺乏等的辅助治疗。,维生素、矿物质类药 | 维生素,一般营养药 | 其它营养 | 其它复方的营养,,,,https://www.yao86.com/%E8%A5%BF%E8%8D%AF/%E5%A4%8D%E6%96%B9%E7%89%9B%E7%A3%BA%E9%85%B8%E8%83%B6%E5%9B%8A,站点药理或 ATC 分类明确为维生素/矿物质
already_present,12779,复方牛磺酸滴眼液,western,9,9,0.94,主要用于15岁以下儿童，以缓解视疲劳和慢性结膜炎或伴有结膜充血者。,眼科用药 | 其他眼科用药,眼科用药 | 其它眼科用药,,,,https://www.yao86.com/%E8%A5%BF%E8%8D%AF/%E5%A4%8D%E6%96%B9%E7%89%9B%E7%A3%BA%E9%85%B8%E6%BB%B4%E7%9C%BC%E6%B6%B2,剂型或站点分类明确为局部外用药
review_missing_efficacy,,复方樟脑酊,western,,9,0.94,用于干咳及腹泻。,呼吸系统用药 | 祛痰药,止痒药，含抗组胺药、麻醉药等 | 其它止痒药,,,,https://www.yao86.com/%E8%A5%BF%E8%8D%AF/%E5%A4%8D%E6%96%B9%E6%A8%9F%E8%84%91%E9%85%8A,剂型或站点分类明确为局部外用药
already_present,12780,复方双肼屈嗪片,western,12,12,0.95,1.周围血管扩张药，松弛血管平滑肌，扩张小动脉，降低周围血管阻力，降低血压，同时增加心排血量，增快心率。2.降低舒张压较显著，并能增加肾血流量，故多用于肾型高血压及舒张压较高的患者。3.用于轻、中度高血压。,心血管系统用药 | 抗高血压药,抗高血压药 | 抗高血压药和利尿剂的复方 | 肼酞嗪衍生物和利尿剂,,,,https://www.yao86.com/%E8%A5%BF%E8%8D%AF/%E5%A4%8D%E6%96%B9%E5%8F%8C%E8%82%BC%E5%B1%88%E5%97%AA%E7%89%87,站点药理或 ATC 分类明确为心脑血管用药
already_present,12781,复方硝酸咪康唑软膏,western,9,9,0.96,用于体股癣、手足癣等，亦用于丘疹性荨麻疹、湿疹、皮肤瘙痒症等。,皮肤科用药 | 皮肤抗感染药,皮肤病用抗真菌药 | 局部用抗真菌药 | 咪唑和三唑衍生物,拜尼多,,,https://www.yao86.com/%E8%A5%BF%E8%8D%AF/%E5%A4%8D%E6%96%B9%E7%A1%9D%E9%85%B8%E5%92%AA%E5%BA%B7%E5%94%91%E8%BD%AF%E8%86%8F,外用剂型且站点 ATC 分类明确为皮肤局部用药
review_unclassified,,复方枸橼酸铁铵糖浆,western,,,0.0,用于各种原因如慢性失血，营养不良、妊娠、儿童发育期等引起的缺铁性贫血。,血液系统用药 | 抗贫血药,抗贫血药 | 铁制剂 | 口服三价铁制剂,,,,https://www.yao86.com/%E8%A5%BF%E8%8D%AF/%E5%A4%8D%E6%96%B9%E6%9E%B8%E6%A9%BC%E9%85%B8%E9%93%81%E9%93%B5%E7%B3%96%E6%B5%86,站点分类无法可靠映射到项目现有类别
already_present,12782,狗皮膏,tcm,13,13,0.9,祛风散寒，活血止痛。用于风寒湿邪、气血瘀滞所致的痹病，症见四肢麻木、腰腿疼痛、筋脉拘挛，或跌打损伤、闪腰岔气、局部肿痛；或寒湿瘀滞所致的脘腹冷痛、行经腹痛、寒湿带下、积聚痞块。,和解剂 | 其它,肌肉-骨骼系统药物 | 关节和肌肉疼痛局部用药,,,,https://www.yao86.com/%E4%B8%AD%E6%88%90%E8%8D%AF/%E7%8B%97%E7%9A%AE%E8%86%8F,站点明确收录为中成药，未命中更具体项目类别
already_present,12783,王回回狗皮膏,tcm,3,3,0.94,祛风散寒，活血止痛。用于风寒湿痹引起：四肢麻木，腰腿疼痛。,和解剂 | 其它,肌肉-骨骼系统药物 | 抗炎和抗风湿药,,,,https://www.yao86.com/%E4%B8%AD%E6%88%90%E8%8D%AF/%E7%8E%8B%E5%9B%9E%E5%9B%9E%E7%8B%97%E7%9A%AE%E8%86%8F,站点药理或 ATC 分类明确为镇痛/抗炎药
already_present,12784,感冒康胶囊,tcm,0,0,0.94,清热，消炎，解毒。用于风热感冒，流感，咽喉肿痛，痢疾肠炎，疔疮肿痛。,清热剂 | 清热解毒,呼吸系统药物 | 咳嗽和感冒用药,,,,https://www.yao86.com/%E4%B8%AD%E6%88%90%E8%8D%AF/%E6%84%9F%E5%86%92%E5%BA%B7%E8%83%B6%E5%9B%8A,站点药理分类明确为感冒或解表用药
already_present,12785,感冒康片,tcm,0,0,0.94,清热，消炎，解毒。用于风热感冒，流感，咽喉肿痛，痢疾肠炎，疔疮肿痛。,清热剂 | 清热解毒,呼吸系统药物 | 咳嗽和感冒用药,,,,https://www.yao86.com/%E4%B8%AD%E6%88%90%E8%8D%AF/%E6%84%9F%E5%86%92%E5%BA%B7%E7%89%87,站点药理分类明确为感冒或解表用药
already_present,12786,固精麦斯哈片,tcm,13,13,0.9,增加机体捏住力，强身补脑，固精缩尿，乌发。用于遗尿，体弱，头发早白，神疲乏力。,固涩剂 | 涩精止遗,生殖泌尿系统药物 | 泌尿系统药物 | 补肾药物（勃起机能障碍用药）,,,,https://www.yao86.com/%E4%B8%AD%E6%88%90%E8%8D%AF/%E5%9B%BA%E7%B2%BE%E9%BA%A6%E6%96%AF%E5%93%88%E7%89%87,站点明确收录为中成药，未命中更具体项目类别
already_present,12787,固精麦斯哈胶囊,tcm,13,13,0.9,增强机体捏住力，强身补脑，固精缩尿，乌发。用于遗精遗尿，早泄体弱，头发早白，神疲乏力。,固涩剂 | 涩精止遗,生殖泌尿系统药物 | 泌尿系统药物 | 补肾药物（勃起机能障碍用药）,,,,https://www.yao86.com/%E4%B8%AD%E6%88%90%E8%8D%AF/%E5%9B%BA%E7%B2%BE%E9%BA%A6%E6%96%AF%E5%93%88%E8%83%B6%E5%9B%8A,站点明确收录为中成药，未命中更具体项目类别
already_present,1730,宫瘤宁片,tcm,14,14,0.96,软坚散结，活血化瘀，扶正固本。用于子宫肌瘤(肌壁间、浆膜下)气滞血瘀证，症见经期延长，经量过多，经色紫黯有块，小腹或乳房胀痛等。,理血剂 | 化瘀消癥,生殖泌尿系统药物 | 妇科用药 | 妇科其它用药,,,,https://www.yao86.com/%E4%B8%AD%E6%88%90%E8%8D%AF/%E5%AE%AB%E7%98%A4%E5%AE%81%E7%89%87,保留数据库现有分类；站点药理或 ATC 分类明确为妇科用药
already_present,12788,宫瘤宁胶囊,tcm,14,14,0.96,软坚散结，活血化瘀，扶正固本。用于子宫肌瘤(肌壁间、浆膜下)气滞血瘀证，症见经期延长，经量过多，经色紫黯有块，小腹或乳房胀痛等。,理血剂 | 化瘀消癥,生殖泌尿系统药物 | 妇科用药 | 妇科其它用药,,,,https://www.yao86.com/%E4%B8%AD%E6%88%90%E8%8D%AF/%E5%AE%AB%E7%98%A4%E5%AE%81%E8%83%B6%E5%9B%8A,站点药理或 ATC 分类明确为妇科用药
already_present,12789,宫瘤宁颗粒,tcm,14,14,0.96,软坚散结，活血化瘀，扶正固本。用于子宫肌瘤(肌壁间、浆膜下)气滞血瘀证，症见经期延长，经量过多，经色紫黯有块，小腹或乳房胀痛等。,理血剂 | 化瘀消癥,生殖泌尿系统药物 | 妇科用药 | 妇科其它用药,,,,https://www.yao86.com/%E4%B8%AD%E6%88%90%E8%8D%AF/%E5%AE%AB%E7%98%A4%E5%AE%81%E9%A2%97%E7%B2%92,站点药理或 ATC 分类明确为妇科用药
already_present,12790,葛芪通脉颗粒,tcm,12,12,0.95,益气，活血，通脉；用于气虚、血瘀型中风之恢复期患者。,理血剂 | 益气活血,心脑血管与血液系统药物 | 脑血管疾病治疗药,,,,https://www.yao86.com/%E4%B8%AD%E6%88%90%E8%8D%AF/%E8%91%9B%E8%8A%AA%E9%80%9A%E8%84%89%E9%A2%97%E7%B2%92,站点药理或 ATC 分类明确为心脑血管用药
already_present,12791,宫瘤清片,tcm,14,14,0.96,活血逐瘀，消癥破积。用于瘀血内停所致的妇女癥瘕，症见小腹胀痛、经色紫黯有块、经行不爽；子宫肌瘤见上述证候者。,理血剂 | 化瘀消癥,生殖泌尿系统药物 | 妇科用药 | 妇科其它用药,,,,https://www.yao86.com/%E4%B8%AD%E6%88%90%E8%8D%AF/%E5%AE%AB%E7%98%A4%E6%B8%85%E7%89%87,站点药理或 ATC 分类明确为妇科用药
already_present,12792,宫瘤清胶囊,tcm,14,14,0.96,活血逐瘀，消癥破积。用于瘀血内停所致的妇女癥瘕，症见小腹胀痛、经色紫暗有块，经行不爽；子宫肌瘤见上述证候者。,理血剂 | 化瘀消癥,生殖泌尿系统药物 | 妇科用药 | 妇科其它用药,,,,https://www.yao86.com/%E4%B8%AD%E6%88%90%E8%8D%AF/%E5%AE%AB%E7%98%A4%E6%B8%85%E8%83%B6%E5%9B%8A,站点药理或 ATC 分类明确为妇科用药
already_present,12793,宫瘤清颗粒,tcm,14,14,0.96,活血逐瘀，消徵破积，养血清热。用于瘀血内停所致的小腹胀痛，经色紫黯有块，以及子宫壁间肌瘤及浆膜下肌瘤见上述症状者。,理血剂 | 化瘀消癥,生殖泌尿系统药物 | 妇科用药 | 妇科其它用药,,,,https://www.yao86.com/%E4%B8%AD%E6%88%90%E8%8D%AF/%E5%AE%AB%E7%98%A4%E6%B8%85%E9%A2%97%E7%B2%92,站点药理或 ATC 分类明确为妇科用药
already_present,12794,感冒退热颗粒,tcm,0,0,0.94,清热解毒，疏风解表。用于上呼吸道感染、急性扁桃体炎、咽喉炎属外感风热、热毒壅盛证，症见发热、咽喉肿痛。,清热剂 | 清热解毒,呼吸系统药物 | 咳嗽和感冒用药,,,,https://www.yao86.com/%E4%B8%AD%E6%88%90%E8%8D%AF/%E6%84%9F%E5%86%92%E9%80%80%E7%83%AD%E9%A2%97%E7%B2%92,站点药理分类明确为感冒或解表用药
already_present,12795,感冒退热咀嚼片,tcm,0,0,0.94,清热解毒。用于风热感冒所致的发热，咽喉肿痛；上呼吸道感染，急性扁桃体炎，咽炎见上述证候者,清热剂 | 清热解毒,呼吸系统药物 | 咳嗽和感冒用药,,,,https://www.yao86.com/%E4%B8%AD%E6%88%90%E8%8D%AF/%E6%84%9F%E5%86%92%E9%80%80%E7%83%AD%E5%92%80%E5%9A%BC%E7%89%87,站点药理分类明确为感冒或解表用药
already_present,12796,感冒退热泡腾片,tcm,0,0,0.94,"清热解毒,疏风解表。用于上呼吸道感染、急性扁桃体炎、咽喉炎属外感风热、热毒壅盛证，症见发热、咽喉肿痛。",清热剂 | 清热解毒,呼吸系统药物 | 咳嗽和感冒用药,,,,https://www.yao86.com/%E4%B8%AD%E6%88%90%E8%8D%AF/%E6%84%9F%E5%86%92%E9%80%80%E7%83%AD%E6%B3%A1%E8%85%BE%E7%89%87,站点药理分类明确为感冒或解表用药
already_present,12797,感冒退热口服液,tcm,0,0,0.94,清热解毒。用于上呼吸道感染，急性扁桃体炎，咽喉炎。,清热剂 | 清热解毒,呼吸系统药物 | 咳嗽和感冒用药,,,,https://www.yao86.com/%E4%B8%AD%E6%88%90%E8%8D%AF/%E6%84%9F%E5%86%92%E9%80%80%E7%83%AD%E5%8F%A3%E6%9C%8D%E6%B6%B2,站点药理分类明确为感冒或解表用药
imported,13998,复方醋酸甲羟孕酮胶囊,western,,14,0.96,用于40岁以上患有更年期综合征的妇女，缓解和改善由于缺乏雌激素、孕激素、钙和维生素而引起的症状：1.潮热出汗、烦躁失眠、骨质疏松、肌肉关节疼痛；2.皮肤干燥、搔痒、皱折、色素沉着、老年斑出现、眼睛干涩；3.心悸、胸闷气短、高血脂、更年期冠心病、更年期血压波动；4.月经紊乱、外阴搔痒、阴道炎、性交痛、性器官衰退等。5.也可用于非恶性肿瘤行子宫、卵巢切除术后和其他原因引致的雌激素水平下降。,激素及影响内分泌药 | 雌激素、孕激素及抗孕激素,性激素和生殖系统调节药 | 孕激素和雌激素的复方 | 孕激素和雌激素，固定的配方,,,,https://www.yao86.com/%E8%A5%BF%E8%8D%AF/%E5%A4%8D%E6%96%B9%E9%86%8B%E9%85%B8%E7%94%B2%E7%BE%9F%E5%AD%95%E9%85%AE%E8%83%B6%E5%9B%8A,站点药理或 ATC 分类明确为妇科用药
already_present,12798,复方右旋糖酐70滴眼液,western,9,9,0.94,滋润泪液分泌不足的眼睛，消除眼部不适。主要用于干燥性角膜炎、干眼症。,眼科用药 | 其他眼科用药,眼科用药 | 其它眼科用药,,,,https://www.yao86.com/%E8%A5%BF%E8%8D%AF/%E5%A4%8D%E6%96%B9%E5%8F%B3%E6%97%8B%E7%B3%96%E9%85%9070%E6%BB%B4%E7%9C%BC%E6%B6%B2,剂型或站点分类明确为局部外用药
already_present,12799,复方水杨酸苯胺甲酯乳膏,western,9,9,0.96,用于头癣、手癣、足癣及体癣等。,抗微生物药 | 抗真菌药,皮肤病用抗真菌药 | 局部用抗真菌药 | 局部用其它抗真菌药,,,,https://www.yao86.com/%E8%A5%BF%E8%8D%AF/%E5%A4%8D%E6%96%B9%E6%B0%B4%E6%9D%A8%E9%85%B8%E8%8B%AF%E8%83%BA%E7%94%B2%E9%85%AF%E4%B9%B3%E8%86%8F,外用剂型且站点 ATC 分类明确为皮肤局部用药
review_missing_efficacy,,复方阿司匹林双层片,western,,3,0.94,,镇痛、解热、抗炎、抗风湿、抗痛风药 | 解热镇痛、抗炎、抗风湿药,镇痛药 | 其它解热镇痛药 | 水杨酸与其衍生物,,,,https://www.yao86.com/%E8%A5%BF%E8%8D%AF/%E5%A4%8D%E6%96%B9%E9%98%BF%E5%8F%B8%E5%8C%B9%E6%9E%97%E5%8F%8C%E5%B1%82%E7%89%87,站点药理或 ATC 分类明确为镇痛/抗炎药
already_present,12800,复方益康唑氧化锌撒粉,western,2,2,0.96,用于手癣、足癣、体癣、股癣。,皮肤科用药 | 皮肤抗感染药,皮肤病用抗真菌药 | 局部用抗真菌药 | 咪唑和三唑衍生物,,,,https://www.yao86.com/%E8%A5%BF%E8%8D%AF/%E5%A4%8D%E6%96%B9%E7%9B%8A%E5%BA%B7%E5%94%91%E6%B0%A7%E5%8C%96%E9%94%8C%E6%92%92%E7%B2%89,站点药理或 ATC 分类明确为抗感染药
already_present,12801,复方间苯二酚水杨酸酊,western,9,9,0.96,本品用于角化型手足癣。,皮肤科用药 | 皮肤抗感染药,皮肤病用抗真菌药 | 局部用抗真菌药 | 局部用其它抗真菌药,,,,https://www.yao86.com/%E8%A5%BF%E8%8D%AF/%E5%A4%8D%E6%96%B9%E9%97%B4%E8%8B%AF%E4%BA%8C%E9%85%9A%E6%B0%B4%E6%9D%A8%E9%85%B8%E9%85%8A,外用剂型且站点 ATC 分类明确为皮肤局部用药
already_present,12802,复方炔诺孕酮片,western,14,14,0.96,用于女性口服避孕。,妇产科用药 | 避孕药,性激素和生殖系统调节药 | 系统用激素类避孕药 | 孕激素和雌激素，固定复方,,,,https://www.yao86.com/%E8%A5%BF%E8%8D%AF/%E5%A4%8D%E6%96%B9%E7%82%94%E8%AF%BA%E5%AD%95%E9%85%AE%E7%89%87,站点药理或 ATC 分类明确为妇科用药
already_present,12803,呋喃苦参黄连素片,western,5,5,0.96,抗菌消炎药。用于急性菌痢，肠炎等。,消化系统用药 | 其他消化系统用药,止泻药、肠道抗炎、抗感染药 | 肠道抗感染药 | 其它肠道抗感染药,,,,https://www.yao86.com/%E8%A5%BF%E8%8D%AF/%E5%91%8B%E5%96%83%E8%8B%A6%E5%8F%82%E9%BB%84%E8%BF%9E%E7%B4%A0%E7%89%87,站点分类明确为止泻或肠道吸附药
already_present,12804,寒水石二十一味散(壮西-21),tcm,13,13,0.9,祛“宝日”病。用于“宝日”病，初、中期嗳气吞酸、胸背作痛，气滞血瘀，血热陷胃。,制酸止痛解痉剂,,,,,https://www.yao86.com/%E4%B8%AD%E6%88%90%E8%8D%AF/%E5%AF%92%E6%B0%B4%E7%9F%B3%E4%BA%8C%E5%8D%81%E4%B8%80%E5%91%B3%E6%95%A3%28%E5%A3%AE%E8%A5%BF-21%29,站点明确收录为中成药，未命中更具体项目类别
already_present,12805,寒水石二十一味散,tcm,5,5,0.93,"活血祛瘀，健胃消食，制酸，止痛，愈溃疡。用于""培根木布""引起的肝胃疼痛，胸烧背痛，呕吐酸水，胃部刺痛，大便干燥。",制酸止痛解痉剂,消化系统与代谢药 | 胃病相关药物,,,,https://www.yao86.com/%E4%B8%AD%E6%88%90%E8%8D%AF/%E5%AF%92%E6%B0%B4%E7%9F%B3%E4%BA%8C%E5%8D%81%E4%B8%80%E5%91%B3%E6%95%A3,站点药理或 ATC 分类明确为胃肠消化用药
already_present,12806,恒制咳喘胶囊,tcm,0,0,0.94,益气养阴，温阳化饮，止咳平喘。用于气阴两虚，阳虚痰阻所致的咳嗽痰喘，胸脘满闷，倦怠乏力。,和解剂 | 其它,呼吸系统药物 | 咳嗽和感冒用药,,,,https://www.yao86.com/%E4%B8%AD%E6%88%90%E8%8D%AF/%E6%81%92%E5%88%B6%E5%92%B3%E5%96%98%E8%83%B6%E5%9B%8A,站点药理分类明确为感冒或解表用药
already_present,12807,鹤蟾片,tcm,13,13,0.9,解毒除痰，凉血祛瘀，消癥散结。用于原发性支气管肺癌，肺部转移癌，能够改善患者的主观症状体征，提高患者体质。,清热剂 | 清热解毒,肿瘤药物 | 抗肿瘤药,,,,https://www.yao86.com/%E4%B8%AD%E6%88%90%E8%8D%AF/%E9%B9%A4%E8%9F%BE%E7%89%87,站点明确收录为中成药，未命中更具体项目类别
already_present,12808,活血接骨散,tcm,13,13,0.9,活血止痛，续筋接骨。用于伤筋动骨，瘀血肿痛。,理血剂 | 接筋续骨,肌肉-骨骼系统药物 | 关节和肌肉疼痛局部用药,百草利民,,,https://www.yao86.com/%E4%B8%AD%E6%88%90%E8%8D%AF/%E6%B4%BB%E8%A1%80%E6%8E%A5%E9%AA%A8%E6%95%A3,站点明确收录为中成药，未命中更具体项目类别
already_present,12809,回春酒,tcm,13,13,0.9,滋阴补阳，培元固本，调养气血。用于肾阳不足，气血虚损引起的精神倦怠，阳痿精冷，腰膝酸软，食欲不振及病后体弱。,补益剂 | 气血阴阳并补,生殖泌尿系统药物 | 泌尿系统药物 | 补肾药物（勃起机能障碍用药）,,,,https://www.yao86.com/%E4%B8%AD%E6%88%90%E8%8D%AF/%E5%9B%9E%E6%98%A5%E9%85%92,站点明确收录为中成药，未命中更具体项目类别
already_present,12810,华蟾素胶囊,tcm,13,13,0.9,解毒，消肿，止痛。用于中、晚期肿瘤，慢性乙型肝炎等症。,清热剂 | 清热解毒,肿瘤药物 | 抗肿瘤药,,,,https://www.yao86.com/%E4%B8%AD%E6%88%90%E8%8D%AF/%E5%8D%8E%E8%9F%BE%E7%B4%A0%E8%83%B6%E5%9B%8A,站点明确收录为中成药，未命中更具体项目类别
already_present,12811,华蟾素片,tcm,13,13,0.9,解毒，消肿，止痛。用于中、晚期肿瘤，慢性乙型肝炎等症。,清热剂 | 清热解毒,肿瘤药物 | 抗肿瘤药,,,,https://www.yao86.com/%E4%B8%AD%E6%88%90%E8%8D%AF/%E5%8D%8E%E8%9F%BE%E7%B4%A0%E7%89%87,站点明确收录为中成药，未命中更具体项目类别
already_present,12812,华蟾素口服液,tcm,13,13,0.9,解毒，消肿，止痛。用于邪毒壅聚所致的中、晚期肿瘤，慢性乙型肝炎等症。,清热剂 | 清热解毒,肿瘤药物 | 抗肿瘤药,,,,https://www.yao86.com/%E4%B8%AD%E6%88%90%E8%8D%AF/%E5%8D%8E%E8%9F%BE%E7%B4%A0%E5%8F%A3%E6%9C%8D%E6%B6%B2,站点明确收录为中成药，未命中更具体项目类别
already_present,1587,化痔栓,tcm,15,15,0.95,清热燥湿，收涩止血。用于大肠湿热所致的内外痔、混合痔疮。,理血剂 | 止血,心脑血管与血液系统药物 | 血管保护剂 | 治疗痔疮和肛裂的药物,,,,https://www.yao86.com/%E4%B8%AD%E6%88%90%E8%8D%AF/%E5%8C%96%E7%97%94%E6%A0%93,保留数据库现有分类；站点分类明确为痔疮或肛肠用药
already_present,12813,寒湿痹片,tcm,3,3,0.94,祛寒除湿，温通经络。用于肢体关节疼痛，疲困或肿胀，局部畏寒，风湿性关节炎。,祛湿剂 | 温化水湿,肌肉-骨骼系统药物 | 抗炎和抗风湿药,,,,https://www.yao86.com/%E4%B8%AD%E6%88%90%E8%8D%AF/%E5%AF%92%E6%B9%BF%E7%97%B9%E7%89%87,站点药理或 ATC 分类明确为镇痛/抗炎药
already_present,12814,寒湿痹颗粒,tcm,3,3,0.94,祛寒除湿，温通经络。用于肢体关节疼痛，疲困或肿胀，局部畏寒，风湿性关节炎。,祛湿剂 | 温化水湿,肌肉-骨骼系统药物 | 抗炎和抗风湿药,,,,https://www.yao86.com/%E4%B8%AD%E6%88%90%E8%8D%AF/%E5%AF%92%E6%B9%BF%E7%97%B9%E9%A2%97%E7%B2%92,站点药理或 ATC 分类明确为镇痛/抗炎药
already_present,12815,寒湿痹胶囊,tcm,3,3,0.94,祛寒除湿、温通经络。用于肢体关节疼痛、疲困或肿胀、局部畏寒、风湿性关节炎。,祛湿剂 | 温化水湿,肌肉-骨骼系统药物 | 抗炎和抗风湿药,,,,https://www.yao86.com/%E4%B8%AD%E6%88%90%E8%8D%AF/%E5%AF%92%E6%B9%BF%E7%97%B9%E8%83%B6%E5%9B%8A,站点药理或 ATC 分类明确为镇痛/抗炎药
already_present,12816,黄公烧伤膏,tcm,13,13,0.9,清热解毒，消肿止痛，活血化瘀。用于治疗浅、深Ⅱ度烧伤，面积小于或等于体表面积的10%，烧伤后72小时内，中医辨证属火盛伤阴或火毒伤阴者。,治疮疡剂 | 解毒消肿,皮肤病药物 | 创伤和溃疡治疗药 | 烧烫伤药物,,,,https://www.yao86.com/%E4%B8%AD%E6%88%90%E8%8D%AF/%E9%BB%84%E5%85%AC%E7%83%A7%E4%BC%A4%E8%86%8F,站点明确收录为中成药，未命中更具体项目类别
already_present,12817,复方氨敏狗仔花片,western,0,0,0.94,用于感冒引起的头痛发热、鼻塞、流涕、咽痛等症。,镇痛、解热、抗炎、抗风湿、抗痛风药 | 解热镇痛、抗炎、抗风湿药,咳嗽和感冒用药 | 其它感冒用药,,,,https://www.yao86.com/%E8%A5%BF%E8%8D%AF/%E5%A4%8D%E6%96%B9%E6%B0%A8%E6%95%8F%E7%8B%97%E4%BB%94%E8%8A%B1%E7%89%87,站点药理分类明确为感冒或解表用药
review_missing_efficacy,,复方双炔失碳酯肠溶片,western,,14,0.96,用于探亲避孕。,妇产科用药 | 避孕药,性激素和生殖系统调节药 | 系统用激素类避孕药,,,,https://www.yao86.com/%E8%A5%BF%E8%8D%AF/%E5%A4%8D%E6%96%B9%E5%8F%8C%E7%82%94%E5%A4%B1%E7%A2%B3%E9%85%AF%E8%82%A0%E6%BA%B6%E7%89%87,站点药理或 ATC 分类明确为妇科用药
already_present,12818,复方甘铋镁片,western,5,5,0.93,用于胃酸过多、胃炎、慢性胃炎。,消化系统用药 | 抗酸药及抗溃疡病药,治疗与胃酸分泌相关疾病的药物 | 消化道溃疡和胃食管返流病治疗药物 | 消化道溃疡和胃食管返流病治疗用其它药物,,,,https://www.yao86.com/%E8%A5%BF%E8%8D%AF/%E5%A4%8D%E6%96%B9%E7%94%98%E9%93%8B%E9%95%81%E7%89%87,站点药理或 ATC 分类明确为胃肠消化用药
already_present,12819,盐酸芬氟拉明片,western,5,5,0.93,可用于单纯性肥胖及患有糖尿病、高血压、心血管疾患、焦虑症的肥胖患者。,消化系统用药 | 其他消化系统用药,减肥药，食品除外 | 中枢作用的减肥药品,,,,https://www.yao86.com/%E8%A5%BF%E8%8D%AF/%E7%9B%90%E9%85%B8%E8%8A%AC%E6%B0%9F%E6%8B%89%E6%98%8E%E7%89%87,站点药理或 ATC 分类明确为胃肠消化用药
already_present,12820,复方葡萄糖酸钙口服溶液,western,7,7,0.96,用于预防和治疗钙缺乏症，如骨质疏松、手足抽搐症、佝偻病以及儿童、妊娠和哺乳期妇女、绝经期妇女、老年人钙的补充。,激素及影响内分泌药 | 钙代谢调节药及抗骨质疏松药,矿物质补充剂 | 钙,,,,https://www.yao86.com/%E8%A5%BF%E8%8D%AF/%E5%A4%8D%E6%96%B9%E8%91%A1%E8%90%84%E7%B3%96%E9%85%B8%E9%92%99%E5%8F%A3%E6%9C%8D%E6%BA%B6%E6%B6%B2,站点药理或 ATC 分类明确为维生素/矿物质
already_present,12821,复方十一烯酸锌曲安奈德软膏,western,9,9,0.96,用于手足癣、体癣及股癣。对其他皮肤瘙痒症有一定的作用。,皮肤科用药 | 皮肤抗感染药,皮肤病用皮质激素制剂 | 皮质甾体激素类，与灭菌药的复方 | 强皮质甾体激素类，与灭菌药的复方,,,,https://www.yao86.com/%E8%A5%BF%E8%8D%AF/%E5%A4%8D%E6%96%B9%E5%8D%81%E4%B8%80%E7%83%AF%E9%85%B8%E9%94%8C%E6%9B%B2%E5%AE%89%E5%A5%88%E5%BE%B7%E8%BD%AF%E8%86%8F,外用剂型且站点 ATC 分类明确为皮肤局部用药
already_present,5,复方氨酚烷胺片,western,0,0,0.94,适用于缓解普通感冒及流行性感冒引起的发热、头痛、四肢酸痛、打喷嚏、流鼻涕、鼻塞、咽痛等症状。,镇痛、解热、抗炎、抗风湿、抗痛风药 | 解热镇痛、抗炎、抗风湿药,镇痛药 | 其它解热镇痛药 | 酰苯胺类,,,,https://www.yao86.com/%E8%A5%BF%E8%8D%AF/%E5%A4%8D%E6%96%B9%E6%B0%A8%E9%85%9A%E7%83%B7%E8%83%BA%E7%89%87,保留数据库现有分类；站点药理或 ATC 分类明确为镇痛/抗炎药
already_present,12822,复方氨酚烷胺胶囊,western,3,3,0.94,适用于缓解普通感冒或流行性感冒引起的发热、头痛、鼻塞、咽痛等症状，也可用于流行性感冒的预防和治疗。,镇痛、解热、抗炎、抗风湿、抗痛风药 | 解热镇痛、抗炎、抗风湿药,镇痛药 | 其它解热镇痛药 | 酰苯胺类,,,,https://www.yao86.com/%E8%A5%BF%E8%8D%AF/%E5%A4%8D%E6%96%B9%E6%B0%A8%E9%85%9A%E7%83%B7%E8%83%BA%E8%83%B6%E5%9B%8A,站点药理或 ATC 分类明确为镇痛/抗炎药
already_present,12823,复方氨酚烷胺颗粒,western,3,3,0.94,适用于缓解普通感冒及流行性感冒引起的发热、头痛、四肢酸痛、打喷嚏、流鼻涕、鼻塞、咽痛等症状。,镇痛、解热、抗炎、抗风湿、抗痛风药 | 解热镇痛、抗炎、抗风湿药,镇痛药 | 其它解热镇痛药 | 酰苯胺类,,,,https://www.yao86.com/%E8%A5%BF%E8%8D%AF/%E5%A4%8D%E6%96%B9%E6%B0%A8%E9%85%9A%E7%83%B7%E8%83%BA%E9%A2%97%E7%B2%92,站点药理或 ATC 分类明确为镇痛/抗炎药
already_present,12824,复方氨酚烷胺分散片,western,3,3,0.94,用于感冒引起的鼻塞、咽喉痛、头痛发热等，也可用于流行性感冒的预防和治疗。,镇痛、解热、抗炎、抗风湿、抗痛风药 | 解热镇痛、抗炎、抗风湿药,镇痛药 | 其它解热镇痛药 | 酰苯胺类,,,,https://www.yao86.com/%E8%A5%BF%E8%8D%AF/%E5%A4%8D%E6%96%B9%E6%B0%A8%E9%85%9A%E7%83%B7%E8%83%BA%E5%88%86%E6%95%A3%E7%89%87,站点药理或 ATC 分类明确为镇痛/抗炎药
review_missing_efficacy,,复方水杨酸间苯二酚甘油,western,,2,0.96,,皮肤科用药 | 皮肤抗感染药,皮肤病用抗真菌药 | 局部用抗真菌药 | 局部用其它抗真菌药,,,,https://www.yao86.com/%E8%A5%BF%E8%8D%AF/%E5%A4%8D%E6%96%B9%E6%B0%B4%E6%9D%A8%E9%85%B8%E9%97%B4%E8%8B%AF%E4%BA%8C%E9%85%9A%E7%94%98%E6%B2%B9,站点药理或 ATC 分类明确为抗感染药
already_present,12825,复方水杨酸搽剂,western,9,9,0.96,用于手癣、足癣、体癣、股癣。,皮肤科用药 | 皮肤抗感染药,皮肤病用抗真菌药 | 局部用抗真菌药 | 局部用其它抗真菌药,,,,https://www.yao86.com/%E8%A5%BF%E8%8D%AF/%E5%A4%8D%E6%96%B9%E6%B0%B4%E6%9D%A8%E9%85%B8%E6%90%BD%E5%89%82,外用剂型且站点 ATC 分类明确为皮肤局部用药
already_present,12826,复方赖氨酸颗粒,western,7,7,0.96,用于防治赖氨酸缺乏引起的小儿食欲缺乏、营养不良和补充赖氨酸、维生素与钙元素。,维生素、矿物质类药 | 维生素,维生素类 | 其它维生素药品，复方 | 维生素，其它复方,,,,https://www.yao86.com/%E8%A5%BF%E8%8D%AF/%E5%A4%8D%E6%96%B9%E8%B5%96%E6%B0%A8%E9%85%B8%E9%A2%97%E7%B2%92,站点药理或 ATC 分类明确为维生素/矿物质
already_present,12827,小儿复方赖氨酸颗粒,western,7,7,0.96,用于改善婴儿及儿童的营养不良，身体虚弱等症。,维生素、矿物质类药 | 维生素,维生素类 | 其它维生素药品，复方 | 维生素，其它复方,,,,https://www.yao86.com/%E8%A5%BF%E8%8D%AF/%E5%B0%8F%E5%84%BF%E5%A4%8D%E6%96%B9%E8%B5%96%E6%B0%A8%E9%85%B8%E9%A2%97%E7%B2%92,站点药理或 ATC 分类明确为维生素/矿物质
review_missing_efficacy,,复方联苯苄唑乳膏,western,,9,0.96,足癣、股癣、体癣。,皮肤科用药 | 皮肤抗感染药,皮肤病用抗真菌药 | 局部用抗真菌药 | 咪唑和三唑衍生物,,,,https://www.yao86.com/%E8%A5%BF%E8%8D%AF/%E5%A4%8D%E6%96%B9%E8%81%94%E8%8B%AF%E8%8B%84%E5%94%91%E4%B9%B3%E8%86%8F,外用剂型且站点 ATC 分类明确为皮肤局部用药
already_present,12828,复方联苯苄唑溶液,western,2,2,0.96,用于手癣、足癣、股癣、体癣、花斑癣。,皮肤科用药 | 皮肤抗感染药,皮肤病用抗真菌药 | 局部用抗真菌药 | 咪唑和三唑衍生物,,,,https://www.yao86.com/%E8%A5%BF%E8%8D%AF/%E5%A4%8D%E6%96%B9%E8%81%94%E8%8B%AF%E8%8B%84%E5%94%91%E6%BA%B6%E6%B6%B2,站点药理或 ATC 分类明确为抗感染药
already_present,12829,寒热痹胶囊,tcm,3,3,0.94,散寒清热，和营定痛。用于肌肉关节疼痛，局部触之发热，但自觉怕冷畏寒，或触之不热，但自觉发热，全身热象不显。风湿和类风湿性关节炎，见上述症状者可应用。,和解剂 | 调和寒热,肌肉-骨骼系统药物 | 抗炎和抗风湿药,,,,https://www.yao86.com/%E4%B8%AD%E6%88%90%E8%8D%AF/%E5%AF%92%E7%83%AD%E7%97%B9%E8%83%B6%E5%9B%8A,站点药理或 ATC 分类明确为镇痛/抗炎药
already_present,12830,寒热痹颗粒,tcm,3,3,0.94,散寒清热，和营定痛。用于肌肉关节疼痛，局部触之发热，但自觉怕冷畏寒，或触之不热但自觉发热，全身热象不显，以及风湿和类风湿性关节炎见上述症候者。,和解剂 | 调和寒热,肌肉-骨骼系统药物 | 抗炎和抗风湿药,,,,https://www.yao86.com/%E4%B8%AD%E6%88%90%E8%8D%AF/%E5%AF%92%E7%83%AD%E7%97%B9%E9%A2%97%E7%B2%92,站点药理或 ATC 分类明确为镇痛/抗炎药
already_present,12831,槐菊颗粒,tcm,6,6,0.94,滋养肝肾，平肝清热，润肠通便。对阴虚阳亢证所致的头晕目眩，面赤口干，烦躁易怒，大便干结等症有改善作用。,泻下剂 | 润下,呼吸系统药物 | 清热解毒药物,,,,https://www.yao86.com/%E4%B8%AD%E6%88%90%E8%8D%AF/%E6%A7%90%E8%8F%8A%E9%A2%97%E7%B2%92,站点分类或适应症明确为泻药通便
already_present,12832,活血健骨片,tcm,13,13,0.9,补肾健骨、宣痹止痛。用于股骨头缺血性坏死肾虚瘀阻症。症见髋部疼痛，髋关节活动不利，腰膝酸软或跛行。,理血剂 | 活血化瘀,肌肉-骨骼系统药物 | 骨病治疗药 | 其他骨病治疗药,,,,https://www.yao86.com/%E4%B8%AD%E6%88%90%E8%8D%AF/%E6%B4%BB%E8%A1%80%E5%81%A5%E9%AA%A8%E7%89%87,站点明确收录为中成药，未命中更具体项目类别
already_present,12833,活血理伤丸,tcm,13,13,0.9,活血，化瘀。用于跌打损伤，肿胀疼痛。,理血剂 | 活血化瘀,肌肉-骨骼系统药物 | 关节和肌肉疼痛局部用药,,,,https://www.yao86.com/%E4%B8%AD%E6%88%90%E8%8D%AF/%E6%B4%BB%E8%A1%80%E7%90%86%E4%BC%A4%E4%B8%B8,站点明确收录为中成药，未命中更具体项目类别
already_present,12834,温中和胃胶囊,tcm,5,5,0.93,彝医：乃嫫左奴，扯尼嫫快牙。中医：温中和胃，理气止痛。用于寒凝气滞所致的胃脘冷痛，慢性胃炎及十二指肠溃疡见上述证候者。,温里剂 | 温中祛寒,消化系统与代谢药 | 胃病相关药物,,,,https://www.yao86.com/%E4%B8%AD%E6%88%90%E8%8D%AF/%E6%B8%A9%E4%B8%AD%E5%92%8C%E8%83%83%E8%83%B6%E5%9B%8A,站点药理或 ATC 分类明确为胃肠消化用药
already_present,12835,活血镇痛膏,tcm,13,13,0.9,舒筋，活血，散寒，止痛。用于筋骨痛，急性挫伤，风湿痛，关节痛，肝区痛及肌肉酸痛。,理血剂 | 活血化瘀,肌肉-骨骼系统药物 | 关节和肌肉疼痛局部用药,,,,https://www.yao86.com/%E4%B8%AD%E6%88%90%E8%8D%AF/%E6%B4%BB%E8%A1%80%E9%95%87%E7%97%9B%E8%86%8F,站点明确收录为中成药，未命中更具体项目类别
already_present,12836,活血降浊口服液,tcm,13,13,0.9,补肾降浊、活血止痛。用于肾气衰竭、心脏瘀阻型冠心病心绞痛的辅助治疗。,理血剂 | 活血化瘀,生殖泌尿系统药物 | 泌尿系统药物 | 补肾药物（勃起机能障碍用药）,,,,https://www.yao86.com/%E4%B8%AD%E6%88%90%E8%8D%AF/%E6%B4%BB%E8%A1%80%E9%99%8D%E6%B5%8A%E5%8F%A3%E6%9C%8D%E6%B6%B2,站点明确收录为中成药，未命中更具体项目类别
already_present,12837,红色正金软膏,tcm,9,9,0.94,驱风，兴奋，局部止痒，止痛。用于中暑，头晕，伤风鼻塞，虫咬，蚊叮等。,和解剂 | 其它,皮肤病药物 | 其它治疗皮肤病药物,,,,https://www.yao86.com/%E4%B8%AD%E6%88%90%E8%8D%AF/%E7%BA%A2%E8%89%B2%E6%AD%A3%E9%87%91%E8%BD%AF%E8%86%8F,剂型或站点分类明确为局部外用药
review_missing_efficacy,,复方薄樟桉油,western,,8,0.96,,镇痛、解热、抗炎、抗风湿、抗痛风药 | 解热镇痛、抗炎、抗风湿药,止痒药，含抗组胺药、麻醉药等 | 其它止痒药,,,,https://www.yao86.com/%E8%A5%BF%E8%8D%AF/%E5%A4%8D%E6%96%B9%E8%96%84%E6%A8%9F%E6%A1%89%E6%B2%B9,站点药理分类明确为抗过敏药
already_present,12838,复方薄樟桉油溶液,western,8,8,0.96,局部刺激药。具有清凉作用，用于头痛、皮肤瘙痒、蚊叮等。,镇痛、解热、抗炎、抗风湿、抗痛风药 | 解热镇痛、抗炎、抗风湿药,止痒药，含抗组胺药、麻醉药等 | 其它止痒药,,,,https://www.yao86.com/%E8%A5%BF%E8%8D%AF/%E5%A4%8D%E6%96%B9%E8%96%84%E6%A8%9F%E6%A1%89%E6%B2%B9%E6%BA%B6%E6%B6%B2,站点药理分类明确为抗过敏药
already_present,12839,泛硫乙胺片,western,7,7,0.96,本品为泛酸补充剂。用于与泛酸缺乏或代谢障碍有关的弛缓性便秘。如果用药一个月没有疗效，建议不宜使用。,心血管系统用药 | 调脂及抗动脉粥样硬化药,维生素类 | 其它单方维生素制剂,,,,https://www.yao86.com/%E8%A5%BF%E8%8D%AF/%E6%B3%9B%E7%A1%AB%E4%B9%99%E8%83%BA%E7%89%87,站点药理或 ATC 分类明确为维生素/矿物质
already_present,12840,泛硫乙胺胶囊,western,7,7,0.96,改善脂质代谢，用于预防及治疗高胆固醇血症、动脉粥样硬化，高血压，冠心病，脂肪肝。改善血液疾患的血小板数及出血倾向。促进肠蠕动，用于治疗弛缓性便秘及术后肠道麻痹。抗皮炎症，用于急慢性湿疹的治疗。预防及治疗由抗结核制剂所致的副作用。预防及治泛酸需要量增加（如消耗性疾病、甲状腺机能亢进、孕产妇、哺乳妇等）摄取中不能满足时的补充。,心血管系统用药 | 调脂及抗动脉粥样硬化药,维生素类 | 其它单方维生素制剂,,,,https://www.yao86.com/%E8%A5%BF%E8%8D%AF/%E6%B3%9B%E7%A1%AB%E4%B9%99%E8%83%BA%E8%83%B6%E5%9B%8A,站点药理或 ATC 分类明确为维生素/矿物质
review_missing_efficacy,,泛硫乙胺颗粒,western,,,0.0,,,,,,,https://www.yao86.com/%E8%A5%BF%E8%8D%AF/%E6%B3%9B%E7%A1%AB%E4%B9%99%E8%83%BA%E9%A2%97%E7%B2%92,站点分类无法可靠映射到项目现有类别
already_present,12841,复方氢氧化铝片,western,5,5,0.93,用于缓解胃酸过多引起的胃痛、胃灼热感(烧心)、反酸，也可用于慢性胃炎。,消化系统用药 | 抗酸药及抗溃疡病药,治疗与胃酸分泌相关疾病的药物 | 治酸药 | 镁化合物类,,,,https://www.yao86.com/%E8%A5%BF%E8%8D%AF/%E5%A4%8D%E6%96%B9%E6%B0%A2%E6%B0%A7%E5%8C%96%E9%93%9D%E7%89%87,站点药理或 ATC 分类明确为胃肠消化用药
already_present,12842,氟伐他汀钠缓释片,western,11,11,0.95,用于饮食未能完全控制的原发性高胆固醇血症和混合型血脂异常(Fredrickson Ⅱa和Ⅱb型)的患者。,心血管系统用药 | 调脂及抗动脉粥样硬化药,血脂调节剂 | 血脂调节剂，单方 | β-羟基-β-甲基戊二酸单酰辅酶A还原酶抑制药,,,,https://www.yao86.com/%E8%A5%BF%E8%8D%AF/%E6%B0%9F%E4%BC%90%E4%BB%96%E6%B1%80%E9%92%A0%E7%BC%93%E9%87%8A%E7%89%87,站点药理或 ATC 分类明确为慢性病长期用药
already_present,12843,氟伐他汀钠胶囊,western,11,11,0.95,饮食治疗未能完全控制的原发性高胆固醇血症和原发性混合型血脂异常(Fredrickson Ⅱa和Ⅱb型)。,心血管系统用药 | 调脂及抗动脉粥样硬化药,血脂调节剂 | 血脂调节剂，单方 | β-羟基-β-甲基戊二酸单酰辅酶A还原酶抑制药,,,,https://www.yao86.com/%E8%A5%BF%E8%8D%AF/%E6%B0%9F%E4%BC%90%E4%BB%96%E6%B1%80%E9%92%A0%E8%83%B6%E5%9B%8A,站点药理或 ATC 分类明确为慢性病长期用药
review_missing_efficacy,,氟伐他汀胶囊,western,,11,0.95,,,血脂调节剂 | 血脂调节剂，单方 | β-羟基-β-甲基戊二酸单酰辅酶A还原酶抑制药,,,,https://www.yao86.com/%E8%A5%BF%E8%8D%AF/%E6%B0%9F%E4%BC%90%E4%BB%96%E6%B1%80%E8%83%B6%E5%9B%8A,站点药理或 ATC 分类明确为慢性病长期用药
already_present,12844,复方氨酚肾素片,western,1,1,0.95,适用于缓解普通感冒及流行性感冒引起的发热、头痛、四肢酸痛、打喷嚏、流鼻涕、鼻塞、咽痛等症状，也可用于过敏性鼻炎。,呼吸系统用药 | 镇咳药,咳嗽和感冒用药 | 其它感冒用药,科达琳(COLTALIN),,,https://www.yao86.com/%E8%A5%BF%E8%8D%AF/%E5%A4%8D%E6%96%B9%E6%B0%A8%E9%85%9A%E8%82%BE%E7%B4%A0%E7%89%87,站点药理分类明确为止咳或祛痰药
already_present,12845,复方消化酶胶囊(Ⅱ),western,5,5,0.93,用于食欲缺乏，消化不良。,消化系统用药 | 助消化药,消化药，含酶 | 酶制剂,千红怡美,,,https://www.yao86.com/%E8%A5%BF%E8%8D%AF/%E5%A4%8D%E6%96%B9%E6%B6%88%E5%8C%96%E9%85%B6%E8%83%B6%E5%9B%8A%28%E2%85%A1%29,站点药理或 ATC 分类明确为胃肠消化用药
already_present,12846,复方菠萝蛋白酶肠溶片,western,1,1,0.95,用于慢性支气管炎，喉炎，百日咳，哮喘等。,呼吸系统用药 | 镇咳药,阻塞性气管疾病用药 | 其它阻塞性气管病系统用药,,,,https://www.yao86.com/%E8%A5%BF%E8%8D%AF/%E5%A4%8D%E6%96%B9%E8%8F%A0%E8%90%9D%E8%9B%8B%E7%99%BD%E9%85%B6%E8%82%A0%E6%BA%B6%E7%89%87,站点药理分类明确为止咳或祛痰药
already_present,12847,非布丙醇胶丸,western,12,12,0.95,用于治疗胆囊炎、胆石症。,心血管系统用药 | 调脂及抗动脉粥样硬化药,肝、胆疾病治疗药 | 胆病治疗药 | 胆病的其它治疗药,,,,https://www.yao86.com/%E8%A5%BF%E8%8D%AF/%E9%9D%9E%E5%B8%83%E4%B8%99%E9%86%87%E8%83%B6%E4%B8%B8,站点药理或 ATC 分类明确为心脑血管用药
already_present,12848,非布丙醇软胶囊,western,12,12,0.95,用于治疗胆囊炎、胆石症。,心血管系统用药 | 调脂及抗动脉粥样硬化药,肝、胆疾病治疗药 | 胆病治疗药 | 胆病的其它治疗药,,,,https://www.yao86.com/%E8%A5%BF%E8%8D%AF/%E9%9D%9E%E5%B8%83%E4%B8%99%E9%86%87%E8%BD%AF%E8%83%B6%E5%9B%8A,站点药理或 ATC 分类明确为心脑血管用药
review_unclassified,,酚磺乙胺片,western,,,0.0,适用于预防和治疗外科手术出血过多，血小板减少性紫癜或过敏性紫癜以及其它原因引起的出血，如脑出血、胃肠道出血、泌尿道出血、眼底出血、齿龈出血、鼻衄等。可与其他类型止血药如氨甲苯酸、维生素K并用。,血液系统用药 | 促凝血药,抗出血药 | 维生素K和其它止血药 | 其它系统止血药,,,,https://www.yao86.com/%E8%A5%BF%E8%8D%AF/%E9%85%9A%E7%A3%BA%E4%B9%99%E8%83%BA%E7%89%87,站点分类无法可靠映射到项目现有类别
already_present,12849,活络止痛丸,tcm,3,3,0.94,活血舒筋，驱风除湿。用于风湿痹痛，手足麻木酸软。,治风剂 | 祛风止痛,肌肉-骨骼系统药物 | 抗炎和抗风湿药,,,,https://www.yao86.com/%E4%B8%AD%E6%88%90%E8%8D%AF/%E6%B4%BB%E7%BB%9C%E6%AD%A2%E7%97%9B%E4%B8%B8,站点药理或 ATC 分类明确为镇痛/抗炎药
already_present,12850,虎杖伤痛酊,tcm,9,9,0.94,彝医：中医：活血消肿，止痛。用于跌打损伤所致的瘀血肿痛。,理血剂 | 疗伤止痛,肌肉-骨骼系统药物 | 关节和肌肉疼痛局部用药,,,,https://www.yao86.com/%E4%B8%AD%E6%88%90%E8%8D%AF/%E8%99%8E%E6%9D%96%E4%BC%A4%E7%97%9B%E9%85%8A,剂型或站点分类明确为局部外用药
already_present,12851,黄精养阴糖浆,tcm,0,0,0.94,润肺益胃，养阴生津。用于肺胃阴虚引起的咽干咳嗽，纳差便秘，神疲乏力。,补益剂 | 补阴,呼吸系统药物 | 咳嗽和感冒用药,,,,https://www.yao86.com/%E4%B8%AD%E6%88%90%E8%8D%AF/%E9%BB%84%E7%B2%BE%E5%85%BB%E9%98%B4%E7%B3%96%E6%B5%86,站点药理分类明确为感冒或解表用药
already_present,12852,黄藤素胶囊,tcm,13,13,0.9,清热解毒。用于妇科炎症，菌痢，肠炎，呼吸道及泌尿道感染，外科感染，眼结膜炎。,清热剂 | 清热解毒,呼吸系统药物 | 清热解毒药物,,,,https://www.yao86.com/%E4%B8%AD%E6%88%90%E8%8D%AF/%E9%BB%84%E8%97%A4%E7%B4%A0%E8%83%B6%E5%9B%8A,站点明确收录为中成药，未命中更具体项目类别
already_present,12853,黄藤素片,tcm,13,13,0.9,清热解毒。用于妇科炎症，菌痢，肠炎，呼吸道及泌尿道感染，外科感染，眼结膜炎。,清热剂 | 清热解毒,呼吸系统药物 | 清热解毒药物,,,,https://www.yao86.com/%E4%B8%AD%E6%88%90%E8%8D%AF/%E9%BB%84%E8%97%A4%E7%B4%A0%E7%89%87,站点明确收录为中成药，未命中更具体项目类别
already_present,12854,黄藤素软胶囊,tcm,13,13,0.9,清热解毒。用于妇科炎症，菌痢，肠炎，呼吸道及泌尿道感染，外科感染，眼结膜炎。,清热剂 | 清热解毒,呼吸系统药物 | 清热解毒药物,,,,https://www.yao86.com/%E4%B8%AD%E6%88%90%E8%8D%AF/%E9%BB%84%E8%97%A4%E7%B4%A0%E8%BD%AF%E8%83%B6%E5%9B%8A,站点明确收录为中成药，未命中更具体项目类别
already_present,12855,黄藤素分散片,tcm,13,13,0.9,清热解毒。用于妇科炎症，痢疾，肠炎，呼吸道及泌尿道感染，外科感染，眼结膜炎。,清热剂 | 清热解毒,呼吸系统药物 | 清热解毒药物,,,,https://www.yao86.com/%E4%B8%AD%E6%88%90%E8%8D%AF/%E9%BB%84%E8%97%A4%E7%B4%A0%E5%88%86%E6%95%A3%E7%89%87,站点明确收录为中成药，未命中更具体项目类别
already_present,12856,红灵散,tcm,3,3,0.94,祛暑，开窍，辟瘟，解毒。用于中暑昏厥，头晕胸闷，恶心呕吐，腹痛泄泻。,开窍剂 | 温开,神经系统药物 | 镇痛药 | 解热镇痛药,,,,https://www.yao86.com/%E4%B8%AD%E6%88%90%E8%8D%AF/%E7%BA%A2%E7%81%B5%E6%95%A3,站点药理或 ATC 分类明确为镇痛/抗炎药
already_present,12857,活络消痛片,tcm,3,3,0.94,通经活络，舒筋止痛。用于风寒湿痹，经络闭塞，筋骨疼痛，四肢麻木。,治风剂 | 祛风止痛,肌肉-骨骼系统药物 | 抗炎和抗风湿药,,,,https://www.yao86.com/%E4%B8%AD%E6%88%90%E8%8D%AF/%E6%B4%BB%E7%BB%9C%E6%B6%88%E7%97%9B%E7%89%87,站点药理或 ATC 分类明确为镇痛/抗炎药
already_present,12858,活络消痛胶囊,tcm,3,3,0.94,通经活络，舒筋止痛。用于风寒湿痹，经络闭塞，筋骨疼痛，四肢麻木。,治风剂 | 祛风止痛,肌肉-骨骼系统药物 | 抗炎和抗风湿药,,,,https://www.yao86.com/%E4%B8%AD%E6%88%90%E8%8D%AF/%E6%B4%BB%E7%BB%9C%E6%B6%88%E7%97%9B%E8%83%B6%E5%9B%8A,站点药理或 ATC 分类明确为镇痛/抗炎药
already_present,12859,活血应痛丸,tcm,3,3,0.94,壮筋骨，活血脉，祛风利湿。用于血脉凝滞，腰腿疼痛，风湿麻木，关节酸痛，行步艰难。,祛湿剂 | 祛风胜湿,肌肉-骨骼系统药物 | 抗炎和抗风湿药,,,,https://www.yao86.com/%E4%B8%AD%E6%88%90%E8%8D%AF/%E6%B4%BB%E8%A1%80%E5%BA%94%E7%97%9B%E4%B8%B8,站点药理或 ATC 分类明确为镇痛/抗炎药
already_present,12860,复方倍氯米松樟脑乳膏,western,9,9,0.96,具有消炎、镇痛、止痒、抗菌、局部麻醉作用。用于虫咬皮炎、丘疹性荨麻疹、湿疹、接触性皮炎、神经性皮炎、皮肤瘙痒。,皮肤科用药 | 肾上腺皮质激素类药,皮肤病用皮质激素制剂 | 皮质甾体激素类，与其它药物的复方 | 强的皮质甾体激素类，与其它药物的复方,,,,https://www.yao86.com/%E8%A5%BF%E8%8D%AF/%E5%A4%8D%E6%96%B9%E5%80%8D%E6%B0%AF%E7%B1%B3%E6%9D%BE%E6%A8%9F%E8%84%91%E4%B9%B3%E8%86%8F,外用剂型且站点 ATC 分类明确为皮肤局部用药
already_present,12861,复方辣椒碱乳膏,western,9,9,0.94,用于缓解关节、肌肉疼痛。,镇痛、解热、抗炎、抗风湿、抗痛风药 | 镇痛药,关节和肌肉疼痛局部用药 | 辣椒素和类似药物,,,,https://www.yao86.com/%E8%A5%BF%E8%8D%AF/%E5%A4%8D%E6%96%B9%E8%BE%A3%E6%A4%92%E7%A2%B1%E4%B9%B3%E8%86%8F,剂型或站点分类明确为局部外用药
already_present,12862,复方毛冬青氯贝酸铝片,western,11,11,0.95,用于冠状动脉粥样硬化性心脏病及血脂增高的辅助治疗。,心血管系统用药 | 调脂及抗动脉粥样硬化药,血脂调节剂 | 血脂调节剂，复方,,,,https://www.yao86.com/%E8%A5%BF%E8%8D%AF/%E5%A4%8D%E6%96%B9%E6%AF%9B%E5%86%AC%E9%9D%92%E6%B0%AF%E8%B4%9D%E9%85%B8%E9%93%9D%E7%89%87,站点药理或 ATC 分类明确为慢性病长期用药
already_present,149,氟哌噻吨美利曲辛片,western,17,17,0.0,轻、中度抑郁和焦虑。神经衰弱、心因性抑郁，抑郁性神经官能症，隐匿性抑郁，心身疾病伴焦虑和情感淡漠，更年期抑郁，嗜酒及药瘾者的焦躁不安及抑郁。,治疗精神障碍药 | 抗抑郁药,精神兴奋药 | 精神安定药和精神兴奋药的复方 | 抗抑郁药与精神安定药的复方,,,,https://www.yao86.com/%E8%A5%BF%E8%8D%AF/%E6%B0%9F%E5%93%8C%E5%99%BB%E5%90%A8%E7%BE%8E%E5%88%A9%E6%9B%B2%E8%BE%9B%E7%89%87,保留数据库现有分类；站点分类无法可靠映射到项目现有类别
review_unclassified,,氟哌噻吨美利曲辛胶囊,western,,,0.0,轻、中度抑郁和焦虑。神经衰弱、心因性抑郁，抑郁性神经官能症，隐匿性抑郁，心身疾病伴焦虑和情感淡漠，更年期抑郁，嗜酒及药瘾者的焦躁不安及抑郁。,治疗精神障碍药 | 抗抑郁药,精神兴奋药 | 精神安定药和精神兴奋药的复方 | 抗抑郁药与精神安定药的复方,,,,https://www.yao86.com/%E8%A5%BF%E8%8D%AF/%E6%B0%9F%E5%93%8C%E5%99%BB%E5%90%A8%E7%BE%8E%E5%88%A9%E6%9B%B2%E8%BE%9B%E8%83%B6%E5%9B%8A,站点分类无法可靠映射到项目现有类别
already_present,12863,更昔洛韦滴眼液,western,9,9,0.94,广谱抗疱疹病毒药。用于治疗单纯疱疹性角膜炎。,抗微生物药 | 抗病毒药,眼科用药 | 抗感染药 | 抗病毒药类,,,,https://www.yao86.com/%E8%A5%BF%E8%8D%AF/%E6%9B%B4%E6%98%94%E6%B4%9B%E9%9F%A6%E6%BB%B4%E7%9C%BC%E6%B6%B2,剂型或站点分类明确为局部外用药
already_present,12864,更昔洛韦片,western,2,2,0.96,本品用于免疫损伤引起巨细胞病毒感染的患者。1．用于免疫功能损伤(包括艾滋病患者)发生的巨细胞病毒性视网膜炎的维持治疗。2．预防可能发生于器官移植受者的巨细胞病毒感染。3．预防晚期HIV感染患者的巨细胞病毒感染。,抗微生物药 | 抗病毒药,系统用抗病毒药 | 直接作用的抗病毒药 | 核苷类和核苷酸类药，逆转录酶抑制药除外,,,,https://www.yao86.com/%E8%A5%BF%E8%8D%AF/%E6%9B%B4%E6%98%94%E6%B4%9B%E9%9F%A6%E7%89%87,站点药理或 ATC 分类明确为抗感染药
already_present,12865,更昔洛韦眼用凝胶,western,9,9,0.94,单纯疱疹病毒性角膜炎。,抗微生物药 | 抗病毒药,眼科用药 | 抗感染药 | 抗病毒药类,丽科明,,,https://www.yao86.com/%E8%A5%BF%E8%8D%AF/%E6%9B%B4%E6%98%94%E6%B4%9B%E9%9F%A6%E7%9C%BC%E7%94%A8%E5%87%9D%E8%83%B6,剂型或站点分类明确为局部外用药
already_present,12866,更昔洛韦分散片,western,2,2,0.96,本品用于免疫损伤引起巨细胞病毒感染的患者。1、用于免疫功能损伤(包括艾滋病患者)发生的巨细胞病毒性视网膜炎的维持治疗。2、预防可能发生于器官移植受者的巨细胞病毒感染。3、预防晚期HIV感染患者的巨细胞病毒感染。,抗微生物药 | 抗病毒药,系统用抗病毒药 | 直接作用的抗病毒药 | 核苷类和核苷酸类药，逆转录酶抑制药除外,,,,https://www.yao86.com/%E8%A5%BF%E8%8D%AF/%E6%9B%B4%E6%98%94%E6%B4%9B%E9%9F%A6%E5%88%86%E6%95%A3%E7%89%87,站点药理或 ATC 分类明确为抗感染药
already_present,12867,更昔洛韦眼膏,western,9,9,0.94,广谱抗疱疹病毒药。用于治疗单纯疱疹性角膜炎。,抗微生物药 | 抗病毒药,眼科用药 | 抗感染药 | 抗病毒药类,,,,https://www.yao86.com/%E8%A5%BF%E8%8D%AF/%E6%9B%B4%E6%98%94%E6%B4%9B%E9%9F%A6%E7%9C%BC%E8%86%8F,剂型或站点分类明确为局部外用药
already_present,12868,更昔洛韦胶囊,western,2,2,0.96,本品用于免疫损伤引起巨细胞病毒感染的患者。1、用于免疫功能损伤(包括艾滋病患者)发生的巨细胞病毒性视网膜炎的维持治疗。2、预防可能发生于器官移植受者的巨细胞病毒感染。3、预防晚期HIV感染患者的巨细胞病毒感染。,抗微生物药 | 抗病毒药,系统用抗病毒药 | 直接作用的抗病毒药 | 核苷类和核苷酸类药，逆转录酶抑制药除外,丽科乐,,,https://www.yao86.com/%E8%A5%BF%E8%8D%AF/%E6%9B%B4%E6%98%94%E6%B4%9B%E9%9F%A6%E8%83%B6%E5%9B%8A,站点药理或 ATC 分类明确为抗感染药
imported,13999,炔雌醇片,western,,14,0.96,1.补充雌激素不足，治疗女性性腺功能不良、闭经、更年期综合症等；2.用于晚期乳腺癌(绝经期后妇女)、晚期前列腺癌的治疗；3.与孕激素类药合用，能抑制排卵，可作避孕药。,抗肿瘤药 | 抗肿瘤激素类,性激素和生殖系统调节药 | 雌激素类 | 天然和半合成的雌激素类，单方,,,,https://www.yao86.com/%E8%A5%BF%E8%8D%AF/%E7%82%94%E9%9B%8C%E9%86%87%E7%89%87,站点药理或 ATC 分类明确为妇科用药
review_missing_efficacy,,复方炔诺孕酮滴丸,western,,14,0.96,,,性激素和生殖系统调节药 | 系统用激素类避孕药 | 孕激素和雌激素，固定复方,,,,https://www.yao86.com/%E8%A5%BF%E8%8D%AF/%E5%A4%8D%E6%96%B9%E7%82%94%E8%AF%BA%E5%AD%95%E9%85%AE%E6%BB%B4%E4%B8%B8,站点药理或 ATC 分类明确为妇科用药
already_present,12869,金栀咽喉袋泡茶,tcm,13,13,0.9,清热解毒，生津利咽。用于上焦风热所致的喉痹，症见咽喉疼痛，咽干喉痒，声音嘶哑；急性咽炎、急性喉炎(轻型)见上述症侯者。,清热剂 | 清热解毒,呼吸系统药物 | 咽喉疾病治疗药,,,,https://www.yao86.com/%E4%B8%AD%E6%88%90%E8%8D%AF/%E9%87%91%E6%A0%80%E5%92%BD%E5%96%89%E8%A2%8B%E6%B3%A1%E8%8C%B6,站点明确收录为中成药，未命中更具体项目类别
already_present,12870,金参润喉合剂,tcm,13,13,0.9,养阴生津，清热解毒，消痰散结，利咽止痛。用于咽喉疼痛，咽痒，异物感，以及慢性咽炎见上述症状者。,清热剂 | 清虚热,呼吸系统药物 | 咽喉疾病治疗药,,,,https://www.yao86.com/%E4%B8%AD%E6%88%90%E8%8D%AF/%E9%87%91%E5%8F%82%E6%B6%A6%E5%96%89%E5%90%88%E5%89%82,站点明确收录为中成药，未命中更具体项目类别
already_present,12871,金龙胶囊,tcm,13,13,0.9,破瘀散结，解郁通络。用于原发性肝癌血瘀郁结证，症见右胁下积块，胸胁疼痛，神疲乏力，腹胀，纳差等。,理血剂 | 化瘀消癥,肿瘤药物 | 抗肿瘤药,,,,https://www.yao86.com/%E4%B8%AD%E6%88%90%E8%8D%AF/%E9%87%91%E9%BE%99%E8%83%B6%E5%9B%8A,站点明确收录为中成药，未命中更具体项目类别
already_present,12872,金鸡片,tcm,14,14,0.96,清热解毒，健脾除湿，通络活血。用于湿热下注引起的带下量多。,祛湿剂 | 清热除湿,生殖泌尿系统药物 | 妇科用药 | 妇科炎症治疗药,,,,https://www.yao86.com/%E4%B8%AD%E6%88%90%E8%8D%AF/%E9%87%91%E9%B8%A1%E7%89%87,站点药理或 ATC 分类明确为妇科用药
already_present,12873,金鸡分散片,tcm,14,14,0.96,清热解毒，健脾除湿，通络活血。用于附件炎，子宫内膜炎，盆腔炎属湿热下注证者。,祛湿剂 | 清热除湿,生殖泌尿系统药物 | 妇科用药 | 妇科炎症治疗药,,,,https://www.yao86.com/%E4%B8%AD%E6%88%90%E8%8D%AF/%E9%87%91%E9%B8%A1%E5%88%86%E6%95%A3%E7%89%87,站点药理或 ATC 分类明确为妇科用药
already_present,12874,金鸡颗粒,tcm,14,14,0.96,清热解毒，健脾除湿，通络活血。用于附件炎，子宫内膜炎，盆腔炎属湿热下注证者。,祛湿剂 | 清热除湿,生殖泌尿系统药物 | 妇科用药 | 妇科炎症治疗药,,,,https://www.yao86.com/%E4%B8%AD%E6%88%90%E8%8D%AF/%E9%87%91%E9%B8%A1%E9%A2%97%E7%B2%92,站点药理或 ATC 分类明确为妇科用药
already_present,12875,金鸡丸,tcm,14,14,0.96,清热解毒，健脾除湿，通络活血。用于湿热下注引起的附件炎。,祛湿剂 | 清热除湿,生殖泌尿系统药物 | 妇科用药 | 妇科炎症治疗药,,,,https://www.yao86.com/%E4%B8%AD%E6%88%90%E8%8D%AF/%E9%87%91%E9%B8%A1%E4%B8%B8,站点药理或 ATC 分类明确为妇科用药
already_present,1719,金鸡胶囊,tcm,14,14,0.96,清热解毒，健脾除湿，通络活血。用于湿热下注引起的附件炎。,祛湿剂 | 清热除湿,生殖泌尿系统药物 | 妇科用药 | 妇科炎症治疗药,,,,https://www.yao86.com/%E4%B8%AD%E6%88%90%E8%8D%AF/%E9%87%91%E9%B8%A1%E8%83%B6%E5%9B%8A,保留数据库现有分类；站点药理或 ATC 分类明确为妇科用药
already_present,12876,金青解毒丸,tcm,0,0,0.94,辛凉解表，清热解毒.用于感冒发热，头痛咳嗽，咽喉疼痛.,解表剂 | 辛凉解表,呼吸系统药物 | 咳嗽和感冒用药,,,,https://www.yao86.com/%E4%B8%AD%E6%88%90%E8%8D%AF/%E9%87%91%E9%9D%92%E8%A7%A3%E6%AF%92%E4%B8%B8,站点药理分类明确为感冒或解表用药
already_present,12877,金栀洁龈含漱液,tcm,5,5,0.93,清热解毒，消肿止痛。适用于缓解牙龈、牙周及粘膜炎症所致的肿痛。,清热剂 | 清热解毒,消化系统与代谢药 | 口腔疾病药物 | 口腔炎症治疗药,,,,https://www.yao86.com/%E4%B8%AD%E6%88%90%E8%8D%AF/%E9%87%91%E6%A0%80%E6%B4%81%E9%BE%88%E5%90%AB%E6%BC%B1%E6%B6%B2,站点药理或 ATC 分类明确为胃肠消化用药
already_present,12878,金黄利胆胶囊,tcm,5,5,0.93,舒肝利胆，清热解毒。用于急、慢性胆囊炎属肝胆湿热证者。,祛湿剂 | 清热除湿,消化系统与代谢药 | 肝、胆疾病治疗药 | 胆病治疗药,,,,https://www.yao86.com/%E4%B8%AD%E6%88%90%E8%8D%AF/%E9%87%91%E9%BB%84%E5%88%A9%E8%83%86%E8%83%B6%E5%9B%8A,站点药理或 ATC 分类明确为胃肠消化用药
already_present,12879,金海清咽袋泡茶,tcm,13,13,0.9,疏风清热，生津利咽。适用于咽痛灼热，咽干不适症状的改善。,清热剂 | 清热解毒,呼吸系统药物 | 咽喉疾病治疗药,,,,https://www.yao86.com/%E4%B8%AD%E6%88%90%E8%8D%AF/%E9%87%91%E6%B5%B7%E6%B8%85%E5%92%BD%E8%A2%8B%E6%B3%A1%E8%8C%B6,站点明确收录为中成药，未命中更具体项目类别
already_present,12880,金玄利咽颗粒,tcm,13,13,0.9,清热解毒，宣肺利咽。用于缓解急慢性咽炎所致咽痛，咽干。,清热剂 | 清热解毒,呼吸系统药物 | 咽喉疾病治疗药,,,,https://www.yao86.com/%E4%B8%AD%E6%88%90%E8%8D%AF/%E9%87%91%E7%8E%84%E5%88%A9%E5%92%BD%E9%A2%97%E7%B2%92,站点明确收录为中成药，未命中更具体项目类别
already_present,12881,格列喹酮片,western,11,11,0.95,2型糖尿病(即非胰岛素依赖型糖尿病)。,激素及影响内分泌药 | 胰岛素及口服降血糖药,糖尿病用药 | 非胰岛素类降血糖药 | 磺胺类，脲衍生物,糖适平,,,https://www.yao86.com/%E8%A5%BF%E8%8D%AF/%E6%A0%BC%E5%88%97%E5%96%B9%E9%85%AE%E7%89%87,站点药理或 ATC 分类明确为慢性病长期用药
review_missing_efficacy,,格列喹酮分散片,western,,11,0.95,2型糖尿病。,激素及影响内分泌药 | 胰岛素及口服降血糖药,糖尿病用药 | 非胰岛素类降血糖药 | 磺胺类，脲衍生物,,,,https://www.yao86.com/%E8%A5%BF%E8%8D%AF/%E6%A0%BC%E5%88%97%E5%96%B9%E9%85%AE%E5%88%86%E6%95%A3%E7%89%87,站点药理或 ATC 分类明确为慢性病长期用药
already_present,12882,格列喹酮胶囊,western,11,11,0.95,本品用于2型糖尿病。,激素及影响内分泌药 | 胰岛素及口服降血糖药,糖尿病用药 | 非胰岛素类降血糖药 | 磺胺类，脲衍生物,,,,https://www.yao86.com/%E8%A5%BF%E8%8D%AF/%E6%A0%BC%E5%88%97%E5%96%B9%E9%85%AE%E8%83%B6%E5%9B%8A,站点药理或 ATC 分类明确为慢性病长期用药
already_present,12883,谷氨酸片,western,5,5,0.93,本品系肝昏迷和某些精神-神经系统疾病(如精神分裂症和癫痫小发作)治疗的辅助用药。,消化系统用药 | 肝病辅助治疗药,肝、胆疾病治疗药 | 肝病治疗药，抗脂肪肝药 | 肝病治疗药,,,,https://www.yao86.com/%E8%A5%BF%E8%8D%AF/%E8%B0%B7%E6%B0%A8%E9%85%B8%E7%89%87,站点药理或 ATC 分类明确为胃肠消化用药
review_missing_efficacy,,格列齐特片,western,,11,0.95,用于Ⅱ型糖尿病。,激素及影响内分泌药 | 胰岛素及口服降血糖药,糖尿病用药 | 非胰岛素类降血糖药 | 磺胺类，脲衍生物,,,,https://www.yao86.com/%E8%A5%BF%E8%8D%AF/%E6%A0%BC%E5%88%97%E9%BD%90%E7%89%B9%E7%89%87,站点药理或 ATC 分类明确为慢性病长期用药
review_missing_efficacy,,格列齐特片(Ⅱ),western,,11,0.95,用于Ⅱ型糖尿病。,激素及影响内分泌药 | 胰岛素及口服降血糖药,糖尿病用药 | 非胰岛素类降血糖药 | 磺胺类，脲衍生物,,,,https://www.yao86.com/%E8%A5%BF%E8%8D%AF/%E6%A0%BC%E5%88%97%E9%BD%90%E7%89%B9%E7%89%87%28%E2%85%A1%29,站点药理或 ATC 分类明确为慢性病长期用药
already_present,1643,格列齐特缓释片,western,11,11,0.95,用于单用饮食控制、运动治疗和减轻体重不足以控制血糖水平的成人2型糖尿病患者。,激素及影响内分泌药 | 胰岛素及口服降血糖药,糖尿病用药 | 非胰岛素类降血糖药 | 磺胺类，脲衍生物,,,,https://www.yao86.com/%E8%A5%BF%E8%8D%AF/%E6%A0%BC%E5%88%97%E9%BD%90%E7%89%B9%E7%BC%93%E9%87%8A%E7%89%87,保留数据库现有分类；站点药理或 ATC 分类明确为慢性病长期用药
already_present,12884,格列齐特缓释胶囊,western,11,11,0.95,当单用饮食疗法、运动治疗和减轻体重不足以控制血糖水平的成人2型糖尿病。,激素及影响内分泌药 | 胰岛素及口服降血糖药,糖尿病用药 | 非胰岛素类降血糖药 | 磺胺类，脲衍生物,,,,https://www.yao86.com/%E8%A5%BF%E8%8D%AF/%E6%A0%BC%E5%88%97%E9%BD%90%E7%89%B9%E7%BC%93%E9%87%8A%E8%83%B6%E5%9B%8A,站点药理或 ATC 分类明确为慢性病长期用药
already_present,12885,格列齐特胶囊,western,11,11,0.95,适用于经饮食控制及体育锻炼2-3个月疗效不满意的轻、中度2型糖尿病（非胰岛素依赖型糖尿病）患者，其胰岛B细胞有一定的分泌胰岛素功能，无急性并发症（感染、创伤、酮症酸中毒、高渗高糖性昏迷等），不合并妊娠，无严重的慢性并发症。,激素及影响内分泌药 | 胰岛素及口服降血糖药,糖尿病用药 | 非胰岛素类降血糖药 | 磺胺类，脲衍生物,,,,https://www.yao86.com/%E8%A5%BF%E8%8D%AF/%E6%A0%BC%E5%88%97%E9%BD%90%E7%89%B9%E8%83%B6%E5%9B%8A,站点药理或 ATC 分类明确为慢性病长期用药
review_missing_efficacy,,格列齐特分散片,western,,11,0.95,用于Ⅱ型糖尿病。,激素及影响内分泌药 | 胰岛素及口服降血糖药,糖尿病用药 | 非胰岛素类降血糖药 | 磺胺类，脲衍生物,弘旭阳,,,https://www.yao86.com/%E8%A5%BF%E8%8D%AF/%E6%A0%BC%E5%88%97%E9%BD%90%E7%89%B9%E5%88%86%E6%95%A3%E7%89%87,站点药理或 ATC 分类明确为慢性病长期用药
already_present,12886,胱氨酸片,western,5,5,0.93,用于产后和病后继发性脱发症、慢性肝炎的辅助治疗。,消化系统用药 | 肝病辅助治疗药,其它消化道和代谢药物 | 氨基酸与其衍生物,,,,https://www.yao86.com/%E8%A5%BF%E8%8D%AF/%E8%83%B1%E6%B0%A8%E9%85%B8%E7%89%87,站点药理或 ATC 分类明确为胃肠消化用药
review_unclassified,,甘露特钠胶囊,western,,,0.0,"用于轻度至中度阿尔茨海默病,改善患者认知功能。",神经系统用药 | 抗痴呆药,精神兴奋药 | 抗痴呆药 | 其它抗痴呆药,九期一,,,https://www.yao86.com/%E8%A5%BF%E8%8D%AF/%E7%94%98%E9%9C%B2%E7%89%B9%E9%92%A0%E8%83%B6%E5%9B%8A,站点分类无法可靠映射到项目现有类别
imported,14000,甘磷酰芥片,western,,14,0.96,目前主要局部外用治疗乳腺癌和子宫颈癌等的癌性溃疡有效。,抗肿瘤药 | 烷化剂,抗肿瘤药 | 烷基化剂 | 氮芥类,,,,https://www.yao86.com/%E8%A5%BF%E8%8D%AF/%E7%94%98%E7%A3%B7%E9%85%B0%E8%8A%A5%E7%89%87,站点药理或 ATC 分类明确为妇科用药
already_present,12887,桂美辛肠溶胶囊,western,3,3,0.94,用于急、慢性风湿性关节炎，类风湿关节炎、强直性脊柱以及其他炎症性疼痛。,镇痛、解热、抗炎、抗风湿、抗痛风药 | 解热镇痛、抗炎、抗风湿药,抗炎和抗风湿药 | 非甾体抗炎药和抗风湿药 | 乙酸衍生物与其相关药物,,,,https://www.yao86.com/%E8%A5%BF%E8%8D%AF/%E6%A1%82%E7%BE%8E%E8%BE%9B%E8%82%A0%E6%BA%B6%E8%83%B6%E5%9B%8A,站点药理或 ATC 分类明确为镇痛/抗炎药
already_present,12888,吲哚拉辛肠溶胶囊,western,3,3,0.94,本品适用于急慢性风湿性关节炎，类风湿关节炎，强直性脊柱炎，其它炎症性疼痛,镇痛、解热、抗炎、抗风湿、抗痛风药 | 解热镇痛、抗炎、抗风湿药,抗炎和抗风湿药 | 非甾体抗炎药和抗风湿药 | 乙酸衍生物与其相关药物,,,,https://www.yao86.com/%E8%A5%BF%E8%8D%AF/%E5%90%B2%E5%93%9A%E6%8B%89%E8%BE%9B%E8%82%A0%E6%BA%B6%E8%83%B6%E5%9B%8A,站点药理或 ATC 分类明确为镇痛/抗炎药
review_unclassified,,磷酸咯萘啶肠溶片,western,,,0.0,本品用于治疗脑型、凶险型及耐氯喹虫株所致的恶性疟，也用于治疗间日疟。,抗寄生虫病药 | 抗疟药,抗原虫药 | 抗疟药 | 其它抗疟药,,,,https://www.yao86.com/%E8%A5%BF%E8%8D%AF/%E7%A3%B7%E9%85%B8%E5%92%AF%E8%90%98%E5%95%B6%E8%82%A0%E6%BA%B6%E7%89%87,站点分类无法可靠映射到项目现有类别
already_present,12889,解毒散结胶囊,tcm,13,13,0.9,清热燥湿、泻火解毒、活血散结，适用于寻常性痤疮(肺胃热盛或兼胃肠湿热证)分级为Ⅰ～Ⅲ级，症见黑头粉刺、红色丘疹及浅表性小脓疱为主，或伴少量结节；新发生的炎性皮损肿痛；颜面油滑光亮，口干粘苦，大便秘结，尿黄；舌质红，苔黄腻或白，脉弦滑或滑数。,治疮疡剂 | 解毒消痤,呼吸系统药物 | 清热解毒药物,,,,https://www.yao86.com/%E4%B8%AD%E6%88%90%E8%8D%AF/%E8%A7%A3%E6%AF%92%E6%95%A3%E7%BB%93%E8%83%B6%E5%9B%8A,站点明确收录为中成药，未命中更具体项目类别
already_present,12890,橘红痰咳颗粒,tcm,1,1,0.95,理气祛痰，润肺止咳。用于感冒、咽喉炎引起的痰多咳嗽、气喘。,止咳平喘剂 | 止咳平喘,呼吸系统药物 | 咳嗽和感冒用药,,,,https://www.yao86.com/%E4%B8%AD%E6%88%90%E8%8D%AF/%E6%A9%98%E7%BA%A2%E7%97%B0%E5%92%B3%E9%A2%97%E7%B2%92,站点药理分类明确为止咳或祛痰药
already_present,12891,橘红痰咳泡腾片,tcm,1,1,0.95,理气祛痰，润肺止咳。用于感冒、支气管炎、咽喉炎引起的痰多咳嗽、气喘。,止咳平喘剂 | 止咳平喘,呼吸系统药物 | 咳嗽和感冒用药,,,,https://www.yao86.com/%E4%B8%AD%E6%88%90%E8%8D%AF/%E6%A9%98%E7%BA%A2%E7%97%B0%E5%92%B3%E6%B3%A1%E8%85%BE%E7%89%87,站点药理分类明确为止咳或祛痰药
reclassified_existing,12892,金水宝胶囊,tcm,13,14,0.96,补益肺肾、秘精益气。用于肺肾两虚，精气不足，久咳虚喘，神疲乏力，不寐健忘，腰膝痠软，月经不调，阳痿早泄；慢性支气管炎见上述证候者。,补益剂 | 补气,生殖泌尿系统药物 | 泌尿系统药物 | 补肾药物（勃起机能障碍用药）,,,,https://www.yao86.com/%E4%B8%AD%E6%88%90%E8%8D%AF/%E9%87%91%E6%B0%B4%E5%AE%9D%E8%83%B6%E5%9B%8A,站点药理或 ATC 分类明确为妇科用药
reclassified_existing,12893,金水宝片,tcm,13,14,0.96,补益肺肾，秘精益气。用于肺肾两虚，精气不足，久咳虚喘，神疲乏力，不寐健忘，腰膝痠软，月经不调，阳痿早泄；慢性支气管炎、慢性肾功能不全、高脂血症、肝硬化见上诉症候者。,补益剂 | 补气,生殖泌尿系统药物 | 泌尿系统药物 | 补肾药物（勃起机能障碍用药）,,,,https://www.yao86.com/%E4%B8%AD%E6%88%90%E8%8D%AF/%E9%87%91%E6%B0%B4%E5%AE%9D%E7%89%87,站点药理或 ATC 分类明确为妇科用药
already_present,12894,加减地黄丸,tcm,13,13,0.9,滋补肝肾。用于肝肾不足，头晕耳鸣，潮热。,补益剂 | 补阴,生殖泌尿系统药物 | 泌尿系统药物 | 补肾药物（勃起机能障碍用药）,,,,https://www.yao86.com/%E4%B8%AD%E6%88%90%E8%8D%AF/%E5%8A%A0%E5%87%8F%E5%9C%B0%E9%BB%84%E4%B8%B8,站点明确收录为中成药，未命中更具体项目类别
already_present,12895,九制豨莶草药酒,tcm,13,13,0.9,祛风利湿，通利关节，补肾活血，和调血脉。主治肝肾不足，骨痛膝弱，四肢麻痹，腰酸足软，口眼歪斜，语言蹇涩等症，于久痹体虚患者最宜。,祛湿剂 | 祛风胜湿,生殖泌尿系统药物 | 泌尿系统药物 | 补肾药物（勃起机能障碍用药）,,,,https://www.yao86.com/%E4%B8%AD%E6%88%90%E8%8D%AF/%E4%B9%9D%E5%88%B6%E8%B1%A8%E8%8E%B6%E8%8D%89%E8%8D%AF%E9%85%92,站点明确收录为中成药，未命中更具体项目类别
already_present,12896,橘红痰咳煎膏,tcm,1,1,0.95,理气祛痰，润肺止咳。用于感冒，咽喉炎引起的痰多咳嗽，气喘。,止咳平喘剂 | 止咳平喘,呼吸系统药物 | 咳嗽和感冒用药,,,,https://www.yao86.com/%E4%B8%AD%E6%88%90%E8%8D%AF/%E6%A9%98%E7%BA%A2%E7%97%B0%E5%92%B3%E7%85%8E%E8%86%8F,站点药理分类明确为止咳或祛痰药
already_present,12897,橘红痰咳液,tcm,1,1,0.95,理气化痰、润肺止咳。用于痰浊阻肺所致的咳嗽、气喘、痰多；感冒、支气管炎、咽喉炎见上述证候者。,止咳平喘剂 | 止咳平喘,呼吸系统药物 | 咳嗽和感冒用药,,,,https://www.yao86.com/%E4%B8%AD%E6%88%90%E8%8D%AF/%E6%A9%98%E7%BA%A2%E7%97%B0%E5%92%B3%E6%B6%B2,站点药理分类明确为止咳或祛痰药
already_present,12898,金花消痤颗粒,tcm,13,13,0.9,清热泻火，解毒消肿。用于肺胃热盛所致的痤疮(粉刺)，口舌生疮，胃火牙痛，咽喉肿痛，目赤，便秘，尿黄赤等症。,治疮疡剂 | 解毒消痤,皮肤病药物 | 抗痤疮药 | 系统用抗痤疮药,,,,https://www.yao86.com/%E4%B8%AD%E6%88%90%E8%8D%AF/%E9%87%91%E8%8A%B1%E6%B6%88%E7%97%A4%E9%A2%97%E7%B2%92,站点明确收录为中成药，未命中更具体项目类别
already_present,12899,金花消痤丸,tcm,13,13,0.9,清热泻火，解毒消肿。用于肺胃热盛所致的痤疮，粉刺，口舌生疮，胃火牙痛，咽喉肿痛，目赤，便秘，尿黄赤。,治疮疡剂 | 解毒消痤,皮肤病药物 | 抗痤疮药 | 系统用抗痤疮药,,,,https://www.yao86.com/%E4%B8%AD%E6%88%90%E8%8D%AF/%E9%87%91%E8%8A%B1%E6%B6%88%E7%97%A4%E4%B8%B8,站点明确收录为中成药，未命中更具体项目类别
already_present,12900,金乌骨通胶囊,tcm,3,3,0.94,苗医：维象样丢象，泱安档蒙：僵是风，稿计凋嘎边蒙。中医：滋补肝肾，祛风除湿，活血通络。用于肝肾不足，风寒湿痹、骨质疏松、骨质增生引起的腰酸腿痛、肢体麻木等症。,祛湿剂 | 祛风胜湿,肌肉-骨骼系统药物 | 抗炎和抗风湿药,,,,https://www.yao86.com/%E4%B8%AD%E6%88%90%E8%8D%AF/%E9%87%91%E4%B9%8C%E9%AA%A8%E9%80%9A%E8%83%B6%E5%9B%8A,站点药理或 ATC 分类明确为镇痛/抗炎药
already_present,12901,健肝灵胶囊,tcm,5,5,0.93,益气健脾，活血化瘀；具有降低谷丙转氨酶的作用。用于急性、迁延性、慢性肝炎。,理血剂 | 益气活血,消化系统与代谢药 | 肝、胆疾病治疗药 | 肝病治疗药,,,,https://www.yao86.com/%E4%B8%AD%E6%88%90%E8%8D%AF/%E5%81%A5%E8%82%9D%E7%81%B5%E8%83%B6%E5%9B%8A,站点药理或 ATC 分类明确为胃肠消化用药
already_present,12902,健肝灵片,tcm,5,5,0.93,益气健脾，活血化瘀；具有降低丙氨酸氨基转氨酶的作用。用于急性、慢性肝炎。,理血剂 | 益气活血,消化系统与代谢药 | 肝、胆疾病治疗药 | 肝病治疗药,,,,https://www.yao86.com/%E4%B8%AD%E6%88%90%E8%8D%AF/%E5%81%A5%E8%82%9D%E7%81%B5%E7%89%87,站点药理或 ATC 分类明确为胃肠消化用药
already_present,12903,食母生片,western,5,5,0.96,用于防治维生素B族缺乏症，也可用于食欲缺乏、消化不良的辅助治疗。,消化系统用药 | 助消化药,止泻药、肠道抗炎、抗感染药 | 止泻的微生物,,,,https://www.yao86.com/%E8%A5%BF%E8%8D%AF/%E9%A3%9F%E6%AF%8D%E7%94%9F%E7%89%87,站点分类明确为止泻或肠道吸附药
already_present,12904,干酵母片,western,7,7,0.96,用于营养不良、消化不良、食欲缺乏及B族维生素缺乏症。,消化系统用药 | 助消化药,维生素类 | 其它维生素药品，复方 | 维生素，其它复方,,,,https://www.yao86.com/%E8%A5%BF%E8%8D%AF/%E5%B9%B2%E9%85%B5%E6%AF%8D%E7%89%87,站点药理或 ATC 分类明确为维生素/矿物质
already_present,12905,盐酸胍甲环素胶囊,western,2,2,0.96,用于敏感菌引起的呼吸系统感染。,抗微生物药 | 四环素类,系统用抗细菌药 | 四环素类,胍美沙林,,,https://www.yao86.com/%E8%A5%BF%E8%8D%AF/%E7%9B%90%E9%85%B8%E8%83%8D%E7%94%B2%E7%8E%AF%E7%B4%A0%E8%83%B6%E5%9B%8A,站点药理或 ATC 分类明确为抗感染药
already_present,12906,氢溴酸高乌甲素片,western,3,3,0.94,用于中度以上疼痛。,镇痛、解热、抗炎、抗风湿、抗痛风药 | 镇痛药,镇痛药 | 阿片碱类 | 其它生物碱类,,,,https://www.yao86.com/%E8%A5%BF%E8%8D%AF/%E6%B0%A2%E6%BA%B4%E9%85%B8%E9%AB%98%E4%B9%8C%E7%94%B2%E7%B4%A0%E7%89%87,站点药理或 ATC 分类明确为镇痛/抗炎药
already_present,12907,高乌甲素贴片,western,3,3,0.94,长效镇痛药，适用于手术后疼痛，恶性肿瘤疼痛，风湿痛。,镇痛、解热、抗炎、抗风湿、抗痛风药 | 镇痛药,镇痛药 | 阿片碱类 | 其它生物碱类,蝶蝶宁,,,https://www.yao86.com/%E8%A5%BF%E8%8D%AF/%E9%AB%98%E4%B9%8C%E7%94%B2%E7%B4%A0%E8%B4%B4%E7%89%87,站点药理或 ATC 分类明确为镇痛/抗炎药
already_present,12908,葛根素滴眼液,western,9,9,0.94,治疗原发性开角青光眼、高眼压症、原发性闭觉型青光眼、继发性青光眼。,眼科用药 | 青光眼用药,眼科用药 | 抗青光眼药和缩瞳药 | 其它抗青光眼药,,,,https://www.yao86.com/%E8%A5%BF%E8%8D%AF/%E8%91%9B%E6%A0%B9%E7%B4%A0%E6%BB%B4%E7%9C%BC%E6%B6%B2,剂型或站点分类明确为局部外用药
already_present,12909,筋骨草胶囊,tcm,1,1,0.95,清热解毒，止咳，祛痰，平喘。用于急、慢性支气管炎、肺脓疡。,止咳平喘剂 | 止咳平喘,呼吸系统药物 | 咳嗽和感冒用药,,,,https://www.yao86.com/%E4%B8%AD%E6%88%90%E8%8D%AF/%E7%AD%8B%E9%AA%A8%E8%8D%89%E8%83%B6%E5%9B%8A,站点药理分类明确为止咳或祛痰药
already_present,12910,筋骨草片,tcm,1,1,0.95,本品清热解毒，止咳，祛痰，平喘。用于急、慢性支气管炎，肺脓疡。,止咳平喘剂 | 止咳平喘,呼吸系统药物 | 咳嗽和感冒用药,,,,https://www.yao86.com/%E4%B8%AD%E6%88%90%E8%8D%AF/%E7%AD%8B%E9%AA%A8%E8%8D%89%E7%89%87,站点药理分类明确为止咳或祛痰药
already_present,12911,金菌灵片,tcm,13,13,0.9,调补气血，扶正固本。用于癌症、慢性肝炎的辅助治疗。,补益剂 | 气血双补,肿瘤药物 | 肿瘤辅助药物,,,,https://www.yao86.com/%E4%B8%AD%E6%88%90%E8%8D%AF/%E9%87%91%E8%8F%8C%E7%81%B5%E7%89%87,站点明确收录为中成药，未命中更具体项目类别
already_present,12912,金菌灵胶囊,tcm,13,13,0.9,调补气血，扶正固本。用于胃炎，慢性肝炎，神经性皮炎及癌症病人的辅助治疗。,补益剂 | 气血双补,肿瘤药物 | 肿瘤辅助药物,,,,https://www.yao86.com/%E4%B8%AD%E6%88%90%E8%8D%AF/%E9%87%91%E8%8F%8C%E7%81%B5%E8%83%B6%E5%9B%8A,站点明确收录为中成药，未命中更具体项目类别
already_present,12913,救尔心胶囊,tcm,12,12,0.95,活血通脉，化瘀生新。用于冠心病，心绞痛。,理血剂 | 活血化瘀,心脑血管与血液系统药物 | 心血管疾病治疗药,,,,https://www.yao86.com/%E4%B8%AD%E6%88%90%E8%8D%AF/%E6%95%91%E5%B0%94%E5%BF%83%E8%83%B6%E5%9B%8A,站点药理或 ATC 分类明确为心脑血管用药
already_present,12914,季德胜蛇药片,tcm,13,13,0.9,清热解毒，消肿止痛。用于毒蛇、毒虫咬伤。,治疮疡剂 | 解毒消肿,,,,,https://www.yao86.com/%E4%B8%AD%E6%88%90%E8%8D%AF/%E5%AD%A3%E5%BE%B7%E8%83%9C%E8%9B%87%E8%8D%AF%E7%89%87,站点明确收录为中成药，未命中更具体项目类别
already_present,12915,解表追风丸,tcm,3,3,0.94,祛风解表，健胃和中。用于体虚有风，头晕头痛，不思饮食，胸腹满闷，产妇风气。,治风剂 | 疏散外风,神经系统药物 | 镇痛药 | 抗偏头痛药,,,,https://www.yao86.com/%E4%B8%AD%E6%88%90%E8%8D%AF/%E8%A7%A3%E8%A1%A8%E8%BF%BD%E9%A3%8E%E4%B8%B8,站点药理或 ATC 分类明确为镇痛/抗炎药
already_present,12916,健康补脾丸,tcm,5,5,0.93,健脾利湿。用于臌症后期脾胃虚弱，食欲不振，湿热黄疸，小便不利。注：臌症腹水消除后；服此药补脾。,祛湿剂 | 利水渗湿,消化系统与代谢药 | 提升食欲、促消化药,,,,https://www.yao86.com/%E4%B8%AD%E6%88%90%E8%8D%AF/%E5%81%A5%E5%BA%B7%E8%A1%A5%E8%84%BE%E4%B8%B8,站点药理或 ATC 分类明确为胃肠消化用药
already_present,12917,九气拈痛丸,tcm,14,14,0.96,理气，活血，止痛。用于气滞血瘀导致的胸胁胀满疼痛、痛经。,理气剂 | 理气疏肝,生殖泌尿系统药物 | 妇科用药 | 调经药物,,,,https://www.yao86.com/%E4%B8%AD%E6%88%90%E8%8D%AF/%E4%B9%9D%E6%B0%94%E6%8B%88%E7%97%9B%E4%B8%B8,站点药理或 ATC 分类明确为妇科用药
reclassified_existing,12918,九气拈痛胶囊,tcm,13,14,0.96,理气、活血、止痛。用于气滞血瘀导致的胸胁胀满疼痛，痛经。,理气剂 | 理气疏肝,肌肉-骨骼系统药物 | 关节和肌肉疼痛局部用药,,,,https://www.yao86.com/%E4%B8%AD%E6%88%90%E8%8D%AF/%E4%B9%9D%E6%B0%94%E6%8B%88%E7%97%9B%E8%83%B6%E5%9B%8A,站点药理或 ATC 分类明确为妇科用药
reclassified_existing,12919,磺胺甲噁唑片,western,2,14,0.96,磺胺类药属广谱抗菌药，但由于目前许多临床常见病原菌对该类药物耐药，故仅用于敏感细菌及其他敏感病原微生物所致感染。磺胺甲噁唑（不包括该类药与甲氧苄啶的复方制剂）的适应症为：1.敏感细菌所致的急性单纯性尿路感染。2.与甲氧苄啶合用可治疗对其敏感的流感嗜血杆菌、肺炎链球菌和其他链球菌所致的中耳炎。3.星形奴卡菌病。4.对氯喹耐药的恶性疟疾治疗的辅助用药。5.与乙胺嘧啶联合用药治疗鼠弓形虫引起的弓形虫病。6.为治疗沙眼衣原体所致宫颈炎和尿道炎的次选药物。7.治疗杜克雷嗜血杆菌所致软下疳的次选药物。8.治疗由沙眼衣,抗寄生虫病药 | 抗弓形虫药,系统用抗细菌药 | 磺胺类和甲氧苄啶 | 中效磺胺类,,,,https://www.yao86.com/%E8%A5%BF%E8%8D%AF/%E7%A3%BA%E8%83%BA%E7%94%B2%E5%99%81%E5%94%91%E7%89%87,站点药理或 ATC 分类明确为妇科用药
already_present,12920,磺胺嘧啶锌软膏,western,9,9,0.96,本品适用于预防及治疗Ⅱ、Ⅲ度烧伤继发创面感染，包括对该药呈现敏感的肠杆菌科细菌、铜绿假单胞菌、金黄色葡萄球菌、肠球菌属，念珠菌等真菌所致者。,抗微生物药 | 磺胺类,皮肤病用抗生素和化学治疗药物 | 局部用化疗药 | 磺胺类,,,,https://www.yao86.com/%E8%A5%BF%E8%8D%AF/%E7%A3%BA%E8%83%BA%E5%98%A7%E5%95%B6%E9%94%8C%E8%BD%AF%E8%86%8F,外用剂型且站点 ATC 分类明确为皮肤局部用药
already_present,12921,磺胺嘧啶软膏,western,9,9,0.96,用于疮疖化脓、溃烂皮肤擦伤等症。,抗微生物药 | 磺胺类,皮肤病用抗生素和化学治疗药物 | 局部用化疗药 | 磺胺类,,,,https://www.yao86.com/%E8%A5%BF%E8%8D%AF/%E7%A3%BA%E8%83%BA%E5%98%A7%E5%95%B6%E8%BD%AF%E8%86%8F,外用剂型且站点 ATC 分类明确为皮肤局部用药
reclassified_existing,12922,磺胺嘧啶片,western,2,14,0.96,"磺胺类药属广谱抗菌药，但由于目前许多临床常见病原菌对该类药物耐药,故仅用于敏感细菌及其他敏感病原微生物所致的感染。磺胺嘧啶（不包括该类药与甲氧苄啶的复方制剂）的适应症为（1）敏感脑膜炎球菌所致的流行性脑脊髓膜炎的治疗和预防。（2）与甲氧苄啶合用可治疗对其敏感的流感嗜血杆菌、肺炎链球菌和其他链球菌所致的中耳炎及皮肤软组织等感染。（3）星形奴卡菌病。（4）对氯喹耐药的恶性疟疾治疗的辅助用药。（5）治疗由沙眼衣原体所致的宫颈炎和尿道炎的次选药物。（6）治疗由沙眼衣原体所致的新生儿包涵体结膜炎的次选药物。",抗微生物药 | 磺胺类,系统用抗细菌药 | 磺胺类和甲氧苄啶 | 中效磺胺类,,,,https://www.yao86.com/%E8%A5%BF%E8%8D%AF/%E7%A3%BA%E8%83%BA%E5%98%A7%E5%95%B6%E7%89%87,站点药理或 ATC 分类明确为妇科用药
already_present,12923,磺胺嘧啶混悬液,western,2,2,0.96,用于溶血性链球菌、脑膜炎球菌、肺炎球菌等感染。,抗微生物药 | 磺胺类,系统用抗细菌药 | 磺胺类和甲氧苄啶 | 中效磺胺类,,,,https://www.yao86.com/%E8%A5%BF%E8%8D%AF/%E7%A3%BA%E8%83%BA%E5%98%A7%E5%95%B6%E6%B7%B7%E6%82%AC%E6%B6%B2,站点药理或 ATC 分类明确为抗感染药
review_missing_efficacy,,小儿复方磺胺嘧啶散,western,,2,0.96,用于肠炎、痢疾。,抗微生物药 | 磺胺类,系统用抗细菌药 | 磺胺类和甲氧苄啶 | 中效磺胺类,,,,https://www.yao86.com/%E8%A5%BF%E8%8D%AF/%E5%B0%8F%E5%84%BF%E5%A4%8D%E6%96%B9%E7%A3%BA%E8%83%BA%E5%98%A7%E5%95%B6%E6%95%A3,站点药理或 ATC 分类明确为抗感染药
already_present,12924,磺胺嘧啶眼膏,western,9,9,0.94,沙眼、结膜炎、眼内敏感菌感染等。,抗微生物药 | 磺胺类,眼科用药 | 抗感染药 | 磺胺类,,,,https://www.yao86.com/%E8%A5%BF%E8%8D%AF/%E7%A3%BA%E8%83%BA%E5%98%A7%E5%95%B6%E7%9C%BC%E8%86%8F,剂型或站点分类明确为局部外用药
review_missing_efficacy,,磺胺嘧啶速释片,western,,2,0.96,,,系统用抗细菌药 | 磺胺类和甲氧苄啶 | 中效磺胺类,,,,https://www.yao86.com/%E8%A5%BF%E8%8D%AF/%E7%A3%BA%E8%83%BA%E5%98%A7%E5%95%B6%E9%80%9F%E9%87%8A%E7%89%87,站点药理或 ATC 分类明确为抗感染药
review_missing_efficacy,,琥珀酸曲格列汀片,western,,11,0.95,,,糖尿病用药 | 非胰岛素类降血糖药 | 二肽基肽酶4(DPP-4)抑制剂,,,,https://www.yao86.com/%E8%A5%BF%E8%8D%AF/%E7%90%A5%E7%8F%80%E9%85%B8%E6%9B%B2%E6%A0%BC%E5%88%97%E6%B1%80%E7%89%87,站点药理或 ATC 分类明确为慢性病长期用药
review_missing_efficacy,,琥珀酸瑞波西利片,western,,,0.0,,,抗肿瘤药 | 蛋白激酶抑制剂 | 细胞周期蛋白依赖性激酶(CDK)抑制剂,,,,https://www.yao86.com/%E8%A5%BF%E8%8D%AF/%E7%90%A5%E7%8F%80%E9%85%B8%E7%91%9E%E6%B3%A2%E8%A5%BF%E5%88%A9%E7%89%87,站点分类无法可靠映射到项目现有类别
review_missing_efficacy,,琥珀酸莫博赛替尼胶囊,western,,,0.0,,,抗肿瘤药 | 蛋白激酶抑制剂 | 表皮生长因子受体(EGFR)酪氨酸激酶抑制剂,,,,https://www.yao86.com/%E8%A5%BF%E8%8D%AF/%E7%90%A5%E7%8F%80%E9%85%B8%E8%8E%AB%E5%8D%9A%E8%B5%9B%E6%9B%BF%E5%B0%BC%E8%83%B6%E5%9B%8A,站点分类无法可靠映射到项目现有类别
review_unclassified,,琥珀酸亚铁缓释片,western,,,0.0,抗贫血药，用于预防及治疗缺铁性贫血。,血液系统用药 | 抗贫血药,抗贫血药 | 铁制剂 | 口服二价铁制剂,速力菲,,,https://www.yao86.com/%E8%A5%BF%E8%8D%AF/%E7%90%A5%E7%8F%80%E9%85%B8%E4%BA%9A%E9%93%81%E7%BC%93%E9%87%8A%E7%89%87,站点分类无法可靠映射到项目现有类别
review_unclassified,,琥珀酸亚铁片,western,,,0.0,用于缺铁性贫血的预防和治疗。,血液系统用药 | 抗贫血药,抗贫血药 | 铁制剂 | 口服二价铁制剂,,,,https://www.yao86.com/%E8%A5%BF%E8%8D%AF/%E7%90%A5%E7%8F%80%E9%85%B8%E4%BA%9A%E9%93%81%E7%89%87,站点分类无法可靠映射到项目现有类别
review_unclassified,,琥珀酸亚铁颗粒,western,,,0.0,本品用于缺铁性贫血的预防及治疗。,血液系统用药 | 抗贫血药,抗贫血药 | 铁制剂 | 口服二价铁制剂,速力菲,,,https://www.yao86.com/%E8%A5%BF%E8%8D%AF/%E7%90%A5%E7%8F%80%E9%85%B8%E4%BA%9A%E9%93%81%E9%A2%97%E7%B2%92,站点分类无法可靠映射到项目现有类别
already_present,12925,环丝氨酸胶囊,western,2,2,0.96,本品适用于对该药敏感的结核菌引起的且经一线抗结核药(如链霉素、异烟肼、利福平和乙胺丁醇)治疗效果不佳的活动性肺结核和肺外结核(包括肾结核)的治疗。与其它抗结核药类似，本品应与其他药物联合使用，不建议单独用药。本品还可用于敏感革兰阳性和革兰阴性菌，特别是肠杆菌属和大肠埃希菌引起的急性尿路感染的治疗。一般而言，本品对非分支杆菌性细菌引起的尿道感染的疗效比其他传统抗菌药弱，仅当传统药物治疗无效且确认对本品敏感时方可考虑使用本品。,抗微生物药 | 抗结核病药,抗分枝杆菌药 | 顿挫性结核治疗用药 | 抗生素类,,,,https://www.yao86.com/%E8%A5%BF%E8%8D%AF/%E7%8E%AF%E4%B8%9D%E6%B0%A8%E9%85%B8%E8%83%B6%E5%9B%8A,站点药理或 ATC 分类明确为抗感染药
already_present,12926,环吡酮胺乳膏,western,9,9,0.96,用于浅部皮肤真菌感染，如体、股癣，手、足癣(尤其是角化增厚型)，花斑癣，皮肤念珠菌病，也适用于甲癣。,抗微生物药 | 抗真菌药,皮肤病用抗真菌药 | 局部用抗真菌药 | 局部用其它抗真菌药,,,,https://www.yao86.com/%E8%A5%BF%E8%8D%AF/%E7%8E%AF%E5%90%A1%E9%85%AE%E8%83%BA%E4%B9%B3%E8%86%8F,外用剂型且站点 ATC 分类明确为皮肤局部用药
already_present,12927,环吡酮胺阴道栓,western,14,14,0.96,用于念珠菌性外阴阴道病。,妇产科用药 | 其他妇产科用药,妇科用抗感染药和灭菌药 | 抗感染药和灭菌药，与皮质甾体激素类的复方除外 | 其它抗感染药和灭菌药,,,,https://www.yao86.com/%E8%A5%BF%E8%8D%AF/%E7%8E%AF%E5%90%A1%E9%85%AE%E8%83%BA%E9%98%B4%E9%81%93%E6%A0%93,站点药理或 ATC 分类明确为妇科用药
review_missing_efficacy,,环吡酮胺阴道软膏,western,,14,0.96,,,妇科用抗感染药和灭菌药 | 抗感染药和灭菌药，与皮质甾体激素类的复方除外 | 其它抗感染药和灭菌药,,,,https://www.yao86.com/%E8%A5%BF%E8%8D%AF/%E7%8E%AF%E5%90%A1%E9%85%AE%E8%83%BA%E9%98%B4%E9%81%93%E8%BD%AF%E8%86%8F,站点药理或 ATC 分类明确为妇科用药
already_present,12928,筋骨止痛膏,tcm,13,13,0.9,舒筋活血，搜风散寒。用于筋骨麻木，腰腿臂痛，跌打损伤。,理血剂 | 疗伤止痛,肌肉-骨骼系统药物 | 关节和肌肉疼痛局部用药,,,,https://www.yao86.com/%E4%B8%AD%E6%88%90%E8%8D%AF/%E7%AD%8B%E9%AA%A8%E6%AD%A2%E7%97%9B%E8%86%8F,站点明确收录为中成药，未命中更具体项目类别
already_present,12929,筋骨止痛凝胶,tcm,9,9,0.94,活血理气，祛风除湿，通络止痛。用于膝骨关节炎肾虚筋脉瘀滞证的症状改善，症见膝关节轻中度疼痛、僵硬、活动不利，腰膝酸软，舌质偏红或边有积斑苔薄白，脉弦或滑。,理血剂 | 疗伤止痛,肌肉-骨骼系统药物 | 关节和肌肉疼痛局部用药,,,,https://www.yao86.com/%E4%B8%AD%E6%88%90%E8%8D%AF/%E7%AD%8B%E9%AA%A8%E6%AD%A2%E7%97%9B%E5%87%9D%E8%83%B6,剂型或站点分类明确为局部外用药
already_present,12930,结石康胶囊,tcm,13,13,0.9,清热利湿，益气活血，利尿排石。用于肾、输尿管或膀胱的小结石(结石横径≤1.0cm，纵径≤1.8cm)，或是肾输尿管结石经过体外碎石后，粉碎之结石在肾、输尿管内结集凝结成团块状或条索状不能自排，中医辨证属于湿、热蕴结兼气滞血瘀证者。症见腰腹疼痛、排尿困难、小便淋漓不尽、尿血。,理血剂 | 益气活血,生殖泌尿系统药物 | 泌尿系统药物 | 尿结石药物,,,,https://www.yao86.com/%E4%B8%AD%E6%88%90%E8%8D%AF/%E7%BB%93%E7%9F%B3%E5%BA%B7%E8%83%B6%E5%9B%8A,站点明确收录为中成药，未命中更具体项目类别
already_present,1713,加味益母草膏,tcm,14,14,0.96,养血调经。用于月经不调，经量少。,理血剂 | 理血调经,生殖泌尿系统药物 | 妇科用药 | 调经药物,,,,https://www.yao86.com/%E4%B8%AD%E6%88%90%E8%8D%AF/%E5%8A%A0%E5%91%B3%E7%9B%8A%E6%AF%8D%E8%8D%89%E8%86%8F,保留数据库现有分类；站点药理或 ATC 分类明确为妇科用药
already_present,12931,四物益母丸,tcm,14,14,0.96,补血，活血，调经。用于血虚血滞，月经不调。,理血剂 | 理血调经,生殖泌尿系统药物 | 妇科用药 | 调经药物,,,,https://www.yao86.com/%E4%B8%AD%E6%88%90%E8%8D%AF/%E5%9B%9B%E7%89%A9%E7%9B%8A%E6%AF%8D%E4%B8%B8,站点药理或 ATC 分类明确为妇科用药
already_present,1673,绞股蓝总甙片,tcm,12,12,0.9,养心健脾，益气和血，除痰化瘀，降血脂。用于高血脂症，见有心悸气短、胸闷肢麻、眩晕头痛、健忘耳鸣、自汗乏力或脘腹胀满等心脾气虚，痰阻血瘀者。,理血剂 | 益气活血,,,,,https://www.yao86.com/%E4%B8%AD%E6%88%90%E8%8D%AF/%E7%BB%9E%E8%82%A1%E8%93%9D%E6%80%BB%E7%94%99%E7%89%87,保留数据库现有分类；站点明确收录为中成药，未命中更具体项目类别
already_present,12932,绞股蓝总苷分散片,tcm,11,11,0.95,降血脂，养心健脾，益气和血，除痰化瘀。用于高血脂症，见有心悸气短、胸闷肢麻、眩晕头痛、健忘耳鸣、自汗乏力或脘腹胀满等心脾气虚，痰阻血瘀者。,理血剂 | 益气活血,心脑血管与血液系统药物 | 血脂调节剂,,,,https://www.yao86.com/%E4%B8%AD%E6%88%90%E8%8D%AF/%E7%BB%9E%E8%82%A1%E8%93%9D%E6%80%BB%E8%8B%B7%E5%88%86%E6%95%A3%E7%89%87,站点药理或 ATC 分类明确为慢性病长期用药
already_present,12933,绞股蓝总甙软胶囊,tcm,13,13,0.9,养心健脾，益气活血，除痰化瘀，降血脂。适用于高血脂症，见有心悸气短，胸闷肢麻，眩晕头痛，健忘耳鸣，自汗乏力或脘腹胀满等心脾气虚，痰阻血瘀者。,理血剂 | 益气活血,,,,,https://www.yao86.com/%E4%B8%AD%E6%88%90%E8%8D%AF/%E7%BB%9E%E8%82%A1%E8%93%9D%E6%80%BB%E7%94%99%E8%BD%AF%E8%83%B6%E5%9B%8A,站点明确收录为中成药，未命中更具体项目类别
already_present,12934,绞股蓝总苷颗粒,tcm,11,11,0.95,养心健脾，益气和血，除痰化瘀，降血脂。用于高血脂症，见有心悸气短，胸闷肢麻，眩晕头痛，健忘耳鸣，自汗乏力或脘腹胀满等心脾气虚，痰阻血瘀者。,理血剂 | 益气活血,心脑血管与血液系统药物 | 血脂调节剂,,,,https://www.yao86.com/%E4%B8%AD%E6%88%90%E8%8D%AF/%E7%BB%9E%E8%82%A1%E8%93%9D%E6%80%BB%E8%8B%B7%E9%A2%97%E7%B2%92,站点药理或 ATC 分类明确为慢性病长期用药
already_present,12935,绞股蓝总苷胶囊,tcm,11,11,0.95,养心健脾，益气活血，除痰化瘀，降血脂。适用于高血脂症，见有心悸气短，胸闷肢麻，眩晕头痛，健忘耳鸣，自汗乏力或脘腹胀满等心脾气虚，痰阻血瘀者。,理血剂 | 益气活血,心脑血管与血液系统药物 | 血脂调节剂,,,,https://www.yao86.com/%E4%B8%AD%E6%88%90%E8%8D%AF/%E7%BB%9E%E8%82%A1%E8%93%9D%E6%80%BB%E8%8B%B7%E8%83%B6%E5%9B%8A,站点药理或 ATC 分类明确为慢性病长期用药
already_present,12936,绞股蓝总甙胶囊,tcm,13,13,0.9,益气健脾，祛痰降脂。用于高血脂症。,理血剂 | 益气活血,,,,,https://www.yao86.com/%E4%B8%AD%E6%88%90%E8%8D%AF/%E7%BB%9E%E8%82%A1%E8%93%9D%E6%80%BB%E7%94%99%E8%83%B6%E5%9B%8A,站点明确收录为中成药，未命中更具体项目类别
already_present,12937,绞股蓝总苷滴丸,tcm,11,11,0.95,养心健脾，益气和血，除痰化瘀；适用于高血脂症，见有心悸气短，胸闷肢麻，眩晕头痛，健忘耳鸣，自汗乏力，或脘腹胀满等心脾气虚、痰阻血瘀者。,理血剂 | 益气活血,心脑血管与血液系统药物 | 血脂调节剂,,,,https://www.yao86.com/%E4%B8%AD%E6%88%90%E8%8D%AF/%E7%BB%9E%E8%82%A1%E8%93%9D%E6%80%BB%E8%8B%B7%E6%BB%B4%E4%B8%B8,站点药理或 ATC 分类明确为慢性病长期用药
already_present,12938,降浊颗粒,tcm,11,11,0.95,祛湿降浊。用于湿浊内阻型高血脂症的辅助治疗。,祛痰剂 | 化痰降脂,心脑血管与血液系统药物 | 血脂调节剂,,,,https://www.yao86.com/%E4%B8%AD%E6%88%90%E8%8D%AF/%E9%99%8D%E6%B5%8A%E9%A2%97%E7%B2%92,站点药理或 ATC 分类明确为慢性病长期用药
already_present,12939,寄生追风液,tcm,3,3,0.94,补肝肾，祛风湿，止痹痛。用于肝肾两亏，风寒湿痹，腰膝冷痛，腿足屈伸不利所致的慢性风湿性关节炎，腰肌劳损，跌打损伤后期具上述症状者。,治风剂 | 祛风止痛,肌肉-骨骼系统药物 | 抗炎和抗风湿药,,,,https://www.yao86.com/%E4%B8%AD%E6%88%90%E8%8D%AF/%E5%AF%84%E7%94%9F%E8%BF%BD%E9%A3%8E%E6%B6%B2,站点药理或 ATC 分类明确为镇痛/抗炎药
already_present,12940,君歧肠胃合剂,tcm,5,5,0.93,益气健脾，消食和胃。用于脾胃气虚所致的神疲乏力，食少腹胀，大便稀溏；胃肠功能紊乱，药源性肠菌群失调见上述证候者。,消食剂 | 健脾消食,消化系统与代谢药 | 肠道疾病相关药物,,,,https://www.yao86.com/%E4%B8%AD%E6%88%90%E8%8D%AF/%E5%90%9B%E6%AD%A7%E8%82%A0%E8%83%83%E5%90%88%E5%89%82,站点药理或 ATC 分类明确为胃肠消化用药
already_present,1641,津力达颗粒,tcm,11,11,0.95,益气养阴，健脾运津。用于2型糖尿病气阴两虚证，症见：口渴多饮，消谷易饥，尿多，形体渐瘦，倦怠乏力，自汗盗汗，五心烦热，便秘等。,补益剂 | 益气养阴,消化系统与代谢药 | 糖尿病药物,,,,https://www.yao86.com/%E4%B8%AD%E6%88%90%E8%8D%AF/%E6%B4%A5%E5%8A%9B%E8%BE%BE%E9%A2%97%E7%B2%92,保留数据库现有分类；站点药理或 ATC 分类明确为慢性病长期用药
already_present,12941,津力达口服液,tcm,11,11,0.95,益气养阴，健脾运津。用于II型糖尿病气阴两虚证，症见：口渴多饮，消谷易饥，尿多，形体渐瘦，倦怠乏力，自汗盗汗，五心烦热，便秘等。,补益剂 | 益气养阴,消化系统与代谢药 | 糖尿病药物,,,,https://www.yao86.com/%E4%B8%AD%E6%88%90%E8%8D%AF/%E6%B4%A5%E5%8A%9B%E8%BE%BE%E5%8F%A3%E6%9C%8D%E6%B6%B2,站点药理或 ATC 分类明确为慢性病长期用药
already_present,12942,金明和胃胶囊,tcm,5,5,0.93,理气和胃，清热止痛。用于肝胃郁热之胃脘疼痛，泛酸等症的辅助治疗。,清热剂 | 清脏腑热,消化系统与代谢药 | 胃病相关药物,,,,https://www.yao86.com/%E4%B8%AD%E6%88%90%E8%8D%AF/%E9%87%91%E6%98%8E%E5%92%8C%E8%83%83%E8%83%B6%E5%9B%8A,站点药理或 ATC 分类明确为胃肠消化用药
already_present,12943,盐酸决奈达隆片,western,12,12,0.95,本品适用于有阵发性或持续性心房颤动病史的窦性心律患者，减少因心房颤动(AF)住院的风险。,心血管系统用药 | 抗心律失常药,心脏病治疗用药 | 抗心律失常药，Ⅰ类和Ⅲ类 | 其它I类和III类抗心律失常药,,,,https://www.yao86.com/%E8%A5%BF%E8%8D%AF/%E7%9B%90%E9%85%B8%E5%86%B3%E5%A5%88%E8%BE%BE%E9%9A%86%E7%89%87,站点药理或 ATC 分类明确为心脑血管用药
review_missing_efficacy,,枸橼酸乙胺嗪片,western,,,0.0,,,抗蠕虫药 | 抗线虫药 | 哌嗪与其衍生物类,,,,https://www.yao86.com/%E8%A5%BF%E8%8D%AF/%E6%9E%B8%E6%A9%BC%E9%85%B8%E4%B9%99%E8%83%BA%E5%97%AA%E7%89%87,站点分类无法可靠映射到项目现有类别
review_missing_efficacy,,枸橼酸爱地那非片,western,,,0.0,,,泌尿系统药物 | 勃起机能障碍用药,,,,https://www.yao86.com/%E8%A5%BF%E8%8D%AF/%E6%9E%B8%E6%A9%BC%E9%85%B8%E7%88%B1%E5%9C%B0%E9%82%A3%E9%9D%9E%E7%89%87,站点分类无法可靠映射到项目现有类别
already_present,12944,甲苯磺丁脲片,western,11,11,0.95,适用于单用饮食控制疗效不满意的轻、中度非胰岛素依赖型糖尿病，病人胰岛β细胞有一定的分泌胰岛素功能，并且无严重的并发症。,激素及影响内分泌药 | 胰岛素及口服降血糖药,糖尿病用药 | 非胰岛素类降血糖药 | 磺胺类，脲衍生物,,,,https://www.yao86.com/%E8%A5%BF%E8%8D%AF/%E7%94%B2%E8%8B%AF%E7%A3%BA%E4%B8%81%E8%84%B2%E7%89%87,站点药理或 ATC 分类明确为慢性病长期用药
already_present,12945,甲砜霉素胶囊,western,2,2,0.96,用于敏感菌如流感嗜血杆菌、大肠埃希菌、沙门菌属等所致的呼吸道、尿路、肠道等感染。,抗微生物药 | 其他抗生素,系统用抗细菌药 | 酰胺醇类,,,,https://www.yao86.com/%E8%A5%BF%E8%8D%AF/%E7%94%B2%E7%A0%9C%E9%9C%89%E7%B4%A0%E8%83%B6%E5%9B%8A,站点药理或 ATC 分类明确为抗感染药
already_present,12946,甲砜霉素肠溶片,western,2,2,0.96,用于敏感菌如流感嗜血杆菌、大肠埃希菌、沙门菌属等所致的呼吸道、尿路、肠道等感染。,抗微生物药 | 其他抗生素,系统用抗细菌药 | 酰胺醇类,,,,https://www.yao86.com/%E8%A5%BF%E8%8D%AF/%E7%94%B2%E7%A0%9C%E9%9C%89%E7%B4%A0%E8%82%A0%E6%BA%B6%E7%89%87,站点药理或 ATC 分类明确为抗感染药
already_present,12947,甲砜霉素颗粒,western,2,2,0.96,用于敏感菌如流感杆菌、大肠埃希菌、沙门菌属等引起的呼吸道、尿路、肠道等感染。,抗微生物药 | 其他抗生素,系统用抗细菌药 | 酰胺醇类,赛美欣,,,https://www.yao86.com/%E8%A5%BF%E8%8D%AF/%E7%94%B2%E7%A0%9C%E9%9C%89%E7%B4%A0%E9%A2%97%E7%B2%92,站点药理或 ATC 分类明确为抗感染药
already_present,12948,甲砜霉素片,western,2,2,0.96,本品用于敏感菌如流感嗜血杆菌、大肠埃希菌、沙门菌属等所致的呼吸道、尿路、肠道等感染。,抗微生物药 | 其他抗生素,系统用抗细菌药 | 酰胺醇类,,,,https://www.yao86.com/%E8%A5%BF%E8%8D%AF/%E7%94%B2%E7%A0%9C%E9%9C%89%E7%B4%A0%E7%89%87,站点药理或 ATC 分类明确为抗感染药
already_present,12949,快胃舒肝丸,tcm,5,5,0.93,健胃止呕，舒郁定痛。用于肝郁食滞，两肋膨胀，胃脘刺痛，嗳气吞酸，呕吐恶心，饮食无味，身体倦怠。,消食剂 | 健脾消食,消化系统与代谢药 | 胃病相关药物,,,,https://www.yao86.com/%E4%B8%AD%E6%88%90%E8%8D%AF/%E5%BF%AB%E8%83%83%E8%88%92%E8%82%9D%E4%B8%B8,站点药理或 ATC 分类明确为胃肠消化用药
already_present,16,咳克平胶囊,tcm,1,1,0.95,养阴润肺，化痰止咳。用于咳嗽、咳痰不爽，平喘，消炎，咽干喉痛，唇舌干燥。,止咳平喘剂 | 止咳平喘,呼吸系统药物 | 咳嗽和感冒用药,,,,https://www.yao86.com/%E4%B8%AD%E6%88%90%E8%8D%AF/%E5%92%B3%E5%85%8B%E5%B9%B3%E8%83%B6%E5%9B%8A,保留数据库现有分类；站点药理分类明确为止咳或祛痰药
already_present,12950,咳喘停膏,tcm,1,1,0.95,止咳理气平喘。用于伤风感冒，咳嗽，气喘。,止咳平喘剂 | 止咳平喘,呼吸系统药物 | 咳嗽和感冒用药,,,,https://www.yao86.com/%E4%B8%AD%E6%88%90%E8%8D%AF/%E5%92%B3%E5%96%98%E5%81%9C%E8%86%8F,站点药理分类明确为止咳或祛痰药
already_present,12951,咳喘宁口服液,tcm,1,1,0.95,宣通肺气，止咳平喘。用于痰热阻肺所致的咳嗽频作、咯痰色黄、喘促胸闷。,止咳平喘剂 | 止咳平喘,呼吸系统药物 | 咳嗽和感冒用药,,,,https://www.yao86.com/%E4%B8%AD%E6%88%90%E8%8D%AF/%E5%92%B3%E5%96%98%E5%AE%81%E5%8F%A3%E6%9C%8D%E6%B6%B2,站点药理分类明确为止咳或祛痰药
already_present,12952,咳喘宁胶囊,tcm,1,1,0.95,宣通肺气，止咳平喘。用于久咳、痰喘见于痰热证候者，症见咳嗽频作、咯痰色黄、喘促胸闷。,止咳平喘剂 | 止咳平喘,呼吸系统药物 | 咳嗽和感冒用药,,,,https://www.yao86.com/%E4%B8%AD%E6%88%90%E8%8D%AF/%E5%92%B3%E5%96%98%E5%AE%81%E8%83%B6%E5%9B%8A,站点药理分类明确为止咳或祛痰药
already_present,12953,咳喘宁合剂,tcm,1,1,0.95,宣通肺气，止咳平喘。用于久咳、痰喘见痰热证候者，症见咳嗽频作、咯痰色黄、喘促胸闷。,止咳平喘剂 | 止咳平喘,呼吸系统药物 | 咳嗽和感冒用药,,,,https://www.yao86.com/%E4%B8%AD%E6%88%90%E8%8D%AF/%E5%92%B3%E5%96%98%E5%AE%81%E5%90%88%E5%89%82,站点药理分类明确为止咳或祛痰药
already_present,12954,咳喘宁片,tcm,1,1,0.95,宣通肺气，止咳平喘。用于支气管哮喘，咳嗽，老年痰喘。,止咳平喘剂 | 止咳平喘,呼吸系统药物 | 咳嗽和感冒用药,,,,https://www.yao86.com/%E4%B8%AD%E6%88%90%E8%8D%AF/%E5%92%B3%E5%96%98%E5%AE%81%E7%89%87,站点药理分类明确为止咳或祛痰药
already_present,12955,昆明山海棠片,tcm,3,3,0.94,祛风除湿，舒筋活络，清热解毒。用于类风湿性关节炎，红斑狼疮。,清热剂 | 清热解毒,肌肉-骨骼系统药物 | 抗炎和抗风湿药,,,,https://www.yao86.com/%E4%B8%AD%E6%88%90%E8%8D%AF/%E6%98%86%E6%98%8E%E5%B1%B1%E6%B5%B7%E6%A3%A0%E7%89%87,站点药理或 ATC 分类明确为镇痛/抗炎药
already_present,12956,火把花根片,tcm,13,13,0.9,祛风除湿，舒筋活络，清热解毒，具有抗炎和免疫抑制作用。用于类风湿性关节炎、红斑狼疮。,清热剂 | 清热解毒,,,,,https://www.yao86.com/%E4%B8%AD%E6%88%90%E8%8D%AF/%E7%81%AB%E6%8A%8A%E8%8A%B1%E6%A0%B9%E7%89%87,站点明确收录为中成药，未命中更具体项目类别
already_present,12957,宽胸气雾剂,tcm,9,9,0.94,理气止痛。用于缓解心绞痛。,温里剂 | 温经散寒,心脑血管与血液系统药物 | 心血管疾病治疗药,,,,https://www.yao86.com/%E4%B8%AD%E6%88%90%E8%8D%AF/%E5%AE%BD%E8%83%B8%E6%B0%94%E9%9B%BE%E5%89%82,剂型或站点分类明确为局部外用药
already_present,12958,咳痰清糖浆,tcm,1,1,0.95,化痰止咳。用于急性支气管炎属痰浊壅肺之咳嗽、咯痰。,止咳平喘剂 | 止咳,呼吸系统药物 | 咳嗽和感冒用药,,,,https://www.yao86.com/%E4%B8%AD%E6%88%90%E8%8D%AF/%E5%92%B3%E7%97%B0%E6%B8%85%E7%B3%96%E6%B5%86,站点药理分类明确为止咳或祛痰药
already_present,12959,咳喘安口服液,tcm,1,1,0.95,止咳，祛痰，平喘。用于慢性支气管炎引起的咳嗽。,止咳平喘剂 | 止咳平喘,呼吸系统药物 | 咳嗽和感冒用药,,,,https://www.yao86.com/%E4%B8%AD%E6%88%90%E8%8D%AF/%E5%92%B3%E5%96%98%E5%AE%89%E5%8F%A3%E6%9C%8D%E6%B6%B2,站点药理分类明确为止咳或祛痰药
reclassified_existing,12960,甲硝唑维B6片,western,2,14,0.96,用于各种厌氧菌感染，如败血病、心内膜炎、脓胸、肺脓肿、腹腔感染、妇科感染、骨和关节感染、脑膜炎、脑脓肿、皮肤软组织感染、艰难梭菌引起的抗生素相关肠炎、幽门螺旋杆菌相关胃炎或消化性溃疡、牙周感染及加德细菌阴道炎等。还可用于肠道及肠外阿米巴病、阴道滴虫病、小袋虫病、麦地那龙线虫病、贾第虫病等。,抗微生物药 | 硝基咪唑类,系统用抗细菌药 | 其它抗菌药 | 咪唑衍生物,,,,https://www.yao86.com/%E8%A5%BF%E8%8D%AF/%E7%94%B2%E7%A1%9D%E5%94%91%E7%BB%B4B6%E7%89%87,站点药理或 ATC 分类明确为妇科用药
imported,14001,甲氨蝶呤片,western,,14,0.96,1、各型急性白血病，特别是急性淋巴细胞白血病、恶性淋巴瘤、非何杰金氏淋巴瘤和蕈样肉芽肿、多发性骨髓病；2、头颈部癌、肺癌、各种软组织肉瘤、银屑病；3、乳腺癌、卵巢癌、宫颈癌、恶性葡萄胎、绒毛膜上皮癌、睾丸癌。,抗肿瘤药 | 抗代谢药,抗肿瘤药 | 代谢拮抗药 | 叶酸同系物类,,,,https://www.yao86.com/%E8%A5%BF%E8%8D%AF/%E7%94%B2%E6%B0%A8%E8%9D%B6%E5%91%A4%E7%89%87,站点药理或 ATC 分类明确为妇科用药
already_present,12961,甲硝唑含漱液,western,2,2,0.96,用于牙龈炎、牙周炎等口腔炎症的辅助治疗。,抗微生物药 | 硝基咪唑类,口腔疾病药物 | 口腔局部治疗用抗感染药和灭菌药,,,,https://www.yao86.com/%E8%A5%BF%E8%8D%AF/%E7%94%B2%E7%A1%9D%E5%94%91%E5%90%AB%E6%BC%B1%E6%B6%B2,站点药理或 ATC 分类明确为抗感染药
already_present,12962,甲硝唑胶浆含漱液,western,2,2,0.96,用于牙龈炎、牙周炎、冠周炎及口腔黏膜溃疡。,抗微生物药 | 硝基咪唑类,口腔疾病药物 | 口腔局部治疗用抗感染药和灭菌药,,,,https://www.yao86.com/%E8%A5%BF%E8%8D%AF/%E7%94%B2%E7%A1%9D%E5%94%91%E8%83%B6%E6%B5%86%E5%90%AB%E6%BC%B1%E6%B6%B2,站点药理或 ATC 分类明确为抗感染药
already_present,12963,甲硝唑阴道泡腾片,western,14,14,0.96,用于厌氧菌性阴道病、滴虫性阴道炎及混合感染。,妇产科用药 | 其他妇产科用药,妇科用抗感染药和灭菌药 | 抗感染药和灭菌药，与皮质甾体激素类的复方除外 | 咪唑衍生物类,,,,https://www.yao86.com/%E8%A5%BF%E8%8D%AF/%E7%94%B2%E7%A1%9D%E5%94%91%E9%98%B4%E9%81%93%E6%B3%A1%E8%85%BE%E7%89%87,站点药理或 ATC 分类明确为妇科用药
reclassified_existing,12964,甲硝唑缓释片,western,2,14,0.96,治疗妇女细菌性阴道病。,抗微生物药 | 硝基咪唑类,妇科用抗感染药和灭菌药 | 抗感染药和灭菌药，与皮质甾体激素类的复方除外 | 咪唑衍生物类,,,,https://www.yao86.com/%E8%A5%BF%E8%8D%AF/%E7%94%B2%E7%A1%9D%E5%94%91%E7%BC%93%E9%87%8A%E7%89%87,站点药理或 ATC 分类明确为妇科用药
already_present,12965,甲硝唑洗液,western,2,2,0.96,用于冲洗小面积伤口或化脓疮口。,抗微生物药 | 硝基咪唑类,皮肤病用抗生素和化学治疗药物 | 局部用化疗药 | 其它化疗药,,,,https://www.yao86.com/%E8%A5%BF%E8%8D%AF/%E7%94%B2%E7%A1%9D%E5%94%91%E6%B4%97%E6%B6%B2,站点药理或 ATC 分类明确为抗感染药
already_present,12966,甲硝唑口颊片,western,2,2,0.96,用于牙龈炎、牙周炎、冠周炎及口腔溃疡。,抗微生物药 | 硝基咪唑类,口腔疾病药物 | 口腔局部治疗用抗感染药和灭菌药,,,,https://www.yao86.com/%E8%A5%BF%E8%8D%AF/%E7%94%B2%E7%A1%9D%E5%94%91%E5%8F%A3%E9%A2%8A%E7%89%87,站点药理或 ATC 分类明确为抗感染药
reclassified_existing,12967,甲硝唑胶囊,western,2,14,0.96,用于治疗肠道和肠外阿米巴病（如阿米巴肝脓肿、胸膜阿米巴病等）。还可用于治疗阴道滴虫病、小袋虫病和皮肤利什曼病、麦地那龙线虫感染等。目前还广泛用于厌氧菌感染的治疗。,抗寄生虫病药 | 抗阿米巴病药及抗滴虫病药,系统用抗细菌药 | 其它抗菌药 | 咪唑衍生物,,,,https://www.yao86.com/%E8%A5%BF%E8%8D%AF/%E7%94%B2%E7%A1%9D%E5%94%91%E8%83%B6%E5%9B%8A,站点药理或 ATC 分类明确为妇科用药
imported,14002,甲硝唑片,western,,14,0.96,用于治疗肠道和肠外阿米巴病(如阿米巴肝脓肿、胸膜阿米巴病等)。还可用于治疗阴道滴虫病、小袋虫病和皮肤利什曼病、麦地那龙线虫感染等。目前还广泛用于厌氧菌感染的治疗。,抗寄生虫病药 | 抗阿米巴病药及抗滴虫病药,妇科用抗感染药和灭菌药 | 抗感染药和灭菌药，与皮质甾体激素类的复方除外 | 咪唑衍生物类,,,,https://www.yao86.com/%E8%A5%BF%E8%8D%AF/%E7%94%B2%E7%A1%9D%E5%94%91%E7%89%87,站点药理或 ATC 分类明确为妇科用药
already_present,12968,甲硝唑含片,western,2,2,0.96,本品用于牙龈炎、牙周炎、冠周炎。,抗微生物药 | 硝基咪唑类,口腔疾病药物 | 口腔局部治疗用抗感染药和灭菌药,,,,https://www.yao86.com/%E8%A5%BF%E8%8D%AF/%E7%94%B2%E7%A1%9D%E5%94%91%E5%90%AB%E7%89%87,站点药理或 ATC 分类明确为抗感染药
already_present,12969,甲硝唑凝胶,western,9,9,0.96,用于炎症性丘疹、脓疱疮、酒渣鼻红斑的局部治疗。,抗微生物药 | 硝基咪唑类,皮肤病用抗生素和化学治疗药物 | 局部用化疗药 | 其它化疗药,,,,https://www.yao86.com/%E8%A5%BF%E8%8D%AF/%E7%94%B2%E7%A1%9D%E5%94%91%E5%87%9D%E8%83%B6,外用剂型且站点 ATC 分类明确为皮肤局部用药
already_present,12970,甲硝唑口腔粘贴片,western,2,2,0.96,用于牙龈炎、牙周炎、冠周炎及口腔溃疡。,抗微生物药 | 硝基咪唑类,口腔疾病药物 | 口腔局部治疗用抗感染药和灭菌药,麦斯特,,,https://www.yao86.com/%E8%A5%BF%E8%8D%AF/%E7%94%B2%E7%A1%9D%E5%94%91%E5%8F%A3%E8%85%94%E7%B2%98%E8%B4%B4%E7%89%87,站点药理或 ATC 分类明确为抗感染药
already_present,12971,甲硝唑栓,western,14,14,0.96,细菌性阴道炎、滴虫性阴道炎。,妇产科用药 | 其他妇产科用药,妇科用抗感染药和灭菌药 | 抗感染药和灭菌药，与皮质甾体激素类的复方除外 | 咪唑衍生物类,,,,https://www.yao86.com/%E8%A5%BF%E8%8D%AF/%E7%94%B2%E7%A1%9D%E5%94%91%E6%A0%93,站点药理或 ATC 分类明确为妇科用药
already_present,12972,甲硝唑阴道凝胶,western,14,14,0.96,用于细菌性阴道病的治疗。,妇产科用药 | 其他妇产科用药,妇科用抗感染药和灭菌药 | 抗感染药和灭菌药，与皮质甾体激素类的复方除外 | 咪唑衍生物类,尼美欣,,,https://www.yao86.com/%E8%A5%BF%E8%8D%AF/%E7%94%B2%E7%A1%9D%E5%94%91%E9%98%B4%E9%81%93%E5%87%9D%E8%83%B6,站点药理或 ATC 分类明确为妇科用药
already_present,12973,甲硝唑乳膏,western,9,9,0.96,治疗毛囊虫皮炎、疥疮、痤疮。其他如滴虫性阴道炎、外阴炎等可作为局部辅助治疗。,抗微生物药 | 硝基咪唑类,皮肤病用抗生素和化学治疗药物 | 局部用化疗药 | 其它化疗药,太平洋,,,https://www.yao86.com/%E8%A5%BF%E8%8D%AF/%E7%94%B2%E7%A1%9D%E5%94%91%E4%B9%B3%E8%86%8F,外用剂型且站点 ATC 分类明确为皮肤局部用药
review_missing_efficacy,,复方甲硝唑阴道泡腾片,western,,14,0.96,,,妇科用抗感染药和灭菌药 | 抗感染药和灭菌药，与皮质甾体激素类的复方除外 | 咪唑衍生物类,,,,https://www.yao86.com/%E8%A5%BF%E8%8D%AF/%E5%A4%8D%E6%96%B9%E7%94%B2%E7%A1%9D%E5%94%91%E9%98%B4%E9%81%93%E6%B3%A1%E8%85%BE%E7%89%87,站点药理或 ATC 分类明确为妇科用药
review_missing_efficacy,,浓甲硝唑含漱液,western,,,0.0,,,口腔疾病药物 | 口腔局部治疗用抗感染药和灭菌药,,,,https://www.yao86.com/%E8%A5%BF%E8%8D%AF/%E6%B5%93%E7%94%B2%E7%A1%9D%E5%94%91%E5%90%AB%E6%BC%B1%E6%B6%B2,站点分类无法可靠映射到项目现有类别
review_missing_efficacy,,甲硝唑软膏,western,,9,0.96,,,皮肤病用抗生素和化学治疗药物 | 局部用化疗药 | 其它化疗药,,,,https://www.yao86.com/%E8%A5%BF%E8%8D%AF/%E7%94%B2%E7%A1%9D%E5%94%91%E8%BD%AF%E8%86%8F,外用剂型且站点 ATC 分类明确为皮肤局部用药
review_missing_efficacy,,甲状腺片,western,,11,0.95,,激素及影响内分泌药 | 甲状腺激素及抗甲状腺药,甲状腺治疗药 | 甲状腺激素类,,,,https://www.yao86.com/%E8%A5%BF%E8%8D%AF/%E7%94%B2%E7%8A%B6%E8%85%BA%E7%89%87,站点药理或 ATC 分类明确为慢性病长期用药
already_present,12974,甲巯咪唑乳膏,western,9,9,0.94,用于治疗甲状腺功能亢进症。长期治疗可使病情缓解，亦可用于甲状腺次全切除或放射性碘治疗之前的甲状腺机能亢进症状改善，以及不能进行手术治疗者。,激素及影响内分泌药 | 甲状腺激素及抗甲状腺药,甲状腺治疗药 | 抗甲状腺药 | 含硫咪唑衍生物,佳琪亚,,,https://www.yao86.com/%E8%A5%BF%E8%8D%AF/%E7%94%B2%E5%B7%AF%E5%92%AA%E5%94%91%E4%B9%B3%E8%86%8F,剂型或站点分类明确为局部外用药
already_present,1649,甲巯咪唑片,western,11,11,0.95,抗甲状腺药物。适用于各种类型的甲状腺功能亢进症，尤其适用于：①病情较轻，甲状腺轻至中度肿大患者；②青少年及儿童、老年患者；③甲状腺手术后复发，又不适于用放射性131I治疗者；④手术前准备；⑤作为131I放疗的辅助治疗。,激素及影响内分泌药 | 甲状腺激素及抗甲状腺药,甲状腺治疗药 | 抗甲状腺药 | 含硫咪唑衍生物,,,,https://www.yao86.com/%E8%A5%BF%E8%8D%AF/%E7%94%B2%E5%B7%AF%E5%92%AA%E5%94%91%E7%89%87,保留数据库现有分类；站点药理或 ATC 分类明确为慢性病长期用药
already_present,12975,甲巯咪唑肠溶片,western,11,11,0.95,——甲状腺功能亢进的药物治疗，尤其适用于不伴有或伴有轻度甲状腺增大（甲状腺肿）的患者及年轻患者。——用于各种类型的甲状腺功能亢进的手术前准备。——甲状腺功能亢进患者拟采用放射性碘治疗时的准备用药，以预防治疗后甲状腺毒性危象的发生。——放射碘治疗后间歇期的治疗。——在个别的情况下，因患者一般状况或个人原因不能采用常规的治疗措施，或因患者拒绝接受常规的治疗措施时，由于对甲巯咪唑肠溶片（在尽可能低的剂量）耐受性良好，可用于甲状腺功能亢进的长期治疗。——对于必须使用碘照射（如使用含碘造影剂检查）的有甲状腺功能亢进病史的患者和功能自主甲状腺瘤患者作为预防性用药。,激素及影响内分泌药 | 甲状腺激素及抗甲状腺药,甲状腺治疗药 | 抗甲状腺药 | 含硫咪唑衍生物,,,,https://www.yao86.com/%E8%A5%BF%E8%8D%AF/%E7%94%B2%E5%B7%AF%E5%92%AA%E5%94%91%E8%82%A0%E6%BA%B6%E7%89%87,站点药理或 ATC 分类明确为慢性病长期用药
review_unclassified,,氢溴酸加兰他敏缓释片,western,,,0.0,本品用于治疗轻度到中度阿尔茨海默型痴呆症状。,神经系统用药 | 其他神经系统用药,精神兴奋药 | 抗痴呆药 | 其它抗痴呆药,,,,https://www.yao86.com/%E8%A5%BF%E8%8D%AF/%E6%B0%A2%E6%BA%B4%E9%85%B8%E5%8A%A0%E5%85%B0%E4%BB%96%E6%95%8F%E7%BC%93%E9%87%8A%E7%89%87,站点分类无法可靠映射到项目现有类别
review_unclassified,,氢溴酸加兰他敏分散片,western,,,0.0,本品用于治疗轻度到中度阿尔茨海默型痴呆症状。,神经系统用药 | 其他神经系统用药,精神兴奋药 | 抗痴呆药 | 其它抗痴呆药,施维宝,,,https://www.yao86.com/%E8%A5%BF%E8%8D%AF/%E6%B0%A2%E6%BA%B4%E9%85%B8%E5%8A%A0%E5%85%B0%E4%BB%96%E6%95%8F%E5%88%86%E6%95%A3%E7%89%87,站点分类无法可靠映射到项目现有类别
review_unclassified,,氢溴酸加兰他敏口服溶液,western,,,0.0,本品用于治疗轻度到中度阿尔茨海默型痴呆症状。,神经系统用药 | 其他神经系统用药,精神兴奋药 | 抗痴呆药 | 其它抗痴呆药,,,,https://www.yao86.com/%E8%A5%BF%E8%8D%AF/%E6%B0%A2%E6%BA%B4%E9%85%B8%E5%8A%A0%E5%85%B0%E4%BB%96%E6%95%8F%E5%8F%A3%E6%9C%8D%E6%BA%B6%E6%B6%B2,站点分类无法可靠映射到项目现有类别
review_unclassified,,氢溴酸加兰他敏口腔崩解片,western,,,0.0,本品用于治疗轻度到中度阿尔茨海默型痴呆症状。,神经系统用药 | 其他神经系统用药,精神兴奋药 | 抗痴呆药 | 其它抗痴呆药,,,,https://www.yao86.com/%E8%A5%BF%E8%8D%AF/%E6%B0%A2%E6%BA%B4%E9%85%B8%E5%8A%A0%E5%85%B0%E4%BB%96%E6%95%8F%E5%8F%A3%E8%85%94%E5%B4%A9%E8%A7%A3%E7%89%87,站点分类无法可靠映射到项目现有类别
review_unclassified,,氢溴酸加兰他敏片,western,,,0.0,本品适用于良性记忆障碍，提高患者指向记忆、联想学习、图像回忆、无意义图形再认及人像回忆等能力。对痴呆患者和脑器质性病变引起的记忆障碍也有改善作用。,神经系统用药 | 其他神经系统用药,精神兴奋药 | 抗痴呆药 | 其它抗痴呆药,金康灵力,,,https://www.yao86.com/%E8%A5%BF%E8%8D%AF/%E6%B0%A2%E6%BA%B4%E9%85%B8%E5%8A%A0%E5%85%B0%E4%BB%96%E6%95%8F%E7%89%87,站点分类无法可靠映射到项目现有类别
review_unclassified,,氢溴酸加兰他敏胶囊,western,,,0.0,本品适用于良性记忆障碍，提高患者指向记忆，联想学习、图象回忆、无意义图形再认及人像回忆等能力。对痴呆患者和脑气质性病变引起的记忆障碍亦有改善作用。,神经系统用药 | 其他神经系统用药,精神兴奋药 | 抗痴呆药 | 其它抗痴呆药,,,,https://www.yao86.com/%E8%A5%BF%E8%8D%AF/%E6%B0%A2%E6%BA%B4%E9%85%B8%E5%8A%A0%E5%85%B0%E4%BB%96%E6%95%8F%E8%83%B6%E5%9B%8A,站点分类无法可靠映射到项目现有类别
already_present,12976,甲硝唑呋喃唑酮栓,western,14,14,0.96,用于宫颈炎、宫颈糜烂、滴虫性阴道炎、细菌性阴道炎、霉菌性阴道炎。也可用于盆腔炎、附件炎。,妇产科用药 | 其他妇产科用药,妇科用抗感染药和灭菌药 | 抗感染药和灭菌药，与皮质甾体激素类的复方除外 | 咪唑衍生物类,,,,https://www.yao86.com/%E8%A5%BF%E8%8D%AF/%E7%94%B2%E7%A1%9D%E5%94%91%E5%91%8B%E5%96%83%E5%94%91%E9%85%AE%E6%A0%93,站点药理或 ATC 分类明确为妇科用药
already_present,1701,康妇炎胶囊,tcm,14,14,0.96,清热解毒，化瘀行滞，除湿止带。用于湿热蕴结所致的带下量多，月经量少、后错，痛经。,祛湿剂 | 清热除湿,生殖泌尿系统药物 | 妇科用药 | 妇科炎症治疗药,,,,https://www.yao86.com/%E4%B8%AD%E6%88%90%E8%8D%AF/%E5%BA%B7%E5%A6%87%E7%82%8E%E8%83%B6%E5%9B%8A,保留数据库现有分类；站点药理或 ATC 分类明确为妇科用药
already_present,12977,抗衰老口服液,tcm,13,13,0.9,益气养阴、宁心安神。用于中、老年体弱者因气阴两虚所致的神疲乏力、心悸气短、少气懒言、头晕目眩、潮热盗汗、耳鸣健忘、烦燥失眠等症。,安神剂 | 补养安神,神经系统药物 | 精神安定药 | 催眠镇静药,,,,https://www.yao86.com/%E4%B8%AD%E6%88%90%E8%8D%AF/%E6%8A%97%E8%A1%B0%E8%80%81%E5%8F%A3%E6%9C%8D%E6%B6%B2,站点明确收录为中成药，未命中更具体项目类别
already_present,12978,抗衰老片,tcm,13,13,0.9,益气养阴、宁心安神。用于中、老年体弱者因气阴两虚所致的神疲乏力，心悸气短，少气懒言，头晕目眩，潮热盗汗，耳鸣健忘，烦燥失眠等症。,安神剂 | 补养安神,神经系统药物 | 精神安定药 | 催眠镇静药,,,,https://www.yao86.com/%E4%B8%AD%E6%88%90%E8%8D%AF/%E6%8A%97%E8%A1%B0%E8%80%81%E7%89%87,站点明确收录为中成药，未命中更具体项目类别
already_present,12979,苦参栓,tcm,14,14,0.96,抗菌消炎。用于宫颈糜烂，赤白带下，滴虫性阴道炎及阴道霉菌感染等妇科慢性炎症。,祛湿剂 | 清热除湿,生殖泌尿系统药物 | 妇科用药 | 妇科炎症治疗药,,,,https://www.yao86.com/%E4%B8%AD%E6%88%90%E8%8D%AF/%E8%8B%A6%E5%8F%82%E6%A0%93,站点药理或 ATC 分类明确为妇科用药
already_present,12980,心律宁片,tcm,12,12,0.95,抗心律失常药。用于各种原因引起的心律失常。对心室性早搏疗效尤为显著。,祛湿剂 | 清热除湿,心脑血管与血液系统药物 | 心血管疾病治疗药,,,,https://www.yao86.com/%E4%B8%AD%E6%88%90%E8%8D%AF/%E5%BF%83%E5%BE%8B%E5%AE%81%E7%89%87,站点药理或 ATC 分类明确为心脑血管用药
already_present,12981,妇得康泡沫剂,tcm,14,14,0.96,清热燥湿，杀虫。用于慢性宫颈炎、宫颈糜烂、阴道炎之湿热下注证。,祛湿剂 | 清热除湿,生殖泌尿系统药物 | 妇科用药 | 妇科炎症治疗药,,,,https://www.yao86.com/%E4%B8%AD%E6%88%90%E8%8D%AF/%E5%A6%87%E5%BE%97%E5%BA%B7%E6%B3%A1%E6%B2%AB%E5%89%82,站点药理或 ATC 分类明确为妇科用药
already_present,12982,苦参膜,tcm,14,14,0.96,抗菌消炎。用于宫颈糜烂，赤白带下，滴虫性阴道炎及阴道霉菌性感染等妇科慢性炎症。,祛湿剂 | 清热除湿,生殖泌尿系统药物 | 妇科用药 | 妇科炎症治疗药,,,,https://www.yao86.com/%E4%B8%AD%E6%88%90%E8%8D%AF/%E8%8B%A6%E5%8F%82%E8%86%9C,站点药理或 ATC 分类明确为妇科用药
already_present,12983,苦参凝胶,tcm,14,14,0.96,抗菌消炎。用于宫颈糜烂，赤白带下，滴虫性阴道炎及阴道霉菌感染等妇科慢性炎症。,祛湿剂 | 清热除湿,生殖泌尿系统药物 | 妇科用药 | 妇科炎症治疗药,,,,https://www.yao86.com/%E4%B8%AD%E6%88%90%E8%8D%AF/%E8%8B%A6%E5%8F%82%E5%87%9D%E8%83%B6,站点药理或 ATC 分类明确为妇科用药
already_present,12984,苦参软膏,tcm,14,14,0.96,清热燥湿，杀虫止痒。用于霉菌性阴道炎和滴虫性阴道炎湿热下注证所致的带下、阴痒。症见：带下量多，质稠如豆腐渣样或黄色泡沫样，其气腥臭，阴道潮红、肿胀，外阴瘙痒，甚则痒痛，尿频急涩痛，口苦粘腻，大便秘结或溏而不爽，小便黄赤等。,祛湿剂 | 清热除湿,生殖泌尿系统药物 | 妇科用药 | 妇科炎症治疗药,,,,https://www.yao86.com/%E4%B8%AD%E6%88%90%E8%8D%AF/%E8%8B%A6%E5%8F%82%E8%BD%AF%E8%86%8F,站点药理或 ATC 分类明确为妇科用药
already_present,12985,苦参阴道泡腾片,tcm,14,14,0.96,抗菌消炎。用于宫颈糜烂，赤白带下，滴虫性阴道炎及阴道霉菌感染等妇科慢性炎症。,祛湿剂 | 清热除湿,生殖泌尿系统药物 | 妇科用药 | 妇科炎症治疗药,,,,https://www.yao86.com/%E4%B8%AD%E6%88%90%E8%8D%AF/%E8%8B%A6%E5%8F%82%E9%98%B4%E9%81%93%E6%B3%A1%E8%85%BE%E7%89%87,站点药理或 ATC 分类明确为妇科用药
already_present,12986,苦双黄洗剂,tcm,14,14,0.96,清热、燥湿、止痒。对成年妇女外阴炎，外阴瘙痒症状有改善作用。,祛湿剂 | 清热除湿,生殖泌尿系统药物 | 妇科用药 | 妇科炎症治疗药,,,,https://www.yao86.com/%E4%B8%AD%E6%88%90%E8%8D%AF/%E8%8B%A6%E5%8F%8C%E9%BB%84%E6%B4%97%E5%89%82,站点药理或 ATC 分类明确为妇科用药
already_present,12987,苦柏止痒洗液,tcm,14,14,0.96,清热解毒，除湿止痒。适用于湿热下注所致的阴痒，带下量多。,祛湿剂 | 清热除湿,生殖泌尿系统药物 | 妇科用药 | 妇科炎症治疗药,,,,https://www.yao86.com/%E4%B8%AD%E6%88%90%E8%8D%AF/%E8%8B%A6%E6%9F%8F%E6%AD%A2%E7%97%92%E6%B4%97%E6%B6%B2,站点药理或 ATC 分类明确为妇科用药
already_present,12988,抗饥消渴片,tcm,11,11,0.95,养阴益气，润燥生津，抗饥止渴。用于非胰岛素依赖型糖尿病，对慢性萎缩性胃炎，胃阴虚者也有一定作用。,补益剂 | 益气养阴,消化系统与代谢药 | 糖尿病药物,,,,https://www.yao86.com/%E4%B8%AD%E6%88%90%E8%8D%AF/%E6%8A%97%E9%A5%A5%E6%B6%88%E6%B8%B4%E7%89%87,站点药理或 ATC 分类明确为慢性病长期用药
already_present,12989,口炎清咀嚼片,tcm,5,5,0.93,滋阴清热，解毒消肿。用于阴虚火旺所致的口腔炎症。,治燥剂 | 滋阴润燥,消化系统与代谢药 | 口腔疾病药物 | 口腔炎症治疗药,,,,https://www.yao86.com/%E4%B8%AD%E6%88%90%E8%8D%AF/%E5%8F%A3%E7%82%8E%E6%B8%85%E5%92%80%E5%9A%BC%E7%89%87,站点药理或 ATC 分类明确为胃肠消化用药
already_present,12990,口炎清含片,tcm,5,5,0.93,滋阴清热，解毒消肿。用于阴虚火旺所致之口疮。,治燥剂 | 滋阴润燥,消化系统与代谢药 | 口腔疾病药物 | 口腔炎症治疗药,白云山,,白云山（多药共用）,https://www.yao86.com/%E4%B8%AD%E6%88%90%E8%8D%AF/%E5%8F%A3%E7%82%8E%E6%B8%85%E5%90%AB%E7%89%87,站点药理或 ATC 分类明确为胃肠消化用药
already_present,12991,苦栀颗粒,tcm,5,5,0.93,清利肝胆湿热，健脾和胃，用于急性肝炎及慢性乙型肝炎湿热蕴结证，症见：胁腹胀痛，恶心呕吐，倦怠乏力，纳食不香等。,祛湿剂 | 清热除湿,消化系统与代谢药 | 肝、胆疾病治疗药 | 肝病治疗药,,,,https://www.yao86.com/%E4%B8%AD%E6%88%90%E8%8D%AF/%E8%8B%A6%E6%A0%80%E9%A2%97%E7%B2%92,站点药理或 ATC 分类明确为胃肠消化用药
already_present,12992,口炎清颗粒,tcm,5,5,0.93,滋阴清热，解毒消肿。用于阴虚火旺所致的口腔炎症。,治燥剂 | 滋阴润燥,消化系统与代谢药 | 口腔疾病药物 | 口腔炎症治疗药,,,,https://www.yao86.com/%E4%B8%AD%E6%88%90%E8%8D%AF/%E5%8F%A3%E7%82%8E%E6%B8%85%E9%A2%97%E7%B2%92,站点药理或 ATC 分类明确为胃肠消化用药
already_present,12993,口炎清片,tcm,5,5,0.93,滋阴清热，解毒消肿。用于阴虚火旺所致的口腔炎症。,治燥剂 | 滋阴润燥,消化系统与代谢药 | 口腔疾病药物 | 口腔炎症治疗药,,,,https://www.yao86.com/%E4%B8%AD%E6%88%90%E8%8D%AF/%E5%8F%A3%E7%82%8E%E6%B8%85%E7%89%87,站点药理或 ATC 分类明确为胃肠消化用药
already_present,12994,口炎清胶囊,tcm,5,5,0.93,滋阴清热，解毒消肿。用于阴虚火旺所致的口腔炎症。,治燥剂 | 滋阴润燥,消化系统与代谢药 | 口腔疾病药物 | 口腔炎症治疗药,,,,https://www.yao86.com/%E4%B8%AD%E6%88%90%E8%8D%AF/%E5%8F%A3%E7%82%8E%E6%B8%85%E8%83%B6%E5%9B%8A,站点药理或 ATC 分类明确为胃肠消化用药
already_present,12995,枸橼酸苹果酸钙片,western,7,7,0.96,补钙剂，用于预防和治疗钙缺乏症，如骨质疏松、手足抽搐症、骨发育不全，佝偻病以及妊娠和哺乳期妇女、绝经期妇女钙的补充。,激素及影响内分泌药 | 钙代谢调节药及抗骨质疏松药,矿物质补充剂 | 钙,尤尼乐,,,https://www.yao86.com/%E8%A5%BF%E8%8D%AF/%E6%9E%B8%E6%A9%BC%E9%85%B8%E8%8B%B9%E6%9E%9C%E9%85%B8%E9%92%99%E7%89%87,站点药理或 ATC 分类明确为维生素/矿物质
already_present,12996,甲状腺素碘塞罗宁滴眼液,western,9,9,0.94,治疗老年性白内障。,眼科用药 | 其他眼科用药,眼科用药 | 其它眼科用药,,,,https://www.yao86.com/%E8%A5%BF%E8%8D%AF/%E7%94%B2%E7%8A%B6%E8%85%BA%E7%B4%A0%E7%A2%98%E5%A1%9E%E7%BD%97%E5%AE%81%E6%BB%B4%E7%9C%BC%E6%B6%B2,剂型或站点分类明确为局部外用药
already_present,12997,吉法酯片,western,5,5,0.93,胃及十二指肠溃疡,消化系统用药 | 抗酸药及抗溃疡病药,治疗与胃酸分泌相关疾病的药物 | 消化道溃疡和胃食管返流病治疗药物 | 消化道溃疡和胃食管返流病治疗用其它药物,惠加强-G(英文：WYCAKON-G),,,https://www.yao86.com/%E8%A5%BF%E8%8D%AF/%E5%90%89%E6%B3%95%E9%85%AF%E7%89%87,站点药理或 ATC 分类明确为胃肠消化用药
already_present,12998,碱式碳酸铋片,western,5,5,0.93,用于缓解胃酸过多引起的胃痛，胃灼热感（烧心）返酸及慢性胃炎。,消化系统用药 | 抗酸药及抗溃疡病药,治疗与胃酸分泌相关疾病的药物 | 消化道溃疡和胃食管返流病治疗药物 | 消化道溃疡和胃食管返流病治疗用其它药物,,,,https://www.yao86.com/%E8%A5%BF%E8%8D%AF/%E7%A2%B1%E5%BC%8F%E7%A2%B3%E9%85%B8%E9%93%8B%E7%89%87,站点药理或 ATC 分类明确为胃肠消化用药
already_present,12999,甲氧苄啶片,western,2,2,0.96,本品可用于对其呈现敏感的大肠埃希菌、奇异变形杆菌、肺炎克雷伯菌和某些肠杆菌属和腐生葡萄球菌等细菌所致的急性单纯性下尿路感染初发病例。本品对铜绿假单胞菌感染无效。目前本品很少单用，一般均与磺胺药，如磺胺甲硝唑或磺胺嘧啶联合用药。,抗微生物药 | 其他抗菌药,系统用抗细菌药 | 磺胺类和甲氧苄啶 | 甲氧苄啶与其衍生物,,,,https://www.yao86.com/%E8%A5%BF%E8%8D%AF/%E7%94%B2%E6%B0%A7%E8%8B%84%E5%95%B6%E7%89%87,站点药理或 ATC 分类明确为抗感染药
review_missing_efficacy,,甲氧苄啶颗粒,western,,2,0.96,,,系统用抗细菌药 | 磺胺类和甲氧苄啶 | 甲氧苄啶与其衍生物,,,,https://www.yao86.com/%E8%A5%BF%E8%8D%AF/%E7%94%B2%E6%B0%A7%E8%8B%84%E5%95%B6%E9%A2%97%E7%B2%92,站点药理或 ATC 分类明确为抗感染药
review_missing_efficacy,,酒石酸卡巴拉汀胶囊,western,,,0.0,,,精神兴奋药 | 抗痴呆药 | 抗胆碱酯酶类,,,,https://www.yao86.com/%E8%A5%BF%E8%8D%AF/%E9%85%92%E7%9F%B3%E9%85%B8%E5%8D%A1%E5%B7%B4%E6%8B%89%E6%B1%80%E8%83%B6%E5%9B%8A,站点分类无法可靠映射到项目现有类别
already_present,1580,龙牡壮骨颗粒,tcm,5,5,0.9,强筋壮骨，和胃健脾。用于治疗和预防小儿佝偻病、软骨病；对小儿多汗、夜惊、食欲不振、消化不良、发育迟缓也有治疗作用。,补益剂 | 补阳,肌肉-骨骼系统药物 | 骨病治疗药 | 其他骨病治疗药,,,,https://www.yao86.com/%E4%B8%AD%E6%88%90%E8%8D%AF/%E9%BE%99%E7%89%A1%E5%A3%AE%E9%AA%A8%E9%A2%97%E7%B2%92,保留数据库现有分类；站点明确收录为中成药，未命中更具体项目类别
already_present,13000,龙牡壮骨咀嚼片,tcm,13,13,0.9,强筋壮骨，和胃健脾。用于治疗和预防小儿佝偻病、软骨病；对小儿多汗、夜惊、食欲不振、消化不良、发育迟缓也有治疗作用。,补益剂 | 补阳,肌肉-骨骼系统药物 | 骨病治疗药 | 其他骨病治疗药,,,,https://www.yao86.com/%E4%B8%AD%E6%88%90%E8%8D%AF/%E9%BE%99%E7%89%A1%E5%A3%AE%E9%AA%A8%E5%92%80%E5%9A%BC%E7%89%87,站点明确收录为中成药，未命中更具体项目类别
already_present,13001,鹿仙补肾片,tcm,13,13,0.9,补肾助阳。用于肾阳不足所致阳痿，腰膝酸软，段落关节痛。,补益剂 | 补阳,生殖泌尿系统药物 | 泌尿系统药物 | 补肾药物（勃起机能障碍用药）,,,,https://www.yao86.com/%E4%B8%AD%E6%88%90%E8%8D%AF/%E9%B9%BF%E4%BB%99%E8%A1%A5%E8%82%BE%E7%89%87,站点明确收录为中成药，未命中更具体项目类别
already_present,13002,六锐胶囊,tcm,13,13,0.9,清热凉血，明目翳。用于血、胆、疠引起的头痛病，云翳等眼病。,清热剂 | 清热解毒,,,,,https://www.yao86.com/%E4%B8%AD%E6%88%90%E8%8D%AF/%E5%85%AD%E9%94%90%E8%83%B6%E5%9B%8A,站点明确收录为中成药，未命中更具体项目类别
already_present,13003,龙菊清肝胶囊,tcm,12,12,0.95,平肝清肝，滋阴降火。用于肝阳上亢型高血压的辅助治疗。,治燥剂 | 滋阴润燥,心脑血管与血液系统药物 | 心血管疾病治疗药,,,,https://www.yao86.com/%E4%B8%AD%E6%88%90%E8%8D%AF/%E9%BE%99%E8%8F%8A%E6%B8%85%E8%82%9D%E8%83%B6%E5%9B%8A,站点药理或 ATC 分类明确为心脑血管用药
already_present,13004,兰草颗粒,tcm,0,0,0.94,清热解毒。用于感冒、急性扁桃体炎、咽喉炎属风热证者。,清热剂 | 清热解毒,呼吸系统药物 | 咳嗽和感冒用药,,,,https://www.yao86.com/%E4%B8%AD%E6%88%90%E8%8D%AF/%E5%85%B0%E8%8D%89%E9%A2%97%E7%B2%92,站点药理分类明确为感冒或解表用药
already_present,13005,兰草片,tcm,0,0,0.94,清热解毒。用于急性扁桃体炎、咽喉炎、感冒等属风热证者。,清热剂 | 清热解毒,呼吸系统药物 | 咳嗽和感冒用药,,,,https://www.yao86.com/%E4%B8%AD%E6%88%90%E8%8D%AF/%E5%85%B0%E8%8D%89%E7%89%87,站点药理分类明确为感冒或解表用药
already_present,13006,兰草胶囊,tcm,0,0,0.94,清热解毒。用于急性扁桃体炎、咽炎、感冒属风热证者。,清热剂 | 清热解毒,呼吸系统药物 | 咳嗽和感冒用药,,,,https://www.yao86.com/%E4%B8%AD%E6%88%90%E8%8D%AF/%E5%85%B0%E8%8D%89%E8%83%B6%E5%9B%8A,站点药理分类明确为感冒或解表用药
review_missing_efficacy,,罗汉茶化浊颗粒,tcm,,11,0.95,暂无数据,祛痰剂 | 化痰降脂,心脑血管与血液系统药物 | 血脂调节剂,,,,https://www.yao86.com/%E4%B8%AD%E6%88%90%E8%8D%AF/%E7%BD%97%E6%B1%89%E8%8C%B6%E5%8C%96%E6%B5%8A%E9%A2%97%E7%B2%92,站点药理或 ATC 分类明确为慢性病长期用药
already_present,13007,蛮龙液,tcm,13,13,0.9,补肾壮阳，填精益髓。用于肾虚精亏，阳萎早泄，梦遗滑精，腰膝酸痛，小便频数。,补益剂 | 补阳,生殖泌尿系统药物 | 泌尿系统药物 | 补肾药物（勃起机能障碍用药）,,,,https://www.yao86.com/%E4%B8%AD%E6%88%90%E8%8D%AF/%E8%9B%AE%E9%BE%99%E6%B6%B2,站点明确收录为中成药，未命中更具体项目类别
already_present,13008,龙蛾酒,tcm,13,13,0.9,壮阳补肾、益精髓。用于肾虚阳痿、梦遗滑泄、小便频数、腰酸背痛、足膝无力等症。,补益剂 | 补阳,生殖泌尿系统药物 | 泌尿系统药物 | 补肾药物（勃起机能障碍用药）,,,,https://www.yao86.com/%E4%B8%AD%E6%88%90%E8%8D%AF/%E9%BE%99%E8%9B%BE%E9%85%92,站点明确收录为中成药，未命中更具体项目类别
already_present,13009,克立硼罗软膏,western,9,9,0.94,适用于2岁及以上轻度至中度特应性皮炎患者的局部外用治疗。,皮肤科用药 | 其他皮肤科药,其它治疗皮肤病药物 | 过敏性皮炎治疗药，不包括皮质类固醇,舒坦明,,,https://www.yao86.com/%E8%A5%BF%E8%8D%AF/%E5%85%8B%E7%AB%8B%E7%A1%BC%E7%BD%97%E8%BD%AF%E8%86%8F,剂型或站点分类明确为局部外用药
already_present,13010,卡格列净片,western,11,11,0.95,本品与二甲双胍联用：当单独使用二甲双胍血糖控制不佳时，可与二甲双胍联合使用，配合饮食和运动改善成人2型糖尿病患者的血糖控制。本品与二甲双胍和磺脲类药物联用：当联用二甲双胍和磺脲类药物血糖控制不佳时，可与二甲双胍和磺脲类药物联合使用，配合饮食和运动改善成人2型糖尿病患者的血糖控制。本品不建议用于1型糖尿病患者或糖尿病酮症酸中毒(患者)的治疗。,激素及影响内分泌药 | 胰岛素及口服降血糖药,糖尿病用药 | 非胰岛素类降血糖药 | 钠-葡萄糖联合转运蛋白2（SGLT2）抑制剂,,,,https://www.yao86.com/%E8%A5%BF%E8%8D%AF/%E5%8D%A1%E6%A0%BC%E5%88%97%E5%87%80%E7%89%87,站点药理或 ATC 分类明确为慢性病长期用药
review_missing_efficacy,,康胃素胶囊,western,,,0.0,,,其它消化道和代谢药物 | 氨基酸与其衍生物,,,,https://www.yao86.com/%E8%A5%BF%E8%8D%AF/%E5%BA%B7%E8%83%83%E7%B4%A0%E8%83%B6%E5%9B%8A,站点分类无法可靠映射到项目现有类别
already_present,13011,抗人白介素-8鼠单抗乳膏,western,9,9,0.94,用于寻常型银屑病、亚急性湿疹的治疗。,皮肤科用药 | 其他皮肤科药,抗银屑病药 | 局部用治疗牛皮癣药 | 其它局部用治疗牛皮癣药,恩博克,,,https://www.yao86.com/%E8%A5%BF%E8%8D%AF/%E6%8A%97%E4%BA%BA%E7%99%BD%E4%BB%8B%E7%B4%A0-8%E9%BC%A0%E5%8D%95%E6%8A%97%E4%B9%B3%E8%86%8F,剂型或站点分类明确为局部外用药
review_missing_efficacy,,口服乳杆菌LB胶囊,western,,,0.0,,,消化药，含酶 | 酶和酸制剂，复方,,,,https://www.yao86.com/%E8%A5%BF%E8%8D%AF/%E5%8F%A3%E6%9C%8D%E4%B9%B3%E6%9D%86%E8%8F%8CLB%E8%83%B6%E5%9B%8A,站点分类无法可靠映射到项目现有类别
already_present,13012,糠酸氟替卡松维兰特罗吸入粉雾剂(Ⅱ),western,17,17,0.96,哮喘本品适用于成人哮喘患者的维持治疗，其中包括规律吸入糖皮质激素，并“按需”吸入短效β2-受体激动剂治疗控制不佳的成人哮喘患者。慢性阻塞性肺病(COPD)本品100μg/25μg适用于吸入支气管扩张剂后FEV1占正常预计值百分比＜70%，且规律应用支气管扩张剂治疗情况下，仍有急性加重史的成人COPD患者的维持治疗。,呼吸系统用药 | 平喘药,阻塞性气管疾病用药 | 肾上腺素能药，吸入剂 | 肾上腺素能药和其它阻塞性气管病药的复方,万瑞舒,,万瑞舒（多药共用）,https://www.yao86.com/%E8%A5%BF%E8%8D%AF/%E7%B3%A0%E9%85%B8%E6%B0%9F%E6%9B%BF%E5%8D%A1%E6%9D%BE%E7%BB%B4%E5%85%B0%E7%89%B9%E7%BD%97%E5%90%B8%E5%85%A5%E7%B2%89%E9%9B%BE%E5%89%82%28%E2%85%A1%29,人工分类边界：西药支气管扩张剂归其它
already_present,13013,糠酸氟替卡松维兰特罗吸入粉雾剂(Ⅲ),western,17,17,0.96,哮喘本品适用于成人哮喘患者的维持治疗，其中包括规律吸入糖皮质激素，并“按需”吸入短效β2-受体激动剂治疗控制不佳的成人哮喘患者。慢性阻塞性肺病(COPD)本品100μg/25μg适用于吸入支气管扩张剂后FEV1占正常预计值百分比＜70%，且规律应用支气管扩张剂治疗情况下，仍有急性加重史的成人COPD患者的维持治疗。,呼吸系统用药 | 平喘药,阻塞性气管疾病用药 | 肾上腺素能药，吸入剂 | 肾上腺素能药和其它阻塞性气管病药的复方,万瑞舒,,万瑞舒（多药共用）,https://www.yao86.com/%E8%A5%BF%E8%8D%AF/%E7%B3%A0%E9%85%B8%E6%B0%9F%E6%9B%BF%E5%8D%A1%E6%9D%BE%E7%BB%B4%E5%85%B0%E7%89%B9%E7%BD%97%E5%90%B8%E5%85%A5%E7%B2%89%E9%9B%BE%E5%89%82%28%E2%85%A2%29,人工分类边界：西药支气管扩张剂归其它
already_present,13014,坎地氢噻片,western,12,12,0.95,用于治疗高血压。本品不适用于高血压的初始治疗，本品适用于单用坎地沙坦酯或氢氯噻嗪不能有效控制血压的成年人原发性高血压，或两药联合用药同剂量的替代治疗。,心血管系统用药 | 抗心力衰竭药,作用于肾素-血管紧张素系统的药物 | 血管紧张素II拮抗药，复方 | 血管紧张素II拮抗药和利尿剂,,,,https://www.yao86.com/%E8%A5%BF%E8%8D%AF/%E5%9D%8E%E5%9C%B0%E6%B0%A2%E5%99%BB%E7%89%87,站点药理或 ATC 分类明确为心脑血管用药
review_missing_efficacy,,抗乙型肝炎转移因子口服液,western,,5,0.93,,,肝、胆疾病治疗药 | 肝病治疗药，抗脂肪肝药 | 肝病治疗药,,,,https://www.yao86.com/%E8%A5%BF%E8%8D%AF/%E6%8A%97%E4%B9%99%E5%9E%8B%E8%82%9D%E7%82%8E%E8%BD%AC%E7%A7%BB%E5%9B%A0%E5%AD%90%E5%8F%A3%E6%9C%8D%E6%B6%B2,站点药理或 ATC 分类明确为胃肠消化用药
already_present,13015,盐酸喹那普利片,western,12,12,0.95,高血压、充血性心力衰竭。,心血管系统用药 | 抗心力衰竭药,作用于肾素-血管紧张素系统的药物 | 血管紧张素转化酶抑制药，单方,,,,https://www.yao86.com/%E8%A5%BF%E8%8D%AF/%E7%9B%90%E9%85%B8%E5%96%B9%E9%82%A3%E6%99%AE%E5%88%A9%E7%89%87,站点药理或 ATC 分类明确为心脑血管用药
already_present,13016,鹿筋壮骨酒,tcm,3,3,0.94,祛风除湿，舒筋活血。用于四肢麻木，风湿性关节炎。,温里剂 | 温经散寒,肌肉-骨骼系统药物 | 抗炎和抗风湿药,,,,https://www.yao86.com/%E4%B8%AD%E6%88%90%E8%8D%AF/%E9%B9%BF%E7%AD%8B%E5%A3%AE%E9%AA%A8%E9%85%92,站点药理或 ATC 分类明确为镇痛/抗炎药
already_present,1716,鹿胎膏,tcm,14,14,0.96,补气养血，调经散寒。用于气血不足、虚弱消瘦，月经不调、行经腹痛；寒湿带下。,温里剂 | 温经散寒,生殖泌尿系统药物 | 妇科用药 | 调经药物,,,,https://www.yao86.com/%E4%B8%AD%E6%88%90%E8%8D%AF/%E9%B9%BF%E8%83%8E%E8%86%8F,保留数据库现有分类；站点药理或 ATC 分类明确为妇科用药
already_present,1714,鹿胎颗粒,tcm,14,14,0.96,补气养血，调经散寒。用于气血不足，虚弱体瘦，月经错后、量少，行经腹痛，寒湿带下。,温里剂 | 温经散寒,生殖泌尿系统药物 | 妇科用药 | 调经药物,,,,https://www.yao86.com/%E4%B8%AD%E6%88%90%E8%8D%AF/%E9%B9%BF%E8%83%8E%E9%A2%97%E7%B2%92,保留数据库现有分类；站点药理或 ATC 分类明确为妇科用药
already_present,13017,鹿胎软胶囊,tcm,14,14,0.96,补气养血，调经散寒。用于气血不足，虚弱赢瘦，月经不调，行经腹痛，寒湿带下。,温里剂 | 温经散寒,生殖泌尿系统药物 | 妇科用药 | 调经药物,,,,https://www.yao86.com/%E4%B8%AD%E6%88%90%E8%8D%AF/%E9%B9%BF%E8%83%8E%E8%BD%AF%E8%83%B6%E5%9B%8A,站点药理或 ATC 分类明确为妇科用药
already_present,13018,鹿胎胶囊,tcm,14,14,0.96,补气养血，通经散寒。用于气血不足，虚弱消瘦，月经不调，行经腹痛，寒湿带下。,温里剂 | 温经散寒,生殖泌尿系统药物 | 妇科用药 | 调经药物,,,,https://www.yao86.com/%E4%B8%AD%E6%88%90%E8%8D%AF/%E9%B9%BF%E8%83%8E%E8%83%B6%E5%9B%8A,站点药理或 ATC 分类明确为妇科用药
already_present,13019,乐脉胶囊,tcm,12,12,0.95,行气活血，化瘀通脉。用于气滞血瘀所致的头痛、眩晕、胸痛、心悸；冠心病心绞痛、多发性脑梗死见上述证候者。,理气剂 | 理气疏肝,心脑血管与血液系统药物 | 脑血管疾病治疗药,,,,https://www.yao86.com/%E4%B8%AD%E6%88%90%E8%8D%AF/%E4%B9%90%E8%84%89%E8%83%B6%E5%9B%8A,站点药理或 ATC 分类明确为心脑血管用药
already_present,13020,乐脉片,tcm,12,12,0.95,行气活血，化瘀通脉。用于气滞血瘀所致的头痛、眩晕、胸痛、心悸；冠心病心绞痛、多发性脑梗塞见上述证候者。,理气剂 | 理气疏肝,心脑血管与血液系统药物 | 脑血管疾病治疗药,,,,https://www.yao86.com/%E4%B8%AD%E6%88%90%E8%8D%AF/%E4%B9%90%E8%84%89%E7%89%87,站点药理或 ATC 分类明确为心脑血管用药
already_present,13021,乐脉颗粒,tcm,12,12,0.95,行气活血，化瘀通脉。用于气滞血瘀所致的头痛、眩晕、胸痛、心悸；冠心病心绞痛、多发性脑梗死见上述证候者。,理气剂 | 理气疏肝,心脑血管与血液系统药物 | 脑血管疾病治疗药,,,,https://www.yao86.com/%E4%B8%AD%E6%88%90%E8%8D%AF/%E4%B9%90%E8%84%89%E9%A2%97%E7%B2%92,站点药理或 ATC 分类明确为心脑血管用药
already_present,13022,乐脉分散片,tcm,12,12,0.95,行气活血，化淤通脉。用于气滞血瘀所致的头痛、眩晕、胸痛、心悸；冠心病心绞痛、多发性脑梗死见上述证候者。,理气剂 | 理气疏肝,心脑血管与血液系统药物 | 脑血管疾病治疗药,,,,https://www.yao86.com/%E4%B8%AD%E6%88%90%E8%8D%AF/%E4%B9%90%E8%84%89%E5%88%86%E6%95%A3%E7%89%87,站点药理或 ATC 分类明确为心脑血管用药
already_present,13023,乐脉丸,tcm,12,12,0.95,行气活血，化瘀通脉。用于气滞血瘀所致的头痛、昡晕、胸痛、心悸；冠心病心绞痛、多发性脑梗塞见上述症候者。,理气剂 | 理气疏肝,心脑血管与血液系统药物 | 脑血管疾病治疗药,,,,https://www.yao86.com/%E4%B8%AD%E6%88%90%E8%8D%AF/%E4%B9%90%E8%84%89%E4%B8%B8,站点药理或 ATC 分类明确为心脑血管用药
already_present,13024,利尿八味散,tcm,13,13,0.9,利水。用于寒热性尿闭，水肿，泌尿道结石等症。,祛湿剂 | 利水渗湿,生殖泌尿系统药物 | 泌尿系统药物 | 抗生殖泌尿系统感染药物,,,,https://www.yao86.com/%E4%B8%AD%E6%88%90%E8%8D%AF/%E5%88%A9%E5%B0%BF%E5%85%AB%E5%91%B3%E6%95%A3,站点明确收录为中成药，未命中更具体项目类别
already_present,13025,芦根枇杷叶颗粒,tcm,1,1,0.95,润肺化痰，止咳定喘。用于伤风咳嗽、支气管炎。,止咳平喘剂 | 止咳平喘,呼吸系统药物 | 咳嗽和感冒用药,,,,https://www.yao86.com/%E4%B8%AD%E6%88%90%E8%8D%AF/%E8%8A%A6%E6%A0%B9%E6%9E%87%E6%9D%B7%E5%8F%B6%E9%A2%97%E7%B2%92,站点药理分类明确为止咳或祛痰药
already_present,13026,良园枇杷叶膏,tcm,1,1,0.95,清宣肺气，化痰镇咳。用于风热感冒、咳嗽、气喘。,止咳平喘剂 | 止咳平喘,呼吸系统药物 | 咳嗽和感冒用药,,,,https://www.yao86.com/%E4%B8%AD%E6%88%90%E8%8D%AF/%E8%89%AF%E5%9B%AD%E6%9E%87%E6%9D%B7%E5%8F%B6%E8%86%8F,站点药理分类明确为止咳或祛痰药
already_present,13027,良园枇杷叶膏（蜜炼）,tcm,1,1,0.95,清宣肺气，化痰镇咳。用于风热感冒、咳嗽、气喘。,止咳平喘剂 | 止咳平喘,,,,,https://www.yao86.com/%E4%B8%AD%E6%88%90%E8%8D%AF/%E8%89%AF%E5%9B%AD%E6%9E%87%E6%9D%B7%E5%8F%B6%E8%86%8F%EF%BC%88%E8%9C%9C%E7%82%BC%EF%BC%89,站点药理分类明确为止咳或祛痰药
already_present,13028,痢特敏胶囊,tcm,5,5,0.93,清热解毒，抗菌止痢。用于急性痢疾、肠炎与腹泻属温热证者。,清热剂 | 清热解毒,消化系统与代谢药 | 肠道疾病相关药物,,,,https://www.yao86.com/%E4%B8%AD%E6%88%90%E8%8D%AF/%E7%97%A2%E7%89%B9%E6%95%8F%E8%83%B6%E5%9B%8A,站点药理或 ATC 分类明确为胃肠消化用药
already_present,13029,痢特敏颗粒,tcm,5,5,0.93,清热解毒，抗菌止痢。用于急性痢疾、肠炎与腹泻属温热证者。,清热剂 | 清热解毒,消化系统与代谢药 | 肠道疾病相关药物,,,,https://www.yao86.com/%E4%B8%AD%E6%88%90%E8%8D%AF/%E7%97%A2%E7%89%B9%E6%95%8F%E9%A2%97%E7%B2%92,站点药理或 ATC 分类明确为胃肠消化用药
already_present,13030,痢特敏片,tcm,5,5,0.93,清热解毒，抗菌止痢。用于急性痢疾、肠炎与腹泻属湿热证者。,清热剂 | 清热解毒,消化系统与代谢药 | 肠道疾病相关药物,,,,https://www.yao86.com/%E4%B8%AD%E6%88%90%E8%8D%AF/%E7%97%A2%E7%89%B9%E6%95%8F%E7%89%87,站点药理或 ATC 分类明确为胃肠消化用药
already_present,13031,苓桂咳喘宁胶囊,tcm,1,1,0.95,温肺化饮，止咳平喘。主治外感风寒，痰湿阻肺，症见咳嗽痰多，喘息胸闷气短等。,止咳平喘剂 | 止咳平喘,呼吸系统药物 | 咳嗽和感冒用药,,,,https://www.yao86.com/%E4%B8%AD%E6%88%90%E8%8D%AF/%E8%8B%93%E6%A1%82%E5%92%B3%E5%96%98%E5%AE%81%E8%83%B6%E5%9B%8A,站点药理分类明确为止咳或祛痰药
already_present,13032,痢速宁片,tcm,5,5,0.93,抑菌止泻。用于急慢性痢疾及肠炎。,清热剂 | 清热解毒,消化系统与代谢药 | 肠道疾病相关药物,,,,https://www.yao86.com/%E4%B8%AD%E6%88%90%E8%8D%AF/%E7%97%A2%E9%80%9F%E5%AE%81%E7%89%87,站点药理或 ATC 分类明确为胃肠消化用药
already_present,13033,硫酸卡那霉素滴眼液,western,9,9,0.94,适用于治疗敏感大肠埃希菌、克雷伯菌属、变形杆菌属、淋病奈瑟菌及葡萄球菌属等细菌所致结膜炎、角膜炎、泪囊炎、眼睑炎、睑板腺炎等感染。,抗微生物药 | 氨基糖苷类,眼科用药 | 抗感染药 | 抗生素类,,,,https://www.yao86.com/%E8%A5%BF%E8%8D%AF/%E7%A1%AB%E9%85%B8%E5%8D%A1%E9%82%A3%E9%9C%89%E7%B4%A0%E6%BB%B4%E7%9C%BC%E6%B6%B2,剂型或站点分类明确为局部外用药
already_present,13034,硫酸卡那霉素软膏,western,9,9,0.94,用于治疗敏感革兰阴性杆菌所致的严重感染，如细菌性痢疾、肠炎等，亦可用于腹部手术前清洁肠腔。,抗微生物药 | 氨基糖苷类,系统用抗细菌药 | 氨基糖苷类抗菌药 | 其它氨基糖苷类,,,,https://www.yao86.com/%E8%A5%BF%E8%8D%AF/%E7%A1%AB%E9%85%B8%E5%8D%A1%E9%82%A3%E9%9C%89%E7%B4%A0%E8%BD%AF%E8%86%8F,剂型或站点分类明确为局部外用药
already_present,13035,硫酸卡那霉素片,western,2,2,0.96,本品抗感染药。适用于治疗敏感革兰阴性杆菌所致的严重感染，如细菌性痢疾、肠炎等。亦可用于腹部手术前清洁肠腔。,抗微生物药 | 氨基糖苷类,系统用抗细菌药 | 氨基糖苷类抗菌药 | 其它氨基糖苷类,,,,https://www.yao86.com/%E8%A5%BF%E8%8D%AF/%E7%A1%AB%E9%85%B8%E5%8D%A1%E9%82%A3%E9%9C%89%E7%B4%A0%E7%89%87,站点药理或 ATC 分类明确为抗感染药
already_present,13036,硫酸卡那霉素胶囊,western,2,2,0.96,用于细菌性痢疾、肠炎。,抗微生物药 | 氨基糖苷类,系统用抗细菌药 | 氨基糖苷类抗菌药 | 其它氨基糖苷类,,,,https://www.yao86.com/%E8%A5%BF%E8%8D%AF/%E7%A1%AB%E9%85%B8%E5%8D%A1%E9%82%A3%E9%9C%89%E7%B4%A0%E8%83%B6%E5%9B%8A,站点药理或 ATC 分类明确为抗感染药
already_present,13037,单硫酸卡那霉素颗粒,western,5,5,0.96,用于食道炎、急慢性细菌性痢疾，胃窦炎，消化道感染等。,抗微生物药 | 氨基糖苷类,止泻药、肠道抗炎、抗感染药 | 肠道抗感染药 | 抗生素,新亚闵行,,,https://www.yao86.com/%E8%A5%BF%E8%8D%AF/%E5%8D%95%E7%A1%AB%E9%85%B8%E5%8D%A1%E9%82%A3%E9%9C%89%E7%B4%A0%E9%A2%97%E7%B2%92,站点分类明确为止泻或肠道吸附药
already_present,13038,枯草芽孢杆菌喷雾剂,western,9,9,0.94,本品适用于防治中、小面积Ⅱ度烧伤烫伤创面感染。,皮肤科用药 | 皮肤抗感染药,润肤药和护肤药 | 其它润肤药和护肤药,,,,https://www.yao86.com/%E8%A5%BF%E8%8D%AF/%E6%9E%AF%E8%8D%89%E8%8A%BD%E5%AD%A2%E6%9D%86%E8%8F%8C%E5%96%B7%E9%9B%BE%E5%89%82,剂型或站点分类明确为局部外用药
review_unclassified,,卡比多巴片,western,,,0.0,与左旋多巴联合应用，用于帕金森病和帕金森综合征。,神经系统用药 | 抗震颤麻痹药,抗震颤麻痹药 | 多巴胺能类药 | 多巴与其衍生物类,,,,https://www.yao86.com/%E8%A5%BF%E8%8D%AF/%E5%8D%A1%E6%AF%94%E5%A4%9A%E5%B7%B4%E7%89%87,站点分类无法可靠映射到项目现有类别
review_unclassified,,卡络磺钠片,western,,,0.0,用于泌尿系统、上消化道、呼吸道和妇产科疾病出血。亦可用于外伤和手术出血。,血液系统用药 | 促凝血药,抗出血药 | 维生素K和其它止血药 | 其它系统止血药,,,,https://www.yao86.com/%E8%A5%BF%E8%8D%AF/%E5%8D%A1%E7%BB%9C%E7%A3%BA%E9%92%A0%E7%89%87,站点分类无法可靠映射到项目现有类别
review_unclassified,,咖啡酸片,western,,,0.0,用于外科手术时预防出血或止血，以及内科、妇产科等出血性疾病的止血，也用于各种原因引起的白细胞减少症、血小板减少症。,血液系统用药 | 促凝血药,抗出血药 | 维生素K和其它止血药 | 其它系统止血药,,,,https://www.yao86.com/%E8%A5%BF%E8%8D%AF/%E5%92%96%E5%95%A1%E9%85%B8%E7%89%87,站点分类无法可靠映射到项目现有类别
review_unclassified,,卡马西平片,western,,,0.0,1、癫痫：部分性发作：复杂部分性发作。全身性发作：强直、阵挛、强直阵挛发作。2、三叉神经痛和舌咽神经痛发作，亦用作三叉神经痛缓解后的长期预防性用药。也可用于脊髓痨和多发性硬化、糖尿病性周围性神经痛、患肢痛和外伤后神经痛以及疱疹后神经痛。3、预防或治疗躁狂-抑郁症；对锂或抗精神病药或抗抑郁药无效的或不能耐受的躁狂-抑郁症，可单用或与锂盐和其它抗抑郁药合用。4、中枢性部分性尿崩症，可单用或氯磺丙脲或氯贝丁酯等合用。5、酒精癖的戒断综合征。,治疗精神障碍药 | 抗抑郁药,抗癫痫药 | 氨甲酰胺衍生物类,,,,https://www.yao86.com/%E8%A5%BF%E8%8D%AF/%E5%8D%A1%E9%A9%AC%E8%A5%BF%E5%B9%B3%E7%89%87,站点分类无法可靠映射到项目现有类别
review_unclassified,,卡马西平胶囊,western,,,0.0,（1）复杂部分性发作（亦称精神运动性发作或颞叶癫痫）、全身强直-阵孪性发作、上述两种混合性发作或其他部分性或全身性发作；对典型或不典型失神发作、肌阵孪或失神张力发作无效。（2）三叉神经痛和舌咽神经痛发作，亦用作三叉神经痛缓解后的长期预防性用药。也可用于脊髓痨和多发性硬化、糖尿病性周围性神经痛、患肢痛和外伤后神经痛以及疱疹后神经痛。（3）预防或治疗躁狂-抑郁症；对锂或抗精神病药或抗抑郁药无效的或不能耐受的躁狂-抑郁症，可单用或与锂盐和其它抗抑郁药合用。（4）中枢性部分性尿崩症，可单用或氯磺丙脲或氯贝丁酯等合用。（5）对某些精神疾病包括精神分裂症性情感性疾病，顽固性精神分裂症及与边缘系统功能障碍有关的失控综合征。（6）不宁腿综合症（Ekbom综合征），偏侧面肌痉孪。（7.）酒精癖的戒断综合征。,治疗精神障碍药 | 抗抑郁药,抗癫痫药 | 氨甲酰胺衍生物类,,,,https://www.yao86.com/%E8%A5%BF%E8%8D%AF/%E5%8D%A1%E9%A9%AC%E8%A5%BF%E5%B9%B3%E8%83%B6%E5%9B%8A,站点分类无法可靠映射到项目现有类别
review_unclassified,,卡马西平缓释胶囊,western,,,0.0,1.癫痫(1)局部发作，伴随复杂的综合症状，伴随简单的综合症状；(2)具有强直阵挛性的原发性或继发性癫痫发作；(3)综合性癫痫发作。2.躁狂，以及预防躁狂抑郁失调。3.由多种硬化症而引起的自发性三叉神经痛和三叉神经痛；自发性舌咽神经痛。,治疗精神障碍药 | 抗抑郁药,抗癫痫药 | 氨甲酰胺衍生物类,,,,https://www.yao86.com/%E8%A5%BF%E8%8D%AF/%E5%8D%A1%E9%A9%AC%E8%A5%BF%E5%B9%B3%E7%BC%93%E9%87%8A%E8%83%B6%E5%9B%8A,站点分类无法可靠映射到项目现有类别
review_missing_efficacy,,卡马西平缓释片(Ⅱ),western,,,0.0,,,抗癫痫药 | 氨甲酰胺衍生物类,,,,https://www.yao86.com/%E8%A5%BF%E8%8D%AF/%E5%8D%A1%E9%A9%AC%E8%A5%BF%E5%B9%B3%E7%BC%93%E9%87%8A%E7%89%87%28%E2%85%A1%29,站点分类无法可靠映射到项目现有类别
review_missing_efficacy,,卡马西平缓释片,western,,,0.0,,,抗癫痫药 | 氨甲酰胺衍生物类,,,,https://www.yao86.com/%E8%A5%BF%E8%8D%AF/%E5%8D%A1%E9%A9%AC%E8%A5%BF%E5%B9%B3%E7%BC%93%E9%87%8A%E7%89%87,站点分类无法可靠映射到项目现有类别
review_unclassified,,卡左双多巴缓释片,western,,,0.0,·原发性帕金森氏病。·脑炎后帕金森氏综合征。·症状性帕金森氏综合征(一氧化碳或锰中毒)·对以前用过左旋多巴/脱羧酶抑制剂复方制剂或单用左旋多巴治疗有剂末恶化(“渐弱”现象)，峰剂量运动障碍、运动不能等特征的运动失调，或有类似短时间运动障碍现象的患者，可减少“关”的时间。,神经系统用药 | 抗震颤麻痹药,抗震颤麻痹药 | 多巴胺能类药 | 多巴与其衍生物类,,,,https://www.yao86.com/%E8%A5%BF%E8%8D%AF/%E5%8D%A1%E5%B7%A6%E5%8F%8C%E5%A4%9A%E5%B7%B4%E7%BC%93%E9%87%8A%E7%89%87,站点分类无法可靠映射到项目现有类别
review_unclassified,,复方卡比多巴片,western,,,0.0,抗震颤麻痹药。用于原发性震颤麻痹和症状性震颤麻痹综合症(不包括药物引起的震颤麻痹综合症征)。,神经系统用药 | 抗震颤麻痹药,抗震颤麻痹药 | 多巴胺能类药 | 多巴与其衍生物类,西莱美,,,https://www.yao86.com/%E8%A5%BF%E8%8D%AF/%E5%A4%8D%E6%96%B9%E5%8D%A1%E6%AF%94%E5%A4%9A%E5%B7%B4%E7%89%87,站点分类无法可靠映射到项目现有类别
review_unclassified,,卡左双多巴控释片,western,,,0.0,·原发性帕金森氏病。·脑炎后帕金森氏综合征。·症状性帕金森氏综合征(一氧化碳或锰中毒)·服用含吡多辛(维生素B6)的维生素制剂的帕金森氏病或帕金森氏综合征的患者。·对以前用过左旋多巴/脱羧酶抑制剂复方制剂或单用左旋多巴治疗有剂末恶化(“渐弱”现象)，峰剂量运动障碍、运动不能等特征的运动失调，或有类似短时间运动障碍现象的患者，可减少“关”的时间。,神经系统用药 | 抗震颤麻痹药,抗震颤麻痹药 | 多巴胺能类药 | 多巴与其衍生物类,,,,https://www.yao86.com/%E8%A5%BF%E8%8D%AF/%E5%8D%A1%E5%B7%A6%E5%8F%8C%E5%A4%9A%E5%B7%B4%E6%8E%A7%E9%87%8A%E7%89%87,站点分类无法可靠映射到项目现有类别
already_present,13039,卡泊三醇倍他米松凝胶,western,9,9,0.94,用于成人头部银屑病的外用治疗。,皮肤科用药 | 角质溶解药,抗银屑病药 | 局部用治疗牛皮癣药 | 其它局部用治疗牛皮癣药,,,,https://www.yao86.com/%E8%A5%BF%E8%8D%AF/%E5%8D%A1%E6%B3%8A%E4%B8%89%E9%86%87%E5%80%8D%E4%BB%96%E7%B1%B3%E6%9D%BE%E5%87%9D%E8%83%B6,剂型或站点分类明确为局部外用药
already_present,13040,卡泊三醇倍他米松软膏,western,9,9,0.94,主要用于适合局部治疗的成人稳定性斑块状银屑病。,皮肤科用药 | 角质溶解药,抗银屑病药 | 局部用治疗牛皮癣药 | 其它局部用治疗牛皮癣药,,,,https://www.yao86.com/%E8%A5%BF%E8%8D%AF/%E5%8D%A1%E6%B3%8A%E4%B8%89%E9%86%87%E5%80%8D%E4%BB%96%E7%B1%B3%E6%9D%BE%E8%BD%AF%E8%86%8F,剂型或站点分类明确为局部外用药
review_missing_efficacy,,卡替拉韦钠片,western,,2,0.96,,,系统用抗病毒药 | 直接作用的抗病毒药 | 整合酶抑制剂,,,,https://www.yao86.com/%E8%A5%BF%E8%8D%AF/%E5%8D%A1%E6%9B%BF%E6%8B%89%E9%9F%A6%E9%92%A0%E7%89%87,站点药理或 ATC 分类明确为抗感染药
already_present,13041,鹭鸶咯丸,tcm,1,1,0.95,宣肺、化痰、止咳。用于痰浊阻肺所致的顿咳、咳嗽，症见咳嗽阵作、痰鸣气促、咽干声哑；百日咳见上述证候者。,止咳平喘剂 | 止咳,呼吸系统药物 | 咳嗽和感冒用药,,,,https://www.yao86.com/%E4%B8%AD%E6%88%90%E8%8D%AF/%E9%B9%AD%E9%B8%B6%E5%92%AF%E4%B8%B8,站点药理分类明确为止咳或祛痰药
already_present,13042,鹿尾补肾丸,tcm,13,13,0.9,补肾填精，强筋壮骨，益气补血。用于肾虚精亏，气血虚弱，头晕眼花，健忘遗泄，腰酸腿痛等。,补益剂 | 气血阴阳并补,生殖泌尿系统药物 | 泌尿系统药物 | 补肾药物（勃起机能障碍用药）,中一牌,,,https://www.yao86.com/%E4%B8%AD%E6%88%90%E8%8D%AF/%E9%B9%BF%E5%B0%BE%E8%A1%A5%E8%82%BE%E4%B8%B8,站点明确收录为中成药，未命中更具体项目类别
already_present,13043,鹿茸参鞭酒,tcm,13,13,0.9,补肾精，生气血。用于畏寒肢冷，腰痛耳鸣，四肢酸软，精神疲乏，失眠多梦，心悸怔忡，纳呆食少，肢体麻木。,补益剂 | 气血阴阳并补,生殖泌尿系统药物 | 泌尿系统药物 | 补肾药物（勃起机能障碍用药）,,,,https://www.yao86.com/%E4%B8%AD%E6%88%90%E8%8D%AF/%E9%B9%BF%E8%8C%B8%E5%8F%82%E9%9E%AD%E9%85%92,站点明确收录为中成药，未命中更具体项目类别
already_present,13044,灵芪养心胶囊,tcm,13,13,0.9,养心健脾，益气调神。适用于心脾两虚证，症见身倦乏力，心悸，易汗出，健忘，多梦易醒，食少便溏等。,补益剂 | 补气,神经系统药物 | 精神安定药 | 催眠镇静药,,,,https://www.yao86.com/%E4%B8%AD%E6%88%90%E8%8D%AF/%E7%81%B5%E8%8A%AA%E5%85%BB%E5%BF%83%E8%83%B6%E5%9B%8A,站点明确收录为中成药，未命中更具体项目类别
already_present,13045,灵芪养心口服液,tcm,13,13,0.9,养心健脾，益气调神。适用于心脾两虚证，症见身倦乏力，心悸，易汗出，健忘，多梦易醒，食少便溏等。,补益剂 | 补气,神经系统药物 | 精神安定药 | 催眠镇静药,,,,https://www.yao86.com/%E4%B8%AD%E6%88%90%E8%8D%AF/%E7%81%B5%E8%8A%AA%E5%85%BB%E5%BF%83%E5%8F%A3%E6%9C%8D%E6%B6%B2,站点明确收录为中成药，未命中更具体项目类别
already_present,13046,龙苓春药酒,tcm,13,13,0.9,滋补强壮，助力固精。用于气血双亏，腰腿痛，手足寒冷，妇女血亏，血寒，带下淋漓。,补益剂 | 气血阴阳并补,生殖泌尿系统药物 | 泌尿系统药物 | 补肾药物（勃起机能障碍用药）,,,,https://www.yao86.com/%E4%B8%AD%E6%88%90%E8%8D%AF/%E9%BE%99%E8%8B%93%E6%98%A5%E8%8D%AF%E9%85%92,站点明确收录为中成药，未命中更具体项目类别
already_present,13047,龙苓春合剂,tcm,13,13,0.9,补肾助阳，填精补血。用于阴阳两虚，腰腿冷痛，手足不温，阳痿早泄，食欲不振，倦怠乏力。,补益剂 | 气血阴阳并补,生殖泌尿系统药物 | 泌尿系统药物 | 补肾药物（勃起机能障碍用药）,,,,https://www.yao86.com/%E4%B8%AD%E6%88%90%E8%8D%AF/%E9%BE%99%E8%8B%93%E6%98%A5%E5%90%88%E5%89%82,站点明确收录为中成药，未命中更具体项目类别
already_present,13048,灵芪加口服液,tcm,13,13,0.9,扶正固本，滋补强壮，宁心安神。用于心脾两虚所致的心悸失眠，倦怠乏力，食少便溏。,补益剂 | 补气,补气补血药物 | 补气药物,,,,https://www.yao86.com/%E4%B8%AD%E6%88%90%E8%8D%AF/%E7%81%B5%E8%8A%AA%E5%8A%A0%E5%8F%A3%E6%9C%8D%E6%B6%B2,站点明确收录为中成药，未命中更具体项目类别
already_present,13049,裸花紫珠胶囊,tcm,13,13,0.9,清热解毒，收敛止血。用于血热毒盛所致的呼吸道、消化道出血及细菌感染性炎症。,清热剂 | 清热解毒,呼吸系统药物 | 清热解毒药物,,,,https://www.yao86.com/%E4%B8%AD%E6%88%90%E8%8D%AF/%E8%A3%B8%E8%8A%B1%E7%B4%AB%E7%8F%A0%E8%83%B6%E5%9B%8A,站点明确收录为中成药，未命中更具体项目类别
already_present,13050,裸花紫珠栓,tcm,14,14,0.96,消炎解毒，收敛止血。用于宫颈炎、白色念珠菌性阴道炎等。,清热剂 | 清热解毒,生殖泌尿系统药物 | 妇科用药 | 妇科炎症治疗药,,,,https://www.yao86.com/%E4%B8%AD%E6%88%90%E8%8D%AF/%E8%A3%B8%E8%8A%B1%E7%B4%AB%E7%8F%A0%E6%A0%93,站点药理或 ATC 分类明确为妇科用药
already_present,13051,裸花紫珠颗粒,tcm,13,13,0.9,消炎，解毒，收敛，止血。用于细菌感染引起的炎症，急性传染性肝炎，呼吸道和消化道出血。,清热剂 | 清热解毒,呼吸系统药物 | 清热解毒药物,,,,https://www.yao86.com/%E4%B8%AD%E6%88%90%E8%8D%AF/%E8%A3%B8%E8%8A%B1%E7%B4%AB%E7%8F%A0%E9%A2%97%E7%B2%92,站点明确收录为中成药，未命中更具体项目类别
already_present,13052,裸花紫珠软胶囊,tcm,13,13,0.9,消炎，解毒，收敛，止血。用于细菌感染引起的炎症，急性传染性肝炎，呼吸道和消化道出血。,清热剂 | 清热解毒,呼吸系统药物 | 清热解毒药物,,,,https://www.yao86.com/%E4%B8%AD%E6%88%90%E8%8D%AF/%E8%A3%B8%E8%8A%B1%E7%B4%AB%E7%8F%A0%E8%BD%AF%E8%83%B6%E5%9B%8A,站点明确收录为中成药，未命中更具体项目类别
already_present,13053,裸花紫珠分散片,tcm,13,13,0.9,消炎，解毒，收敛，止血。用于细菌感染引起的炎症，急性传染性肝炎，呼吸道和消化道出血。,清热剂 | 清热解毒,呼吸系统药物 | 清热解毒药物,,,,https://www.yao86.com/%E4%B8%AD%E6%88%90%E8%8D%AF/%E8%A3%B8%E8%8A%B1%E7%B4%AB%E7%8F%A0%E5%88%86%E6%95%A3%E7%89%87,站点明确收录为中成药，未命中更具体项目类别
already_present,13054,裸花紫珠片,tcm,13,13,0.9,清热解毒，收敛止血。用于血热毒盛所致的呼吸道、消化道出血及细菌感染性炎症。,清热剂 | 清热解毒,呼吸系统药物 | 清热解毒药物,,,,https://www.yao86.com/%E4%B8%AD%E6%88%90%E8%8D%AF/%E8%A3%B8%E8%8A%B1%E7%B4%AB%E7%8F%A0%E7%89%87,站点明确收录为中成药，未命中更具体项目类别
already_present,13055,连苏胶囊,tcm,5,5,0.93,清热燥湿，行气和胃。用于湿热中阻，见胃痛脘胀、呕恶纳呆，口苦粘腻，舌红苔黄腻、脉滑数者。,祛湿剂 | 清热除湿,消化系统与代谢药 | 胃病相关药物,,,,https://www.yao86.com/%E4%B8%AD%E6%88%90%E8%8D%AF/%E8%BF%9E%E8%8B%8F%E8%83%B6%E5%9B%8A,站点药理或 ATC 分类明确为胃肠消化用药
reclassified_existing,13056,连蒲双清片,tcm,5,14,0.96,清热解毒，燥湿止痢。用于湿热蕴结所致的肠炎、痢疾；亦用于乳腺炎、疖肿、外伤发炎、胆囊炎。,祛湿剂 | 清热除湿,消化系统与代谢药 | 肠道疾病相关药物,,,,https://www.yao86.com/%E4%B8%AD%E6%88%90%E8%8D%AF/%E8%BF%9E%E8%92%B2%E5%8F%8C%E6%B8%85%E7%89%87,站点药理或 ATC 分类明确为妇科用药
reclassified_existing,13057,连蒲双清胶囊,tcm,5,14,0.96,清热解毒，燥湿止痢。用于肠炎痢疾，疖肿外伤发炎，乳腺炎，胆囊炎等症。,祛湿剂 | 清热除湿,消化系统与代谢药 | 肠道疾病相关药物,,,,https://www.yao86.com/%E4%B8%AD%E6%88%90%E8%8D%AF/%E8%BF%9E%E8%92%B2%E5%8F%8C%E6%B8%85%E8%83%B6%E5%9B%8A,站点药理或 ATC 分类明确为妇科用药
review_unclassified,,氯膦酸二钠胶囊,western,,,0.0,氯膦酸二钠胶囊适用于治疗恶性肿瘤引起的高钙血症及骨质溶解。,抗肿瘤药 | 抗肿瘤辅助药,骨病治疗药 | 影响骨结构与其矿物质化的药物 | 双磷酸类,固令 Bonefos,,,https://www.yao86.com/%E8%A5%BF%E8%8D%AF/%E6%B0%AF%E8%86%A6%E9%85%B8%E4%BA%8C%E9%92%A0%E8%83%B6%E5%9B%8A,站点分类无法可靠映射到项目现有类别
review_unclassified,,氯膦酸二钠片,western,,,0.0,氯膦酸二钠片适用于治疗恶性肿瘤引起的高钙血症及骨质溶解。,抗肿瘤药 | 抗肿瘤辅助药,骨病治疗药 | 影响骨结构与其矿物质化的药物 | 双磷酸类,固令|BONEFOS,,,https://www.yao86.com/%E8%A5%BF%E8%8D%AF/%E6%B0%AF%E8%86%A6%E9%85%B8%E4%BA%8C%E9%92%A0%E7%89%87,站点分类无法可靠映射到项目现有类别
review_missing_efficacy,,无水氯膦酸二钠片,western,,,0.0,,,骨病治疗药 | 影响骨结构与其矿物质化的药物 | 双磷酸类,,,,https://www.yao86.com/%E8%A5%BF%E8%8D%AF/%E6%97%A0%E6%B0%B4%E6%B0%AF%E8%86%A6%E9%85%B8%E4%BA%8C%E9%92%A0%E7%89%87,站点分类无法可靠映射到项目现有类别
already_present,13058,维生素B4片,western,7,7,0.96,用于防治各种原因引起的白细胞减少症、急性粒细胞减少症，尤其是对肿瘤化学和放射治疗以及苯中毒等引起的白细胞减少症。,血液系统用药 | 其他血液系统用药,维生素类 | 其它单方维生素制剂,,,,https://www.yao86.com/%E8%A5%BF%E8%8D%AF/%E7%BB%B4%E7%94%9F%E7%B4%A0B4%E7%89%87,站点药理或 ATC 分类明确为维生素/矿物质
review_missing_efficacy,,氯芬那酸片,western,,3,0.94,,,抗炎和抗风湿药 | 非甾体抗炎药和抗风湿药 | 芬那酸类,,,,https://www.yao86.com/%E8%A5%BF%E8%8D%AF/%E6%B0%AF%E8%8A%AC%E9%82%A3%E9%85%B8%E7%89%87,站点药理或 ATC 分类明确为镇痛/抗炎药
review_missing_efficacy,,赖氨酸王浆口服液,western,,,0.0,,,一般营养药 | 其它营养 | 碳水化合物、蛋白质、矿物质、维生素、复方,,,,https://www.yao86.com/%E8%A5%BF%E8%8D%AF/%E8%B5%96%E6%B0%A8%E9%85%B8%E7%8E%8B%E6%B5%86%E5%8F%A3%E6%9C%8D%E6%B6%B2,站点分类无法可靠映射到项目现有类别
already_present,13059,美诺平颗粒,tcm,13,13,0.9,清热解毒，凉血散瘀。用于肺热血瘀所致寻常型痤疮，症见：皮疹红肿，或有脓疱结节，用手挤压有小米粒样白色脂栓排出，伴有颜面潮红、皮肤油腻，大便秘结，舌质红，苔薄黄，脉弦数（本品与冰黄软膏配合使用）。,清热剂 | 清热解毒,皮肤病药物 | 抗痤疮药 | 系统用抗痤疮药,,,,https://www.yao86.com/%E4%B8%AD%E6%88%90%E8%8D%AF/%E7%BE%8E%E8%AF%BA%E5%B9%B3%E9%A2%97%E7%B2%92,站点明确收录为中成药，未命中更具体项目类别
already_present,13060,妙济丸,tcm,3,3,0.94,补益肝肾，袪湿通络，活血止痛。用于肝肾不足、风湿瘀阻所致的痹病，症见骨节疼痛、腰膝酸软、肢体麻木拘挛。,祛湿剂 | 祛风胜湿,肌肉-骨骼系统药物 | 抗炎和抗风湿药,,,,https://www.yao86.com/%E4%B8%AD%E6%88%90%E8%8D%AF/%E5%A6%99%E6%B5%8E%E4%B8%B8,站点药理或 ATC 分类明确为镇痛/抗炎药
already_present,13061,木香通气丸,tcm,5,5,0.93,行气化湿，健脾和胃。用于湿浊阻滞所致的胸膈痞闷，脘腹胀痛，呕吐恶心，嗳气纳呆。,祛湿剂 | 化湿和胃,消化系统与代谢药 | 胃病相关药物,,,,https://www.yao86.com/%E4%B8%AD%E6%88%90%E8%8D%AF/%E6%9C%A8%E9%A6%99%E9%80%9A%E6%B0%94%E4%B8%B8,站点药理或 ATC 分类明确为胃肠消化用药
already_present,13062,猫爪草胶囊,tcm,13,13,0.9,散结，消肿。用于瘰疬，淋巴结核未溃者，亦可用于肺结核。,治疮疡剂 | 解毒消肿,呼吸系统药物 | 其他呼吸系统药物,,,,https://www.yao86.com/%E4%B8%AD%E6%88%90%E8%8D%AF/%E7%8C%AB%E7%88%AA%E8%8D%89%E8%83%B6%E5%9B%8A,站点明确收录为中成药，未命中更具体项目类别
already_present,13063,猕猴桃颗粒,tcm,5,5,0.93,调中理气，增进食欲，促进消化。用于消化不良，食欲不振，改善儿童营养不良的辅助治疗。,和解剂 | 调和胃肠,消化系统与代谢药 | 提升食欲、促消化药,,,,https://www.yao86.com/%E4%B8%AD%E6%88%90%E8%8D%AF/%E7%8C%95%E7%8C%B4%E6%A1%83%E9%A2%97%E7%B2%92,站点药理或 ATC 分类明确为胃肠消化用药
review_missing_efficacy,,盐酸拉贝洛尔片,western,,12,0.95,用于各种高血压。,心血管系统用药 | 抗高血压药,β-受体阻断药 | α-和β-受体阻断药,,,,https://www.yao86.com/%E8%A5%BF%E8%8D%AF/%E7%9B%90%E9%85%B8%E6%8B%89%E8%B4%9D%E6%B4%9B%E5%B0%94%E7%89%87,站点药理或 ATC 分类明确为心脑血管用药
already_present,13064,富马酸卢帕他定片,western,8,8,0.96,用于成年人和青少年(大于12岁)过敏性鼻炎和荨麻疹的对症治疗。,抗变态反应药 | 其他抗变态反应药,系统用抗组胺药 | 系统用其它抗组胺药,,,,https://www.yao86.com/%E8%A5%BF%E8%8D%AF/%E5%AF%8C%E9%A9%AC%E9%85%B8%E5%8D%A2%E5%B8%95%E4%BB%96%E5%AE%9A%E7%89%87,站点药理分类明确为抗过敏药
already_present,13065,富马酸卢帕他定胶囊,western,8,8,0.96,用于治疗12岁以上青少年及成年人过敏性鼻炎。,抗变态反应药 | 其他抗变态反应药,系统用抗组胺药 | 系统用其它抗组胺药,,,,https://www.yao86.com/%E8%A5%BF%E8%8D%AF/%E5%AF%8C%E9%A9%AC%E9%85%B8%E5%8D%A2%E5%B8%95%E4%BB%96%E5%AE%9A%E8%83%B6%E5%9B%8A,站点药理分类明确为抗过敏药
review_unclassified,,洛莫司汀胶囊,western,,,0.0,本品脂溶性强，可通过血-脑屏障，进入脑脊液，常用于脑部原发肿瘤（如成胶质细胞瘤）及继发性肿瘤；治疗实体瘤，如联合用药治疗胃癌、直肠癌及支气管肺癌、恶性淋巴瘤等。,抗肿瘤药 | 烷化剂,抗肿瘤药 | 烷基化剂 | 亚硝基脲类,,,,https://www.yao86.com/%E8%A5%BF%E8%8D%AF/%E6%B4%9B%E8%8E%AB%E5%8F%B8%E6%B1%80%E8%83%B6%E5%9B%8A,站点分类无法可靠映射到项目现有类别
imported,14003,甲苯磺酸拉帕替尼片,western,,14,0.96,拉帕替尼与卡培他滨联用，适用于HER2过表达且既往接受过包括蒽环类、紫杉类和曲妥珠单抗治疗的晚期或转移性乳腺癌患者的治疗。注意：本品必须是在接受曲妥珠单抗治疗后进展的复发转移的患者使用。尚无数据支持可以在该适应症以外的人群使用。,抗肿瘤药 | 抗肿瘤靶向药,抗肿瘤药 | 蛋白激酶抑制剂 | 人表皮生长因子受体2(HER2)酪氨酸激酶抑制剂,泰立沙(TYKERB),泰立沙(TYKERB),,https://www.yao86.com/%E8%A5%BF%E8%8D%AF/%E7%94%B2%E8%8B%AF%E7%A3%BA%E9%85%B8%E6%8B%89%E5%B8%95%E6%9B%BF%E5%B0%BC%E7%89%87,站点药理或 ATC 分类明确为妇科用药
already_present,13066,氯化铵片,western,1,1,0.95,适用于痰粘稠不易咳出者。也用于泌尿系统感染需酸化尿液时。,泌尿系统用药 | 其他泌尿系统药,咳嗽和感冒用药 | 祛痰药，与止咳药的复方除外 | 祛痰药,,,,https://www.yao86.com/%E8%A5%BF%E8%8D%AF/%E6%B0%AF%E5%8C%96%E9%93%B5%E7%89%87,站点药理分类明确为止咳或祛痰药
already_present,13067,洛索洛芬钠胶囊,western,3,3,0.94,1、用于类风湿性关节炎、变形性关节病、腰痛症、肩周炎、颈肩臂综合症的消炎和镇痛；2、用于手术后、外伤后及拔牙后的镇痛和消炎；3、用于急性上呼吸道炎(包括伴有急性支气管炎的急性上呼吸道炎)的解热和镇痛。,镇痛、解热、抗炎、抗风湿、抗痛风药 | 解热镇痛、抗炎、抗风湿药,抗炎和抗风湿药 | 非甾体抗炎药和抗风湿药 | 丙酸衍生物类,,,,https://www.yao86.com/%E8%A5%BF%E8%8D%AF/%E6%B4%9B%E7%B4%A2%E6%B4%9B%E8%8A%AC%E9%92%A0%E8%83%B6%E5%9B%8A,站点药理或 ATC 分类明确为镇痛/抗炎药
already_present,13068,洛索洛芬钠片,western,3,3,0.94,类风湿性关节炎、骨性关节炎、腰痛、肩周炎、颈肩腕综合症，以及手术后、外伤后及拔牙后的镇痛消炎，急性上呼吸道炎症的解热镇痛。,镇痛、解热、抗炎、抗风湿、抗痛风药 | 解热镇痛、抗炎、抗风湿药,抗炎和抗风湿药 | 非甾体抗炎药和抗风湿药 | 丙酸衍生物类,赛克同,,,https://www.yao86.com/%E8%A5%BF%E8%8D%AF/%E6%B4%9B%E7%B4%A2%E6%B4%9B%E8%8A%AC%E9%92%A0%E7%89%87,站点药理或 ATC 分类明确为镇痛/抗炎药
already_present,13069,洛索洛芬钠贴剂,western,9,9,0.94,用于下述疾病及症状的消炎和镇痛：骨关节炎、肌肉痛、外伤导致的肿胀或疼痛。,镇痛、解热、抗炎、抗风湿、抗痛风药 | 解热镇痛、抗炎、抗风湿药,关节和肌肉疼痛局部用药 | 局部用非甾体消抗炎药,,,,https://www.yao86.com/%E8%A5%BF%E8%8D%AF/%E6%B4%9B%E7%B4%A2%E6%B4%9B%E8%8A%AC%E9%92%A0%E8%B4%B4%E5%89%82,剂型或站点分类明确为局部外用药
already_present,13070,洛索洛芬钠分散片,western,3,3,0.94,1、用于类风湿性关节炎、变形性关节病、腰痛症、肩周炎、颈肩臂综合征的消炎和镇痛；2、用于手术后、外伤后及拔牙后的镇痛和消炎；3、用于急性上呼吸道炎(包括伴有急性支气管炎的急性上呼吸道炎)的解热和镇痛。,镇痛、解热、抗炎、抗风湿、抗痛风药 | 解热镇痛、抗炎、抗风湿药,抗炎和抗风湿药 | 非甾体抗炎药和抗风湿药 | 丙酸衍生物类,,,,https://www.yao86.com/%E8%A5%BF%E8%8D%AF/%E6%B4%9B%E7%B4%A2%E6%B4%9B%E8%8A%AC%E9%92%A0%E5%88%86%E6%95%A3%E7%89%87,站点药理或 ATC 分类明确为镇痛/抗炎药
already_present,13071,洛索洛芬钠凝胶贴膏,western,9,9,0.94,用于以下疾病及症状的消炎、镇痛；骨关节炎、肌肉痛、外伤后的肿胀疼痛。,镇痛、解热、抗炎、抗风湿、抗痛风药 | 解热镇痛、抗炎、抗风湿药,关节和肌肉疼痛局部用药 | 局部用非甾体消抗炎药,,,,https://www.yao86.com/%E8%A5%BF%E8%8D%AF/%E6%B4%9B%E7%B4%A2%E6%B4%9B%E8%8A%AC%E9%92%A0%E5%87%9D%E8%83%B6%E8%B4%B4%E8%86%8F,剂型或站点分类明确为局部外用药
already_present,13072,洛索洛芬钠颗粒,western,3,3,0.94,1.用于类风湿性关节炎、变形性关节病、腰痛症、肩周炎、颈肩臂综合症的消炎和镇痛；2.用于手术后、外伤后及拔牙后的镇痛和消炎；3.用于急性上呼吸道炎(包括伴有急性支气管炎的急性上呼吸道炎)的解热和镇痛。,镇痛、解热、抗炎、抗风湿、抗痛风药 | 解热镇痛、抗炎、抗风湿药,抗炎和抗风湿药 | 非甾体抗炎药和抗风湿药 | 丙酸衍生物类,,,,https://www.yao86.com/%E8%A5%BF%E8%8D%AF/%E6%B4%9B%E7%B4%A2%E6%B4%9B%E8%8A%AC%E9%92%A0%E9%A2%97%E7%B2%92,站点药理或 ATC 分类明确为镇痛/抗炎药
already_present,13073,氯沙坦钾氢氯噻嗪片,western,12,12,0.95,本品用于治疗高血压，适用于联合用药治疗的患者。,心血管系统用药 | 抗高血压药,作用于肾素-血管紧张素系统的药物 | 血管紧张素II拮抗药，复方 | 血管紧张素II拮抗药和利尿剂,,,,https://www.yao86.com/%E8%A5%BF%E8%8D%AF/%E6%B0%AF%E6%B2%99%E5%9D%A6%E9%92%BE%E6%B0%A2%E6%B0%AF%E5%99%BB%E5%97%AA%E7%89%87,站点药理或 ATC 分类明确为心脑血管用药
already_present,13074,脑心清胶囊,tcm,12,12,0.95,活血化瘀，通络。用于脉络瘀阻，眩晕头疼，肢体麻木，胸痹心痛，胸中憋闷，心悸气短；冠心病、脑动脉硬化症见上述证候者。,理血剂 | 活血化瘀,心脑血管与血液系统药物 | 脑血管疾病治疗药,,,,https://www.yao86.com/%E4%B8%AD%E6%88%90%E8%8D%AF/%E8%84%91%E5%BF%83%E6%B8%85%E8%83%B6%E5%9B%8A,站点药理或 ATC 分类明确为心脑血管用药
already_present,13075,脑心清片,tcm,12,12,0.95,活血化瘀，通络。用于脉络瘀阻，眩晕头痛，肢体麻木，胸痹心痛，胸中憋闷，心悸气短；冠心病、脑动脉硬化症见上述证候者。,理血剂 | 活血化瘀,心脑血管与血液系统药物 | 脑血管疾病治疗药,,,,https://www.yao86.com/%E4%B8%AD%E6%88%90%E8%8D%AF/%E8%84%91%E5%BF%83%E6%B8%85%E7%89%87,站点药理或 ATC 分类明确为心脑血管用药
already_present,13076,尿感宁颗粒,tcm,13,13,0.9,清热解毒，通淋利尿，抗菌消炎。用于急慢性尿路感染。,祛湿剂 | 清热除湿,生殖泌尿系统药物 | 泌尿系统药物 | 抗生殖泌尿系统感染药物,,,,https://www.yao86.com/%E4%B8%AD%E6%88%90%E8%8D%AF/%E5%B0%BF%E6%84%9F%E5%AE%81%E9%A2%97%E7%B2%92,站点明确收录为中成药，未命中更具体项目类别
already_present,13077,脑栓康复胶囊,tcm,12,12,0.95,活血化瘀、通经活络。用于瘀血阻络所致的中风、中经络，舌蹇语涩、口眼歪斜、半身不遂。,理血剂 | 活血化瘀,心脑血管与血液系统药物 | 脑血管疾病治疗药,,,,https://www.yao86.com/%E4%B8%AD%E6%88%90%E8%8D%AF/%E8%84%91%E6%A0%93%E5%BA%B7%E5%A4%8D%E8%83%B6%E5%9B%8A,站点药理或 ATC 分类明确为心脑血管用药
already_present,13078,尿毒排析散,tcm,13,13,0.9,解毒泄浊。用于血清肌酐(Scr)小于707μmol/L的慢性肾功能衰竭患者，症见恶心、呕吐、纳差、腹胀、身重困倦、尿少、浮肿、皮肤瘙痒、苔腻等。,祛湿剂 | 清热除湿,生殖泌尿系统药物 | 泌尿系统药物 | 抗生殖泌尿系统感染药物,,,,https://www.yao86.com/%E4%B8%AD%E6%88%90%E8%8D%AF/%E5%B0%BF%E6%AF%92%E6%8E%92%E6%9E%90%E6%95%A3,站点明确收录为中成药，未命中更具体项目类别
already_present,129,脉血康胶囊,tcm,13,13,0.95,破血，逐瘀，通脉止痛。用于癥瘕痞块，血瘀经闭，跌打损伤。,理血剂 | 活血化瘀,心脑血管与血液系统药物 | 脑血管疾病治疗药,,,,https://www.yao86.com/%E4%B8%AD%E6%88%90%E8%8D%AF/%E8%84%89%E8%A1%80%E5%BA%B7%E8%83%B6%E5%9B%8A,保留数据库现有分类；站点药理或 ATC 分类明确为心脑血管用药
already_present,13079,脑血康滴丸,tcm,12,12,0.95,活血散瘀，破血散结。用于血瘀中风，半身不遂，口眼歪斜，舌强语蹇，舌紫暗，有瘀斑，及高血压脑出血后的脑血肿，脑血栓见上述证侯者。,理血剂 | 活血化瘀,心脑血管与血液系统药物 | 脑血管疾病治疗药,,,,https://www.yao86.com/%E4%B8%AD%E6%88%90%E8%8D%AF/%E8%84%91%E8%A1%80%E5%BA%B7%E6%BB%B4%E4%B8%B8,站点药理或 ATC 分类明确为心脑血管用药
already_present,13080,脑血康颗粒,tcm,12,12,0.95,活血化瘀，破血散结。用于中风，半身不遂，口眼歪斜，舌强言蹇；高血压脑出血后的脑血肿、脑血栓等。,理血剂 | 活血化瘀,心脑血管与血液系统药物 | 脑血管疾病治疗药,,,,https://www.yao86.com/%E4%B8%AD%E6%88%90%E8%8D%AF/%E8%84%91%E8%A1%80%E5%BA%B7%E9%A2%97%E7%B2%92,站点药理或 ATC 分类明确为心脑血管用药
already_present,13081,脑血康丸,tcm,12,12,0.95,活血化瘀，破血散结。用于血瘀中风，半身不遂，口眼歪斜，舌强语蹇，舌紫暗，有瘀斑等，及高血压脑出血后的脑血肿、脑血栓见上述症候者。,理血剂 | 活血化瘀,心脑血管与血液系统药物 | 脑血管疾病治疗药,,,,https://www.yao86.com/%E4%B8%AD%E6%88%90%E8%8D%AF/%E8%84%91%E8%A1%80%E5%BA%B7%E4%B8%B8,站点药理或 ATC 分类明确为心脑血管用药
already_present,13082,脑血康口服液,tcm,12,12,0.95,活血化瘀，破血散结。用于中风，半身不遂，口眼歪斜，舌强言蹇。更适用于高血压性脑出血后的脑血肿、脑血栓等。,理血剂 | 活血化瘀,心脑血管与血液系统药物 | 脑血管疾病治疗药,,,,https://www.yao86.com/%E4%B8%AD%E6%88%90%E8%8D%AF/%E8%84%91%E8%A1%80%E5%BA%B7%E5%8F%A3%E6%9C%8D%E6%B6%B2,站点药理或 ATC 分类明确为心脑血管用药
already_present,13083,脉血康肠溶片,tcm,12,12,0.95,破血，逐瘀，通脉止痛。用于癥瘕痞块，血瘀经闭，跌打损伤。,理血剂 | 活血化瘀,心脑血管与血液系统药物 | 脑血管疾病治疗药,,,,https://www.yao86.com/%E4%B8%AD%E6%88%90%E8%8D%AF/%E8%84%89%E8%A1%80%E5%BA%B7%E8%82%A0%E6%BA%B6%E7%89%87,站点药理或 ATC 分类明确为心脑血管用药
already_present,13084,脑血康胶囊,tcm,12,12,0.95,活血化瘀，破血散结。用于中风，半身不遂，口眼歪斜，舌强语謇，舌紫暗，有瘀斑，更适用于高血压脑出血后的脑血肿，脑血栓等。,理血剂 | 活血化瘀,心脑血管与血液系统药物 | 脑血管疾病治疗药,,,,https://www.yao86.com/%E4%B8%AD%E6%88%90%E8%8D%AF/%E8%84%91%E8%A1%80%E5%BA%B7%E8%83%B6%E5%9B%8A,站点药理或 ATC 分类明确为心脑血管用药
already_present,13085,脑血康片,tcm,12,12,0.95,活血化瘀，破血散结。用于中风后出现半身不遂、口眼歪斜、舌强语塞等证，更适用于高血压脑出血后的脑水肿、脑血栓等症。,理血剂 | 活血化瘀,心脑血管与血液系统药物 | 脑血管疾病治疗药,脑血康,,,https://www.yao86.com/%E4%B8%AD%E6%88%90%E8%8D%AF/%E8%84%91%E8%A1%80%E5%BA%B7%E7%89%87,站点药理或 ATC 分类明确为心脑血管用药
already_present,13086,尿毒清颗粒(无糖型),tcm,13,13,0.9,通腑降浊、健脾利湿、活血化瘀。用于慢性肾功能衰竭，氮质血症期和尿毒症早期、中医辨证属脾虚湿浊症和脾虚血瘀症者。可降低肌酐、尿素氮，稳定肾功能，延缓透析时间。对改善肾性贫血，提高血钙、降低血磷也有一定的作用。,祛湿剂 | 清热除湿,,,,,https://www.yao86.com/%E4%B8%AD%E6%88%90%E8%8D%AF/%E5%B0%BF%E6%AF%92%E6%B8%85%E9%A2%97%E7%B2%92%28%E6%97%A0%E7%B3%96%E5%9E%8B%29,站点明确收录为中成药，未命中更具体项目类别
already_present,13087,尿清舒颗粒,tcm,13,13,0.9,彝医：西弗色哩哩诺奴诺，夫撒凯奴，吐土希。中医：清热利湿，利水通淋。用于湿热蕴结所致淋症，小便不利，淋沥涩痛，慢性前列腺炎属上述证候。,祛湿剂 | 清热除湿,生殖泌尿系统药物 | 泌尿系统药物 | 抗生殖泌尿系统感染药物,,,,https://www.yao86.com/%E4%B8%AD%E6%88%90%E8%8D%AF/%E5%B0%BF%E6%B8%85%E8%88%92%E9%A2%97%E7%B2%92,站点明确收录为中成药，未命中更具体项目类别
already_present,13088,尿路康颗粒,tcm,13,13,0.9,彝医：西弗色哩哩诺奴诺，夫撒凯奴，吐土希。中医：清热利湿，健脾益肾。用于下焦湿热、脾肾两虚所致的淋证，小便不利、淋沥涩痛，非淋菌性尿道炎见上述证候者。,祛湿剂 | 清热除湿,生殖泌尿系统药物 | 泌尿系统药物 | 抗生殖泌尿系统感染药物,,,,https://www.yao86.com/%E4%B8%AD%E6%88%90%E8%8D%AF/%E5%B0%BF%E8%B7%AF%E5%BA%B7%E9%A2%97%E7%B2%92,站点明确收录为中成药，未命中更具体项目类别
already_present,13089,尿路通胶囊,tcm,13,13,0.9,清热利湿，通淋排石。用于石淋之湿热下注证，症见：腰痛，少腹急满，小便频数，短赤，溺时涩痛难忍，淋沥不爽，苔黄腻，脉弦滑或滑数。,祛湿剂 | 清热除湿,生殖泌尿系统药物 | 泌尿系统药物 | 抗生殖泌尿系统感染药物,,,,https://www.yao86.com/%E4%B8%AD%E6%88%90%E8%8D%AF/%E5%B0%BF%E8%B7%AF%E9%80%9A%E8%83%B6%E5%9B%8A,站点明确收录为中成药，未命中更具体项目类别
already_present,13090,尿路通片,tcm,13,13,0.9,具有排石、溶石、消炎、镇痛、利尿、抑制结石生成。,祛湿剂 | 清热除湿,生殖泌尿系统药物 | 泌尿系统药物 | 抗生殖泌尿系统感染药物,,,,https://www.yao86.com/%E4%B8%AD%E6%88%90%E8%8D%AF/%E5%B0%BF%E8%B7%AF%E9%80%9A%E7%89%87,站点明确收录为中成药，未命中更具体项目类别
already_present,13091,牛黄化毒片,tcm,13,13,0.9,解毒消肿，散结止痛。用于疮疡、乳痈红肿疼痛。,治疮疡剂 | 解毒消肿,呼吸系统药物 | 清热解毒药物,,,,https://www.yao86.com/%E4%B8%AD%E6%88%90%E8%8D%AF/%E7%89%9B%E9%BB%84%E5%8C%96%E6%AF%92%E7%89%87,站点明确收录为中成药，未命中更具体项目类别
review_missing_efficacy,,拉西地平片,western,,12,0.95,高血压。,心血管系统用药 | 抗高血压药,钙通道阻滞剂 | 主要对血管产生影响的选择性钙通道阻滞剂 | 二氢吡啶衍生物,司乐平,,,https://www.yao86.com/%E8%A5%BF%E8%8D%AF/%E6%8B%89%E8%A5%BF%E5%9C%B0%E5%B9%B3%E7%89%87,站点药理或 ATC 分类明确为心脑血管用药
already_present,13092,拉西地平分散片,western,12,12,0.95,单独使用或与其他抗高血压的药物，如b-阻滞剂、利尿药和血管紧张素转化酶抑制剂合用，治疗高血压。,心血管系统用药 | 抗高血压药,钙通道阻滞剂 | 主要对血管产生影响的选择性钙通道阻滞剂 | 二氢吡啶衍生物,,,,https://www.yao86.com/%E8%A5%BF%E8%8D%AF/%E6%8B%89%E8%A5%BF%E5%9C%B0%E5%B9%B3%E5%88%86%E6%95%A3%E7%89%87,站点药理或 ATC 分类明确为心脑血管用药
already_present,13093,利福定胶囊,western,2,2,0.96,适用于治疗肺结核、麻疯病、皮肤、结核、化脓性皮肤病等。,抗微生物药 | 抗结核病药,抗分枝杆菌药 | 顿挫性结核治疗用药 | 抗生素类,,,,https://www.yao86.com/%E8%A5%BF%E8%8D%AF/%E5%88%A9%E7%A6%8F%E5%AE%9A%E8%83%B6%E5%9B%8A,站点药理或 ATC 分类明确为抗感染药
already_present,13094,利福定片,western,2,2,0.96,适用于治疗肺结核、麻疯病、皮肤结核、化脓性皮肤病等。,抗微生物药 | 抗结核病药,抗分枝杆菌药 | 顿挫性结核治疗用药 | 抗生素类,,,,https://www.yao86.com/%E8%A5%BF%E8%8D%AF/%E5%88%A9%E7%A6%8F%E5%AE%9A%E7%89%87,站点药理或 ATC 分类明确为抗感染药
already_present,13095,酪酸梭菌活菌片,western,5,5,0.96,治疗和改善因各种原因引起的肠道菌群紊乱所致的消化道症状。,消化系统用药 | 微生态制剂,止泻药、肠道抗炎、抗感染药 | 止泻的微生物,,,,https://www.yao86.com/%E8%A5%BF%E8%8D%AF/%E9%85%AA%E9%85%B8%E6%A2%AD%E8%8F%8C%E6%B4%BB%E8%8F%8C%E7%89%87,站点分类明确为止泻或肠道吸附药
already_present,13096,酪酸梭菌活菌散,western,5,5,0.96,治疗和改善因各种原因引起的肠道菌群紊乱所致的各种消化道症状。,消化系统用药 | 微生态制剂,止泻药、肠道抗炎、抗感染药 | 止泻的微生物,,,,https://www.yao86.com/%E8%A5%BF%E8%8D%AF/%E9%85%AA%E9%85%B8%E6%A2%AD%E8%8F%8C%E6%B4%BB%E8%8F%8C%E6%95%A3,站点分类明确为止泻或肠道吸附药
already_present,13097,酪酸梭菌活菌胶囊,western,5,5,0.96,因肠道菌群紊乱引起的各种消化道症状及相关的急、慢性腹泻和消化不良等。,消化系统用药 | 微生态制剂,止泻药、肠道抗炎、抗感染药 | 止泻的微生物,阿泰宁,,,https://www.yao86.com/%E8%A5%BF%E8%8D%AF/%E9%85%AA%E9%85%B8%E6%A2%AD%E8%8F%8C%E6%B4%BB%E8%8F%8C%E8%83%B6%E5%9B%8A,站点分类明确为止泻或肠道吸附药
review_unclassified,,利司扑兰口服溶液用散,western,,,0.0,利司扑兰口服溶液用散用于治疗2月龄及以上患者的脊髓性肌萎缩症。,神经系统用药 | 其他神经系统用药,其它治疗肌肉-骨骼系统疾病的药物,艾满欣,,,https://www.yao86.com/%E8%A5%BF%E8%8D%AF/%E5%88%A9%E5%8F%B8%E6%89%91%E5%85%B0%E5%8F%A3%E6%9C%8D%E6%BA%B6%E6%B6%B2%E7%94%A8%E6%95%A3,站点分类无法可靠映射到项目现有类别
review_missing_efficacy,,氯霉素阴道软胶囊,western,,14,0.96,细菌性阴道病。,妇产科用药 | 其他妇产科用药,妇科用抗感染药和灭菌药 | 抗感染药和灭菌药，与皮质甾体激素类的复方除外 | 抗生素,,,,https://www.yao86.com/%E8%A5%BF%E8%8D%AF/%E6%B0%AF%E9%9C%89%E7%B4%A0%E9%98%B4%E9%81%93%E8%BD%AF%E8%83%B6%E5%9B%8A,站点药理或 ATC 分类明确为妇科用药
already_present,1627,氯霉素滴眼液,western,9,9,0.94,用于治疗由大肠杆菌、流感嗜血杆菌、克雷伯菌属、金黄色葡萄球菌、溶血性链球菌和其他敏感菌所致眼部感染，如沙眼、结膜炎、角膜炎、眼睑缘炎等。,抗微生物药 | 其他抗生素,眼科用药 | 抗感染药 | 抗生素类,,,,https://www.yao86.com/%E8%A5%BF%E8%8D%AF/%E6%B0%AF%E9%9C%89%E7%B4%A0%E6%BB%B4%E7%9C%BC%E6%B6%B2,保留数据库现有分类；剂型或站点分类明确为局部外用药
already_present,13098,氯霉素胶囊,western,14,14,0.96,1．伤寒和其他沙门菌属感染：为敏感菌株所致伤寒、副伤寒的选用药物，由沙门菌属感染的胃肠炎一般不宜应用本品，如病情严重，有合并败血症可能时仍可选用；在成人伤寒、副伤寒沙门菌感染中，以氟喹诺酮类药物为首选（孕妇及小儿不宜用该类药）。2．耐氨苄西林的B型流感嗜血杆菌脑膜炎或对青霉素过敏患者的肺炎链球菌、脑膜炎奈瑟菌脑膜炎、敏感的革兰阴性杆菌脑膜炎，本品可作为选用药物之一。3．脑脓肿，尤其耳源性，常为需氧菌和厌氧菌混合感染。4．严重厌氧菌感染，如脆弱拟杆菌所致感染，尤其适用于病变累及中枢神经系统者，可与氨基糖苷类抗生素联合应用治疗腹腔感染和盆腔感染，以控制同时存在的需氧和厌氧菌感染。5．无其他低毒性抗菌药可替代时治疗敏感细菌所致的各种严重感染，如由流感嗜血杆菌、沙门菌属及其他革兰阴性杆菌所致败血症及肺部感染等，常与氨基糖苷类合用；6．立克次体感染，可用于Q热、落矶山斑点热、地方性斑疹伤寒等的治疗。,妇产科用药 | 其他妇产科用药,系统用抗细菌药 | 酰胺醇类,,,,https://www.yao86.com/%E8%A5%BF%E8%8D%AF/%E6%B0%AF%E9%9C%89%E7%B4%A0%E8%83%B6%E5%9B%8A,站点药理或 ATC 分类明确为妇科用药
already_present,13099,氯霉素滴耳液,western,9,9,0.94,用于治疗敏感细菌感染引起的外耳炎、急慢性中耳炎。,抗微生物药 | 其他抗生素,耳科用药 | 抗感染药,,,,https://www.yao86.com/%E8%A5%BF%E8%8D%AF/%E6%B0%AF%E9%9C%89%E7%B4%A0%E6%BB%B4%E8%80%B3%E6%B6%B2,剂型或站点分类明确为局部外用药
already_present,13100,氯霉素片,western,2,2,0.96,1．伤寒和其他沙门菌属感染：为敏感菌株所致伤寒、副伤寒的选用药物，由沙门菌属感染的胃肠炎一般不宜应用本品，如病情严重，有合并败血症可能时仍可选用；在成人伤寒、副伤寒沙门菌感染中，以氟喹诺酮类药物为首选（孕妇及小儿不宜用该类药）。2．耐氨苄西林的B型流感嗜血杆菌脑膜炎或对青霉素过敏患者的肺炎链球菌、脑膜炎奈瑟菌性脑膜炎、敏感的革兰阴性杆菌脑膜炎，本品可作为选用药物之一。3．脑脓肿，尤其耳源性，常为需氧菌和厌氧菌混合感染。4．严重厌氧菌感染，如脆弱拟杆菌所致感染，尤其适用于病变累及中枢神经系统者，可与氨基糖苷类抗生素联合应用治疗腹腔感染和盆腔感染，以控制同时存在的需氧和厌氧菌感染。5．无其他低毒性抗菌药可替代时治疗敏感细菌所致的各种严重感染，如由流感嗜血杆菌、沙门菌属及其他革兰阴性杆菌所致败血症及肺部感染等，常与氨基糖苷类合用。6．立克次体感染，可用于Q热、落矶山斑点热、地方性斑疹伤寒等的治疗。,抗微生物药 | 其他抗生素,系统用抗细菌药 | 酰胺醇类,,,,https://www.yao86.com/%E8%A5%BF%E8%8D%AF/%E6%B0%AF%E9%9C%89%E7%B4%A0%E7%89%87,站点药理或 ATC 分类明确为抗感染药
already_present,13101,氯霉素搽剂,western,9,9,0.96,皮肤外用药。用于对氯霉素类抗生素敏感细菌所引起的脂溢性皮炎、毛囊炎。,抗微生物药 | 其他抗生素,皮肤病用抗生素和化学治疗药物 | 局部用抗生素 | 局部用其它抗生素,,,,https://www.yao86.com/%E8%A5%BF%E8%8D%AF/%E6%B0%AF%E9%9C%89%E7%B4%A0%E6%90%BD%E5%89%82,外用剂型且站点 ATC 分类明确为皮肤局部用药
already_present,13102,氯霉素耳栓,western,2,2,0.96,用于急、慢性化脓性中耳炎及乳突根治术后流脓者。对病原微生物引起的外耳道炎亦有效。,抗微生物药 | 其他抗生素,耳科用药 | 抗感染药,,,,https://www.yao86.com/%E8%A5%BF%E8%8D%AF/%E6%B0%AF%E9%9C%89%E7%B4%A0%E8%80%B3%E6%A0%93,站点药理或 ATC 分类明确为抗感染药
already_present,13103,氯霉素眼膏,western,9,9,0.94,用于治疗由大肠杆菌、流感嗜血杆菌、克雷伯菌属、金黄色葡萄球菌、溶血性链球菌和其他敏感菌所致的结膜炎、角膜炎、眼睑缘炎、沙眼等。,抗微生物药 | 其他抗生素,眼科用药 | 抗感染药 | 抗生素类,,,,https://www.yao86.com/%E8%A5%BF%E8%8D%AF/%E6%B0%AF%E9%9C%89%E7%B4%A0%E7%9C%BC%E8%86%8F,剂型或站点分类明确为局部外用药
already_present,13104,棕榈氯霉素(B型)片,western,2,2,0.96,1.伤寒和其他沙门菌属感染：为敏感菌株所致伤寒、副伤寒的选用药物，由沙门菌属感染的胃肠炎一般不宜应用本品，如病情严重，有合并败血症可能时仍可选用；2.轻中度厌氧菌感染，如脆弱拟杆菌所致感染，尤其适用于病变累及中枢神经系统者，可与氨基糖苷类抗生素联合应用治疗腹腔感染和盆腔感染，以控制同时存在的需氧和厌氧菌感染；3.立克次体感染，可用于Q热、落矶山斑点热、地方性斑疹伤寒等的治疗。,抗微生物药 | 其他抗生素,系统用抗细菌药 | 酰胺醇类,,,,https://www.yao86.com/%E8%A5%BF%E8%8D%AF/%E6%A3%95%E6%A6%88%E6%B0%AF%E9%9C%89%E7%B4%A0%28B%E5%9E%8B%29%E7%89%87,站点药理或 ATC 分类明确为抗感染药
already_present,13105,棕榈氯霉素(B型)颗粒,western,2,2,0.96,1.伤寒和其他沙门菌属感染：为敏感菌株所致伤寒、副伤寒的选用药物，由沙门菌属感染的胃肠炎一般不宜应用本品，如病情严重，有合并败血症可能时仍可选用。2.轻中度厌氧菌感染，如脆弱拟杆菌所致感染，尤其适用于病变累及中枢神经系统者，可与氨基糖苷类抗生素联合应用治疗腹腔感染和盆腔感染，以控制同时存在的需氧和厌氧菌感染。3.立克次体感染，可用于Q热、落矶山斑点热、地方性斑疹伤寒等的治疗。,抗微生物药 | 其他抗生素,系统用抗细菌药 | 酰胺醇类,,,,https://www.yao86.com/%E8%A5%BF%E8%8D%AF/%E6%A3%95%E6%A6%88%E6%B0%AF%E9%9C%89%E7%B4%A0%28B%E5%9E%8B%29%E9%A2%97%E7%B2%92,站点药理或 ATC 分类明确为抗感染药
already_present,13106,氯霉素耳丸,western,2,2,0.96,本品适用于急、慢性化脓性中耳炎及乳突根治术后流脓者。,抗微生物药 | 其他抗生素,耳科用药 | 抗感染药,,,,https://www.yao86.com/%E8%A5%BF%E8%8D%AF/%E6%B0%AF%E9%9C%89%E7%B4%A0%E8%80%B3%E4%B8%B8,站点药理或 ATC 分类明确为抗感染药
already_present,13107,利福喷丁胶囊,western,2,2,0.96,1.本品与其他抗结核药联合用于各种结核病的初治与复治，但不宜用于结核性脑膜炎的治疗。2.适合医务人员直接观察下的短程化疗。3.亦可用于非结核性分枝杆菌感染的治疗。4.与其他抗麻风药联合用于麻风治疗可能有效。,抗微生物药 | 抗结核病药,抗分枝杆菌药 | 顿挫性结核治疗用药 | 抗生素类,,,,https://www.yao86.com/%E8%A5%BF%E8%8D%AF/%E5%88%A9%E7%A6%8F%E5%96%B7%E4%B8%81%E8%83%B6%E5%9B%8A,站点药理或 ATC 分类明确为抗感染药
already_present,13108,利福喷丁分散片,western,2,2,0.96,1.本品与其他抗结核药联合用于各种结核病的初治与复治，但不宜用于结核性脑膜炎的治疗。2.适合医务人员直接观察下的短程化疗。3.亦可用于非结核性分枝杆菌感染的治疗。4.与其他抗麻风药联合用于麻风治疗可能有效。,抗微生物药 | 抗结核病药,抗分枝杆菌药 | 顿挫性结核治疗用药 | 抗生素类,,,,https://www.yao86.com/%E8%A5%BF%E8%8D%AF/%E5%88%A9%E7%A6%8F%E5%96%B7%E4%B8%81%E5%88%86%E6%95%A3%E7%89%87,站点药理或 ATC 分类明确为抗感染药
imported,14004,六甲蜜胺片,western,,14,0.96,本品用于卵巢癌、SCLC、恶性淋巴瘤、子宫内膜癌的联合化疗，对卵巢癌及SCLC疗效尤佳。,抗肿瘤药 | 抗代谢药,抗肿瘤药 | 其它抗肿瘤药物 | 其它抗肿瘤药,,,,https://www.yao86.com/%E8%A5%BF%E8%8D%AF/%E5%85%AD%E7%94%B2%E8%9C%9C%E8%83%BA%E7%89%87,站点药理或 ATC 分类明确为妇科用药
imported,14005,六甲蜜胺胶囊,western,,14,0.96,本品用于卵巢癌、SCLC、恶性淋巴瘤、子宫内膜癌的联合化疗，对卵巢癌及SCLC疗效尤佳。,抗肿瘤药 | 抗代谢药,抗肿瘤药 | 其它抗肿瘤药物 | 其它抗肿瘤药,,,,https://www.yao86.com/%E8%A5%BF%E8%8D%AF/%E5%85%AD%E7%94%B2%E8%9C%9C%E8%83%BA%E8%83%B6%E5%9B%8A,站点药理或 ATC 分类明确为妇科用药
imported,14006,六甲蜜胺肠溶片,western,,14,0.96,用于卵巢癌、小细胞肺癌、恶性淋巴瘤、乳腺癌、骨髓癌的联合化疗。,抗肿瘤药 | 抗代谢药,抗肿瘤药 | 其它抗肿瘤药物 | 其它抗肿瘤药,,,,https://www.yao86.com/%E8%A5%BF%E8%8D%AF/%E5%85%AD%E7%94%B2%E8%9C%9C%E8%83%BA%E8%82%A0%E6%BA%B6%E7%89%87,站点药理或 ATC 分类明确为妇科用药
already_present,13109,蜡样芽孢杆菌活菌片,western,5,5,0.96,主要用于婴幼儿腹泻、慢性腹泻、肠功能紊乱及肠炎的治疗。,消化系统用药 | 微生态制剂,止泻药、肠道抗炎、抗感染药 | 止泻的微生物,,,,https://www.yao86.com/%E8%A5%BF%E8%8D%AF/%E8%9C%A1%E6%A0%B7%E8%8A%BD%E5%AD%A2%E6%9D%86%E8%8F%8C%E6%B4%BB%E8%8F%8C%E7%89%87,站点分类明确为止泻或肠道吸附药
already_present,13110,蜡样芽胞杆菌片,western,5,5,0.96,用于急慢性痢疾，肠炎，腹泻，婴幼儿腹泻引起的肠功能紊乱等。,消化系统用药 | 微生态制剂,止泻药、肠道抗炎、抗感染药 | 止泻的微生物,,,,https://www.yao86.com/%E8%A5%BF%E8%8D%AF/%E8%9C%A1%E6%A0%B7%E8%8A%BD%E8%83%9E%E6%9D%86%E8%8F%8C%E7%89%87,站点分类明确为止泻或肠道吸附药
already_present,13111,蜡样芽孢杆菌活菌胶囊,western,5,5,0.96,主要用于肠炎、腹泻、婴幼儿腹泻、肠功能紊乱的治疗。,消化系统用药 | 微生态制剂,止泻药、肠道抗炎、抗感染药 | 止泻的微生物,,,,https://www.yao86.com/%E8%A5%BF%E8%8D%AF/%E8%9C%A1%E6%A0%B7%E8%8A%BD%E5%AD%A2%E6%9D%86%E8%8F%8C%E6%B4%BB%E8%8F%8C%E8%83%B6%E5%9B%8A,站点分类明确为止泻或肠道吸附药
already_present,13112,柳酚咖敏片,western,3,3,0.94,适用于缓解普通感冒及流行性感冒引起的发热、头痛、四肢酸痛、打喷嚏、流鼻涕、鼻塞、咽痛等症状。,镇痛、解热、抗炎、抗风湿、抗痛风药 | 解热镇痛、抗炎、抗风湿药,镇痛药 | 其它解热镇痛药 | 水杨酸与其衍生物,尔可适,,,https://www.yao86.com/%E8%A5%BF%E8%8D%AF/%E6%9F%B3%E9%85%9A%E5%92%96%E6%95%8F%E7%89%87,站点药理或 ATC 分类明确为镇痛/抗炎药
already_present,13113,驱风痛片,tcm,3,3,0.94,行气活血，祛风止痛。用于急、慢性风湿性关节痛，肩背痛。,治风剂 | 祛风止痛,肌肉-骨骼系统药物 | 抗炎和抗风湿药,,,,https://www.yao86.com/%E4%B8%AD%E6%88%90%E8%8D%AF/%E9%A9%B1%E9%A3%8E%E7%97%9B%E7%89%87,站点药理或 ATC 分类明确为镇痛/抗炎药
already_present,13114,杞黄降糖胶囊,tcm,11,11,0.95,益气养阴，生津清热。用于轻度2型糖尿病、中医辨证属气阴两虚兼热证，症见倦怠乏力、口渴喜饮、易饥多食、尿多。,清热剂 | 清虚热,消化系统与代谢药 | 糖尿病药物,,,,https://www.yao86.com/%E4%B8%AD%E6%88%90%E8%8D%AF/%E6%9D%9E%E9%BB%84%E9%99%8D%E7%B3%96%E8%83%B6%E5%9B%8A,站点药理或 ATC 分类明确为慢性病长期用药
already_present,13115,清热去湿片,tcm,13,13,0.9,清热解毒，活血消肿，生津止渴。用于感冒发热，咽喉肿痛，口干舌燥。,祛湿剂 | 清热除湿,呼吸系统药物 | 清热解毒药物,,,,https://www.yao86.com/%E4%B8%AD%E6%88%90%E8%8D%AF/%E6%B8%85%E7%83%AD%E5%8E%BB%E6%B9%BF%E7%89%87,站点明确收录为中成药，未命中更具体项目类别
already_present,13116,清热去湿胶囊,tcm,13,13,0.9,清热解毒，活血消肿，生津止渴。用于感冒发热，咽喉肿痛，口干舌燥。,祛湿剂 | 清热除湿,呼吸系统药物 | 清热解毒药物,,,,https://www.yao86.com/%E4%B8%AD%E6%88%90%E8%8D%AF/%E6%B8%85%E7%83%AD%E5%8E%BB%E6%B9%BF%E8%83%B6%E5%9B%8A,站点明确收录为中成药，未命中更具体项目类别
already_present,13117,祛风除湿药酒,tcm,3,3,0.94,祛风活血，舒筋健骨。用于风湿性筋骨疼痛，四肢麻木。,治风剂 | 祛风止痛,肌肉-骨骼系统药物 | 抗炎和抗风湿药,,,,https://www.yao86.com/%E4%B8%AD%E6%88%90%E8%8D%AF/%E7%A5%9B%E9%A3%8E%E9%99%A4%E6%B9%BF%E8%8D%AF%E9%85%92,站点药理或 ATC 分类明确为镇痛/抗炎药
already_present,13118,清热止痒洗剂,tcm,14,14,0.96,清热利湿，散风止痒。用于妇女带下量多、色黄白及阴痒。,祛湿剂 | 清热除湿,生殖泌尿系统药物 | 妇科用药 | 妇科炎症治疗药,,,,https://www.yao86.com/%E4%B8%AD%E6%88%90%E8%8D%AF/%E6%B8%85%E7%83%AD%E6%AD%A2%E7%97%92%E6%B4%97%E5%89%82,站点药理或 ATC 分类明确为妇科用药
already_present,13119,气血双生酒,tcm,13,13,0.9,益肾健脾，补气养血。适用于肾气不足、脾气虚衰所致的神疲乏力，腰膝酸软，夜尿频多，口干咽燥，汗出肢冷。,补益剂 | 气血双补,补气补血药物 | 气血双补药物,,,,https://www.yao86.com/%E4%B8%AD%E6%88%90%E8%8D%AF/%E6%B0%94%E8%A1%80%E5%8F%8C%E7%94%9F%E9%85%92,站点明确收录为中成药，未命中更具体项目类别
already_present,13120,驱风液,tcm,3,3,0.94,驱风祛湿，舒筋活络。用于四肢酸痛，久积风痛及风湿性关节炎等症。,治风剂 | 祛风止痛,肌肉-骨骼系统药物 | 抗炎和抗风湿药,,,,https://www.yao86.com/%E4%B8%AD%E6%88%90%E8%8D%AF/%E9%A9%B1%E9%A3%8E%E6%B6%B2,站点药理或 ATC 分类明确为镇痛/抗炎药
already_present,13121,气血双补丸,tcm,13,13,0.9,补气养血。用于气虚血亏引起的少气懒言，语言低微，面色萎黄，四肢无力，形体消瘦，经血不调。,补益剂 | 气血双补,补气补血药物 | 气血双补药物,,,,https://www.yao86.com/%E4%B8%AD%E6%88%90%E8%8D%AF/%E6%B0%94%E8%A1%80%E5%8F%8C%E8%A1%A5%E4%B8%B8,站点明确收录为中成药，未命中更具体项目类别
already_present,13122,氯碘羟喹乳膏,western,9,9,0.94,适用于化脓性皮肤病、脓胞疮、毛囊炎、传染性湿疹样皮炎、手癣、足癣、体癣、股癣、急性湿疹样皮炎、真菌、细菌混合感染的皮肤病。,抗微生物药 | 抗真菌药,消毒灭菌药 | 喹啉衍生物,珂艾林,,,https://www.yao86.com/%E8%A5%BF%E8%8D%AF/%E6%B0%AF%E7%A2%98%E7%BE%9F%E5%96%B9%E4%B9%B3%E8%86%8F,剂型或站点分类明确为局部外用药
review_missing_efficacy,,硫酸黏菌素颗粒,western,,5,0.96,,,止泻药、肠道抗炎、抗感染药 | 肠道抗感染药 | 抗生素,,,,https://www.yao86.com/%E8%A5%BF%E8%8D%AF/%E7%A1%AB%E9%85%B8%E9%BB%8F%E8%8F%8C%E7%B4%A0%E9%A2%97%E7%B2%92,站点分类明确为止泻或肠道吸附药
already_present,13123,芪苓益气颗粒,tcm,13,13,0.9,益气固本。用于肾气不足所致神疲乏力，食欲不振，少气懒言，腰膝酸软。,补益剂 | 补气,补气补血药物 | 补气药物,,,,https://www.yao86.com/%E4%B8%AD%E6%88%90%E8%8D%AF/%E8%8A%AA%E8%8B%93%E7%9B%8A%E6%B0%94%E9%A2%97%E7%B2%92,站点明确收录为中成药，未命中更具体项目类别
already_present,13124,芪苓益气片,tcm,13,13,0.9,益气固本。用于肾气不足所致神疲乏力，食欲不振，少气懒言，腰膝酸软。,补益剂 | 补气,补气补血药物 | 补气药物,,,,https://www.yao86.com/%E4%B8%AD%E6%88%90%E8%8D%AF/%E8%8A%AA%E8%8B%93%E7%9B%8A%E6%B0%94%E7%89%87,站点明确收录为中成药，未命中更具体项目类别
already_present,13125,清热祛湿颗粒,tcm,13,13,0.9,清热祛湿，益气生津。用于暑湿病邪引起的四肢疲倦，食欲不振，身热口干。,祛暑剂 | 祛暑利湿,呼吸系统药物 | 清热解毒药物,,,,https://www.yao86.com/%E4%B8%AD%E6%88%90%E8%8D%AF/%E6%B8%85%E7%83%AD%E7%A5%9B%E6%B9%BF%E9%A2%97%E7%B2%92,站点明确收录为中成药，未命中更具体项目类别
already_present,13126,蕲蛇药酒,tcm,3,3,0.94,活血通络，祛风除湿。用于关节疼痛，四肢麻木。,祛湿剂 | 祛风胜湿,肌肉-骨骼系统药物 | 抗炎和抗风湿药,,,,https://www.yao86.com/%E4%B8%AD%E6%88%90%E8%8D%AF/%E8%95%B2%E8%9B%87%E8%8D%AF%E9%85%92,站点药理或 ATC 分类明确为镇痛/抗炎药
already_present,13127,七味胃痛胶囊,tcm,5,5,0.93,藏医：调节隆，赤巴，培根三大因素功能失调，散寒邪，止胃痛。用于隆，赤巴，培根三大因素紊乱，胃寒疼痛。中医：温中行气，化瘀消积，制酸止痛。用于寒凝气滞，血瘀积滞所致胃脘胀痛，遇寒加重，烧心吞酸，嗳气饱胀，恶心呕吐，食欲不振；胃、十二指肠溃疡，浅表性胃炎见上述证候者。,制酸止痛解痉剂,消化系统与代谢药 | 胃病相关药物,,,,https://www.yao86.com/%E4%B8%AD%E6%88%90%E8%8D%AF/%E4%B8%83%E5%91%B3%E8%83%83%E7%97%9B%E8%83%B6%E5%9B%8A,站点药理或 ATC 分类明确为胃肠消化用药
already_present,13128,清咽利膈丸,tcm,13,13,0.9,清热利咽，消肿止痛。用于外感风邪、脏腑积热所致的咽部红肿、咽痛、面红腮肿、痰涎壅盛、胸膈不利、口苦舌干、大便秘结、小便黄赤。,清热剂 | 清热解毒,呼吸系统药物 | 咽喉疾病治疗药,,,,https://www.yao86.com/%E4%B8%AD%E6%88%90%E8%8D%AF/%E6%B8%85%E5%92%BD%E5%88%A9%E8%86%88%E4%B8%B8,站点明确收录为中成药，未命中更具体项目类别
already_present,13129,蕲蛇风湿酒,tcm,3,3,0.94,祛风除湿，通经活络。用于风湿痹痛，骨节疼痛，四肢麻木，屈伸不利，腰膝酸软，风湿性关节炎，腰肌劳损，跌打损伤后期。,祛湿剂 | 祛风胜湿,肌肉-骨骼系统药物 | 抗炎和抗风湿药,,,,https://www.yao86.com/%E4%B8%AD%E6%88%90%E8%8D%AF/%E8%95%B2%E8%9B%87%E9%A3%8E%E6%B9%BF%E9%85%92,站点药理或 ATC 分类明确为镇痛/抗炎药
already_present,13130,柳胺酚片,western,12,12,0.95,用于胆囊炎、胆道炎、胆石症及胆道手术后综合征。,心血管系统用药 | 调脂及抗动脉粥样硬化药,肝、胆疾病治疗药 | 胆病治疗药 | 胆道疾病治疗药,,,,https://www.yao86.com/%E8%A5%BF%E8%8D%AF/%E6%9F%B3%E8%83%BA%E9%85%9A%E7%89%87,站点药理或 ATC 分类明确为心脑血管用药
already_present,13131,柳胺酚胶囊,western,12,12,0.95,用于胆囊炎、胆道炎、胆石症及胆道手术后综合征。,心血管系统用药 | 调脂及抗动脉粥样硬化药,肝、胆疾病治疗药 | 胆病治疗药 | 胆道疾病治疗药,,,,https://www.yao86.com/%E8%A5%BF%E8%8D%AF/%E6%9F%B3%E8%83%BA%E9%85%9A%E8%83%B6%E5%9B%8A,站点药理或 ATC 分类明确为心脑血管用药
review_missing_efficacy,,硫酸瑞美吉泮口崩片,western,,3,0.94,,,镇痛药 | 抗偏头痛药 | 其它抗偏头痛药,,,,https://www.yao86.com/%E8%A5%BF%E8%8D%AF/%E7%A1%AB%E9%85%B8%E7%91%9E%E7%BE%8E%E5%90%89%E6%B3%AE%E5%8F%A3%E5%B4%A9%E7%89%87,站点药理或 ATC 分类明确为镇痛/抗炎药
review_unclassified,,盐酸氯米帕明片,western,,,0.0,用于治疗各种抑郁状态。也常用于治疗强迫性神经症、恐怖性神经症。,治疗精神障碍药 | 抗抑郁药,精神兴奋药 | 抗抑郁药 | 非选择性单胺再吸收抑制药,,,,https://www.yao86.com/%E8%A5%BF%E8%8D%AF/%E7%9B%90%E9%85%B8%E6%B0%AF%E7%B1%B3%E5%B8%95%E6%98%8E%E7%89%87,站点分类无法可靠映射到项目现有类别
already_present,13132,硫酸软骨素片,western,12,12,0.95,降血脂药。主要用于治疗高脂血症。其临床应用包括以下几方面：1.硫酸软骨素作为保健食品或保健药品长期应用于防治冠心病，心绞痛，心肌梗死，冠状动脉粥样硬化、心肌缺血等疾病，无明显的毒副作用，能显著降低冠心病患者的发病率和死亡率。长期的临床应用发现在动脉和静脉壁上沉积的脂肪等脂质可以被有效地去除或减少能显著降低血浆胆固醇从而防止动脉粥样硬化的形成。2.硫酸软骨素用于治疗神经痛、神经性偏头痛、关节痛、关节炎以及肩胛关节痛，腹腔手术后疼痛等。3.预防和治疗链霉素引起的听觉障碍以及各种噪音引起的听觉困难、耳鸣症等，效果显著。4.对慢性肾炎、慢性肝炎、角膜炎以及角膜溃疡等有辅助治疗作用。5.近年来报道，鲨鱼软骨中的软骨素有抗肿瘤作用。6.硫酸软骨素还用于滴眼剂。,心血管系统用药 | 调脂及抗动脉粥样硬化药,抗血栓形成药 | 其它抗血栓形成药,,,,https://www.yao86.com/%E8%A5%BF%E8%8D%AF/%E7%A1%AB%E9%85%B8%E8%BD%AF%E9%AA%A8%E7%B4%A0%E7%89%87,站点药理或 ATC 分类明确为心脑血管用药
already_present,13133,硫酸软骨素滴眼液,western,9,9,0.94,用于角膜炎、角膜溃疡、角膜损伤等。,眼科用药 | 其他眼科用药,眼科用药 | 其它眼科用药,,,,https://www.yao86.com/%E8%A5%BF%E8%8D%AF/%E7%A1%AB%E9%85%B8%E8%BD%AF%E9%AA%A8%E7%B4%A0%E6%BB%B4%E7%9C%BC%E6%B6%B2,剂型或站点分类明确为局部外用药
already_present,13134,硫酸软骨素钠片,western,12,12,0.95,主要用于治疗高脂血症。其临床应用包括：1.硫酸软骨素作为保健食品或保健药品长期应用于防治冠心病、心绞痛、心肌梗死、冠状动脉粥样硬化、心肌缺血等疾病，无明显的毒副作用，能显著降低冠心病患者的发病率和死亡率。长期的临床应用发现，在动脉和静脉壁上沉积的脂肪等脂质可以被有效地去除或减少，能显著降低血浆胆固醇，从而防止动脉粥样硬化的形成。2.硫酸软骨素用于治疗神经痛、神经性偏头痛、关节痛、关节炎以及肩胛关节痛，腹腔手术后疼痛等。3.预防和治疗链霉素引起的听觉障碍以及各种噪音引起的听觉困难、耳鸣症等，效果显著。4.对慢性肾炎、慢性肝炎、角膜炎以及角膜溃疡等有辅助治疗作用。5.近年来报道，鲨鱼软骨中的软骨素有抗肿瘤作用。此外，硫酸软骨素还应用于化妆品以及外伤伤口的愈合剂等。6.硫酸软骨素还用于滴眼。,心血管系统用药 | 调脂及抗动脉粥样硬化药,抗血栓形成药 | 其它抗血栓形成药,,,,https://www.yao86.com/%E8%A5%BF%E8%8D%AF/%E7%A1%AB%E9%85%B8%E8%BD%AF%E9%AA%A8%E7%B4%A0%E9%92%A0%E7%89%87,站点药理或 ATC 分类明确为心脑血管用药
already_present,13135,硫酸软骨素钠胶囊,western,12,12,0.95,用于动脉粥样硬化、心绞痛、高脂血症等。,心血管系统用药 | 调脂及抗动脉粥样硬化药,抗血栓形成药 | 其它抗血栓形成药,硫酸软骨素胶囊(通德,,,https://www.yao86.com/%E8%A5%BF%E8%8D%AF/%E7%A1%AB%E9%85%B8%E8%BD%AF%E9%AA%A8%E7%B4%A0%E9%92%A0%E8%83%B6%E5%9B%8A,站点药理或 ATC 分类明确为心脑血管用药
already_present,13136,芪鹿补血颗粒,tcm,13,13,0.9,健脾补肾，益气养血。适用于脾肾两虚，气血虚弱证肿瘤患者，放、化疗所致白细胞减少症的辅助治疗，症见神疲乏力，面色无华，头晕目眩，腰膝腿软等。,补益剂 | 气血双补,补气补血药物 | 补血药物,,,,https://www.yao86.com/%E4%B8%AD%E6%88%90%E8%8D%AF/%E8%8A%AA%E9%B9%BF%E8%A1%A5%E8%A1%80%E9%A2%97%E7%B2%92,站点明确收录为中成药，未命中更具体项目类别
already_present,13137,祛瘀健脾茶,tcm,11,11,0.95,清热健脾、祛瘀化湿。用于湿热瘀阻的高脂血症的辅助治疗。,祛湿剂 | 清热除湿,心脑血管与血液系统药物 | 血脂调节剂,,,,https://www.yao86.com/%E4%B8%AD%E6%88%90%E8%8D%AF/%E7%A5%9B%E7%98%80%E5%81%A5%E8%84%BE%E8%8C%B6,站点药理或 ATC 分类明确为慢性病长期用药
already_present,13138,秋泻灵颗粒,tcm,5,5,0.96,理气化湿，健脾止泻。用于治疗小儿脾虚湿困及消化不良引起的腹泻。,祛湿剂 | 清热除湿,消化系统与代谢药 | 止泻药、肠道抗炎、抗感染药,,,,https://www.yao86.com/%E4%B8%AD%E6%88%90%E8%8D%AF/%E7%A7%8B%E6%B3%BB%E7%81%B5%E9%A2%97%E7%B2%92,站点分类明确为止泻或肠道吸附药
already_present,13139,秋泻灵合剂,tcm,5,5,0.96,理气化湿，健脾止泻。用于治疗小儿脾虚湿困及消化不良引起的腹泻。,祛湿剂 | 清热除湿,消化系统与代谢药 | 止泻药、肠道抗炎、抗感染药,,,,https://www.yao86.com/%E4%B8%AD%E6%88%90%E8%8D%AF/%E7%A7%8B%E6%B3%BB%E7%81%B5%E5%90%88%E5%89%82,站点分类明确为止泻或肠道吸附药
already_present,13140,青鹏软膏,tcm,9,9,0.94,藏医：活血化瘀，消炎止痛。用于痛风、风湿、类风湿关节炎，热性“冈巴”、“黄水”病变引起的关节肿痛、扭挫伤肿痛、皮肤瘙痒、湿疹。中医：活血化瘀，消肿止痛。用于风湿性关节炎、类风湿性关节炎、骨关节炎、痛风、急慢性扭挫伤、肩周炎引起的关节、肌肉肿胀疼痛及皮肤瘙痒、湿疹。,祛湿剂 | 祛风胜湿,肌肉-骨骼系统药物 | 关节和肌肉疼痛局部用药,,,,https://www.yao86.com/%E4%B8%AD%E6%88%90%E8%8D%AF/%E9%9D%92%E9%B9%8F%E8%BD%AF%E8%86%8F,剂型或站点分类明确为局部外用药
already_present,13141,青鹏膏剂,tcm,13,13,0.9,止痛消肿。用于痛风、湿痹等病引起的肿痛发烧、疱疹、瘟疠发烧等。,祛湿剂 | 祛风胜湿,肌肉-骨骼系统药物 | 关节和肌肉疼痛局部用药,,,,https://www.yao86.com/%E4%B8%AD%E6%88%90%E8%8D%AF/%E9%9D%92%E9%B9%8F%E8%86%8F%E5%89%82,站点明确收录为中成药，未命中更具体项目类别
already_present,13142,咪唑酸乙酯片,western,2,2,0.96,有显著的抗勾端螺旋体作用。口服后迅速吸收，体内分布广，并能透过血脑屏障进入中枢神经系统。,抗微生物药 | 其他抗生素,系统用抗细菌药 | 其它抗菌药 | 咪唑衍生物,,,,https://www.yao86.com/%E8%A5%BF%E8%8D%AF/%E5%92%AA%E5%94%91%E9%85%B8%E4%B9%99%E9%85%AF%E7%89%87,站点药理或 ATC 分类明确为抗感染药
already_present,13143,咪唑斯汀缓释片,western,8,8,0.96,本品是长效的组胺H1受体拮抗剂，适用于成人或12岁以上的儿童所患的荨麻疹等皮肤过敏症状、季节性过敏性鼻炎(花粉症)及常年性过敏性鼻炎。,抗变态反应药 | 抗组胺药,系统用抗组胺药 | 系统用其它抗组胺药,皿治林,,,https://www.yao86.com/%E8%A5%BF%E8%8D%AF/%E5%92%AA%E5%94%91%E6%96%AF%E6%B1%80%E7%BC%93%E9%87%8A%E7%89%87,站点药理分类明确为抗过敏药
already_present,13144,硝酸毛果芸香碱滴眼液,western,9,9,0.94,用于慢性青光眼。本品可与其他缩瞳剂、β受体阻滞剂、碳酸酐酶抑制剂、拟交感神经药物或高渗脱水剂联合用于治疗青光眼。,眼科用药 | 青光眼用药,眼科用药 | 抗青光眼药和缩瞳药 | 拟副交感神经药,,,,https://www.yao86.com/%E8%A5%BF%E8%8D%AF/%E7%A1%9D%E9%85%B8%E6%AF%9B%E6%9E%9C%E8%8A%B8%E9%A6%99%E7%A2%B1%E6%BB%B4%E7%9C%BC%E6%B6%B2,剂型或站点分类明确为局部外用药
review_unclassified,,硝酸毛果芸香碱片,western,,,0.0,头颈部肿瘤患者放疗后引发的口干症；药源性口干症；涎腺疾患性口干症。,抗肿瘤药 | 抗肿瘤辅助药,其它神经系统用药 | 拟副交感神经药物 | 其它拟副交感神经药物,瑞尔欣,,,https://www.yao86.com/%E8%A5%BF%E8%8D%AF/%E7%A1%9D%E9%85%B8%E6%AF%9B%E6%9E%9C%E8%8A%B8%E9%A6%99%E7%A2%B1%E7%89%87,站点分类无法可靠映射到项目现有类别
already_present,13145,硝酸毛果芸香碱眼用凝胶,western,9,9,0.94,本品为一种缩瞳剂(拟副交感神经药)，用于控制眼压。本品可与其他缩瞳剂、β受体阻滞剂、碳酸酐酶抑制剂、拟交感神经药物或高渗脱水剂联合用药。,眼科用药 | 青光眼用药,眼科用药 | 抗青光眼药和缩瞳药 | 拟副交感神经药,,,,https://www.yao86.com/%E8%A5%BF%E8%8D%AF/%E7%A1%9D%E9%85%B8%E6%AF%9B%E6%9E%9C%E8%8A%B8%E9%A6%99%E7%A2%B1%E7%9C%BC%E7%94%A8%E5%87%9D%E8%83%B6,剂型或站点分类明确为局部外用药
review_missing_efficacy,,复方美替洛尔滴眼液,western,,9,0.94,,,眼科用药 | 抗青光眼药和缩瞳药 | 拟副交感神经药,,,,https://www.yao86.com/%E8%A5%BF%E8%8D%AF/%E5%A4%8D%E6%96%B9%E7%BE%8E%E6%9B%BF%E6%B4%9B%E5%B0%94%E6%BB%B4%E7%9C%BC%E6%B6%B2,剂型或站点分类明确为局部外用药
review_missing_efficacy,,复方噻吗洛尔滴眼液,western,,9,0.94,,,眼科用药 | 抗青光眼药和缩瞳药 | 拟副交感神经药,,,,https://www.yao86.com/%E8%A5%BF%E8%8D%AF/%E5%A4%8D%E6%96%B9%E5%99%BB%E5%90%97%E6%B4%9B%E5%B0%94%E6%BB%B4%E7%9C%BC%E6%B6%B2,剂型或站点分类明确为局部外用药
review_unclassified,,马蔺子素胶囊,western,,,0.0,本品为放射增敏剂，用于放射治疗的肺癌、食道癌和头颈部癌等的放射治疗。,抗肿瘤药 | 抗肿瘤辅助药,抗肿瘤药 | 其它抗肿瘤药物 | 在光动力学、放射疗法中用的增敏剂,,,,https://www.yao86.com/%E8%A5%BF%E8%8D%AF/%E9%A9%AC%E8%94%BA%E5%AD%90%E7%B4%A0%E8%83%B6%E5%9B%8A,站点分类无法可靠映射到项目现有类别
review_unclassified,,马来酸咪达唑仑片,western,,,0.0,睡眠障碍、失眠、特别适用于入睡困难者，手术或诊断性操作前用药。,治疗精神障碍药 | 镇静催眠药,精神安定药 | 催眠镇静药 | 苯并二氮卓衍生物类,多美康,,,https://www.yao86.com/%E8%A5%BF%E8%8D%AF/%E9%A9%AC%E6%9D%A5%E9%85%B8%E5%92%AA%E8%BE%BE%E5%94%91%E4%BB%91%E7%89%87,站点分类无法可靠映射到项目现有类别
already_present,13146,青石颗粒,tcm,1,1,0.95,解表，化饮，清热止咳，平喘祛痰。用于表寒里饮化热所致的咳喘，症见恶寒发热，咳嗽喘促，痰稀色白、量多或淡黄。或用于上呼吸道感染，慢性支气管炎有上述证候者。,止咳平喘剂 | 止咳平喘,呼吸系统药物 | 咳嗽和感冒用药,,,,https://www.yao86.com/%E4%B8%AD%E6%88%90%E8%8D%AF/%E9%9D%92%E7%9F%B3%E9%A2%97%E7%B2%92,站点药理分类明确为止咳或祛痰药
already_present,13147,清血内消丸,tcm,13,13,0.9,清热祛湿，消肿败毒。用于脏腑积热，风湿毒热引起的疮疡初起，红肿坚硬，痈疡不休，憎寒发热，二便不利。,治疮疡剂 | 解毒消肿,呼吸系统药物 | 清热解毒药物,,,,https://www.yao86.com/%E4%B8%AD%E6%88%90%E8%8D%AF/%E6%B8%85%E8%A1%80%E5%86%85%E6%B6%88%E4%B8%B8,站点明确收录为中成药，未命中更具体项目类别
already_present,13148,七珠健胃茶,tcm,5,5,0.93,行气健脾，消积导滞，清热利湿。用于脾虚食滞证所引起的消化不良，精神疲倦，并对肥胖症，高血压、高血脂表现为上述症状者有辅助治疗作用。,消食剂 | 健脾消食,消化系统与代谢药 | 提升食欲、促消化药,,,,https://www.yao86.com/%E4%B8%AD%E6%88%90%E8%8D%AF/%E4%B8%83%E7%8F%A0%E5%81%A5%E8%83%83%E8%8C%B6,站点药理或 ATC 分类明确为胃肠消化用药
already_present,13149,清喉散,tcm,13,13,0.9,清热解毒，消炎止痛。用于急慢性咽喉炎，扁桃体炎，口腔溃疡，冠周炎等。,清热剂 | 清热解毒,呼吸系统药物 | 咽喉疾病治疗药,白云山,,白云山（多药共用）,https://www.yao86.com/%E4%B8%AD%E6%88%90%E8%8D%AF/%E6%B8%85%E5%96%89%E6%95%A3,站点明确收录为中成药，未命中更具体项目类别
already_present,13150,鞘蕊苏胶囊,tcm,1,1,0.95,止咳，平喘。用于痰热证，症见喘咳气急，痰稠色黄，烦闷口渴；慢性支气管炎急性发作见上述证候者。,止咳平喘剂 | 止咳平喘,呼吸系统药物 | 咳嗽和感冒用药,,,,https://www.yao86.com/%E4%B8%AD%E6%88%90%E8%8D%AF/%E9%9E%98%E8%95%8A%E8%8B%8F%E8%83%B6%E5%9B%8A,站点药理分类明确为止咳或祛痰药
already_present,13151,鞘蕊苏口服液,tcm,1,1,0.95,"止咳，平喘。用于痰热证，症见喘咳气急，痰稠色黄,烦闷口渴；慢性支气管炎急性发作见上述证候者。",止咳平喘剂 | 止咳平喘,呼吸系统药物 | 咳嗽和感冒用药,,,,https://www.yao86.com/%E4%B8%AD%E6%88%90%E8%8D%AF/%E9%9E%98%E8%95%8A%E8%8B%8F%E5%8F%A3%E6%9C%8D%E6%B6%B2,站点药理分类明确为止咳或祛痰药
review_missing_efficacy,,马来酸左氨氯地平分散片,western,,,0.0,,,钙通道阻滞剂 | 主要对血管产生影响的选择性钙通道阻滞剂 | 二氢吡啶衍生物,,,,https://www.yao86.com/%E8%A5%BF%E8%8D%AF/%E9%A9%AC%E6%9D%A5%E9%85%B8%E5%B7%A6%E6%B0%A8%E6%B0%AF%E5%9C%B0%E5%B9%B3%E5%88%86%E6%95%A3%E7%89%87,站点分类无法可靠映射到项目现有类别
already_present,13152,马吲哚片,western,5,5,0.93,食欲抑制剂，适用于治疗非器质性单纯性肥胖症，以辅助控制饮食及运动疗法的减肥作用。,消化系统用药 | 其他消化系统用药,减肥药，食品除外 | 中枢作用的减肥药品,,,,https://www.yao86.com/%E8%A5%BF%E8%8D%AF/%E9%A9%AC%E5%90%B2%E5%93%9A%E7%89%87,站点药理或 ATC 分类明确为胃肠消化用药
already_present,13153,马昔腾坦片,western,12,12,0.95,本品是一种内皮素受体拮抗剂(ERA)，用于治疗肺动脉高压(PAH，WHO第1组)，以延缓疾病进展。疾病进展包括：死亡、静脉(IV)或皮下给予前列腺素类药物，或PAH临床恶化(6分钟步行距离降低，PAH症状恶化并需要其他的PAH治疗)。本品也降低了PAH患者住院治疗。本品的有效性研究是一项在WHO功能分级Ⅱ级-Ⅲ级的PAH患者中平均治疗2年的长期研究。患者用本品单药治疗，或与磷酸二酯酶-5抑制剂、吸入性前列腺素类药物合用。患者包括特发性或遗传性PAH(57%)，与结缔组织病相关的PAH(31%)，与修复分流的先天性心脏病相关的PAH(8%)。,心血管系统用药 | 抗高血压药,抗高血压药 | 其他抗高血压药 | 治疗肺动脉高压的抗高血压药,傲朴舒(OPSUMIT),,,https://www.yao86.com/%E8%A5%BF%E8%8D%AF/%E9%A9%AC%E6%98%94%E8%85%BE%E5%9D%A6%E7%89%87,站点药理或 ATC 分类明确为心脑血管用药
review_unclassified,,米诺膦酸片,western,,,0.0,米诺膦酸片治疗绝经后妇女的骨质疏松症。,激素及影响内分泌药 | 钙代谢调节药及抗骨质疏松药,骨病治疗药 | 影响骨结构与其矿物质化的药物 | 双磷酸类,,,,https://www.yao86.com/%E8%A5%BF%E8%8D%AF/%E7%B1%B3%E8%AF%BA%E8%86%A6%E9%85%B8%E7%89%87,站点分类无法可靠映射到项目现有类别
already_present,13154,门冬氨酸钾镁片,western,7,7,0.96,电解质补充药。可用于低钾血症、洋地黄中毒引起的心律失常(主要是室性心率失常)以及心肌炎后遗症、充血性心力衰竭、心肌梗塞的辅助治疗。,调节水、电解质及酸碱平衡药 | 水、电解质平衡调节药,矿物质补充剂 | 其它矿物质补充剂 | 其它矿物质药物,潘南金(PANANGIN),,,https://www.yao86.com/%E8%A5%BF%E8%8D%AF/%E9%97%A8%E5%86%AC%E6%B0%A8%E9%85%B8%E9%92%BE%E9%95%81%E7%89%87,站点药理或 ATC 分类明确为维生素/矿物质
already_present,13155,门冬氨酸钾镁口服溶液,western,7,7,0.96,电解质补充药。适用于低血钾症，改善洋地黄中毒引起的心律失常、恶心、呕吐等中毒症状，用于心肌炎后遗症，慢性心功能不全等各种心脏病，亦可用于急、慢性肝炎、肝硬化、胆汁分泌不足和肝性脑病等辅助治疗。1.心血管系统疾病(1)各种原因引起的成人、儿童心律不齐、心动过速以及洋地黄中毒引起心律失常；(2)心肌梗死、冠心病、心绞痛、高血压等；(3)肿瘤化疗引起的心肌损害。2.消化系统疾病急、慢性肝炎、黄疸、肝硬化、肝昏迷、药物性肝损害(包括肿瘤化疗引起的)等各种肝病。3.呼吸系统疾病支气管哮喘、慢性阻塞性肺疾病及慢性肺心病。4.神经系统疾病脑卒中、缺血性脑血管病、乙型脑炎、急性颅脑损伤、周围神经麻痹等的辅助治疗。5.代谢性疾病低钾、低镁血症、糖尿病及外科手术病人代谢紊乱等的辅助治疗。6.其他妊娠呕吐、妊娠中毒症、免疫功能低下、体外循环心脏手术以及疲劳、听力减退等。,调节水、电解质及酸碱平衡药 | 水、电解质平衡调节药,矿物质补充剂 | 其它矿物质补充剂 | 其它矿物质药物,,,,https://www.yao86.com/%E8%A5%BF%E8%8D%AF/%E9%97%A8%E5%86%AC%E6%B0%A8%E9%85%B8%E9%92%BE%E9%95%81%E5%8F%A3%E6%9C%8D%E6%BA%B6%E6%B6%B2,站点药理或 ATC 分类明确为维生素/矿物质
already_present,13156,镁钙维C片,western,7,7,0.96,补充钙、镁、维生素C。,维生素、矿物质类药 | 维生素,维生素类 | 抗坏血酸（维生素C），含其复方 | 抗坏血酸（维生素C），复方,,,,https://www.yao86.com/%E8%A5%BF%E8%8D%AF/%E9%95%81%E9%92%99%E7%BB%B4C%E7%89%87,站点药理或 ATC 分类明确为维生素/矿物质
already_present,13157,美辛唑酮红古豆醇酯栓,western,5,5,0.93,适用于内痔、外痔；肛门肿胀、瘘管、肛裂等肛肠疾病及痔瘘手术后止痛。,消化系统用药 | 治疗痔疮药,抗炎和抗风湿药 | 非甾体抗炎药和抗风湿药 | 乙酸衍生物与其相关药物,,,,https://www.yao86.com/%E8%A5%BF%E8%8D%AF/%E7%BE%8E%E8%BE%9B%E5%94%91%E9%85%AE%E7%BA%A2%E5%8F%A4%E8%B1%86%E9%86%87%E9%85%AF%E6%A0%93,站点药理或 ATC 分类明确为胃肠消化用药
already_present,13158,祛风息痛丸,tcm,3,3,0.94,祛风散寒除湿，活血通络止痛。用于风寒湿痹，四肢麻木，周身疼痛，腰膝酸痛。,温里剂 | 温经散寒,肌肉-骨骼系统药物 | 抗炎和抗风湿药,,,,https://www.yao86.com/%E4%B8%AD%E6%88%90%E8%8D%AF/%E7%A5%9B%E9%A3%8E%E6%81%AF%E7%97%9B%E4%B8%B8,站点药理或 ATC 分类明确为镇痛/抗炎药
already_present,13159,芪麝丸,tcm,13,13,0.9,"益气化瘀,祛风通络,舒筋止痛。用于缓解轻、中度神经根型颈椎病气虚血瘀证出现的颈项部疼痛或不适，上肢放射性疼痛、上肢麻木，神疲乏力等症状。",理血剂 | 益气活血,肌肉-骨骼系统药物 | 关节和肌肉疼痛局部用药,,,,https://www.yao86.com/%E4%B8%AD%E6%88%90%E8%8D%AF/%E8%8A%AA%E9%BA%9D%E4%B8%B8,站点明确收录为中成药，未命中更具体项目类别
already_present,13160,奇应内消膏,tcm,13,13,0.9,行气活血、消肿止痛。用于跌打扭伤等所致急性闭合性软组织损伤。症见局部肿胀，疼痛，活动受限。,局部用止痛剂,肌肉-骨骼系统药物 | 关节和肌肉疼痛局部用药,马应龙,,,https://www.yao86.com/%E4%B8%AD%E6%88%90%E8%8D%AF/%E5%A5%87%E5%BA%94%E5%86%85%E6%B6%88%E8%86%8F,站点明确收录为中成药，未命中更具体项目类别
already_present,13161,芪龙胶囊,tcm,12,12,0.95,益气活血、化瘀通络。用于缺血性中风(脑梗塞)中经络恢复期气虚血瘀证，症见：半身不遂、口舌歪斜、语言不清、偏身麻木、舌有瘀斑或瘀点。,理血剂 | 益气活血,心脑血管与血液系统药物 | 脑血管疾病治疗药,,,,https://www.yao86.com/%E4%B8%AD%E6%88%90%E8%8D%AF/%E8%8A%AA%E9%BE%99%E8%83%B6%E5%9B%8A,站点药理或 ATC 分类明确为心脑血管用药
already_present,13162,七子填精口服液,tcm,13,13,0.9,益肾助阳，滋阴填精。用于肾气亏损、肾精不足所致的腰膝酸软，精神萎靡，五心烦热，小便清长，畏寒等症。,补益剂 | 阴阳并补,生殖泌尿系统药物 | 泌尿系统药物 | 补肾药物（勃起机能障碍用药）,,,,https://www.yao86.com/%E4%B8%AD%E6%88%90%E8%8D%AF/%E4%B8%83%E5%AD%90%E5%A1%AB%E7%B2%BE%E5%8F%A3%E6%9C%8D%E6%B6%B2,站点明确收录为中成药，未命中更具体项目类别
already_present,13163,清涎快膈丸,tcm,5,5,0.93,清热利咽，生津止渴。用于肺胃热盛所致的咽喉肿痛、声音嘶哑、口舌干燥、咽下不利。,清热剂 | 清脏腑热,消化系统与代谢药 | 胃病相关药物,,,,https://www.yao86.com/%E4%B8%AD%E6%88%90%E8%8D%AF/%E6%B8%85%E6%B6%8E%E5%BF%AB%E8%86%88%E4%B8%B8,站点药理或 ATC 分类明确为胃肠消化用药
already_present,13164,清肝健脾颗粒,tcm,5,5,0.93,健脾化湿，清肝祛脂。用于肝郁气滞、痰浊内阻型脂肪肝所见的胁肋胀痛，胸腔满闷，食少纳呆，全身乏力等症的辅助治疗。,理气剂 | 理气疏肝,消化系统与代谢药 | 肝、胆疾病治疗药 | 肝病治疗药,,,,https://www.yao86.com/%E4%B8%AD%E6%88%90%E8%8D%AF/%E6%B8%85%E8%82%9D%E5%81%A5%E8%84%BE%E9%A2%97%E7%B2%92,站点药理或 ATC 分类明确为胃肠消化用药
already_present,13165,清肝健脾口服液,tcm,5,5,0.93,健脾化湿，清肝祛脂。用于肝郁气滞、痰浊内阻型脂肪肝所见的胁肋胀痛，胸腔满闷，食少纳呆，全身乏力等症的辅助治疗。,理气剂 | 理气疏肝,消化系统与代谢药 | 肝、胆疾病治疗药 | 肝病治疗药,,,,https://www.yao86.com/%E4%B8%AD%E6%88%90%E8%8D%AF/%E6%B8%85%E8%82%9D%E5%81%A5%E8%84%BE%E5%8F%A3%E6%9C%8D%E6%B6%B2,站点药理或 ATC 分类明确为胃肠消化用药
already_present,13166,芪龙通络胶囊,tcm,12,12,0.95,补益肝肾，益气通络。适用于中风恢复期后遗症所致半身不遂，口舌歪斜，手足麻木，言语不清，腰膝酸软，气短乏力等。,理血剂 | 益气活血,心脑血管与血液系统药物 | 脑血管疾病治疗药,,,,https://www.yao86.com/%E4%B8%AD%E6%88%90%E8%8D%AF/%E8%8A%AA%E9%BE%99%E9%80%9A%E7%BB%9C%E8%83%B6%E5%9B%8A,站点药理或 ATC 分类明确为心脑血管用药
already_present,13167,清胃消渴胶囊,tcm,11,11,0.95,清胃泻火，养阴润燥。用于多食善饥，形体逐渐消瘦，兼有口渴多尿，大便干燥，脉滑数有力。,治燥剂 | 滋阴润燥,消化系统与代谢药 | 糖尿病药物,,,,https://www.yao86.com/%E4%B8%AD%E6%88%90%E8%8D%AF/%E6%B8%85%E8%83%83%E6%B6%88%E6%B8%B4%E8%83%B6%E5%9B%8A,站点药理或 ATC 分类明确为慢性病长期用药
already_present,13168,尼麦角林片,western,12,12,0.95,1、改善脑动脉硬化及脑中风后遗症引起的意欲低下和情感障碍(反应迟钝、注意力不集中、记忆力衰退、缺乏意念、忧郁、不安等)。2、急性和慢性周围循环障碍(肢体血管闭塞性疾病、雷诺氏综合征、其它末梢循环不良症状)。也适用于血管性痴呆，尤其在早期治疗时对认知、记忆等有改善，并能减轻疾病严重程度。,神经系统用药 | 脑血管病用药及降颅压药,外周血管扩张剂 | 麦角生物碱类,富路通,,,https://www.yao86.com/%E8%A5%BF%E8%8D%AF/%E5%B0%BC%E9%BA%A6%E8%A7%92%E6%9E%97%E7%89%87,站点药理或 ATC 分类明确为心脑血管用药
already_present,13169,尼麦角林胶囊,western,12,12,0.95,1.用于改善老年人病理性智力减退的症状(记忆力和注意力减退等)。2.用于有头晕感的老年人。,神经系统用药 | 脑血管病用药及降颅压药,外周血管扩张剂 | 麦角生物碱类,,,,https://www.yao86.com/%E8%A5%BF%E8%8D%AF/%E5%B0%BC%E9%BA%A6%E8%A7%92%E6%9E%97%E8%83%B6%E5%9B%8A,站点药理或 ATC 分类明确为心脑血管用药
review_missing_efficacy,,尼麦角林小丸,western,,,0.0,,,,,,,https://www.yao86.com/%E8%A5%BF%E8%8D%AF/%E5%B0%BC%E9%BA%A6%E8%A7%92%E6%9E%97%E5%B0%8F%E4%B8%B8,站点分类无法可靠映射到项目现有类别
review_unclassified,,盐酸纳曲酮片,western,,,0.0,盐酸纳曲酮可阻断外源性阿片类物质的药理作用，作为阿片类依赖者脱毒后预防复吸的辅助药物。,解毒药 | 阿片类中毒解毒药,其它神经系统用药 | 用于病态成瘾的药物 | 用于酒精依赖的药物,纳克莱,,,https://www.yao86.com/%E8%A5%BF%E8%8D%AF/%E7%9B%90%E9%85%B8%E7%BA%B3%E6%9B%B2%E9%85%AE%E7%89%87,站点分类无法可靠映射到项目现有类别
already_present,92,那格列奈片,western,11,11,0.95,本品可以单独用于经饮食和运动不能有效控制高血糖的2型糖尿病病人。也可用于使用二甲双胍不能有效控制高血糖的2型糖尿病病人，采用与二甲双胍联合应用，但不能替代二甲双胍。那格列奈不适用于对磺脲类降糖药治疗不理想的2型糖尿病病人。,激素及影响内分泌药 | 胰岛素及口服降血糖药,糖尿病用药 | 非胰岛素类降血糖药 | 其它非胰岛素类降血糖药,菲戈纳,,,https://www.yao86.com/%E8%A5%BF%E8%8D%AF/%E9%82%A3%E6%A0%BC%E5%88%97%E5%A5%88%E7%89%87,保留数据库现有分类；站点药理或 ATC 分类明确为慢性病长期用药
already_present,13170,那格列奈分散片,western,11,11,0.95,本品可以单独用于经饮食和运动不能有效控制高血糖的2型糖尿病病人。也可用于二甲双胍不能有效控制高血糖的2型糖尿病病人，采用与二甲双胍联合应用，但不能替代二甲双胍。那格列奈不适用于对磺脲类降糖药治疗不理想的2型糖尿病病人。,激素及影响内分泌药 | 胰岛素及口服降血糖药,糖尿病用药 | 非胰岛素类降血糖药 | 其它非胰岛素类降血糖药,,,,https://www.yao86.com/%E8%A5%BF%E8%8D%AF/%E9%82%A3%E6%A0%BC%E5%88%97%E5%A5%88%E5%88%86%E6%95%A3%E7%89%87,站点药理或 ATC 分类明确为慢性病长期用药
already_present,13171,那格列奈胶囊,western,11,11,0.95,本品可以单独用于经饮食和运动不能有效控制高血糖的2型糖尿病病人。也可用于使用二甲双胍不能有效控制高血糖的2型糖尿病病人，采用与二甲双胍联合应用，但不能替代二甲双胍。那格列奈不适用于对磺脲类降糖药治疗不理想的2型糖尿病病人。,激素及影响内分泌药 | 胰岛素及口服降血糖药,糖尿病用药 | 非胰岛素类降血糖药 | 其它非胰岛素类降血糖药,,,,https://www.yao86.com/%E8%A5%BF%E8%8D%AF/%E9%82%A3%E6%A0%BC%E5%88%97%E5%A5%88%E8%83%B6%E5%9B%8A,站点药理或 ATC 分类明确为慢性病长期用药
review_unclassified,,盐酸纳洛酮舌下片,western,,,0.0,用于急性酒精中毒，限于步态不稳定、话多、不连贯、欣快、共济失调、感知迟钝、困倦、嗜睡，但不伴有昏迷及生命体征改变的急性酒精中毒的酩酊状态。,解毒药 | 阿片类中毒解毒药,其它各种治疗用药品 | 解毒剂,,,,https://www.yao86.com/%E8%A5%BF%E8%8D%AF/%E7%9B%90%E9%85%B8%E7%BA%B3%E6%B4%9B%E9%85%AE%E8%88%8C%E4%B8%8B%E7%89%87,站点分类无法可靠映射到项目现有类别
already_present,13172,萘林那敏溴铵喷雾剂,western,0,0,0.94,用于缓解感冒引起的鼻塞、流鼻涕、打喷嚏等症状。,呼吸系统用药 | 其他呼吸系统药,咳嗽和感冒用药 | 其它感冒用药,,,,https://www.yao86.com/%E8%A5%BF%E8%8D%AF/%E8%90%98%E6%9E%97%E9%82%A3%E6%95%8F%E6%BA%B4%E9%93%B5%E5%96%B7%E9%9B%BE%E5%89%82,站点药理分类明确为感冒或解表用药
review_unclassified,,乙磺酸尼达尼布软胶囊,western,,,0.0,本品用于治疗特发性肺纤维化(IPF)。,呼吸系统用药 | 其他呼吸系统药,抗肿瘤药 | 蛋白激酶抑制剂 | 其他蛋白激酶抑制剂,维加特,,,https://www.yao86.com/%E8%A5%BF%E8%8D%AF/%E4%B9%99%E7%A3%BA%E9%85%B8%E5%B0%BC%E8%BE%BE%E5%B0%BC%E5%B8%83%E8%BD%AF%E8%83%B6%E5%9B%8A,站点分类无法可靠映射到项目现有类别
already_present,13173,润肺止咳胶囊,tcm,1,1,0.95,养阴清热，润肺止咳。用于肺热燥咳，或热病伤阴所致咳嗽。,止咳平喘剂 | 止咳,呼吸系统药物 | 咳嗽和感冒用药,,,,https://www.yao86.com/%E4%B8%AD%E6%88%90%E8%8D%AF/%E6%B6%A6%E8%82%BA%E6%AD%A2%E5%92%B3%E8%83%B6%E5%9B%8A,站点药理分类明确为止咳或祛痰药
already_present,13174,乳核散结胶囊,tcm,14,14,0.96,舒肝解郁，软坚散结，理气活血。用于治疗乳腺囊性增生，乳痛症，乳腺纤维腺瘤和男性乳房发育等。,理气剂 | 理气疏肝,生殖泌尿系统药物 | 妇科用药 | 乳腺增生治疗药,,,,https://www.yao86.com/%E4%B8%AD%E6%88%90%E8%8D%AF/%E4%B9%B3%E6%A0%B8%E6%95%A3%E7%BB%93%E8%83%B6%E5%9B%8A,站点药理或 ATC 分类明确为妇科用药
already_present,13175,乳核散结片,tcm,14,14,0.96,舒肝活血，祛痰软坚。用于肝郁气滞、痰瘀互结所致的乳癖，症见乳房肿块或结节、数目不等、大小不一、质软或中等硬、或乳房胀痛、经前疼痛加剧；乳腺增生病见上述症候者。,理气剂 | 理气疏肝,生殖泌尿系统药物 | 妇科用药 | 乳腺增生治疗药,,,,https://www.yao86.com/%E4%B8%AD%E6%88%90%E8%8D%AF/%E4%B9%B3%E6%A0%B8%E6%95%A3%E7%BB%93%E7%89%87,站点药理或 ATC 分类明确为妇科用药
already_present,13176,乳疾灵胶囊,tcm,14,14,0.96,舒肝解郁，散结消肿。用于乳腺增生症，属肝气郁结，痰瘀阻滞证候者，症见乳腺肿块，胀满疼痛。,理气剂 | 理气疏肝,生殖泌尿系统药物 | 妇科用药 | 乳腺增生治疗药,,,,https://www.yao86.com/%E4%B8%AD%E6%88%90%E8%8D%AF/%E4%B9%B3%E7%96%BE%E7%81%B5%E8%83%B6%E5%9B%8A,站点药理或 ATC 分类明确为妇科用药
already_present,13177,乳疾灵颗粒,tcm,14,14,0.96,疏肝活血，祛痰软坚。用于肝郁气滞、痰瘀互结所致的乳癖，症见乳房肿块或结节、数目不等、大小不一、质软或中等硬、或经前疼痛；乳腺增生病见上述证候者。,理气剂 | 理气疏肝,生殖泌尿系统药物 | 妇科用药 | 乳腺增生治疗药,,,,https://www.yao86.com/%E4%B8%AD%E6%88%90%E8%8D%AF/%E4%B9%B3%E7%96%BE%E7%81%B5%E9%A2%97%E7%B2%92,站点药理或 ATC 分类明确为妇科用药
already_present,13178,溶栓脑通胶囊,tcm,12,12,0.95,彝医:涡革奴涡革衣，习味且奴，且叶勒恩希，欧格笼佐。中医:活血化瘀，通经活络。用于中风，中经络所致的瘀血阻络证。,理血剂 | 活血化瘀,心脑血管与血液系统药物 | 脑血管疾病治疗药,,,,https://www.yao86.com/%E4%B8%AD%E6%88%90%E8%8D%AF/%E6%BA%B6%E6%A0%93%E8%84%91%E9%80%9A%E8%83%B6%E5%9B%8A,站点药理或 ATC 分类明确为心脑血管用药
already_present,13179,乳癖康胶囊,tcm,14,14,0.96,疏肝理气，活血化瘀。用于肝气郁结，气滞血瘀所致的乳腺增生，乳房胀痛。,理气剂 | 理气疏肝,生殖泌尿系统药物 | 妇科用药 | 乳腺增生治疗药,,,,https://www.yao86.com/%E4%B8%AD%E6%88%90%E8%8D%AF/%E4%B9%B3%E7%99%96%E5%BA%B7%E8%83%B6%E5%9B%8A,站点药理或 ATC 分类明确为妇科用药
already_present,13180,乳癖康片,tcm,14,14,0.96,疏肝理气，活血化瘀。用于肝气郁结，气滞血瘀所致的乳腺增生，乳房胀痛。,理气剂 | 理气疏肝,生殖泌尿系统药物 | 妇科用药 | 乳腺增生治疗药,,,,https://www.yao86.com/%E4%B8%AD%E6%88%90%E8%8D%AF/%E4%B9%B3%E7%99%96%E5%BA%B7%E7%89%87,站点药理或 ATC 分类明确为妇科用药
already_present,13181,乳癖散结片,tcm,14,14,0.96,行气活血，软坚散结。用于气滞血瘀所致的乳腺增生病，症见：乳房疼痛，乳房肿块，烦躁易怒，胸胁胀满等。,理气剂 | 理气疏肝,生殖泌尿系统药物 | 妇科用药 | 乳腺增生治疗药,,,,https://www.yao86.com/%E4%B8%AD%E6%88%90%E8%8D%AF/%E4%B9%B3%E7%99%96%E6%95%A3%E7%BB%93%E7%89%87,站点药理或 ATC 分类明确为妇科用药
already_present,1731,乳癖散结胶囊,tcm,14,14,0.96,行气活血，软坚散结。用于气滞血瘀所致的乳腺增生病，症见乳房疼痛、乳房肿块、烦躁易怒、胸胁胀满。,理气剂 | 理气疏肝,生殖泌尿系统药物 | 妇科用药 | 乳腺增生治疗药,,,,https://www.yao86.com/%E4%B8%AD%E6%88%90%E8%8D%AF/%E4%B9%B3%E7%99%96%E6%95%A3%E7%BB%93%E8%83%B6%E5%9B%8A,保留数据库现有分类；站点药理或 ATC 分类明确为妇科用药
already_present,13182,乳癖散结颗粒,tcm,14,14,0.96,行气活血，软坚散结。用于气滞血瘀所致的乳腺增生病，症见：乳房疼痛，乳房肿块，烦躁易怒，胸胁胀满等。,理气剂 | 理气疏肝,生殖泌尿系统药物 | 妇科用药 | 乳腺增生治疗药,,,,https://www.yao86.com/%E4%B8%AD%E6%88%90%E8%8D%AF/%E4%B9%B3%E7%99%96%E6%95%A3%E7%BB%93%E9%A2%97%E7%B2%92,站点药理或 ATC 分类明确为妇科用药
already_present,13183,乳癖清片,tcm,14,14,0.96,傣医：通塞勒塞拢，罕接。兵农杆农内，农暖农接，纳勒马农接。中医：理气活血，软坚散结。用于乳腺增生、经期乳房胀痛等疾病。,理气剂 | 理气疏肝,生殖泌尿系统药物 | 妇科用药 | 乳腺增生治疗药,,,,https://www.yao86.com/%E4%B8%AD%E6%88%90%E8%8D%AF/%E4%B9%B3%E7%99%96%E6%B8%85%E7%89%87,站点药理或 ATC 分类明确为妇科用药
already_present,13184,乳癖清胶囊,tcm,14,14,0.96,傣医：通塞勒塞拢，罕接。兵农杆农内，农暖农接，纳勒马农接。中医：理气活血，软坚散结。用于乳腺增生、经期乳房胀痛等疾病。,理气剂 | 理气疏肝,生殖泌尿系统药物 | 妇科用药 | 乳腺增生治疗药,,,,https://www.yao86.com/%E4%B8%AD%E6%88%90%E8%8D%AF/%E4%B9%B3%E7%99%96%E6%B8%85%E8%83%B6%E5%9B%8A,站点药理或 ATC 分类明确为妇科用药
already_present,13185,盐酸尼卡地平片,western,12,12,0.95,1、高血压。2、劳力型心绞痛。,心血管系统用药 | 抗心绞痛药,钙通道阻滞剂 | 主要对血管产生影响的选择性钙通道阻滞剂 | 二氢吡啶衍生物,,,,https://www.yao86.com/%E8%A5%BF%E8%8D%AF/%E7%9B%90%E9%85%B8%E5%B0%BC%E5%8D%A1%E5%9C%B0%E5%B9%B3%E7%89%87,站点药理或 ATC 分类明确为心脑血管用药
review_missing_efficacy,,盐酸尼卡地平缓释胶囊,western,,12,0.95,原发性高血压。,心血管系统用药 | 抗心绞痛药,钙通道阻滞剂 | 主要对血管产生影响的选择性钙通道阻滞剂 | 二氢吡啶衍生物,,,,https://www.yao86.com/%E8%A5%BF%E8%8D%AF/%E7%9B%90%E9%85%B8%E5%B0%BC%E5%8D%A1%E5%9C%B0%E5%B9%B3%E7%BC%93%E9%87%8A%E8%83%B6%E5%9B%8A,站点药理或 ATC 分类明确为心脑血管用药
already_present,13186,盐酸尼卡地平缓释片,western,12,12,0.95,用于治疗：（1）高血压，单独应用或与其他药物合并应用；（2）心绞痛，单独应用或与其他药物合并应用。,心血管系统用药 | 抗心绞痛药,钙通道阻滞剂 | 主要对血管产生影响的选择性钙通道阻滞剂 | 二氢吡啶衍生物,贝立宁,,,https://www.yao86.com/%E8%A5%BF%E8%8D%AF/%E7%9B%90%E9%85%B8%E5%B0%BC%E5%8D%A1%E5%9C%B0%E5%B9%B3%E7%BC%93%E9%87%8A%E7%89%87,站点药理或 ATC 分类明确为心脑血管用药
already_present,13187,琥珀酸普芦卡必利片,western,6,6,0.94,用于治疗成年女性患者中通过轻泻剂难以充分缓解的慢性便秘症状。,消化系统用药 | 胃肠解痉药及胃动力药,轻泻药 | 其它轻泻药,,,,https://www.yao86.com/%E8%A5%BF%E8%8D%AF/%E7%90%A5%E7%8F%80%E9%85%B8%E6%99%AE%E8%8A%A6%E5%8D%A1%E5%BF%85%E5%88%A9%E7%89%87,站点分类或适应症明确为泻药通便
already_present,13188,葡萄糖酸镁颗粒,western,7,7,0.96,通过口服本品能增加血镁浓度及维持静脉点滴硫酸镁后血镁浓度，用于妊娠高血压综合征的治疗。,维生素、矿物质类药 | 矿物质,矿物质补充剂 | 其它矿物质补充剂 | 镁,,,,https://www.yao86.com/%E8%A5%BF%E8%8D%AF/%E8%91%A1%E8%90%84%E7%B3%96%E9%85%B8%E9%95%81%E9%A2%97%E7%B2%92,站点药理或 ATC 分类明确为维生素/矿物质
already_present,1610,醋酸泼尼松片,western,8,8,0.96,主要用于过敏性与自身免疫性炎症性疾病。适用于结缔组织病，系统性红斑狼疮，重症多肌炎，严重的支气管哮喘，皮肌炎，血管炎等过敏性疾病，急性白血病，恶性淋巴瘤。,激素及影响内分泌药 | 肾上腺皮质激素类药,止泻药、肠道抗炎、抗感染药 | 肠道抗炎药 | 局部作用的皮质甾体激素类,,,,https://www.yao86.com/%E8%A5%BF%E8%8D%AF/%E9%86%8B%E9%85%B8%E6%B3%BC%E5%B0%BC%E6%9D%BE%E7%89%87,保留数据库现有分类；站点分类明确为止泻或肠道吸附药
already_present,13189,醋酸泼尼松眼膏,western,9,9,0.94,肾上腺皮质激素类药。适用于虹膜睫状体炎、虹膜炎、角膜炎、过敏性结膜炎等。,眼科用药 | 其他眼科用药,眼科用药 | 抗炎药 | 皮质甾体激素类，单方,,,,https://www.yao86.com/%E8%A5%BF%E8%8D%AF/%E9%86%8B%E9%85%B8%E6%B3%BC%E5%B0%BC%E6%9D%BE%E7%9C%BC%E8%86%8F,剂型或站点分类明确为局部外用药
already_present,13190,泼尼松片,western,5,5,0.96,泼尼松片用于胆囊炎、中耳炎、尿道炎、盆腔炎。,激素及影响内分泌药 | 肾上腺皮质激素类药,止泻药、肠道抗炎、抗感染药 | 肠道抗炎药 | 局部作用的皮质甾体激素类,,,,https://www.yao86.com/%E8%A5%BF%E8%8D%AF/%E6%B3%BC%E5%B0%BC%E6%9D%BE%E7%89%87,站点分类明确为止泻或肠道吸附药
already_present,13191,醋酸泼尼松龙片,western,5,5,0.96,用于过敏性与自身免疫性炎症疾病，胶原性疾病。如风湿病、类风湿性关节炎、红斑狼疮、严重支气管哮喘、肾病综合症、血小板减少性紫癜、粒细胞减少症、急性淋巴性白血病、各种肾上腺皮质功能不足症、剥脱性皮炎、无疱疮神经性皮炎、类湿疹等。,皮肤科用药 | 肾上腺皮质激素类药,止泻药、肠道抗炎、抗感染药 | 肠道抗炎药 | 局部作用的皮质甾体激素类,,,,https://www.yao86.com/%E8%A5%BF%E8%8D%AF/%E9%86%8B%E9%85%B8%E6%B3%BC%E5%B0%BC%E6%9D%BE%E9%BE%99%E7%89%87,站点分类明确为止泻或肠道吸附药
already_present,13192,醋酸泼尼松龙乳膏,western,9,9,0.96,用于接触性皮炎、脂溢性皮炎、过敏性湿疹及苔藓样瘙痒症等。,皮肤科用药 | 肾上腺皮质激素类药,皮肤病用皮质激素制剂 | 皮质甾体激素类，单方 | 皮质类固醇类，弱（I组）,,,,https://www.yao86.com/%E8%A5%BF%E8%8D%AF/%E9%86%8B%E9%85%B8%E6%B3%BC%E5%B0%BC%E6%9D%BE%E9%BE%99%E4%B9%B3%E8%86%8F,外用剂型且站点 ATC 分类明确为皮肤局部用药
already_present,13193,醋酸泼尼松龙滴眼液,western,9,9,0.94,适用于短期治疗对类固醇敏感的眼部炎症(排除病毒、真菌和细菌病原体感染)。,眼科用药 | 其他眼科用药,眼科用药 | 抗炎药 | 皮质甾体激素类，单方,百力特(PRED FORTE),,,https://www.yao86.com/%E8%A5%BF%E8%8D%AF/%E9%86%8B%E9%85%B8%E6%B3%BC%E5%B0%BC%E6%9D%BE%E9%BE%99%E6%BB%B4%E7%9C%BC%E6%B6%B2,剂型或站点分类明确为局部外用药
already_present,13194,泼尼松龙片,western,5,5,0.96,用于发热，也可用于缓解轻中度疼痛，如头痛、肌肉痛、关节痛。,皮肤科用药 | 肾上腺皮质激素类药,止泻药、肠道抗炎、抗感染药 | 肠道抗炎药 | 局部作用的皮质甾体激素类,,,,https://www.yao86.com/%E8%A5%BF%E8%8D%AF/%E6%B3%BC%E5%B0%BC%E6%9D%BE%E9%BE%99%E7%89%87,站点分类明确为止泻或肠道吸附药
already_present,13195,醋酸泼尼松乳膏,western,9,9,0.96,用于过敏性皮肤病、皮肤瘙痒等。,皮肤科用药 | 肾上腺皮质激素类药,皮肤病用皮质激素制剂 | 皮质甾体激素类，单方 | 皮质类固醇类，弱（I组）,,,,https://www.yao86.com/%E8%A5%BF%E8%8D%AF/%E9%86%8B%E9%85%B8%E6%B3%BC%E5%B0%BC%E6%9D%BE%E4%B9%B3%E8%86%8F,外用剂型且站点 ATC 分类明确为皮肤局部用药
already_present,13196,普仑司特胶囊,western,17,17,0.96,用于支气管哮喘的预防和治疗。,呼吸系统用药 | 平喘药,阻塞性气管疾病用药 | 其它阻塞性气管病系统用药 | 白三烯受体拮抗药,,,,https://www.yao86.com/%E8%A5%BF%E8%8D%AF/%E6%99%AE%E4%BB%91%E5%8F%B8%E7%89%B9%E8%83%B6%E5%9B%8A,人工分类边界：西药支气管扩张剂归其它
already_present,13197,少腹逐瘀丸,tcm,14,14,0.96,温经活血，散寒止痛。用于寒凝血瘀所致的月经后期、痛经，症见行经后错、行经小腹冷痛、经血紫暗、有血块。,温里剂 | 温经散寒,生殖泌尿系统药物 | 妇科用药 | 调经药物,,,,https://www.yao86.com/%E4%B8%AD%E6%88%90%E8%8D%AF/%E5%B0%91%E8%85%B9%E9%80%90%E7%98%80%E4%B8%B8,站点药理或 ATC 分类明确为妇科用药
already_present,13198,少腹逐瘀颗粒,tcm,14,14,0.96,活血逐瘀，祛寒止痛。用于血瘀有寒引起的月经不调，小腹胀痛，腰痛，白带。,温里剂 | 温经散寒,生殖泌尿系统药物 | 妇科用药 | 调经药物,,,,https://www.yao86.com/%E4%B8%AD%E6%88%90%E8%8D%AF/%E5%B0%91%E8%85%B9%E9%80%90%E7%98%80%E9%A2%97%E7%B2%92,站点药理或 ATC 分类明确为妇科用药
already_present,13199,少腹逐瘀胶囊,tcm,14,14,0.96,温经活血，散寒止痛。用于寒凝血瘀所致月经后期痛经，产后腹痛，症见：经行后错，行经小腹冷痛，经血紫暗，有血块，产后小腹疼痛喜热，拒按。,温里剂 | 温经散寒,生殖泌尿系统药物 | 妇科用药 | 调经药物,,,,https://www.yao86.com/%E4%B8%AD%E6%88%90%E8%8D%AF/%E5%B0%91%E8%85%B9%E9%80%90%E7%98%80%E8%83%B6%E5%9B%8A,站点药理或 ATC 分类明确为妇科用药
review_missing_efficacy,,麝香风湿油,tcm,,13,0.9,,,,,,,https://www.yao86.com/%E4%B8%AD%E6%88%90%E8%8D%AF/%E9%BA%9D%E9%A6%99%E9%A3%8E%E6%B9%BF%E6%B2%B9,站点明确收录为中成药，未命中更具体项目类别
already_present,13200,舒心安神口服液,tcm,13,13,0.9,滋补脾肾，健脑宁心。用于脾肾不足，精血亏虚所致健忘失眠、乏困无力、神经衰弱。,安神剂 | 补养安神,神经系统药物 | 精神安定药 | 催眠镇静药,,,,https://www.yao86.com/%E4%B8%AD%E6%88%90%E8%8D%AF/%E8%88%92%E5%BF%83%E5%AE%89%E7%A5%9E%E5%8F%A3%E6%9C%8D%E6%B6%B2,站点明确收录为中成药，未命中更具体项目类别
already_present,13201,舒心颗粒,tcm,13,13,0.9,活血祛瘀，养阴益气，定悸除烦。用于心悸，怔仲，心烦失眠。,补益剂 | 益气养阴,,,,,https://www.yao86.com/%E4%B8%AD%E6%88%90%E8%8D%AF/%E8%88%92%E5%BF%83%E9%A2%97%E7%B2%92,站点明确收录为中成药，未命中更具体项目类别
already_present,13202,参柏舒心颗粒,tcm,12,12,0.95,活血祛瘀，养阴益气，定悸除烦。用于心悸、怔仲、心烦失眠。,补益剂 | 益气养阴,心脑血管与血液系统药物 | 心血管疾病治疗药,,,,https://www.yao86.com/%E4%B8%AD%E6%88%90%E8%8D%AF/%E5%8F%82%E6%9F%8F%E8%88%92%E5%BF%83%E9%A2%97%E7%B2%92,站点药理或 ATC 分类明确为心脑血管用药
already_present,13203,参柏舒心胶囊,tcm,13,13,0.9,活血祛瘀、养阴益气、定悸除烦。用于心悸、怔仲、心烦失眠。,补益剂 | 益气养阴,神经系统药物 | 精神安定药 | 催眠镇静药,,,,https://www.yao86.com/%E4%B8%AD%E6%88%90%E8%8D%AF/%E5%8F%82%E6%9F%8F%E8%88%92%E5%BF%83%E8%83%B6%E5%9B%8A,站点明确收录为中成药，未命中更具体项目类别
already_present,13204,十三味疏肝胶囊,tcm,5,5,0.93,清热利湿，疏肝理脾，化瘀散结。用于肝胆湿热，气滞血瘀所致的胁痛，脘胀；急慢性乙型肝炎见上述证候者。,理血剂 | 益气活血,消化系统与代谢药 | 肝、胆疾病治疗药 | 肝病治疗药,,,,https://www.yao86.com/%E4%B8%AD%E6%88%90%E8%8D%AF/%E5%8D%81%E4%B8%89%E5%91%B3%E7%96%8F%E8%82%9D%E8%83%B6%E5%9B%8A,站点药理或 ATC 分类明确为胃肠消化用药
already_present,13205,舒更片,tcm,14,14,0.96,调和气血，安神。用于妇女更年期综合征引起的烦躁不安，头昏乏力，失眠。,安神剂 | 补养安神,生殖泌尿系统药物 | 妇科用药 | 更年期综合征治疗药,,,,https://www.yao86.com/%E4%B8%AD%E6%88%90%E8%8D%AF/%E8%88%92%E6%9B%B4%E7%89%87,站点药理或 ATC 分类明确为妇科用药
already_present,13206,舒更胶囊,tcm,14,14,0.96,调和气血，安神。用于妇女更年期综合征引起的烦躁不安，头昏乏力，失眠。,安神剂 | 补养安神,生殖泌尿系统药物 | 妇科用药 | 更年期综合征治疗药,,,,https://www.yao86.com/%E4%B8%AD%E6%88%90%E8%8D%AF/%E8%88%92%E6%9B%B4%E8%83%B6%E5%9B%8A,站点药理或 ATC 分类明确为妇科用药
already_present,13207,舒眠胶囊,tcm,13,13,0.9,疏肝解郁，宁心安神，用于肝郁伤神所致的失眠症。症见：失眠多梦，精神抑郁或急躁易怒，胸胁苦满或胸膈不畅，口苦目眩，舌边尖略红，苔白或微黄，脉弦。,安神剂 | 补养安神,神经系统药物 | 精神安定药 | 催眠镇静药,,,,https://www.yao86.com/%E4%B8%AD%E6%88%90%E8%8D%AF/%E8%88%92%E7%9C%A0%E8%83%B6%E5%9B%8A,站点明确收录为中成药，未命中更具体项目类别
already_present,13208,舒眠片,tcm,13,13,0.9,舒肝解郁，养血柔肝，宁心安神。用于失眠、多梦易惊；多愁善感或忧郁不乐，甚则急躁易怒；胸胁苦满或胸膈不畅；头晕目眩；咽干口燥。,安神剂 | 补养安神,神经系统药物 | 精神安定药 | 催眠镇静药,,,,https://www.yao86.com/%E4%B8%AD%E6%88%90%E8%8D%AF/%E8%88%92%E7%9C%A0%E7%89%87,站点明确收录为中成药，未命中更具体项目类别
already_present,13209,葡萄糖酸氯己定软膏,western,9,9,0.94,用于轻度小面积烧伤、烫伤、外伤感染，也可用于湿疹、痤疮、足癣等。用于程度较轻的烧伤(Ⅰ°或浅Ⅱ°)。,皮肤科用药 | 皮肤抗感染药,消毒灭菌药 | 双胍类和脒类,,,,https://www.yao86.com/%E8%A5%BF%E8%8D%AF/%E8%91%A1%E8%90%84%E7%B3%96%E9%85%B8%E6%B0%AF%E5%B7%B1%E5%AE%9A%E8%BD%AF%E8%86%8F,剂型或站点分类明确为局部外用药
review_unclassified,,稀葡萄糖酸氯己定溶液,western,,,0.0,本品可用于齿龈炎、咽峡炎和口腔溃疡等。,皮肤科用药 | 皮肤抗感染药,口腔疾病药物 | 口腔局部治疗用抗感染药和灭菌药,,,,https://www.yao86.com/%E8%A5%BF%E8%8D%AF/%E7%A8%80%E8%91%A1%E8%90%84%E7%B3%96%E9%85%B8%E6%B0%AF%E5%B7%B1%E5%AE%9A%E6%BA%B6%E6%B6%B2,站点分类无法可靠映射到项目现有类别
review_unclassified,,葡萄糖酸氯己定含漱液,western,,,0.0,用于口腔疾病(如牙龈炎、口腔溃疡、咽炎等)的防治。,皮肤科用药 | 皮肤抗感染药,口腔疾病药物 | 口腔局部治疗用抗感染药和灭菌药,,,,https://www.yao86.com/%E8%A5%BF%E8%8D%AF/%E8%91%A1%E8%90%84%E7%B3%96%E9%85%B8%E6%B0%AF%E5%B7%B1%E5%AE%9A%E5%90%AB%E6%BC%B1%E6%B6%B2,站点分类无法可靠映射到项目现有类别
review_unclassified,,葡萄糖酸氯己定溶液,western,,,0.0,本品可用于咽颊炎和口腔溃疡等。,皮肤科用药 | 皮肤抗感染药,,,,,https://www.yao86.com/%E8%A5%BF%E8%8D%AF/%E8%91%A1%E8%90%84%E7%B3%96%E9%85%B8%E6%B0%AF%E5%B7%B1%E5%AE%9A%E6%BA%B6%E6%B6%B2,站点分类无法可靠映射到项目现有类别
review_missing_efficacy,,葡萄糖酸氯己定贴,western,,,0.0,,,消毒灭菌药 | 双胍类和脒类,,,,https://www.yao86.com/%E8%A5%BF%E8%8D%AF/%E8%91%A1%E8%90%84%E7%B3%96%E9%85%B8%E6%B0%AF%E5%B7%B1%E5%AE%9A%E8%B4%B4,站点分类无法可靠映射到项目现有类别
already_present,1616,硼酸洗液,western,9,9,0.96,可用于皮肤、粘膜损害的清洁剂，及急性皮炎、湿疹渗出的湿敷液，也可用于口腔、咽喉漱液，外耳道、慢性溃疡面、褥疮洗液，及真菌、脓疱疮感染杀菌液。,抗微生物药 | 抗真菌药,消毒灭菌药 | 硼酸类,,,,https://www.yao86.com/%E8%A5%BF%E8%8D%AF/%E7%A1%BC%E9%85%B8%E6%B4%97%E6%B6%B2,保留数据库现有分类；站点药理或 ATC 分类明确为抗感染药
already_present,13210,硼酸软膏,western,9,9,0.94,用于轻度、小面积急性湿疹、急性皮炎、脓疱疮、褥疮。,抗微生物药 | 抗真菌药,消毒灭菌药 | 硼酸类,,,,https://www.yao86.com/%E8%A5%BF%E8%8D%AF/%E7%A1%BC%E9%85%B8%E8%BD%AF%E8%86%8F,剂型或站点分类明确为局部外用药
already_present,13211,普拉洛芬滴眼液,western,9,9,0.94,外眼及眼前节炎症的对症治疗(眼睑炎、结膜炎、角膜炎、巩膜炎、浅层巩膜炎、虹膜睫状体炎、术后炎症),眼科用药 | 其他眼科用药,眼科用药 | 抗炎药 | 非甾体抗炎药,,,,https://www.yao86.com/%E8%A5%BF%E8%8D%AF/%E6%99%AE%E6%8B%89%E6%B4%9B%E8%8A%AC%E6%BB%B4%E7%9C%BC%E6%B6%B2,剂型或站点分类明确为局部外用药
review_missing_efficacy,,葡萄糖酸亚铁糖浆,western,,,0.0,用于缺铁性贫血。,血液系统用药 | 抗贫血药,抗贫血药 | 铁制剂 | 口服二价铁制剂,,,,https://www.yao86.com/%E8%A5%BF%E8%8D%AF/%E8%91%A1%E8%90%84%E7%B3%96%E9%85%B8%E4%BA%9A%E9%93%81%E7%B3%96%E6%B5%86,站点分类无法可靠映射到项目现有类别
review_unclassified,,葡萄糖酸亚铁胶囊,western,,,0.0,用于预防和治疗各种原因引起的缺铁性贫血。,血液系统用药 | 抗贫血药,抗贫血药 | 铁制剂 | 口服二价铁制剂,,,,https://www.yao86.com/%E8%A5%BF%E8%8D%AF/%E8%91%A1%E8%90%84%E7%B3%96%E9%85%B8%E4%BA%9A%E9%93%81%E8%83%B6%E5%9B%8A,站点分类无法可靠映射到项目现有类别
review_missing_efficacy,,葡萄糖酸亚铁片,western,,,0.0,用于缺铁性贫血。,血液系统用药 | 抗贫血药,抗贫血药 | 铁制剂 | 口服二价铁制剂,,,,https://www.yao86.com/%E8%A5%BF%E8%8D%AF/%E8%91%A1%E8%90%84%E7%B3%96%E9%85%B8%E4%BA%9A%E9%93%81%E7%89%87,站点分类无法可靠映射到项目现有类别
imported,14007,普罗雌烯阴道胶囊,western,,14,0.96,因雌激素不足导致的阴道萎缩；宫颈、阴道和外阴的粘膜部分因分娩、局部手术或物理疗法（如激光、冷冻或烧灼等）等引起损伤的迁延不愈，结痂延迟。,激素及影响内分泌药 | 雌激素、孕激素及抗孕激素,性激素和生殖系统调节药 | 雌激素类 | 天然和半合成的雌激素类，单方,更宝芬Colpotrophine,,更宝芬Colpotrophine（多药共用）,https://www.yao86.com/%E8%A5%BF%E8%8D%AF/%E6%99%AE%E7%BD%97%E9%9B%8C%E7%83%AF%E9%98%B4%E9%81%93%E8%83%B6%E5%9B%8A,站点药理或 ATC 分类明确为妇科用药
imported,14008,普罗雌烯阴道胶丸,western,,14,0.96,用于治疗因雌激素缺乏引起的阴道萎缩性病变。,激素及影响内分泌药 | 雌激素、孕激素及抗孕激素,性激素和生殖系统调节药 | 雌激素类 | 天然和半合成的雌激素类，单方,,,,https://www.yao86.com/%E8%A5%BF%E8%8D%AF/%E6%99%AE%E7%BD%97%E9%9B%8C%E7%83%AF%E9%98%B4%E9%81%93%E8%83%B6%E4%B8%B8,站点药理或 ATC 分类明确为妇科用药
imported,14009,普罗雌烯阴道用软胶囊,western,,14,0.96,因雌激素不足引起的阴道萎缩；宫颈、阴道和外阴的粘膜部分因分娩、局部手术或物理疗法(如激光、冷冻或烧灼等)等引起损伤的迁延不愈，结痂延迟。,激素及影响内分泌药 | 雌激素、孕激素及抗孕激素,性激素和生殖系统调节药 | 雌激素类 | 天然和半合成的雌激素类，单方,,,,https://www.yao86.com/%E8%A5%BF%E8%8D%AF/%E6%99%AE%E7%BD%97%E9%9B%8C%E7%83%AF%E9%98%B4%E9%81%93%E7%94%A8%E8%BD%AF%E8%83%B6%E5%9B%8A,站点药理或 ATC 分类明确为妇科用药
already_present,13212,普罗雌烯乳膏,western,14,14,0.96,外阴、前庭部及阴道环部的萎缩性病变。,激素及影响内分泌药 | 雌激素、孕激素及抗孕激素,性激素和生殖系统调节药 | 雌激素类 | 天然和半合成的雌激素类，单方,更宝芬colpotrophine,,更宝芬colpotrophine（多药共用）,https://www.yao86.com/%E8%A5%BF%E8%8D%AF/%E6%99%AE%E7%BD%97%E9%9B%8C%E7%83%AF%E4%B9%B3%E8%86%8F,站点药理或 ATC 分类明确为妇科用药
already_present,13213,舒郁九宝丸,tcm,5,5,0.93,解郁宽胸，理气止痛。用于胸膈满闷，胃脘疼痛，干哕气逆，纳差，腹胀。,理气剂 | 理气疏肝,消化系统与代谢药 | 胃病相关药物,,,,https://www.yao86.com/%E4%B8%AD%E6%88%90%E8%8D%AF/%E8%88%92%E9%83%81%E4%B9%9D%E5%AE%9D%E4%B8%B8,站点药理或 ATC 分类明确为胃肠消化用药
reclassified_existing,13214,三七止血咀嚼片,tcm,12,14,0.96,行瘀止血，消肿定痛。用于吐血、衄血，血痢血崩，产后流血不止，月经过多及外伤出血。,理血剂 | 止血,心脑血管与血液系统药物 | 抗出血药,,,,https://www.yao86.com/%E4%B8%AD%E6%88%90%E8%8D%AF/%E4%B8%89%E4%B8%83%E6%AD%A2%E8%A1%80%E5%92%80%E5%9A%BC%E7%89%87,站点药理或 ATC 分类明确为妇科用药
reclassified_existing,13215,三七止血胶囊,tcm,12,14,0.96,行瘀止血，消肿，定痛。用于吐血，衄血，血痢血崩，产后流血不止，月经过多及外伤出血。,理血剂 | 止血,心脑血管与血液系统药物 | 抗出血药,,,,https://www.yao86.com/%E4%B8%AD%E6%88%90%E8%8D%AF/%E4%B8%89%E4%B8%83%E6%AD%A2%E8%A1%80%E8%83%B6%E5%9B%8A,站点药理或 ATC 分类明确为妇科用药
reclassified_existing,13216,三七止血片,tcm,12,14,0.96,行瘀止血，消肿，定痛。用于吐血，衄血，血痢血崩，产后流血不止，月经过多及外伤出血。,理血剂 | 止血,心脑血管与血液系统药物 | 抗出血药,,,,https://www.yao86.com/%E4%B8%AD%E6%88%90%E8%8D%AF/%E4%B8%89%E4%B8%83%E6%AD%A2%E8%A1%80%E7%89%87,站点药理或 ATC 分类明确为妇科用药
already_present,13217,双石通淋胶囊,tcm,13,13,0.9,清热利湿，化浊通淋。用于慢性前列腺炎属湿热壅阻证。症见尿道灼热、小便频急、尿后余沥不尽、尿后滴白、阴部潮湿、会阴、少腹、腰骶部疼痛或不适，舌质红苔黄，脉弦或弦滑等。,祛湿剂 | 清热除湿,生殖泌尿系统药物 | 泌尿系统药物 | 前列腺疾病治疗药,,,,https://www.yao86.com/%E4%B8%AD%E6%88%90%E8%8D%AF/%E5%8F%8C%E7%9F%B3%E9%80%9A%E6%B7%8B%E8%83%B6%E5%9B%8A,站点明确收录为中成药，未命中更具体项目类别
already_present,13218,三七参蜂口服液,tcm,13,13,0.9,补中益气，养血生津，滋补肝肾。用于病后及老年体虚属气血不足、肝肾亏损证，症见头昏耳鸣，头痛失眠，食欲不振，神疲乏力。,补益剂 | 气血双补,生殖泌尿系统药物 | 泌尿系统药物 | 补肾药物（勃起机能障碍用药）,,,,https://www.yao86.com/%E4%B8%AD%E6%88%90%E8%8D%AF/%E4%B8%89%E4%B8%83%E5%8F%82%E8%9C%82%E5%8F%A3%E6%9C%8D%E6%B6%B2,站点明确收录为中成药，未命中更具体项目类别
already_present,13219,三七通舒胶囊,tcm,12,12,0.95,活血化瘀，活络通脉，改善脑梗塞、脑缺血功能障碍，恢复缺血性脑代谢异常，抗血小板聚集，防止血栓形成，改善微循环，降低全血粘度，增强颈动脉血流量，主要用于心脑血管栓塞性病症，主治中风、半身不遂、口舌歪斜、言语謇涩、偏身麻木。,理血剂 | 活血化瘀,心脑血管与血液系统药物 | 脑血管疾病治疗药,,,,https://www.yao86.com/%E4%B8%AD%E6%88%90%E8%8D%AF/%E4%B8%89%E4%B8%83%E9%80%9A%E8%88%92%E8%83%B6%E5%9B%8A,站点药理或 ATC 分类明确为心脑血管用药
already_present,13220,苏南山肚痛丸,tcm,14,14,0.96,行气止痛。用于肚痛，食滞腹痛，胃气痛，月经痛。,理气剂 | 理气疏肝,生殖泌尿系统药物 | 妇科用药 | 调经药物,,,,https://www.yao86.com/%E4%B8%AD%E6%88%90%E8%8D%AF/%E8%8B%8F%E5%8D%97%E5%B1%B1%E8%82%9A%E7%97%9B%E4%B8%B8,站点药理或 ATC 分类明确为妇科用药
reclassified_existing,13221,三七血伤宁胶囊,tcm,12,14,0.96,止血镇痛，祛瘀生新。用于瘀血阻滞、血不归经之各种血证及瘀血肿痛，如胃、十二指肠溃疡出血，支气管扩张出血，肺结核咯血，功能性子宫出血，外伤及痔疮出血，妇女月经不调，经痛，经闭及月经血量过多，产后瘀血，胃痛，肋间神经痛等。,理血剂 | 止血,心脑血管与血液系统药物 | 抗出血药,,,,https://www.yao86.com/%E4%B8%AD%E6%88%90%E8%8D%AF/%E4%B8%89%E4%B8%83%E8%A1%80%E4%BC%A4%E5%AE%81%E8%83%B6%E5%9B%8A,站点药理或 ATC 分类明确为妇科用药
reclassified_existing,13222,三七血伤宁散,tcm,12,14,0.96,止血镇痛，祛瘀生新。用于瘀血阻滞、血不归经之各种血证及瘀血肿痛，如胃、十二指肠溃疡出血，支气管扩张出血，肺结核咯血，功能性子宫出血，外伤及痔疮出血，妇女月经不调，经痛，经闭及月经血量过多，产后瘀血，胃痛，肋间神经痛等。,理血剂 | 止血,心脑血管与血液系统药物 | 抗出血药,,,,https://www.yao86.com/%E4%B8%AD%E6%88%90%E8%8D%AF/%E4%B8%89%E4%B8%83%E8%A1%80%E4%BC%A4%E5%AE%81%E6%95%A3,站点药理或 ATC 分类明确为妇科用药
already_present,13223,双苓止泻口服液,tcm,5,5,0.96,清热化湿，健脾止泻。用于湿热内蕴，脾虚失健所致的小儿腹泻，可伴有发热、腹痛、口渴、尿少。,祛湿剂 | 清热除湿,消化系统与代谢药 | 止泻药、肠道抗炎、抗感染药,,,,https://www.yao86.com/%E4%B8%AD%E6%88%90%E8%8D%AF/%E5%8F%8C%E8%8B%93%E6%AD%A2%E6%B3%BB%E5%8F%A3%E6%9C%8D%E6%B6%B2,站点分类明确为止泻或肠道吸附药
already_present,13224,三参芪口服液,tcm,13,13,0.9,健脾补肾、益气养血。适用于脾肾两虚所致的体虚自汗，肢体乏力，腰膝酸软等证。,补益剂 | 气血双补,补气补血药物 | 其他补气补血药物,,,,https://www.yao86.com/%E4%B8%AD%E6%88%90%E8%8D%AF/%E4%B8%89%E5%8F%82%E8%8A%AA%E5%8F%A3%E6%9C%8D%E6%B6%B2,站点明确收录为中成药，未命中更具体项目类别
already_present,13225,盐酸羟苄唑滴眼液,western,9,9,0.94,用于急性流行性出血性结膜炎。,抗微生物药 | 抗病毒药,眼科用药 | 抗感染药 | 抗病毒药类,,,,https://www.yao86.com/%E8%A5%BF%E8%8D%AF/%E7%9B%90%E9%85%B8%E7%BE%9F%E8%8B%84%E5%94%91%E6%BB%B4%E7%9C%BC%E6%B6%B2,剂型或站点分类明确为局部外用药
review_missing_efficacy,,氢氧化钙糊剂,western,,9,0.94,,,其它所有的非治疗用品 | 其它非治疗用辅助物品,,,,https://www.yao86.com/%E8%A5%BF%E8%8D%AF/%E6%B0%A2%E6%B0%A7%E5%8C%96%E9%92%99%E7%B3%8A%E5%89%82,剂型或站点分类明确为局部外用药
review_missing_efficacy,,氢溴酸替格列汀片,western,,11,0.95,,,糖尿病用药 | 非胰岛素类降血糖药 | 二肽基肽酶4(DPP-4)抑制剂,,,,https://www.yao86.com/%E8%A5%BF%E8%8D%AF/%E6%B0%A2%E6%BA%B4%E9%85%B8%E6%9B%BF%E6%A0%BC%E5%88%97%E6%B1%80%E7%89%87,站点药理或 ATC 分类明确为慢性病长期用药
review_unclassified,,去铁酮片,western,,,0.0,用于治疗耐受或不愿意接受现有螯合剂治疗的铁负荷过多的地中海贫血患者。,血液系统用药 | 其他血液系统用药,其它各种治疗用药品 | 铁螯合剂类,,,,https://www.yao86.com/%E8%A5%BF%E8%8D%AF/%E5%8E%BB%E9%93%81%E9%85%AE%E7%89%87,站点分类无法可靠映射到项目现有类别
review_unclassified,,去铁酮口服溶液,western,,,0.0,用于治疗不耐受或不愿意接受现有螯合剂治疗的铁负荷过多的地中海贫血患者。,血液系统用药 | 其他血液系统用药,其它各种治疗用药品 | 铁螯合剂类,,,,https://www.yao86.com/%E8%A5%BF%E8%8D%AF/%E5%8E%BB%E9%93%81%E9%85%AE%E5%8F%A3%E6%9C%8D%E6%BA%B6%E6%B6%B2,站点分类无法可靠映射到项目现有类别
already_present,13226,双辛鼻窦炎颗粒,tcm,13,13,0.9,清热解毒，宣肺通窍。用于肺经郁热引起的鼻窦炎。,清热剂 | 清热解毒,呼吸系统药物 | 鼻病治疗药,,,,https://www.yao86.com/%E4%B8%AD%E6%88%90%E8%8D%AF/%E5%8F%8C%E8%BE%9B%E9%BC%BB%E7%AA%A6%E7%82%8E%E9%A2%97%E7%B2%92,站点明确收录为中成药，未命中更具体项目类别
already_present,13227,三七冠心宁滴丸,tcm,12,12,0.95,活血益气，宣畅心阳，疏通心脉，蠲除瘀阻。用于胸痹或心脉瘀阻所致之胸闷、心痛、气促、心悸等症。,理血剂 | 活血化瘀,心脑血管与血液系统药物 | 心血管疾病治疗药,,,,https://www.yao86.com/%E4%B8%AD%E6%88%90%E8%8D%AF/%E4%B8%89%E4%B8%83%E5%86%A0%E5%BF%83%E5%AE%81%E6%BB%B4%E4%B8%B8,站点药理或 ATC 分类明确为心脑血管用药
already_present,13228,三七冠心宁片,tcm,12,12,0.95,活血益气，宣畅心阳，疏通心脉，蠲除瘀阻。用于胸痹或心脉瘀阻所致之胸闷，心痛，气促，心悸等症。,理血剂 | 活血化瘀,心脑血管与血液系统药物 | 心血管疾病治疗药,,,,https://www.yao86.com/%E4%B8%AD%E6%88%90%E8%8D%AF/%E4%B8%89%E4%B8%83%E5%86%A0%E5%BF%83%E5%AE%81%E7%89%87,站点药理或 ATC 分类明确为心脑血管用药
already_present,13229,三七冠心宁胶囊,tcm,12,12,0.95,活血益气，宣畅心阳，疏通心脉，蠲除瘀阻。用于胸痹或心脉瘀阻所致之胸闷、心痛、气促、心悸等症。,理血剂 | 活血化瘀,心脑血管与血液系统药物 | 心血管疾病治疗药,,,,https://www.yao86.com/%E4%B8%AD%E6%88%90%E8%8D%AF/%E4%B8%89%E4%B8%83%E5%86%A0%E5%BF%83%E5%AE%81%E8%83%B6%E5%9B%8A,站点药理或 ATC 分类明确为心脑血管用药
already_present,13230,三七冠心宁合剂,tcm,12,12,0.95,活血益气、宣畅心阳、疏通心脉、蠲除瘀阻：适用于胸痹或心血瘀阻所致之胸闷、气短、心悸等症。,理血剂 | 活血化瘀,心脑血管与血液系统药物 | 心血管疾病治疗药,,,,https://www.yao86.com/%E4%B8%AD%E6%88%90%E8%8D%AF/%E4%B8%89%E4%B8%83%E5%86%A0%E5%BF%83%E5%AE%81%E5%90%88%E5%89%82,站点药理或 ATC 分类明确为心脑血管用药
already_present,13231,双金连合剂,tcm,0,0,0.94,辛凉解表，清热解毒。用于外感风邪感冒引起的发热、疼痛、咳嗽。,清热剂 | 清热解毒,呼吸系统药物 | 咳嗽和感冒用药,,,,https://www.yao86.com/%E4%B8%AD%E6%88%90%E8%8D%AF/%E5%8F%8C%E9%87%91%E8%BF%9E%E5%90%88%E5%89%82,站点药理分类明确为感冒或解表用药
already_present,13232,伤益气雾剂,tcm,9,9,0.94,消肿止痛，止血散瘀。用于跌打损伤及轻度水火烫伤。,理血剂 | 疗伤止痛,皮肤病药物 | 创伤和溃疡治疗药 | 烧烫伤药物,,,,https://www.yao86.com/%E4%B8%AD%E6%88%90%E8%8D%AF/%E4%BC%A4%E7%9B%8A%E6%B0%94%E9%9B%BE%E5%89%82,剂型或站点分类明确为局部外用药
already_present,13233,神农茶颗粒,tcm,0,0,0.94,消暑清热，生津止渴。用于伤风感冒。,祛暑剂 | 祛暑清热,呼吸系统药物 | 咳嗽和感冒用药,,,,https://www.yao86.com/%E4%B8%AD%E6%88%90%E8%8D%AF/%E7%A5%9E%E5%86%9C%E8%8C%B6%E9%A2%97%E7%B2%92,站点药理分类明确为感冒或解表用药
already_present,13234,三甲散,tcm,5,5,0.93,软坚化积。用于食积，乳积，痞块。,和解剂 | 其它,消化系统与代谢药 | 提升食欲、促消化药,,,,https://www.yao86.com/%E4%B8%AD%E6%88%90%E8%8D%AF/%E4%B8%89%E7%94%B2%E6%95%A3,站点药理或 ATC 分类明确为胃肠消化用药
already_present,13235,伤科七味片,tcm,13,13,0.9,祛瘀消肿，活血止痛。用于跌打损伤，骨断血瘀。,理血剂 | 疗伤止痛,肌肉-骨骼系统药物 | 关节和肌肉疼痛局部用药,,,,https://www.yao86.com/%E4%B8%AD%E6%88%90%E8%8D%AF/%E4%BC%A4%E7%A7%91%E4%B8%83%E5%91%B3%E7%89%87,站点明确收录为中成药，未命中更具体项目类别
already_present,13236,曲匹布通片,western,5,5,0.93,用于胆囊炎及胆道疾病。,消化系统用药 | 利胆药,治疗功能性胃肠疾病的药物 | 治疗功能性肠道疾病的药物 | 治疗功能性肠道疾病的其它药物,,,,https://www.yao86.com/%E8%A5%BF%E8%8D%AF/%E6%9B%B2%E5%8C%B9%E5%B8%83%E9%80%9A%E7%89%87,站点药理或 ATC 分类明确为胃肠消化用药
already_present,13237,羟糖甘滴眼液,western,9,9,0.94,减轻由于泪液分泌不足或暴露在风沙、阳光下、久视屏幕等原因所引起的眼部干涩、刺痛等不适症状，保护眼球免受刺激。,眼科用药 | 其他眼科用药,眼科用药 | 其它眼科用药,,,,https://www.yao86.com/%E8%A5%BF%E8%8D%AF/%E7%BE%9F%E7%B3%96%E7%94%98%E6%BB%B4%E7%9C%BC%E6%B6%B2,剂型或站点分类明确为局部外用药
already_present,13238,去氢胆酸片,western,5,5,0.93,本品有利胆作用，可促进胆汁分泌，增加胆汁容量，使胆道畅通，对消化脂肪也有一定的促进作用。,消化系统用药 | 利胆药,肝、胆疾病治疗药 | 胆病治疗药 | 胆汁酸及其衍生物,,,,https://www.yao86.com/%E8%A5%BF%E8%8D%AF/%E5%8E%BB%E6%B0%A2%E8%83%86%E9%85%B8%E7%89%87,站点药理或 ATC 分类明确为胃肠消化用药
already_present,13239,青叶胆提取物片,western,5,5,0.93,清肝利胆，清热利湿。用于黄疸尿赤，热淋涩痛。,消化系统用药 | 利胆药,肝、胆疾病治疗药 | 肝病治疗药，抗脂肪肝药 | 肝病治疗药,,,,https://www.yao86.com/%E8%A5%BF%E8%8D%AF/%E9%9D%92%E5%8F%B6%E8%83%86%E6%8F%90%E5%8F%96%E7%89%A9%E7%89%87,站点药理或 ATC 分类明确为胃肠消化用药
review_missing_efficacy,,羟布宗片,western,,3,0.94,,,抗炎和抗风湿药 | 非甾体抗炎药和抗风湿药 | 丁基吡唑烷类,,,,https://www.yao86.com/%E8%A5%BF%E8%8D%AF/%E7%BE%9F%E5%B8%83%E5%AE%97%E7%89%87,站点药理或 ATC 分类明确为镇痛/抗炎药
already_present,13240,醋酸曲安奈德益康唑乳膏,western,9,9,0.96,1.伴有真菌感染或有真菌感染倾向的皮炎、湿疹；2.由皮肤癣菌、酵母菌和霉菌所致的炎症性皮肤真菌病，如手足癣、体癣、股癣、花斑癣；3.尿布性皮炎；4.念珠菌性口角炎；5.甲沟炎；6.由真菌、细菌所致的皮肤混合感染。,抗微生物药 | 抗真菌药,皮肤病用皮质激素制剂 | 皮质甾体激素类，与灭菌药的复方 | 较强皮质甾体激素类，与灭菌药的复方,扶严宁,,,https://www.yao86.com/%E8%A5%BF%E8%8D%AF/%E9%86%8B%E9%85%B8%E6%9B%B2%E5%AE%89%E5%A5%88%E5%BE%B7%E7%9B%8A%E5%BA%B7%E5%94%91%E4%B9%B3%E8%86%8F,外用剂型且站点 ATC 分类明确为皮肤局部用药
already_present,13241,曲安奈德益康唑乳膏,western,9,9,0.96,1、伴有真菌感染或有真菌感染倾向的皮炎、湿疹；2、由皮肤癣菌、酵母菌和霉菌所致的炎症性皮肤真菌病，如手足癣、体癣、股癣、花斑癣；3、尿布性皮炎；4、念珠菌性口角炎；5、甲沟炎；6、由真菌、细菌所致的皮肤混合感染。,抗微生物药 | 抗真菌药,皮肤病用皮质激素制剂 | 皮质甾体激素类，与灭菌药的复方 | 较强皮质甾体激素类，与灭菌药的复方,,,,https://www.yao86.com/%E8%A5%BF%E8%8D%AF/%E6%9B%B2%E5%AE%89%E5%A5%88%E5%BE%B7%E7%9B%8A%E5%BA%B7%E5%94%91%E4%B9%B3%E8%86%8F,外用剂型且站点 ATC 分类明确为皮肤局部用药
already_present,13242,盐酸羟甲唑啉滴鼻液,western,9,9,0.94,用于急慢性鼻炎、鼻窦炎、过敏性鼻炎、肥厚性鼻炎。,耳鼻喉科用药 | 鼻部疾病用药,鼻用制剂 | 减充血药和其它鼻腔局部用药 | 拟交感神经药，单方,,,,https://www.yao86.com/%E8%A5%BF%E8%8D%AF/%E7%9B%90%E9%85%B8%E7%BE%9F%E7%94%B2%E5%94%91%E5%95%89%E6%BB%B4%E9%BC%BB%E6%B6%B2,剂型或站点分类明确为局部外用药
already_present,13243,盐酸羟甲唑啉滴眼液,western,9,9,0.94,本品为一种长效的眼局部血管收缩剂，可用于缓解过敏性结膜炎、非感染性结膜炎的眼部症状以及解除过敏、干眼、游泳、烟雾、配戴接触镜(隐形眼镜)、眼疲劳等因素引起的眼部充血。,眼科用药 | 其他眼科用药,眼科用药 | 减充血药和抗变态反应药 | 用作减充血药的拟交感神经药,,,,https://www.yao86.com/%E8%A5%BF%E8%8D%AF/%E7%9B%90%E9%85%B8%E7%BE%9F%E7%94%B2%E5%94%91%E5%95%89%E6%BB%B4%E7%9C%BC%E6%B6%B2,剂型或站点分类明确为局部外用药
already_present,13244,盐酸羟甲唑啉喷雾剂,western,9,9,0.94,用于急慢性鼻炎、鼻窦炎、过敏性鼻炎、肥厚性鼻炎。,耳鼻喉科用药 | 鼻部疾病用药,鼻用制剂 | 减充血药和其它鼻腔局部用药 | 拟交感神经药，单方,,,,https://www.yao86.com/%E8%A5%BF%E8%8D%AF/%E7%9B%90%E9%85%B8%E7%BE%9F%E7%94%B2%E5%94%91%E5%95%89%E5%96%B7%E9%9B%BE%E5%89%82,剂型或站点分类明确为局部外用药
already_present,13245,青霉素皮试剂,western,2,2,0.96,供做青霉素皮内敏感试验。,抗微生物药 | 青霉素类,诊断用药 | 其它诊断用药 | 变应性疾病检测,,,,https://www.yao86.com/%E8%A5%BF%E8%8D%AF/%E9%9D%92%E9%9C%89%E7%B4%A0%E7%9A%AE%E8%AF%95%E5%89%82,站点药理或 ATC 分类明确为抗感染药
already_present,13246,七叶洋地黄双苷滴眼液,western,9,9,0.94,眼底黄斑变性。所有类型的眼疲劳，包括眼肌性、神经性和适应性的。,眼科用药 | 其他眼科用药,眼科用药 | 其它眼科用药,施图伦,,,https://www.yao86.com/%E8%A5%BF%E8%8D%AF/%E4%B8%83%E5%8F%B6%E6%B4%8B%E5%9C%B0%E9%BB%84%E5%8F%8C%E8%8B%B7%E6%BB%B4%E7%9C%BC%E6%B6%B2,剂型或站点分类明确为局部外用药
already_present,13247,砂仁驱风油,tcm,13,13,0.9,祛风，行气，降逆，消炎，镇痛。用于伤风鼻塞、头晕头痛、中暑、风湿骨痛、神经痛、蚊虫咬伤。,治风剂 | 疏散外风,,,,,https://www.yao86.com/%E4%B8%AD%E6%88%90%E8%8D%AF/%E7%A0%82%E4%BB%81%E9%A9%B1%E9%A3%8E%E6%B2%B9,站点明确收录为中成药，未命中更具体项目类别
already_present,13248,四季青胶囊,tcm,13,13,0.9,清热解毒，凉血止血。用于咽喉肿痛，腹痛泻泄，下痢脓血，肛门灼热，小便淋沥涩痛，短赤灼热。,清热剂 | 清热解毒,呼吸系统药物 | 清热解毒药物,,,,https://www.yao86.com/%E4%B8%AD%E6%88%90%E8%8D%AF/%E5%9B%9B%E5%AD%A3%E9%9D%92%E8%83%B6%E5%9B%8A,站点明确收录为中成药，未命中更具体项目类别
already_present,13249,四季青片,tcm,13,13,0.9,清热解毒，凉血止血。用于咽喉肿痛，腹痛泻滞，下痢脓血，肛门灼热，小便淋沥涩痛，短赤灼热。,清热剂 | 清热解毒,呼吸系统药物 | 清热解毒药物,,,,https://www.yao86.com/%E4%B8%AD%E6%88%90%E8%8D%AF/%E5%9B%9B%E5%AD%A3%E9%9D%92%E7%89%87,站点明确收录为中成药，未命中更具体项目类别
reclassified_existing,13250,湿消丸,tcm,13,14,0.96,滋阴补肾，健脾益胃，利湿消肿。适用于脾肾阴虚，湿盛所致单纯性肥胖，浮肿，及月经不调等症。,祛湿剂 | 利水渗湿,,,,,https://www.yao86.com/%E4%B8%AD%E6%88%90%E8%8D%AF/%E6%B9%BF%E6%B6%88%E4%B8%B8,站点药理或 ATC 分类明确为妇科用药
already_present,13251,上清丸,tcm,13,13,0.9,清热散风，解毒，通便。用于头晕耳鸣，目赤，鼻窦炎，口舌生疮，牙龈肿痛，大便秘结。,和解剂 | 表里双解,呼吸系统药物 | 清热解毒药物,,,,https://www.yao86.com/%E4%B8%AD%E6%88%90%E8%8D%AF/%E4%B8%8A%E6%B8%85%E4%B8%B8,站点明确收录为中成药，未命中更具体项目类别
already_present,13252,上清片,tcm,13,13,0.9,清热散风，解毒通便。用于头晕耳鸣，目赤，鼻窦炎，口舌生疮，牙龈肿痛，大便秘结。,和解剂 | 表里双解,呼吸系统药物 | 清热解毒药物,,,,https://www.yao86.com/%E4%B8%AD%E6%88%90%E8%8D%AF/%E4%B8%8A%E6%B8%85%E7%89%87,站点明确收录为中成药，未命中更具体项目类别
already_present,13253,上清胶囊,tcm,13,13,0.9,清热散风，解毒，通便。用于头晕耳鸣，目赤，鼻窦炎，口舌生疮，牙龈肿痛，大便秘结。,和解剂 | 表里双解,呼吸系统药物 | 清热解毒药物,,,,https://www.yao86.com/%E4%B8%AD%E6%88%90%E8%8D%AF/%E4%B8%8A%E6%B8%85%E8%83%B6%E5%9B%8A,站点明确收录为中成药，未命中更具体项目类别
already_present,13254,烧伤止痛药膏,tcm,13,13,0.9,清热解毒，消肿止痛。用于程度较轻的烧伤(Ⅰ°或浅Ⅱ°)。,局部用止痛剂,皮肤病药物 | 创伤和溃疡治疗药 | 烧烫伤药物,,,,https://www.yao86.com/%E4%B8%AD%E6%88%90%E8%8D%AF/%E7%83%A7%E4%BC%A4%E6%AD%A2%E7%97%9B%E8%8D%AF%E8%86%8F,站点明确收录为中成药，未命中更具体项目类别
already_present,13255,十味黑冰片丸,tcm,5,5,0.93,温胃消食，破积利胆。用于龙病，食积不化，恶心，培根痞瘤，胆囊炎，胆结石，寒性胆病及黄疸。,消食剂 | 消食导滞,消化系统与代谢药 | 肝、胆疾病治疗药 | 胆病治疗药,,,,https://www.yao86.com/%E4%B8%AD%E6%88%90%E8%8D%AF/%E5%8D%81%E5%91%B3%E9%BB%91%E5%86%B0%E7%89%87%E4%B8%B8,站点药理或 ATC 分类明确为胃肠消化用药
already_present,13256,四黄泻火片,tcm,13,13,0.9,清热燥湿，泻火解毒。用于火毒内盛所致目赤肿痛，风火牙痛，口舌生疮，小便短赤，大便干结及外科疮疡。,清热剂 | 清热解毒,呼吸系统药物 | 清热解毒药物,,,,https://www.yao86.com/%E4%B8%AD%E6%88%90%E8%8D%AF/%E5%9B%9B%E9%BB%84%E6%B3%BB%E7%81%AB%E7%89%87,站点明确收录为中成药，未命中更具体项目类别
already_present,13257,舒咳枇杷糖浆,tcm,1,1,0.95,止咳祛痰。用于伤风引起的支气管炎咳嗽。,祛痰剂 | 清热化痰,呼吸系统药物 | 咳嗽和感冒用药,,,,https://www.yao86.com/%E4%B8%AD%E6%88%90%E8%8D%AF/%E8%88%92%E5%92%B3%E6%9E%87%E6%9D%B7%E7%B3%96%E6%B5%86,站点药理分类明确为止咳或祛痰药
already_present,13258,升气血口服液,tcm,13,13,0.9,补气养血。用于气血两虚所致的体倦乏力，神疲懒言，食欲不振，面色萎黄。,补益剂 | 气血双补,补气补血药物 | 气血双补药物,,,,https://www.yao86.com/%E4%B8%AD%E6%88%90%E8%8D%AF/%E5%8D%87%E6%B0%94%E8%A1%80%E5%8F%A3%E6%9C%8D%E6%B6%B2,站点明确收录为中成药，未命中更具体项目类别
already_present,13259,瑞格列奈二甲双胍片(Ⅱ),western,11,11,0.95,本品配合饮食控制和运动，用于改善成人2型糖尿病患者的血糖控制。适用于已经使用格列奈类和盐酸二甲双胍联合治疗的患者，或使用格列奈类或盐酸二甲双胍单药治疗而血糖控制不佳的患者。本品不适用于1型糖尿病患者或糖尿病酮症酸中毒的治疗，因为它对这些情况并没有效果。,激素及影响内分泌药 | 胰岛素及口服降血糖药,糖尿病用药 | 非胰岛素类降血糖药 | 口服降糖药复方,,,,https://www.yao86.com/%E8%A5%BF%E8%8D%AF/%E7%91%9E%E6%A0%BC%E5%88%97%E5%A5%88%E4%BA%8C%E7%94%B2%E5%8F%8C%E8%83%8D%E7%89%87%28%E2%85%A1%29,站点药理或 ATC 分类明确为慢性病长期用药
already_present,13260,瑞格列奈二甲双胍片(Ⅰ),western,11,11,0.95,本品配合饮食控制和运动，用于改善成人2型糖尿病患者的血糖控制。适用于已经使用格列奈类和盐酸二甲双胍联合治疗的患者，或使用格列奈类或盐酸二甲双胍单药治疗而血糖控制不佳的患者。本品不适用于1型糖尿病患者或糖尿病酮症酸中毒的治疗，因为它对这些情况并没有效果。,激素及影响内分泌药 | 胰岛素及口服降血糖药,糖尿病用药 | 非胰岛素类降血糖药 | 口服降糖药复方,,,,https://www.yao86.com/%E8%A5%BF%E8%8D%AF/%E7%91%9E%E6%A0%BC%E5%88%97%E5%A5%88%E4%BA%8C%E7%94%B2%E5%8F%8C%E8%83%8D%E7%89%87%28%E2%85%A0%29,站点药理或 ATC 分类明确为慢性病长期用药
already_present,13261,榕敏颗粒,western,8,8,0.96,用于咳喘及慢性支气管炎。,抗变态反应药 | 抗组胺药,咳嗽和感冒用药 | 止咳药和祛痰药的复方 | 其它止咳药和祛痰药,迪菲特 | 克必舒,,,https://www.yao86.com/%E8%A5%BF%E8%8D%AF/%E6%A6%95%E6%95%8F%E9%A2%97%E7%B2%92,站点药理分类明确为抗过敏药
already_present,13262,四味通络胶囊,tcm,12,12,0.95,活血、化瘀、通络。用于冠心病属气滞血瘀型的辅助治疗。,理气剂 | 其它,心脑血管与血液系统药物 | 心血管疾病治疗药,,,,https://www.yao86.com/%E4%B8%AD%E6%88%90%E8%8D%AF/%E5%9B%9B%E5%91%B3%E9%80%9A%E7%BB%9C%E8%83%B6%E5%9B%8A,站点药理或 ATC 分类明确为心脑血管用药
already_present,13263,四香祛湿丸,tcm,12,12,0.95,清热安神，舒筋活络。用于白脉病，半身不遂，风湿，类风湿，肌筋萎缩，神经麻痹，肾损脉伤，瘟疫，热病久治不愈等症。,理气剂 | 行气通络,心脑血管与血液系统药物 | 脑血管疾病治疗药,,,,https://www.yao86.com/%E4%B8%AD%E6%88%90%E8%8D%AF/%E5%9B%9B%E9%A6%99%E7%A5%9B%E6%B9%BF%E4%B8%B8,站点药理或 ATC 分类明确为心脑血管用药
already_present,13264,肾衰宁片,tcm,6,6,0.94,益气健脾，活血化瘀，通腑泄浊。用于脾失运化，瘀浊阻滞，升降失调所引起的腰痛疲倦，面色萎黄，恶心呕吐，食欲不振，小便不利，大便粘滞及多种原因引起的慢性肾功能不全见上述证候者。,泻下剂 | 逐水,生殖泌尿系统药物 | 泌尿系统药物 | 补肾药物（勃起机能障碍用药）,,,,https://www.yao86.com/%E4%B8%AD%E6%88%90%E8%8D%AF/%E8%82%BE%E8%A1%B0%E5%AE%81%E7%89%87,站点分类或适应症明确为泻药通便
already_present,13265,肾衰宁胶囊,tcm,6,6,0.94,益气健脾，活血化瘀，通腑泄浊。用于脾胃气虚、浊瘀内阻、升降失调所致的面色萎黄、腰痛倦怠、恶心呕吐，食欲不振，小便不利，大便黏滞；慢性肾功能不全见上述证候者。,泻下剂 | 逐水,生殖泌尿系统药物 | 泌尿系统药物 | 补肾药物（勃起机能障碍用药）,,,,https://www.yao86.com/%E4%B8%AD%E6%88%90%E8%8D%AF/%E8%82%BE%E8%A1%B0%E5%AE%81%E8%83%B6%E5%9B%8A,站点分类或适应症明确为泻药通便
already_present,13266,肾衰宁颗粒,tcm,6,6,0.94,益气健脾，活血化瘀，通腑泄浊。用于脾失运化，瘀浊阻滞，升降失调所引起的腰痛疲倦，面色萎黄，恶心呕吐，食欲不振，小便不利，大便黏滞及多种原因引起的慢性肾功能不全见上述证候者。,泻下剂 | 逐水,生殖泌尿系统药物 | 泌尿系统药物 | 补肾药物（勃起机能障碍用药）,,,,https://www.yao86.com/%E4%B8%AD%E6%88%90%E8%8D%AF/%E8%82%BE%E8%A1%B0%E5%AE%81%E9%A2%97%E7%B2%92,站点分类或适应症明确为泻药通便
already_present,13267,四季菜颗粒,tcm,5,5,0.93,清热解毒，养血柔肝，理气化瘀。用于气滞血瘀，血不养肝之慢性活动性肝炎，迁延性肝炎，对肝硬化、急性重症肝炎亦有较好效果。,理气剂 | 其它,消化系统与代谢药 | 肝、胆疾病治疗药 | 肝病治疗药,,,,https://www.yao86.com/%E4%B8%AD%E6%88%90%E8%8D%AF/%E5%9B%9B%E5%AD%A3%E8%8F%9C%E9%A2%97%E7%B2%92,站点药理或 ATC 分类明确为胃肠消化用药
already_present,13268,四季菜糖浆,tcm,5,5,0.93,清热利湿，理气活血。用于治疗湿热阻滞，气滞血虚所致的慢性病毒性肝炎。,理气剂 | 其它,消化系统与代谢药 | 肝、胆疾病治疗药 | 肝病治疗药,,,,https://www.yao86.com/%E4%B8%AD%E6%88%90%E8%8D%AF/%E5%9B%9B%E5%AD%A3%E8%8F%9C%E7%B3%96%E6%B5%86,站点药理或 ATC 分类明确为胃肠消化用药
already_present,13269,双参补肾助阳胶囊,tcm,13,13,0.9,益气填精，补肾助阳。适用于气虚精亏，肾阳不足引起的神疲乏力，失眠头晕，腰膝酸软，畏寒肢冷，食欲不振，心悸气短。,补益剂 | 补气,生殖泌尿系统药物 | 泌尿系统药物 | 补肾药物（勃起机能障碍用药）,,,,https://www.yao86.com/%E4%B8%AD%E6%88%90%E8%8D%AF/%E5%8F%8C%E5%8F%82%E8%A1%A5%E8%82%BE%E5%8A%A9%E9%98%B3%E8%83%B6%E5%9B%8A,站点明确收录为中成药，未命中更具体项目类别
already_present,13270,十二太保丸,tcm,14,14,0.96,理气开郁，养血安胎。用于孕妇气血不调，胎动不安，预防流产。,理气剂 | 理气疏肝,生殖泌尿系统药物 | 妇科用药 | 安胎药物,,,,https://www.yao86.com/%E4%B8%AD%E6%88%90%E8%8D%AF/%E5%8D%81%E4%BA%8C%E5%A4%AA%E4%BF%9D%E4%B8%B8,站点药理或 ATC 分类明确为妇科用药
already_present,13271,嗣育保胎丸,tcm,14,14,0.96,补气养血，安胎保产。用于孕妇气血不足引起：恶心呕吐，腰酸腹痛，足膝浮肿，胎动不安，屡经流产。,补益剂 | 气血双补,生殖泌尿系统药物 | 妇科用药 | 安胎药物,,,,https://www.yao86.com/%E4%B8%AD%E6%88%90%E8%8D%AF/%E5%97%A3%E8%82%B2%E4%BF%9D%E8%83%8E%E4%B8%B8,站点药理或 ATC 分类明确为妇科用药
already_present,13272,三宝胶囊,tcm,13,13,0.9,益肾填精，养心安神。用于肾精亏虚、心血不足所致的腰痠腿软、阳痿遗精、头晕眼花、耳鸣耳聋、心悸失眠，食欲不振。,补益剂 | 气血阴阳并补,生殖泌尿系统药物 | 泌尿系统药物 | 补肾药物（勃起机能障碍用药）,,,,https://www.yao86.com/%E4%B8%AD%E6%88%90%E8%8D%AF/%E4%B8%89%E5%AE%9D%E8%83%B6%E5%9B%8A,站点明确收录为中成药，未命中更具体项目类别
already_present,13273,三宝片,tcm,13,13,0.9,填精益肾，养心安神。用于肾阳不足所致腰酸腿疼，头晕眼花，耳鸣耳聋，心悸失眠，食欲不振。,补益剂 | 气血阴阳并补,生殖泌尿系统药物 | 泌尿系统药物 | 补肾药物（勃起机能障碍用药）,,,,https://www.yao86.com/%E4%B8%AD%E6%88%90%E8%8D%AF/%E4%B8%89%E5%AE%9D%E7%89%87,站点明确收录为中成药，未命中更具体项目类别
already_present,13274,双参补肾口服液,tcm,13,13,0.9,补肾，填精，益气。适用于肾虚、正气不足引起的形衰畏冷，四肢不温，神疲倦怠，四肢乏力等症。,补益剂 | 补气,生殖泌尿系统药物 | 泌尿系统药物 | 补肾药物（勃起机能障碍用药）,,,,https://www.yao86.com/%E4%B8%AD%E6%88%90%E8%8D%AF/%E5%8F%8C%E5%8F%82%E8%A1%A5%E8%82%BE%E5%8F%A3%E6%9C%8D%E6%B6%B2,站点明确收录为中成药，未命中更具体项目类别
already_present,13275,舒洛地特软胶囊,western,12,12,0.95,有血栓形成危险的血管疾病。,血液系统用药 | 抗凝血药及溶栓药,抗血栓形成药 | 肝素类,,,,https://www.yao86.com/%E8%A5%BF%E8%8D%AF/%E8%88%92%E6%B4%9B%E5%9C%B0%E7%89%B9%E8%BD%AF%E8%83%B6%E5%9B%8A,站点药理或 ATC 分类明确为心脑血管用药
already_present,13276,索磷布韦维帕他韦片,western,2,2,0.96,本品用于治疗成人慢性丙型肝炎病毒(HCV)感染(参见【用法用量】、【注意事项】和【药理毒理】)。,抗微生物药 | 抗病毒药,系统用抗病毒药 | 直接作用的抗病毒药 | 治疗丙肝病毒感染的抗病毒药物,丙通沙(Epclusa),,,https://www.yao86.com/%E8%A5%BF%E8%8D%AF/%E7%B4%A2%E7%A3%B7%E5%B8%83%E9%9F%A6%E7%BB%B4%E5%B8%95%E4%BB%96%E9%9F%A6%E7%89%87,站点药理或 ATC 分类明确为抗感染药
review_missing_efficacy,,塞利尼索片,western,,,0.0,,,抗肿瘤药 | 其它抗肿瘤药物 | 其它抗肿瘤药,,,,https://www.yao86.com/%E8%A5%BF%E8%8D%AF/%E5%A1%9E%E5%88%A9%E5%B0%BC%E7%B4%A2%E7%89%87,站点分类无法可靠映射到项目现有类别
already_present,13277,石杉碱甲胶囊,western,12,12,0.95,本品适用于良性记忆障碍，提高患者指向记忆、联想学习、图像回忆、无意义图形再认及人像回忆等能力。,神经系统用药 | 脑血管病用药及降颅压药,精神兴奋药 | 精神兴奋药，用于治疗注意力缺陷多动症药和益智药 | 其它精神兴奋药和益智药,诺苏林,,,https://www.yao86.com/%E8%A5%BF%E8%8D%AF/%E7%9F%B3%E6%9D%89%E7%A2%B1%E7%94%B2%E8%83%B6%E5%9B%8A,站点药理或 ATC 分类明确为心脑血管用药
already_present,13278,石杉碱甲片,western,12,12,0.95,适用于良性记忆障碍，提高患者指向记忆、联想学习、图像回忆、无意义图形再认及人像回忆等能力。对痴呆患者和脑器质性病变引起的记忆障碍亦有改善作用。,神经系统用药 | 脑血管病用药及降颅压药,精神兴奋药 | 精神兴奋药，用于治疗注意力缺陷多动症药和益智药 | 其它精神兴奋药和益智药,,,,https://www.yao86.com/%E8%A5%BF%E8%8D%AF/%E7%9F%B3%E6%9D%89%E7%A2%B1%E7%94%B2%E7%89%87,站点药理或 ATC 分类明确为心脑血管用药
already_present,13279,杀菌止痒洗剂,tcm,14,14,0.96,清热解毒、杀虫止痒。适用于改善滴虫性、霉菌性、非特异性阴道炎及外阴瘙痒症所致的带下量多，阴痒等症。,祛湿剂 | 清热除湿,生殖泌尿系统药物 | 妇科用药 | 妇科炎症治疗药,,,,https://www.yao86.com/%E4%B8%AD%E6%88%90%E8%8D%AF/%E6%9D%80%E8%8F%8C%E6%AD%A2%E7%97%92%E6%B4%97%E5%89%82,站点药理或 ATC 分类明确为妇科用药
already_present,13280,腮腺炎片,tcm,13,13,0.9,清热解毒，消肿散结。用于腮腺炎。,清热剂 | 清热解毒,呼吸系统药物 | 清热解毒药物,,,,https://www.yao86.com/%E4%B8%AD%E6%88%90%E8%8D%AF/%E8%85%AE%E8%85%BA%E7%82%8E%E7%89%87,站点明确收录为中成药，未命中更具体项目类别
already_present,13281,十一味能消胶囊,tcm,14,14,0.96,化瘀行血，通经催产。用于经闭，月经不调。难产，胎盘不下，产后瘀血腹痛。,理血剂 | 理血调经,生殖泌尿系统药物 | 妇科用药 | 调经药物,,,,https://www.yao86.com/%E4%B8%AD%E6%88%90%E8%8D%AF/%E5%8D%81%E4%B8%80%E5%91%B3%E8%83%BD%E6%B6%88%E8%83%B6%E5%9B%8A,站点药理或 ATC 分类明确为妇科用药
already_present,13282,麝香心脑乐片,tcm,12,12,0.95,活血化瘀，开窍止痛。用于冠心病，心绞痛，心肌梗塞，脑血栓等。,理血剂 | 活血化瘀,心脑血管与血液系统药物 | 心血管疾病治疗药,,,,https://www.yao86.com/%E4%B8%AD%E6%88%90%E8%8D%AF/%E9%BA%9D%E9%A6%99%E5%BF%83%E8%84%91%E4%B9%90%E7%89%87,站点药理或 ATC 分类明确为心脑血管用药
already_present,13283,麝香心脑乐胶囊,tcm,12,12,0.95,活血化瘀，开窍止痛。用于冠心病，心绞痛，心肌梗塞，脑血栓等。,理血剂 | 活血化瘀,心脑血管与血液系统药物 | 心血管疾病治疗药,,,,https://www.yao86.com/%E4%B8%AD%E6%88%90%E8%8D%AF/%E9%BA%9D%E9%A6%99%E5%BF%83%E8%84%91%E4%B9%90%E8%83%B6%E5%9B%8A,站点药理或 ATC 分类明确为心脑血管用药
already_present,13284,桑椹膏,tcm,13,13,0.9,补肝肾，益精血。用于肝肾精血亏损引起的身体消瘦，腰膝酸软，盗汗，头晕眼花，口渴咽干。,治燥剂 | 滋阴润燥,生殖泌尿系统药物 | 泌尿系统药物 | 补肾药物（勃起机能障碍用药）,,,,https://www.yao86.com/%E4%B8%AD%E6%88%90%E8%8D%AF/%E6%A1%91%E6%A4%B9%E8%86%8F,站点明确收录为中成药，未命中更具体项目类别
already_present,13285,桑椹颗粒,tcm,13,13,0.9,滋阴益肾，补血润燥。用于阴亏血燥引起的腰膝酸软，眩晕失眠，目昏耳鸣，肠燥便秘，口干舌燥，须发早白。,治燥剂 | 滋阴润燥,生殖泌尿系统药物 | 泌尿系统药物 | 补肾药物（勃起机能障碍用药）,,,,https://www.yao86.com/%E4%B8%AD%E6%88%90%E8%8D%AF/%E6%A1%91%E6%A4%B9%E9%A2%97%E7%B2%92,站点明确收录为中成药，未命中更具体项目类别
already_present,13286,桑椹冲剂,tcm,13,13,0.9,滋阴益肾，补血润燥。用于阴亏血燥引起的腰膝酸软，眩晕失眠，目昏耳鸣，肠燥便秘，口干舌燥，须发早白。,治燥剂 | 滋阴润燥,生殖泌尿系统药物 | 泌尿系统药物 | 补肾药物（勃起机能障碍用药）,,,,https://www.yao86.com/%E4%B8%AD%E6%88%90%E8%8D%AF/%E6%A1%91%E6%A4%B9%E5%86%B2%E5%89%82,站点明确收录为中成药，未命中更具体项目类别
already_present,13287,盐酸赛洛唑啉鼻用喷雾剂,western,9,9,0.94,用于减轻因急、慢性鼻炎、鼻窦炎、过敏性鼻炎、肥厚性鼻炎等疾病引起的鼻塞症状。,耳鼻喉科用药 | 鼻部疾病用药,鼻用制剂 | 减充血药和其它鼻腔局部用药 | 拟交感神经药，单方,,,,https://www.yao86.com/%E8%A5%BF%E8%8D%AF/%E7%9B%90%E9%85%B8%E8%B5%9B%E6%B4%9B%E5%94%91%E5%95%89%E9%BC%BB%E7%94%A8%E5%96%B7%E9%9B%BE%E5%89%82,剂型或站点分类明确为局部外用药
already_present,13288,盐酸赛洛唑啉滴鼻液,western,9,9,0.94,用于减轻急、慢性鼻炎、鼻窦炎等所致的鼻塞症状。,耳鼻喉科用药 | 鼻部疾病用药,鼻用制剂 | 减充血药和其它鼻腔局部用药 | 拟交感神经药，单方,天诚诺尔,,,https://www.yao86.com/%E8%A5%BF%E8%8D%AF/%E7%9B%90%E9%85%B8%E8%B5%9B%E6%B4%9B%E5%94%91%E5%95%89%E6%BB%B4%E9%BC%BB%E6%B6%B2,剂型或站点分类明确为局部外用药
reclassified_existing,13289,乳酸司帕沙星片,western,2,14,0.96,本品可用于由敏感菌引起的轻、中度感染，包括1、呼吸系统感染：如急性咽炎、急性扁桃体炎、中耳炎、副鼻窦炎、支气管炎、支气管扩张合并感染、肺炎等；2、肠道感染：如细菌性痢疾、伤寒、感染性肠炎、沙门氏菌肠炎等；3、胆道感染：如胆囊炎、胆管炎等；4、泌尿生殖系统感染：如膀胱炎、肾盂肾炎、前列腺炎、淋菌性尿道炎、非淋菌性尿道炎、子宫附件炎、子宫内感染、子宫颈炎、前庭大腺炎等及由溶脲脲原体、沙眼衣原体所致的泌尿生殖道感染；5、皮肤、软组织感染：如脓疱疮、集族性痤疮、毛囊炎、疖、疥肿、痈、丹毒、蜂窝组织炎、淋巴结炎、淋巴管炎、皮下脓肿、汗腺炎、乳腺炎、外伤及手术伤口感染等；6、口腔科感染：如牙周组织炎、牙冠周炎、鄂炎等。,抗微生物药 | 喹诺酮类,系统用抗细菌药 | 喹诺酮类抗菌药 | 氟喹诺酮类,力贝尔,,,https://www.yao86.com/%E8%A5%BF%E8%8D%AF/%E4%B9%B3%E9%85%B8%E5%8F%B8%E5%B8%95%E6%B2%99%E6%98%9F%E7%89%87,站点药理或 ATC 分类明确为妇科用药
reclassified_existing,13290,司帕沙星颗粒,western,2,14,0.96,本品可用于由敏感致病菌引起的感染，包括：呼吸系统感染：如急性咽炎、急性扁桃体炎、中耳炎、副鼻窦炎、支气管炎、支气管扩张合并感染、肺炎等；泌尿生殖系统感染：如膀胱炎、肾盂肾炎、前列腺炎、淋菌性尿道炎、非淋菌性尿道炎、子宫附件炎、子宫内感染、子宫颈炎、前庭大腺炎等及由溶脲脲原体、沙眼衣原体所致的泌尿生殖道感染；胆道感染：如胆囊炎、胆管炎等；肠道感染：如细菌性痢疾、伤寒、感染性肠炎、沙门氏菌肠炎等；皮肤、软组织感染：如脓疱疮、集族性痤疮、毛囊炎、疖、疖肿、痈、丹毒、峰窝组织炎、淋巴结炎、淋巴管炎、皮下脓肿、汗腺炎、乳腺炎、外伤及手术伤口感染等；口腔感染：如牙周组织炎、牙冠周炎、颚炎等。,抗微生物药 | 喹诺酮类,系统用抗细菌药 | 喹诺酮类抗菌药 | 氟喹诺酮类,,,,https://www.yao86.com/%E8%A5%BF%E8%8D%AF/%E5%8F%B8%E5%B8%95%E6%B2%99%E6%98%9F%E9%A2%97%E7%B2%92,站点药理或 ATC 分类明确为妇科用药
reclassified_existing,13291,司帕沙星胶囊,western,2,14,0.96,本品可用于由敏感菌引起的轻、中度感染，包括：1.呼吸系统感染：如急性咽炎、急性扁桃体炎、中耳炎、副鼻窦炎、支气管炎、支气管扩张合并感染、肺炎等；2.肠道感染：如细菌性痢疾、伤寒、感染性肠炎、沙门氏菌肠炎等；3.胆道感染：如胆囊炎、胆管炎等；4.泌尿生殖系统感染：如膀胱炎、肾盂肾炎、前列腺炎、淋病奈瑟菌性尿道炎、非淋菌性尿道炎、子宫附件炎、子宫内感染、子宫颈炎、前庭大腺炎等及由溶脲脲原体、沙眼衣原体所致的泌尿生殖道感染；5.皮肤、软组织感染：如脓胞疮、集族性痤疮、毛囊炎、疖、疖肿、痈、丹毒、蜂窝组织炎、淋巴结炎、淋巴管炎、皮下脓肿、汗腺炎、乳腺炎、外伤及手术伤口感染等；6.口腔科感染：如牙周组织炎、牙冠周炎、腭炎等。,抗微生物药 | 喹诺酮类,系统用抗细菌药 | 喹诺酮类抗菌药 | 氟喹诺酮类,,,,https://www.yao86.com/%E8%A5%BF%E8%8D%AF/%E5%8F%B8%E5%B8%95%E6%B2%99%E6%98%9F%E8%83%B6%E5%9B%8A,站点药理或 ATC 分类明确为妇科用药
reclassified_existing,13292,司帕沙星分散片,western,2,14,0.96,本品可用于由敏感菌引起的轻、中度感染，包括：1.呼吸系统感染：如急性咽炎、急性扁桃体炎、中耳炎、副鼻窦炎、支气管炎、支气管扩张合并感染、肺炎等。2.肠道感染：如细菌性痢疾、伤寒、感染性肠炎、沙门菌肠炎等。3.胆道感染：如胆囊炎、胆管炎等。4.泌尿生殖系统感染：如膀胱炎、肾盂肾炎、前列腺炎、淋病奈瑟菌性尿道炎、非淋病奈瑟菌性尿道炎、子宫附件炎、子宫内感染、子宫颈炎、前庭大腺炎等及由溶脲脲原体、沙眼衣原体所致的泌尿生殖道感染。5.皮肤、软组织感染：如脓胞疮、集族性痤疮、毛囊炎、疖、疖肿、痈、丹毒、蜂窝组织炎、淋巴结炎、淋巴管炎、皮下脓肿、汗腺炎、乳腺炎、外伤及手术伤口感染等。6.口腔科感染：如牙周组织炎、牙冠周炎、腭炎等。,抗微生物药 | 喹诺酮类,系统用抗细菌药 | 喹诺酮类抗菌药 | 氟喹诺酮类,,,,https://www.yao86.com/%E8%A5%BF%E8%8D%AF/%E5%8F%B8%E5%B8%95%E6%B2%99%E6%98%9F%E5%88%86%E6%95%A3%E7%89%87,站点药理或 ATC 分类明确为妇科用药
reclassified_existing,13293,司帕沙星片,western,2,14,0.96,本品可用于由敏感菌引起的感染，包括：1.呼吸系统感染：如急性咽炎、急性扁桃体炎、中耳炎、副鼻窦炎、支气管炎、支气管扩张合并感染、肺炎等。2.肠道感染：如细菌性痢疾、伤寒、感染性肠炎、沙门氏菌肠炎等。3.胆道感染：如胆囊炎、胆管炎等。4.泌尿生殖系统感染：如膀胱炎、肾盂肾炎、前列腺炎、淋菌性尿道炎、非淋菌性尿道炎、子宫附件炎、子宫内感染、子宫颈炎、前庭大腺炎等及由溶脲脲原体、沙眼衣原体所致的泌尿生殖道感染。5.皮肤、软组织感染：如脓疱疮、集族性痤疮、毛囊炎、疖、疖肿、痈、丹毒、蜂窝组织炎、淋巴结炎、淋巴管炎、皮下脓肿、汗腺炎、乳腺炎、外伤及手术伤口感染等。6.口腔科感染：如牙周组织炎、牙冠周炎、颚炎等。,抗微生物药 | 喹诺酮类,系统用抗细菌药 | 喹诺酮类抗菌药 | 氟喹诺酮类,,,,https://www.yao86.com/%E8%A5%BF%E8%8D%AF/%E5%8F%B8%E5%B8%95%E6%B2%99%E6%98%9F%E7%89%87,站点药理或 ATC 分类明确为妇科用药
review_unclassified,,苹果酸舒尼替尼胶囊,western,,,0.0,1)不能手术的晚期肾细胞癌(RCC)2)甲磺酸伊马替尼治疗失败或不能耐受的胃肠间质瘤(GIST)3)不可切除的，转移性高分化进展期胰腺神经内分泌瘤(pNET)成年患者。本品作为一线治疗的经验有限。,抗肿瘤药 | 抗肿瘤靶向药,抗肿瘤药 | 蛋白激酶抑制剂 | 其他蛋白激酶抑制剂,,,,https://www.yao86.com/%E8%A5%BF%E8%8D%AF/%E8%8B%B9%E6%9E%9C%E9%85%B8%E8%88%92%E5%B0%BC%E6%9B%BF%E5%B0%BC%E8%83%B6%E5%9B%8A,站点分类无法可靠映射到项目现有类别
already_present,13294,色甘萘甲那敏鼻喷雾剂,western,9,9,0.94,对症治疗由花粉、室尘等引起的过敏性鼻炎症状：流鼻涕、鼻塞、打喷嚏。,耳鼻喉科用药 | 鼻部疾病用药,鼻用制剂 | 减充血药和其它鼻腔局部用药 | 非皮质甾体激素类抗变态反应药,,,,https://www.yao86.com/%E8%A5%BF%E8%8D%AF/%E8%89%B2%E7%94%98%E8%90%98%E7%94%B2%E9%82%A3%E6%95%8F%E9%BC%BB%E5%96%B7%E9%9B%BE%E5%89%82,剂型或站点分类明确为局部外用药
already_present,13295,水杨酸钠片,western,3,3,0.94,解热消炎镇痛药。用于风湿热及类风湿关节炎等。,镇痛、解热、抗炎、抗风湿、抗痛风药 | 解热镇痛、抗炎、抗风湿药,镇痛药 | 其它解热镇痛药 | 水杨酸与其衍生物,,,,https://www.yao86.com/%E8%A5%BF%E8%8D%AF/%E6%B0%B4%E6%9D%A8%E9%85%B8%E9%92%A0%E7%89%87,站点药理或 ATC 分类明确为镇痛/抗炎药
review_unclassified,,司莫司汀胶囊,western,,,0.0,本品脂溶性强，可通过血脑屏障，进入脑脊液，常用于脑原发肿瘤及转移瘤。与其它药物合用可治疗恶性淋巴瘤，胃癌，大肠癌，黑色素瘤。,抗肿瘤药 | 烷化剂,抗肿瘤药 | 烷基化剂 | 亚硝基脲类,,,,https://www.yao86.com/%E8%A5%BF%E8%8D%AF/%E5%8F%B8%E8%8E%AB%E5%8F%B8%E6%B1%80%E8%83%B6%E5%9B%8A,站点分类无法可靠映射到项目现有类别
already_present,13296,塞来昔布胶囊,western,3,3,0.94,塞来昔布适用于：1)用于缓解骨关节炎(OA)的症状和体征。2)用于缓解成人类风湿关节炎(RA)的症状和体征。3)用于治疗成人急性疼痛(AP)。4)用于缓解强直性脊柱炎的症状和体征。,镇痛、解热、抗炎、抗风湿、抗痛风药 | 解热镇痛、抗炎、抗风湿药,抗肿瘤药 | 其它抗肿瘤药物 | 其它抗肿瘤药,,,,https://www.yao86.com/%E8%A5%BF%E8%8D%AF/%E5%A1%9E%E6%9D%A5%E6%98%94%E5%B8%83%E8%83%B6%E5%9B%8A,站点药理或 ATC 分类明确为镇痛/抗炎药
already_present,13297,三味肤宝软膏,tcm,9,9,0.94,清热解毒，益气养阴。用于热毒炽盛、气阴不足所致的寻常型痤疮，症见皮肤潮红，伴有丘疹，硬结者。,清热剂 | 清热解毒,皮肤病药物 | 抗痤疮药 | 局部用抗痤疮药,,,,https://www.yao86.com/%E4%B8%AD%E6%88%90%E8%8D%AF/%E4%B8%89%E5%91%B3%E8%82%A4%E5%AE%9D%E8%BD%AF%E8%86%8F,剂型或站点分类明确为局部外用药
already_present,13298,生脉胶囊,tcm,13,13,0.9,益气复脉，养阴生津。用于气阴两亏，心悸气短，脉微自汗。,补益剂 | 益气养阴,补气补血药物 | 补气药物,,,,https://www.yao86.com/%E4%B8%AD%E6%88%90%E8%8D%AF/%E7%94%9F%E8%84%89%E8%83%B6%E5%9B%8A,站点明确收录为中成药，未命中更具体项目类别
already_present,13299,益气复脉胶囊,tcm,12,12,0.95,益气复脉，养阴生津，能改善冠状动脉循环，降低心肌耗氧量。用于气阴两亏，心悸气短，脉微自汗，冠心病、心绞痛和衰老等症。,补益剂 | 益气养阴,心脑血管与血液系统药物 | 心血管疾病治疗药,,,,https://www.yao86.com/%E4%B8%AD%E6%88%90%E8%8D%AF/%E7%9B%8A%E6%B0%94%E5%A4%8D%E8%84%89%E8%83%B6%E5%9B%8A,站点药理或 ATC 分类明确为心脑血管用药
already_present,13300,十三味马钱子丸,tcm,12,12,0.95,行气，降血压，化瘀止痛。用于气血上壅，高血压，多血症引起的胸背疼痛、呼吸困难、头晕、耳呜、牙龈肿痛。亦可用于“冈巴”病引起的气血上逆症。,理气剂 | 行气通络,心脑血管与血液系统药物 | 心血管疾病治疗药,,,,https://www.yao86.com/%E4%B8%AD%E6%88%90%E8%8D%AF/%E5%8D%81%E4%B8%89%E5%91%B3%E9%A9%AC%E9%92%B1%E5%AD%90%E4%B8%B8,站点药理或 ATC 分类明确为心脑血管用药
already_present,13301,参茸加口服液,tcm,13,13,0.9,益气温阳。用于阳气不足所致体弱，神倦，乏力，食少，心慌。,补益剂 | 益气温阳,生殖泌尿系统药物 | 泌尿系统药物 | 补肾药物（勃起机能障碍用药）,,,,https://www.yao86.com/%E4%B8%AD%E6%88%90%E8%8D%AF/%E5%8F%82%E8%8C%B8%E5%8A%A0%E5%8F%A3%E6%9C%8D%E6%B6%B2,站点明确收录为中成药，未命中更具体项目类别
already_present,13302,生力胶囊,tcm,13,13,0.9,益气，填精养阴，安神。主治神疲乏力，头昏眩晕，耳鸣，失眠多梦，腰酸膝软，提高免疫功能。,安神剂 | 补养安神,生殖泌尿系统药物 | 泌尿系统药物 | 补肾药物（勃起机能障碍用药）,,,,https://www.yao86.com/%E4%B8%AD%E6%88%90%E8%8D%AF/%E7%94%9F%E5%8A%9B%E8%83%B6%E5%9B%8A,站点明确收录为中成药，未命中更具体项目类别
already_present,13303,生力片,tcm,13,13,0.9,益气壮阳，填精养阴，安神益智。用于阳痿、早泄、性欲减退、遗精、神疲乏力、头昏眩晕、耳鸣、失眠多梦、腰酸膝软等，提高免疫功能。,安神剂 | 补养安神,生殖泌尿系统药物 | 泌尿系统药物 | 补肾药物（勃起机能障碍用药）,,,,https://www.yao86.com/%E4%B8%AD%E6%88%90%E8%8D%AF/%E7%94%9F%E5%8A%9B%E7%89%87,站点明确收录为中成药，未命中更具体项目类别
already_present,13304,三香化瘀膏,tcm,3,3,0.94,活血化瘀、通络止痛；用于瘀血阻络，风寒痹证所致疼痛的辅助治疗。,治风剂 | 其它,肌肉-骨骼系统药物 | 抗炎和抗风湿药,,,,https://www.yao86.com/%E4%B8%AD%E6%88%90%E8%8D%AF/%E4%B8%89%E9%A6%99%E5%8C%96%E7%98%80%E8%86%8F,站点药理或 ATC 分类明确为镇痛/抗炎药
already_present,13305,三子散,tcm,13,13,0.9,清热凉血，解毒。用于温热，血热，新久热。,清热剂 | 清热解毒,呼吸系统药物 | 清热解毒药物,,,,https://www.yao86.com/%E4%B8%AD%E6%88%90%E8%8D%AF/%E4%B8%89%E5%AD%90%E6%95%A3,站点明确收录为中成药，未命中更具体项目类别
already_present,13306,三子颗粒,tcm,13,13,0.9,清热、凉血、解毒。用于瘟热，眩晕，头痛，血热，目赤。,清热剂 | 清热解毒,呼吸系统药物 | 清热解毒药物,,,,https://www.yao86.com/%E4%B8%AD%E6%88%90%E8%8D%AF/%E4%B8%89%E5%AD%90%E9%A2%97%E7%B2%92,站点明确收录为中成药，未命中更具体项目类别
already_present,13307,生芪消渴胶囊,tcm,11,11,0.95,益气生津，活血化瘀。用于气阴两虚证糖尿病的辅助治疗，可改善倦怠乏力，多食易饥，口渴多饮，小便量多等症状。,补益剂 | 益气养阴,消化系统与代谢药 | 糖尿病药物,,,,https://www.yao86.com/%E4%B8%AD%E6%88%90%E8%8D%AF/%E7%94%9F%E8%8A%AA%E6%B6%88%E6%B8%B4%E8%83%B6%E5%9B%8A,站点药理或 ATC 分类明确为慢性病长期用药
already_present,13308,十三味榜嘎散,tcm,5,5,0.93,清热解毒，凉肝利胆。用于热性“赤巴”病。胆囊炎，黄疸型肝炎。,清热剂 | 清热解毒,消化系统与代谢药 | 肝、胆疾病治疗药 | 肝、胆病共治药,,,,https://www.yao86.com/%E4%B8%AD%E6%88%90%E8%8D%AF/%E5%8D%81%E4%B8%89%E5%91%B3%E6%A6%9C%E5%98%8E%E6%95%A3,站点药理或 ATC 分类明确为胃肠消化用药
review_unclassified,,四烯甲萘醌软胶囊,western,,,0.0,提高骨质疏松症患者的骨量。,激素及影响内分泌药 | 钙代谢调节药及抗骨质疏松药,骨病治疗药 | 影响骨结构与其矿物质化的药物 | 其它影响骨结构与其矿物质化的药物,固力康,,,https://www.yao86.com/%E8%A5%BF%E8%8D%AF/%E5%9B%9B%E7%83%AF%E7%94%B2%E8%90%98%E9%86%8C%E8%BD%AF%E8%83%B6%E5%9B%8A,站点分类无法可靠映射到项目现有类别
already_present,13309,盐酸沙格雷酯片,western,12,12,0.95,改善慢性动脉闭塞症所引起的溃疡、疼痛以及冷感等缺血性诸症状。,血液系统用药 | 抗血小板药,抗血栓形成药 | 非肝素类的血小板聚集抑制剂,安步乐克|ANPLAG,,,https://www.yao86.com/%E8%A5%BF%E8%8D%AF/%E7%9B%90%E9%85%B8%E6%B2%99%E6%A0%BC%E9%9B%B7%E9%85%AF%E7%89%87,站点药理或 ATC 分类明确为心脑血管用药
already_present,13310,盐酸噻氯匹定胶囊,western,12,12,0.95,预防和治疗因血小板高聚集状态引起的心、脑及其它动脉的循环障碍疾患。,血液系统用药 | 抗血小板药,抗血栓形成药 | 非肝素类的血小板聚集抑制剂,,,,https://www.yao86.com/%E8%A5%BF%E8%8D%AF/%E7%9B%90%E9%85%B8%E5%99%BB%E6%B0%AF%E5%8C%B9%E5%AE%9A%E8%83%B6%E5%9B%8A,站点药理或 ATC 分类明确为心脑血管用药
already_present,13311,盐酸噻氯匹定片,western,12,12,0.95,预防和治疗因血小板高聚集状态引起的心、脑及其它动脉的循环障碍性疾患。,血液系统用药 | 抗血小板药,抗血栓形成药 | 非肝素类的血小板聚集抑制剂,,,,https://www.yao86.com/%E8%A5%BF%E8%8D%AF/%E7%9B%90%E9%85%B8%E5%99%BB%E6%B0%AF%E5%8C%B9%E5%AE%9A%E7%89%87,站点药理或 ATC 分类明确为心脑血管用药
already_present,13312,三维钙片,western,7,7,0.96,用于儿童和孕妇补钙。,激素及影响内分泌药 | 钙代谢调节药及抗骨质疏松药,矿物质补充剂 | 钙 | 钙与其它药品的复方,,,,https://www.yao86.com/%E8%A5%BF%E8%8D%AF/%E4%B8%89%E7%BB%B4%E9%92%99%E7%89%87,站点药理或 ATC 分类明确为维生素/矿物质
review_unclassified,,舒必利片,western,,,0.0,用于精神分裂症单纯型、偏执型、紧张型、及慢性精神分裂症的孤僻、退缩、淡漠症状。对抑郁症状有一定疗效。其他用途有止呕。,治疗精神障碍药 | 抗精神病药,精神安定药 | 抗精神病药 | 苯甲酰胺类,,,,https://www.yao86.com/%E8%A5%BF%E8%8D%AF/%E8%88%92%E5%BF%85%E5%88%A9%E7%89%87,站点分类无法可靠映射到项目现有类别
already_present,13313,鼠李铋镁片,western,5,5,0.93,用于缓解胃酸过多引起的胃痛、胃灼热感(烧心)、反酸。,消化系统用药 | 抗酸药及抗溃疡病药,治疗与胃酸分泌相关疾病的药物 | 治疗与胃酸分泌相关疾病的其它药物,,,,https://www.yao86.com/%E8%A5%BF%E8%8D%AF/%E9%BC%A0%E6%9D%8E%E9%93%8B%E9%95%81%E7%89%87,站点药理或 ATC 分类明确为胃肠消化用药
already_present,13314,童宝乐片,tcm,5,5,0.93,健脾益气，开胃强身。用于食欲不振，饮食不化，自汗盗汗，头发稀黄，面黄瘦弱、夜卧不宁。,消食剂 | 健脾消食,消化系统与代谢药 | 提升食欲、促消化药,,,,https://www.yao86.com/%E4%B8%AD%E6%88%90%E8%8D%AF/%E7%AB%A5%E5%AE%9D%E4%B9%90%E7%89%87,站点药理或 ATC 分类明确为胃肠消化用药
already_present,13315,通滞苏润江胶囊,tcm,13,13,0.9,开通阻滞，消肿止痛。用于关节骨痛，风湿病，类风湿性关节炎，坐骨神经痛。,其它功用,肌肉-骨骼系统药物 | 关节和肌肉疼痛局部用药,,,,https://www.yao86.com/%E4%B8%AD%E6%88%90%E8%8D%AF/%E9%80%9A%E6%BB%9E%E8%8B%8F%E6%B6%A6%E6%B1%9F%E8%83%B6%E5%9B%8A,站点明确收录为中成药，未命中更具体项目类别
already_present,13316,通滞苏润江片,tcm,13,13,0.9,开通阻滞，消肿止痛。用于关节骨痛、风湿病、类风湿关节炎及坐骨神经痛。,其它功用,肌肉-骨骼系统药物 | 关节和肌肉疼痛局部用药,,,,https://www.yao86.com/%E4%B8%AD%E6%88%90%E8%8D%AF/%E9%80%9A%E6%BB%9E%E8%8B%8F%E6%B6%A6%E6%B1%9F%E7%89%87,站点明确收录为中成药，未命中更具体项目类别
already_present,13317,跳骨片,tcm,13,13,0.9,消肿定痛，活血舒筋，促进骨痂生长。用于骨折、脱臼，新久伤痛。,理血剂 | 接筋续骨,肌肉-骨骼系统药物 | 关节和肌肉疼痛局部用药,,,,https://www.yao86.com/%E4%B8%AD%E6%88%90%E8%8D%AF/%E8%B7%B3%E9%AA%A8%E7%89%87,站点明确收录为中成药，未命中更具体项目类别
already_present,13318,脂可清胶囊,tcm,11,11,0.95,宜通导滞，通络散结，消痰渗湿。用于痰湿证引起的眩晕，四肢沉重、神疲少气、肢麻、胸闷、舌苔黄腻或白腻等症，临床见于高脂血症。,祛痰剂 | 化痰降脂,心脑血管与血液系统药物 | 血脂调节剂,,,,https://www.yao86.com/%E4%B8%AD%E6%88%90%E8%8D%AF/%E8%84%82%E5%8F%AF%E6%B8%85%E8%83%B6%E5%9B%8A,站点药理或 ATC 分类明确为慢性病长期用药
already_present,13319,葶苈降血脂胶囊,tcm,11,11,0.95,宣通导滞，通络散结，消痰渗湿。用于痰湿证引起的眩晕、四肢沉重、神疲少气、肢麻、胸闷，舌苔黄腻或白腻等症，临床见于高脂血症。,祛痰剂 | 化痰降脂,心脑血管与血液系统药物 | 血脂调节剂,,,,https://www.yao86.com/%E4%B8%AD%E6%88%90%E8%8D%AF/%E8%91%B6%E8%8B%88%E9%99%8D%E8%A1%80%E8%84%82%E8%83%B6%E5%9B%8A,站点药理或 ATC 分类明确为慢性病长期用药
already_present,13320,葶苈降血脂片,tcm,11,11,0.95,宣通导滞，通络散结，消痰渗湿。主治痰湿眩晕，四肢沉重，神疲少气，肢麻胸闷，舌苔黄腻或白腻。可用于高脂血症。,祛痰剂 | 化痰降脂,心脑血管与血液系统药物 | 血脂调节剂,,,,https://www.yao86.com/%E4%B8%AD%E6%88%90%E8%8D%AF/%E8%91%B6%E8%8B%88%E9%99%8D%E8%A1%80%E8%84%82%E7%89%87,站点药理或 ATC 分类明确为慢性病长期用药
already_present,13321,葶苈降血脂颗粒,tcm,11,11,0.95,宣通导滞，通络散结，消痰渗湿。主治痰湿眩晕，四肢沉重，神疲少气，肢麻胸闷，舌苔黄腻或白腻。可用于高脂血症。,祛痰剂 | 化痰降脂,心脑血管与血液系统药物 | 血脂调节剂,,,,https://www.yao86.com/%E4%B8%AD%E6%88%90%E8%8D%AF/%E8%91%B6%E8%8B%88%E9%99%8D%E8%A1%80%E8%84%82%E9%A2%97%E7%B2%92,站点药理或 ATC 分类明确为慢性病长期用药
already_present,13322,田基黄胶囊,tcm,5,5,0.93,清热利湿，散淤消肿。用于病毒性肝炎属肝胆湿热证。,祛湿剂 | 清热除湿,消化系统与代谢药 | 肝、胆疾病治疗药 | 肝病治疗药,,,,https://www.yao86.com/%E4%B8%AD%E6%88%90%E8%8D%AF/%E7%94%B0%E5%9F%BA%E9%BB%84%E8%83%B6%E5%9B%8A,站点药理或 ATC 分类明确为胃肠消化用药
already_present,13323,田基黄颗粒,tcm,5,5,0.93,清热利湿，散瘀消肿。用于病毒性肝炎属肝胆湿热证。,祛湿剂 | 清热除湿,消化系统与代谢药 | 肝、胆疾病治疗药 | 肝病治疗药,,,,https://www.yao86.com/%E4%B8%AD%E6%88%90%E8%8D%AF/%E7%94%B0%E5%9F%BA%E9%BB%84%E9%A2%97%E7%B2%92,站点药理或 ATC 分类明确为胃肠消化用药
already_present,13324,田基黄糖浆,tcm,5,5,0.93,清热利湿，散瘀消肿。用于病毒性肝炎属肝胆湿热证。,祛湿剂 | 清热除湿,消化系统与代谢药 | 肝、胆疾病治疗药 | 肝病治疗药,,,,https://www.yao86.com/%E4%B8%AD%E6%88%90%E8%8D%AF/%E7%94%B0%E5%9F%BA%E9%BB%84%E7%B3%96%E6%B5%86,站点药理或 ATC 分类明确为胃肠消化用药
already_present,13325,田七痛经胶囊,tcm,14,14,0.96,通调气血，止痛调经。用于经期腹痛及因寒所致的月经失调。,温里剂 | 温经散寒,生殖泌尿系统药物 | 妇科用药 | 调经药物,,,,https://www.yao86.com/%E4%B8%AD%E6%88%90%E8%8D%AF/%E7%94%B0%E4%B8%83%E7%97%9B%E7%BB%8F%E8%83%B6%E5%9B%8A,站点药理或 ATC 分类明确为妇科用药
already_present,13326,田七痛经散,tcm,14,14,0.96,活血化瘀，行气散寒，止痛。主治痛经。,温里剂 | 温经散寒,生殖泌尿系统药物 | 妇科用药 | 调经药物,,,,https://www.yao86.com/%E4%B8%AD%E6%88%90%E8%8D%AF/%E7%94%B0%E4%B8%83%E7%97%9B%E7%BB%8F%E6%95%A3,站点药理或 ATC 分类明确为妇科用药
already_present,13327,通塞脉片,tcm,12,12,0.95,活血通络、益气养阴。用于轻中度动脉粥样硬化性血栓性脑梗死(缺血性中风中经络)恢复期气虚血瘀证，症状表现为半身不遂、偏身麻木、口眼歪斜、言语不利、肢体感觉减退或消失等；用于血栓性脉管炎(脱疽)的毒热证。,补益剂 | 益气养阴,心脑血管与血液系统药物 | 心血管疾病治疗药,,,,https://www.yao86.com/%E4%B8%AD%E6%88%90%E8%8D%AF/%E9%80%9A%E5%A1%9E%E8%84%89%E7%89%87,站点药理或 ATC 分类明确为心脑血管用药
already_present,13328,通塞脉分散片,tcm,12,12,0.95,培补气血、养阴清热、活血化瘀、通经活络。用于血栓闭塞性脉管炎（脱疽）的毒热证。,补益剂 | 益气养阴,心脑血管与血液系统药物 | 心血管疾病治疗药,,,,https://www.yao86.com/%E4%B8%AD%E6%88%90%E8%8D%AF/%E9%80%9A%E5%A1%9E%E8%84%89%E5%88%86%E6%95%A3%E7%89%87,站点药理或 ATC 分类明确为心脑血管用药
already_present,13329,通塞脉颗粒,tcm,12,12,0.95,培补气血，养阴清热，活血化瘀，通经活络。用于血栓闭塞性脉管炎(脱疽)的毒热证。,补益剂 | 益气养阴,心脑血管与血液系统药物 | 心血管疾病治疗药,,,,https://www.yao86.com/%E4%B8%AD%E6%88%90%E8%8D%AF/%E9%80%9A%E5%A1%9E%E8%84%89%E9%A2%97%E7%B2%92,站点药理或 ATC 分类明确为心脑血管用药
already_present,13330,通塞脉胶囊,tcm,12,12,0.95,培补气血、养阴清热、活血化瘀、通经活络。用于血栓闭塞性脉管炎（脱疽）的毒热证。,补益剂 | 益气养阴,心脑血管与血液系统药物 | 心血管疾病治疗药,,,,https://www.yao86.com/%E4%B8%AD%E6%88%90%E8%8D%AF/%E9%80%9A%E5%A1%9E%E8%84%89%E8%83%B6%E5%9B%8A,站点药理或 ATC 分类明确为心脑血管用药
already_present,13331,通脉养心丸,tcm,12,12,0.95,益气养阴，通脉止痛。用于冠心病心绞痛及心律不齐之气阴两虚证，症见胸痛、胸闷、心悸、气短、脉结代。,补益剂 | 益气养阴,心脑血管与血液系统药物 | 心血管疾病治疗药,,,,https://www.yao86.com/%E4%B8%AD%E6%88%90%E8%8D%AF/%E9%80%9A%E8%84%89%E5%85%BB%E5%BF%83%E4%B8%B8,站点药理或 ATC 分类明确为心脑血管用药
already_present,13332,通脉养心口服液,tcm,12,12,0.95,益气养阴，通脉止痛，用于冠心病气阴两虚证。证见胸痛、胸闷、心悸、气短、脉弦细等。,补益剂 | 益气养阴,心脑血管与血液系统药物 | 心血管疾病治疗药,,,,https://www.yao86.com/%E4%B8%AD%E6%88%90%E8%8D%AF/%E9%80%9A%E8%84%89%E5%85%BB%E5%BF%83%E5%8F%A3%E6%9C%8D%E6%B6%B2,站点药理或 ATC 分类明确为心脑血管用药
already_present,13333,四维葡锌胶丸,western,7,7,0.96,用于伤口愈合的辅助治疗。,维生素、矿物质类药 | 维生素,维生素类 | 其它维生素药品，复方 | 维生素与矿物质,,,,https://www.yao86.com/%E8%A5%BF%E8%8D%AF/%E5%9B%9B%E7%BB%B4%E8%91%A1%E9%94%8C%E8%83%B6%E4%B8%B8,站点药理或 ATC 分类明确为维生素/矿物质
already_present,13334,双香豆素片,western,12,12,0.95,用于预防及治疗血管内血栓栓塞性疾病，施行手术或受伤后血栓性静脉炎、肺栓塞、心肌梗塞及心房纤颤引起的栓塞。适用于需长期维持抗凝者。对急性动脉闭塞，需迅速抗凝时，一般先用肝素控制危状，再用本品维持治疗。遗传性易栓症需长期抗凝者，与肝素合并用药3～5天，再以本品长期维持抗凝。,血液系统用药 | 抗凝血药及溶栓药,抗血栓形成药 | 维生素K拮抗药,,,,https://www.yao86.com/%E8%A5%BF%E8%8D%AF/%E5%8F%8C%E9%A6%99%E8%B1%86%E7%B4%A0%E7%89%87,站点药理或 ATC 分类明确为心脑血管用药
already_present,13335,沙美特罗替卡松吸入气雾剂,western,17,17,0.96,本品适用于对哮喘进行常规治疗的患者的联合用药(长效β2－激动剂和吸入型皮质激素)，包括：－接受吸入型皮质激素治疗，症状未被充分控制的患者。－接受吸入型皮质激素和长效β2－激动剂治疗，而症状得到充分控制的患者。注：本品25μg/50μg规格不适用于严重哮喘患者。,呼吸系统用药 | 平喘药,阻塞性气管疾病用药 | 肾上腺素能药，吸入剂 | 肾上腺素能药和其它阻塞性气管病药的复方,舒利迭,,舒利迭（多药共用）,https://www.yao86.com/%E8%A5%BF%E8%8D%AF/%E6%B2%99%E7%BE%8E%E7%89%B9%E7%BD%97%E6%9B%BF%E5%8D%A1%E6%9D%BE%E5%90%B8%E5%85%A5%E6%B0%94%E9%9B%BE%E5%89%82,人工分类边界：西药支气管扩张剂归其它
already_present,13336,沙美特罗替卡松吸入粉雾剂,western,17,17,0.96,舒利迭以联合用药形式（支气管扩张剂和吸入皮质激素），用于可逆性阻塞性气道疾病的常规治疗，包括成人和儿童哮喘。这可包括：1.接受有效维持剂量的长效β2-激动剂和吸入型皮激素治疗的患者。2.目前使用吸入型皮质激素治疗但仍有症状的患者。3.接受支气管扩张剂常规治疗但仍然需要吸入型皮质激素的患者。,呼吸系统用药 | 平喘药,阻塞性气管疾病用药 | 肾上腺素能药，吸入剂 | 肾上腺素能药和其它阻塞性气管病药的复方,舒利迭,,舒利迭（多药共用）,https://www.yao86.com/%E8%A5%BF%E8%8D%AF/%E6%B2%99%E7%BE%8E%E7%89%B9%E7%BD%97%E6%9B%BF%E5%8D%A1%E6%9D%BE%E5%90%B8%E5%85%A5%E7%B2%89%E9%9B%BE%E5%89%82,人工分类边界：西药支气管扩张剂归其它
imported,14010,枸橼酸托瑞米芬片,western,,14,0.96,绝经后妇女雌激素受体阳性或不详的转移性乳腺癌。,抗肿瘤药 | 抗肿瘤激素类,内分泌治疗用药 | 激素拮抗药与其相关药物 | 抗雌激素类,,,,https://www.yao86.com/%E8%A5%BF%E8%8D%AF/%E6%9E%B8%E6%A9%BC%E9%85%B8%E6%89%98%E7%91%9E%E7%B1%B3%E8%8A%AC%E7%89%87,站点药理或 ATC 分类明确为妇科用药
review_missing_efficacy,,托瑞米芬片,western,,,0.0,,,内分泌治疗用药 | 激素拮抗药与其相关药物 | 抗雌激素类,,,,https://www.yao86.com/%E8%A5%BF%E8%8D%AF/%E6%89%98%E7%91%9E%E7%B1%B3%E8%8A%AC%E7%89%87,站点分类无法可靠映射到项目现有类别
review_unclassified,,他达拉非片,western,,,0.0,治疗勃起功能障碍(ED，Erectile Dysfunction)。治疗勃起功能障碍(ED)合并良性前列腺增生(BPH，Benign Prostatic Hyperplasia)的症状和体征。,激素及影响内分泌药 | 其他内分泌药,泌尿系统药物 | 勃起机能障碍用药,,,,https://www.yao86.com/%E8%A5%BF%E8%8D%AF/%E4%BB%96%E8%BE%BE%E6%8B%89%E9%9D%9E%E7%89%87,站点分类无法可靠映射到项目现有类别
review_unclassified,,他达拉非口溶膜,western,,,0.0,治疗勃起功能障碍。,激素及影响内分泌药 | 其他内分泌药,泌尿系统药物 | 勃起机能障碍用药,,,,https://www.yao86.com/%E8%A5%BF%E8%8D%AF/%E4%BB%96%E8%BE%BE%E6%8B%89%E9%9D%9E%E5%8F%A3%E6%BA%B6%E8%86%9C,站点分类无法可靠映射到项目现有类别
already_present,13337,马来酸替加色罗片,western,5,5,0.93,用于女性便秘型肠易激惹综合症患者缓解症状的短期治疗。,消化系统用药 | 胃肠解痉药及胃动力药,治疗功能性胃肠疾病的药物 | 治疗功能性肠道疾病的药物 | 作用于5-羟色胺受体的药物,泽马可,,,https://www.yao86.com/%E8%A5%BF%E8%8D%AF/%E9%A9%AC%E6%9D%A5%E9%85%B8%E6%9B%BF%E5%8A%A0%E8%89%B2%E7%BD%97%E7%89%87,站点药理或 ATC 分类明确为胃肠消化用药
already_present,13338,通之舒胶囊,tcm,12,12,0.95,活血通脉，适用于冠心病、心绞痛属心血瘀阻证的治疗，可改善胸闷、胸痛等症状。,理血剂 | 活血化瘀,心脑血管与血液系统药物 | 心血管疾病治疗药,,,,https://www.yao86.com/%E4%B8%AD%E6%88%90%E8%8D%AF/%E9%80%9A%E4%B9%8B%E8%88%92%E8%83%B6%E5%9B%8A,站点药理或 ATC 分类明确为心脑血管用药
reclassified_existing,13339,痛舒片,tcm,13,14,0.96,彝医：瓜他使他加，诺且诺，差婆衣努。中医：活血化瘀，舒筋活络，化痞散结，消肿止痛。用于跌打损伤，风湿性关节痛，肩周炎，痛风性关节痛，乳腺小叶增生。,理血剂 | 疗伤止痛,肌肉-骨骼系统药物 | 关节和肌肉疼痛局部用药,,,,https://www.yao86.com/%E4%B8%AD%E6%88%90%E8%8D%AF/%E7%97%9B%E8%88%92%E7%89%87,站点药理或 ATC 分类明确为妇科用药
reclassified_existing,13340,痛舒胶囊,tcm,5,14,0.96,彝医：瓜他使他加，诺且诺，差婆衣努。中医：活血化瘀，舒筋活络，化痞散结，消肿止痛。用于跌打损伤，风湿性关节痛，肩周炎，痛风性关节痛，乳腺小叶增生。,理血剂 | 疗伤止痛,消化系统与代谢药 | 肝、胆疾病治疗药 | 肝病治疗药,,,,https://www.yao86.com/%E4%B8%AD%E6%88%90%E8%8D%AF/%E7%97%9B%E8%88%92%E8%83%B6%E5%9B%8A,站点药理或 ATC 分类明确为妇科用药
already_present,13341,通络活血胶囊,tcm,13,13,0.9,活血祛瘀，通络止痛。适用于血瘀型腰椎间盘突出症之腰痛等症状。,理血剂 | 活血化瘀,肌肉-骨骼系统药物 | 关节和肌肉疼痛局部用药,,,,https://www.yao86.com/%E4%B8%AD%E6%88%90%E8%8D%AF/%E9%80%9A%E7%BB%9C%E6%B4%BB%E8%A1%80%E8%83%B6%E5%9B%8A,站点明确收录为中成药，未命中更具体项目类别
already_present,13342,通络生骨胶囊,tcm,13,13,0.9,活血健骨、化瘀止痛。用于股骨头缺血性坏死，症见髋部活动受限、疼痛、跛行、肌肉萎缩、腰膝酸软、乏力倦怠，舌质偏红或有瘀斑，脉弦。,理血剂 | 活血化瘀,肌肉-骨骼系统药物 | 骨病治疗药 | 其他骨病治疗药,,,,https://www.yao86.com/%E4%B8%AD%E6%88%90%E8%8D%AF/%E9%80%9A%E7%BB%9C%E7%94%9F%E9%AA%A8%E8%83%B6%E5%9B%8A,站点明确收录为中成药，未命中更具体项目类别
already_present,13343,通脉刺五加胶囊,tcm,12,12,0.95,活血化瘀。用于瘀血闭阻所致的胸痹心病，症见胸痛，胸闷，心悸等；冠心病，心绞痛属上述证候者。,理血剂 | 活血化瘀,心脑血管与血液系统药物 | 心血管疾病治疗药,,,,https://www.yao86.com/%E4%B8%AD%E6%88%90%E8%8D%AF/%E9%80%9A%E8%84%89%E5%88%BA%E4%BA%94%E5%8A%A0%E8%83%B6%E5%9B%8A,站点药理或 ATC 分类明确为心脑血管用药
already_present,13344,通脉颗粒,tcm,12,12,0.95,活血通脉。用于缺血性心脑血管疾病，动脉硬化，脑血栓，脑缺血，冠心病，心绞痛。,理血剂 | 活血化瘀,心脑血管与血液系统药物 | 心血管疾病治疗药,,,,https://www.yao86.com/%E4%B8%AD%E6%88%90%E8%8D%AF/%E9%80%9A%E8%84%89%E9%A2%97%E7%B2%92,站点药理或 ATC 分类明确为心脑血管用药
already_present,13345,通脉片,tcm,12,12,0.95,活血通脉。用于缺血性心脑血管疾病，动脉硬化，脑血栓，脑缺血，冠心病，心绞痛。,理血剂 | 活血化瘀,心脑血管与血液系统药物 | 心血管疾病治疗药,,,,https://www.yao86.com/%E4%B8%AD%E6%88%90%E8%8D%AF/%E9%80%9A%E8%84%89%E7%89%87,站点药理或 ATC 分类明确为心脑血管用药
already_present,13346,通脉口服液,tcm,12,12,0.95,活血通脉。用于缺血性心脑血管疾病，动脉硬化，脑血栓，脑缺血，冠心病，心绞痛。,理血剂 | 活血化瘀,心脑血管与血液系统药物 | 心血管疾病治疗药,,,,https://www.yao86.com/%E4%B8%AD%E6%88%90%E8%8D%AF/%E9%80%9A%E8%84%89%E5%8F%A3%E6%9C%8D%E6%B6%B2,站点药理或 ATC 分类明确为心脑血管用药
already_present,13347,通脉胶囊,tcm,12,12,0.95,活血通脉。用于缺血性心脑血管疾病，动脉硬化，脑血栓，脑缺血，冠心病，心绞痛。,理血剂 | 活血化瘀,心脑血管与血液系统药物 | 心血管疾病治疗药,,,,https://www.yao86.com/%E4%B8%AD%E6%88%90%E8%8D%AF/%E9%80%9A%E8%84%89%E8%83%B6%E5%9B%8A,站点药理或 ATC 分类明确为心脑血管用药
already_present,13348,通脉滴丸,tcm,12,12,0.95,活血通脉。用于缺血性心脑血管疾病，动脉硬化，脑血栓，脑缺血，冠心病，心绞痛。,理血剂 | 活血化瘀,心脑血管与血液系统药物 | 心血管疾病治疗药,,,,https://www.yao86.com/%E4%B8%AD%E6%88%90%E8%8D%AF/%E9%80%9A%E8%84%89%E6%BB%B4%E4%B8%B8,站点药理或 ATC 分类明确为心脑血管用药
already_present,13349,通脉冲剂,tcm,13,13,0.9,活血通脉。用于缺血性心脑血管疾病，动脉硬化，脑血栓，脑缺血，冠心病，心绞痛。,理血剂 | 活血化瘀,,,,,https://www.yao86.com/%E4%B8%AD%E6%88%90%E8%8D%AF/%E9%80%9A%E8%84%89%E5%86%B2%E5%89%82,站点明确收录为中成药，未命中更具体项目类别
already_present,13350,通脉灵胶囊,tcm,12,12,0.95,活血化瘀，通脉止痛。用于心绞痛和心肌梗塞。,理血剂 | 活血化瘀,心脑血管与血液系统药物 | 心血管疾病治疗药,,,,https://www.yao86.com/%E4%B8%AD%E6%88%90%E8%8D%AF/%E9%80%9A%E8%84%89%E7%81%B5%E8%83%B6%E5%9B%8A,站点药理或 ATC 分类明确为心脑血管用药
already_present,13351,通脉灵片,tcm,12,12,0.95,活血化瘀，通脉止痛。用于心绞痛和心肌梗塞。,理血剂 | 活血化瘀,心脑血管与血液系统药物 | 心血管疾病治疗药,,,,https://www.yao86.com/%E4%B8%AD%E6%88%90%E8%8D%AF/%E9%80%9A%E8%84%89%E7%81%B5%E7%89%87,站点药理或 ATC 分类明确为心脑血管用药
already_present,13352,天癸口服液,tcm,13,13,0.9,补肾助阳，益气填精，强筋壮骨。用于肾阳虚，肾气不足所致的腰膝酸痛，畏寒肢冷，头晕眼花，神疲乏力等症。,补益剂 | 补气,生殖泌尿系统药物 | 泌尿系统药物 | 补肾药物（勃起机能障碍用药）,,,,https://www.yao86.com/%E4%B8%AD%E6%88%90%E8%8D%AF/%E5%A4%A9%E7%99%B8%E5%8F%A3%E6%9C%8D%E6%B6%B2,站点明确收录为中成药，未命中更具体项目类别
already_present,13353,天珠生乳颗粒,tcm,14,14,0.96,益气养血，活络通乳。用于产后气虚血虚所致乳汁缺乏的辅助治疗。,补益剂 | 气血双补,生殖泌尿系统药物 | 妇科用药 | 催乳药物,,,,https://www.yao86.com/%E4%B8%AD%E6%88%90%E8%8D%AF/%E5%A4%A9%E7%8F%A0%E7%94%9F%E4%B9%B3%E9%A2%97%E7%B2%92,站点药理或 ATC 分类明确为妇科用药
review_unclassified,,盐酸托泊替康胶囊,western,,,0.0,对于一线化疗失败的，采用盐酸托泊替康＋顺铂二线治疗，但不能耐受静脉给药的广泛期小细胞肺癌患者，可试用本品与顺铂联合治疗。尚缺乏数据支持本品可替代广泛期小细胞肺癌的一线治疗标准方案。,抗肿瘤药 | 抗代谢药,抗肿瘤药 | 植物生物碱和其它天然药物 | 拓扑异构酶1(TOP1)抑制剂,,,,https://www.yao86.com/%E8%A5%BF%E8%8D%AF/%E7%9B%90%E9%85%B8%E6%89%98%E6%B3%8A%E6%9B%BF%E5%BA%B7%E8%83%B6%E5%9B%8A,站点分类无法可靠映射到项目现有类别
review_unclassified,,盐酸替扎尼定口腔崩解片,western,,,0.0,盐酸替扎尼定口腔崩解片为中枢性骨骼肌松弛药，用于：(1)下列疾病造成的疼痛性肌痉挛的改善——颈、肩及腰部疼痛等局部疼痛综合征。(2)下列疾病引起的中枢性肌强直——脑血管意外、手术后遗症(脊髓损伤、大脑损伤)、脊髓小脑变性、多发性硬化症、肌萎缩性侧索硬化症等。,神经系统用药 | 其他神经系统用药,肌肉松弛药 | 中心作用的肌肉松弛药 | 其它起中心作用的肌肉松弛药,,,,https://www.yao86.com/%E8%A5%BF%E8%8D%AF/%E7%9B%90%E9%85%B8%E6%9B%BF%E6%89%8E%E5%B0%BC%E5%AE%9A%E5%8F%A3%E8%85%94%E5%B4%A9%E8%A7%A3%E7%89%87,站点分类无法可靠映射到项目现有类别
review_unclassified,,盐酸替扎尼定片,western,,,0.0,盐酸替扎尼定片为中枢性骨骼肌松弛药，用于：(1)下列疾病造成的疼痛性肌痉挛的改善——颈、肩及腰部疼痛等局部疼痛综合征。(2)下列疾病引起的中枢性肌强直——脑血管意外、手术后遗症(脊髓损伤、大脑损伤)、脊髓小脑变性，多发性硬化症、肌萎缩性侧索硬化症等。,神经系统用药 | 其他神经系统用药,肌肉松弛药 | 中心作用的肌肉松弛药 | 其它起中心作用的肌肉松弛药,凯莱通,,,https://www.yao86.com/%E8%A5%BF%E8%8D%AF/%E7%9B%90%E9%85%B8%E6%9B%BF%E6%89%8E%E5%B0%BC%E5%AE%9A%E7%89%87,站点分类无法可靠映射到项目现有类别
review_missing_efficacy,,替戈拉生片,western,,5,0.93,反流性食管炎。,消化系统用药 | 抗酸药及抗溃疡病药,治疗与胃酸分泌相关疾病的药物 | 消化道溃疡和胃食管返流病治疗药物 | 质子泵抑制药,泰欣赞,,,https://www.yao86.com/%E8%A5%BF%E8%8D%AF/%E6%9B%BF%E6%88%88%E6%8B%89%E7%94%9F%E7%89%87,站点药理或 ATC 分类明确为胃肠消化用药
imported,14011,替加氟片,western,,14,0.96,主要治疗消化道肿瘤，对胃癌、结肠癌、直肠癌有一定疗效。也可用于治疗乳腺癌、支气管肺癌和肝癌等。还可用于膀胱癌、前列腺癌、肾癌等。,抗肿瘤药 | 抗代谢药,抗肿瘤药 | 代谢拮抗药 | 嘧啶同系物类,,,,https://www.yao86.com/%E8%A5%BF%E8%8D%AF/%E6%9B%BF%E5%8A%A0%E6%B0%9F%E7%89%87,站点药理或 ATC 分类明确为妇科用药
imported,14012,替加氟胶囊,western,,14,0.96,适用于消化道肿瘤，如胃癌、结肠癌、和胰腺癌，也可用于乳腺癌、支气管肺癌和原发性肝癌等。,抗肿瘤药 | 抗代谢药,抗肿瘤药 | 代谢拮抗药 | 嘧啶同系物类,,,,https://www.yao86.com/%E8%A5%BF%E8%8D%AF/%E6%9B%BF%E5%8A%A0%E6%B0%9F%E8%83%B6%E5%9B%8A,站点药理或 ATC 分类明确为妇科用药
imported,14013,替加氟栓,western,,14,0.96,用于胃肠、食道等消化道癌症。亦用于乳腺癌、原化性肝癌。,抗肿瘤药 | 抗代谢药,抗肿瘤药 | 代谢拮抗药 | 嘧啶同系物类,,,,https://www.yao86.com/%E8%A5%BF%E8%8D%AF/%E6%9B%BF%E5%8A%A0%E6%B0%9F%E6%A0%93,站点药理或 ATC 分类明确为妇科用药
already_present,1661,盐酸特拉唑嗪片,western,12,12,0.95,本品口服给药适用于轻度或中度高血压治疗，可与噻嗪类利尿剂或其他抗高血压药物合用，还可以在其他药物不适用或无效时单独使用。本品主要降低舒张压。本品口服给药还适用于良性前列腺增生（BPH）引起的症状治疗。,心血管系统用药 | 抗高血压药,泌尿系统药物 | 前列腺肥大治疗药 | α-肾上腺受体拮抗药,,,,https://www.yao86.com/%E8%A5%BF%E8%8D%AF/%E7%9B%90%E9%85%B8%E7%89%B9%E6%8B%89%E5%94%91%E5%97%AA%E7%89%87,保留数据库现有分类；站点药理或 ATC 分类明确为心脑血管用药
already_present,13354,盐酸特拉唑嗪胶囊,western,12,12,0.95,轻度或中度高血压的治疗，可单独用药或与其它抗高血压药物如噻嗪类利尿剂或β-受体阻滞剂合用。良性前列腺增生症(BPH)引起的尿潴留的症状治疗。,心血管系统用药 | 抗高血压药,泌尿系统药物 | 前列腺肥大治疗药 | α-肾上腺受体拮抗药,,,,https://www.yao86.com/%E8%A5%BF%E8%8D%AF/%E7%9B%90%E9%85%B8%E7%89%B9%E6%8B%89%E5%94%91%E5%97%AA%E8%83%B6%E5%9B%8A,站点药理或 ATC 分类明确为心脑血管用药
already_present,13355,盐酸特拉唑嗪滴丸,western,12,12,0.95,轻度或中度高血压的治疗，可以单独用药或与其它抗高血压药物如噻嗪类利尿剂或β-受体阻滞剂合用。良性前列腺增生（BPH）引起的尿潴留的症状治疗。,心血管系统用药 | 抗高血压药,泌尿系统药物 | 前列腺肥大治疗药 | α-肾上腺受体拮抗药,美沥畅,,,https://www.yao86.com/%E8%A5%BF%E8%8D%AF/%E7%9B%90%E9%85%B8%E7%89%B9%E6%8B%89%E5%94%91%E5%97%AA%E6%BB%B4%E4%B8%B8,站点药理或 ATC 分类明确为心脑血管用药
already_present,13356,特康唑阴道栓,western,14,14,0.96,局部治疗外阴阴道念珠菌炎。,妇产科用药 | 其他妇产科用药,妇科用抗感染药和灭菌药 | 抗感染药和灭菌药，与皮质甾体激素类的复方除外 | 三唑衍生物类,,,,https://www.yao86.com/%E8%A5%BF%E8%8D%AF/%E7%89%B9%E5%BA%B7%E5%94%91%E9%98%B4%E9%81%93%E6%A0%93,站点药理或 ATC 分类明确为妇科用药
already_present,13357,浓替硝唑含漱液,western,2,2,0.96,用于厌氧菌感染引起的牙龈炎、冠周炎、牙周炎等口腔疾病的辅助治疗。,抗微生物药 | 硝基咪唑类,口腔疾病药物 | 口腔局部治疗用抗感染药和灭菌药,,,,https://www.yao86.com/%E8%A5%BF%E8%8D%AF/%E6%B5%93%E6%9B%BF%E7%A1%9D%E5%94%91%E5%90%AB%E6%BC%B1%E6%B6%B2,站点药理或 ATC 分类明确为抗感染药
imported,14014,替硝唑胶囊,western,,14,0.96,为了减少抗药性细菌的形成并确保替硝唑和其他抗菌药物的有效性，替硝唑应仅限用于治疗或预防已被证实或疑似易感病原体导致的感染。若有培养和敏感性试验的相关信息，应参考这些信息来选择或修改抗菌治疗方案。若没有这些信息，当地的流行病学和细菌敏感性数据等经验，可能有助于选择治疗方案。1.本品适用于治疗下列疾病：(1)滴虫病替硝唑适用于治疗由阴道毛滴虫所引起的滴虫病。病原生物体应该经适当的诊断程序加以验证。由于滴虫病属于性传播疾病并有潜在的严重后遗症，因此被感染者的性伴侣应该同时治疗，以防止出现重复感染。(2)贾第鞭毛虫病替硝唑适用于治疗由十二指肠贾第鞭毛虫(也称为蓝氏贾第鞭毛虫)所引起的贾第虫病，可用于成人和3岁以上的儿童患者。(3)阿米巴病替硝唑适用于治疗由痢疾阿米巴引起的阿米巴肠病和阿米巴肝脓肿，可用于成人和3岁以上的儿童患者。但它不适用于治疗无症状的囊肿。(4)细菌性阴道炎替硝唑适用于治疗非怀孕妇女的细菌性阴道炎(以前称为嗜血杆菌性阴道炎、加德纳阴道炎、非特异性阴道炎或厌氧性阴道炎)。与外阴阴道炎相关的其他病原体应排除，如阴道毛滴虫、沙眼衣原体、淋球菌、白色念珠菌和单纯疱疹病毒等。(5)与抗生素和抗酸药联合应用用于根治幽门螺旋杆菌相关的十二指肠溃疡(6)厌氧菌感染腹腔内感染：腹膜炎、脓肿；妇科感染：子宫内膜炎、子宫肌内膜炎、输卵管－卵巢脓肿；败血症；术后伤口感染；皮肤软组织感染；肺炎、肺部脓肿、胸腔积脓；急性溃疡性牙龈炎。2.本品用于预防由厌氧菌引起的术后感染，如结肠、胃肠道和泌尿生殖系统手术后感染。,抗寄生虫病药 | 抗阿米巴病药及抗滴虫病药,抗原虫药 | 抗阿米巴病和其它原虫病用药 | 硝基咪唑衍生物类,替尼津,替尼津,,https://www.yao86.com/%E8%A5%BF%E8%8D%AF/%E6%9B%BF%E7%A1%9D%E5%94%91%E8%83%B6%E5%9B%8A,站点药理或 ATC 分类明确为妇科用药
already_present,1703,替硝唑片,western,2,2,0.96,用于各种厌氧菌感染，如败血症、骨髓炎、腹腔感染、盆腔感染、肺支气管感染、肺炎、鼻窦炎、皮肤蜂窝组织炎、牙周感染及术后伤口感染；用于结肠直肠手术、妇产科手术及口腔手术等的术前预防用药；用于肠道及肠道外阿米巴病、阴道滴虫病、贾第虫病、加得纳菌阴道炎等的治疗；也可作为甲硝唑的替代药用于幽门螺杆菌所致的胃窦炎及消化性溃疡的治疗。,抗寄生虫病药 | 抗阿米巴病药及抗滴虫病药,抗原虫药 | 抗阿米巴病和其它原虫病用药 | 硝基咪唑衍生物类,,,,https://www.yao86.com/%E8%A5%BF%E8%8D%AF/%E6%9B%BF%E7%A1%9D%E5%94%91%E7%89%87,保留数据库现有分类；站点药理或 ATC 分类明确为妇科用药
already_present,13358,替硝唑栓,western,14,14,0.96,用于滴虫性阴道炎及敏感厌氧菌引起的细菌性阴道病。,妇产科用药 | 其他妇产科用药,抗原虫药 | 抗阿米巴病和其它原虫病用药 | 硝基咪唑衍生物类,,,,https://www.yao86.com/%E8%A5%BF%E8%8D%AF/%E6%9B%BF%E7%A1%9D%E5%94%91%E6%A0%93,站点药理或 ATC 分类明确为妇科用药
already_present,13359,替硝唑含片,western,2,2,0.96,用于脆弱类杆菌、梭状芽胞杆菌、牙龈卟啉菌、厌氧消化链球菌、产黑色素类杆菌等敏感厌氧菌所致的轻、中度牙周炎及冠周炎的辅助治疗。,抗微生物药 | 硝基咪唑类,口腔疾病药物 | 口腔局部治疗用抗感染药和灭菌药,,,,https://www.yao86.com/%E8%A5%BF%E8%8D%AF/%E6%9B%BF%E7%A1%9D%E5%94%91%E5%90%AB%E7%89%87,站点药理或 ATC 分类明确为抗感染药
already_present,13360,替硝唑阴道泡腾片,western,14,14,0.96,用于滴虫性阴道炎。,妇产科用药 | 其他妇产科用药,抗原虫药 | 抗阿米巴病和其它原虫病用药 | 硝基咪唑衍生物类,,,,https://www.yao86.com/%E8%A5%BF%E8%8D%AF/%E6%9B%BF%E7%A1%9D%E5%94%91%E9%98%B4%E9%81%93%E6%B3%A1%E8%85%BE%E7%89%87,站点药理或 ATC 分类明确为妇科用药
already_present,13361,替硝唑阴道片,western,14,14,0.96,用于滴虫性阴道炎。,妇产科用药 | 其他妇产科用药,抗原虫药 | 抗阿米巴病和其它原虫病用药 | 硝基咪唑衍生物类,,,,https://www.yao86.com/%E8%A5%BF%E8%8D%AF/%E6%9B%BF%E7%A1%9D%E5%94%91%E9%98%B4%E9%81%93%E7%89%87,站点药理或 ATC 分类明确为妇科用药
already_present,13362,替硝唑口腔贴片,western,2,2,0.96,用于敏感厌氧菌所致的轻、中度牙周炎及牙龈炎。,抗微生物药 | 硝基咪唑类,抗原虫药 | 抗阿米巴病和其它原虫病用药 | 硝基咪唑衍生物类,,,,https://www.yao86.com/%E8%A5%BF%E8%8D%AF/%E6%9B%BF%E7%A1%9D%E5%94%91%E5%8F%A3%E8%85%94%E8%B4%B4%E7%89%87,站点药理或 ATC 分类明确为抗感染药
already_present,1630,盐酸特比萘芬乳膏,western,9,9,0.96,用于治疗手癣、足癣、体癣、股癣、花斑癣及皮肤念珠菌病等。,抗微生物药 | 抗真菌药,皮肤病用抗真菌药 | 局部用抗真菌药 | 局部用其它抗真菌药,,,,https://www.yao86.com/%E8%A5%BF%E8%8D%AF/%E7%9B%90%E9%85%B8%E7%89%B9%E6%AF%94%E8%90%98%E8%8A%AC%E4%B9%B3%E8%86%8F,保留数据库现有分类；外用剂型且站点 ATC 分类明确为皮肤局部用药
already_present,13363,盐酸特比萘芬溶液,western,2,2,0.96,用于治疗手癣、足癣、股癣、体癣及花斑癣等。,抗微生物药 | 抗真菌药,皮肤病用抗真菌药 | 局部用抗真菌药 | 局部用其它抗真菌药,,,,https://www.yao86.com/%E8%A5%BF%E8%8D%AF/%E7%9B%90%E9%85%B8%E7%89%B9%E6%AF%94%E8%90%98%E8%8A%AC%E6%BA%B6%E6%B6%B2,站点药理或 ATC 分类明确为抗感染药
already_present,1631,盐酸特比萘芬凝胶,western,9,9,0.96,用于治疗手癣、足癣、股癣、体癣、花斑癣及皮肤念珠菌病等。,抗微生物药 | 抗真菌药,皮肤病用抗真菌药 | 局部用抗真菌药 | 局部用其它抗真菌药,,,,https://www.yao86.com/%E8%A5%BF%E8%8D%AF/%E7%9B%90%E9%85%B8%E7%89%B9%E6%AF%94%E8%90%98%E8%8A%AC%E5%87%9D%E8%83%B6,保留数据库现有分类；外用剂型且站点 ATC 分类明确为皮肤局部用药
already_present,13364,盐酸特比萘芬涂膜剂,western,9,9,0.96,用于15岁及15岁以上青少年和成人由皮肤癣菌如毛癣菌(红色毛癣菌、须癣毛癣菌、疣状毛癣菌、紫色毛癣菌)、犬小孢子菌和絮状表皮癣菌引起的足癣。,抗微生物药 | 抗真菌药,皮肤病用抗真菌药 | 局部用抗真菌药 | 局部用其它抗真菌药,,,,https://www.yao86.com/%E8%A5%BF%E8%8D%AF/%E7%9B%90%E9%85%B8%E7%89%B9%E6%AF%94%E8%90%98%E8%8A%AC%E6%B6%82%E8%86%9C%E5%89%82,外用剂型且站点 ATC 分类明确为皮肤局部用药
already_present,13365,盐酸特比萘芬喷雾剂,western,9,9,0.94,用于治疗敏感真菌所致的手癣、足癣、体癣、股癣及花斑癣等。,抗微生物药 | 抗真菌药,皮肤病用抗真菌药 | 局部用抗真菌药 | 局部用其它抗真菌药,,,,https://www.yao86.com/%E8%A5%BF%E8%8D%AF/%E7%9B%90%E9%85%B8%E7%89%B9%E6%AF%94%E8%90%98%E8%8A%AC%E5%96%B7%E9%9B%BE%E5%89%82,剂型或站点分类明确为局部外用药
